"Date","Price","Open","High","Low","Vol.","Change %"
"06/05/2026","58.35","58.46","58.69","58.12","418.52K","-0.17%"
"06/04/2026","58.45","58.44","58.91","58.35","1.44M","0.02%"
"06/03/2026","58.44","59.00","59.00","58.08","971.93K","-0.98%"
"06/02/2026","59.02","59.00","59.30","59.00","1.29M","-0.02%"
"06/01/2026","59.03","59.43","59.60","58.91","1.58M","-0.67%"
"05/29/2026","59.43","59.50","59.85","58.74","3.64M","0.19%"
"05/25/2026","59.32","58.00","59.90","57.80","2.99M","3.74%"
"05/22/2026","57.18","57.90","57.90","57.00","756.61K","-0.68%"
"05/21/2026","57.57","57.00","58.00","57.00","2.32M","1.79%"
"05/20/2026","56.56","56.87","57.65","56.25","2.21M","0.37%"
"05/19/2026","56.35","56.90","57.95","56.01","1.61M","-0.09%"
"05/18/2026","56.40","57.80","58.20","56.02","1.50M","-2.39%"
"05/15/2026","57.78","57.84","58.15","56.90","2.14M","0.70%"
"05/14/2026","57.38","58.88","59.74","56.90","2.58M","-2.53%"
"05/13/2026","58.87","59.90","59.90","58.30","1.02M","-0.93%"
"05/12/2026","59.42","60.13","60.13","59.20","1.17M","-0.55%"
"05/11/2026","59.75","59.00","60.14","58.90","1.19M","1.13%"
"05/08/2026","59.08","59.30","59.95","58.80","1.70M","-1.24%"
"05/07/2026","59.82","60.40","60.90","59.50","2.86M","-1.06%"
"05/06/2026","60.46","59.01","61.01","58.53","7.95M","3.78%"
"05/05/2026","58.26","58.95","58.95","57.01","1.46M","-2.82%"
"05/04/2026","59.95","60.75","61.20","59.50","5.80M","0.65%"
"04/30/2026","59.56","59.00","59.97","57.90","2.36M","0.10%"
"04/29/2026","59.50","60.90","61.25","59.00","4.44M","-1.99%"
"04/28/2026","60.71","61.40","61.45","60.45","4.85M","0.00%"
"04/27/2026","60.71","61.50","62.19","60.40","7.11M","-0.83%"
"04/24/2026","61.22","61.00","62.00","57.99","12.85M","-0.08%"
"04/23/2026","61.27","64.49","64.78","60.50","12.25M","-4.25%"
"04/22/2026","63.99","66.40","66.40","63.70","2.24M","-2.07%"
"04/21/2026","65.34","66.50","66.55","64.50","3.47M","1.00%"
"04/20/2026","64.69","62.48","66.50","61.08","7.12M","3.22%"
"04/17/2026","62.67","61.38","63.24","60.76","3.16M","2.69%"
"04/16/2026","61.03","63.44","63.44","60.92","3.12M","-1.56%"
"04/15/2026","61.99","61.25","62.25","61.25","6.61M","2.18%"
"04/14/2026","60.67","60.49","61.25","60.05","4.26M","2.47%"
"04/13/2026","59.21","58.50","61.72","58.08","4.72M","-1.77%"
"04/10/2026","60.28","60.50","61.75","60.06","1.91M","0.11%"
"04/09/2026","60.21","60.50","61.00","59.01","2.99M","-0.99%"
"04/08/2026","60.81","57.50","60.81","56.63","8.52M","10.00%"
"04/07/2026","55.28","56.75","56.75","55.06","6.46M","-1.98%"
"04/06/2026","56.40","56.05","57.75","56.05","19.07M","-1.36%"
"04/03/2026","57.17","55.00","57.63","55.00","6.89M","1.79%"
"04/02/2026","56.17","55.50","56.63","54.25","4.95M","0.03%"
"04/01/2026","56.15","54.50","57.38","54.50","7.14M","4.00%"
"03/31/2026","53.99","53.50","54.75","53.10","5.58M","1.68%"
"03/30/2026","53.10","54.37","54.37","52.25","10.00M","-1.57%"
"03/27/2026","53.95","54.88","54.88","53.56","2.03M","0.77%"
"03/26/2026","53.54","55.35","55.50","53.50","5.98M","-3.28%"
"03/25/2026","55.35","54.50","56.50","54.00","2.90M","2.07%"
"03/24/2026","54.24","55.94","56.00","53.61","2.51M","-0.46%"
"03/19/2026","54.49","54.00","54.92","53.26","3.34M","0.26%"
"03/18/2026","54.35","53.56","54.74","53.55","1.46M","1.50%"
"03/17/2026","53.54","53.00","54.75","53.00","1.09M","0.67%"
"03/16/2026","53.19","55.00","55.26","52.88","8.26M","-6.46%"
"03/13/2026","56.85","58.00","58.20","56.50","1.49M","-1.29%"
"03/12/2026","57.60","57.60","59.13","57.05","5.66M","-1.59%"
"03/11/2026","58.53","62.00","62.00","58.01","1.80M","-1.55%"
"03/10/2026","59.45","57.49","59.75","56.50","2.12M","8.88%"
"03/09/2026","54.60","55.00","57.47","53.50","3.81M","-6.83%"
"03/06/2026","58.60","60.25","60.67","58.26","783.19K","-2.99%"
"03/05/2026","60.40","59.75","60.92","59.75","2.02M","1.51%"
"03/04/2026","59.51","59.50","60.50","58.05","5.72M","-0.28%"
"03/03/2026","59.67","58.17","61.50","56.51","8.99M","2.72%"
"03/02/2026","58.09","58.50","60.40","58.09","12.20M","-10.00%"
"02/27/2026","64.54","62.19","65.82","60.85","14.07M","2.96%"
"02/26/2026","62.69","62.60","63.50","61.00","5.62M","0.44%"
"02/25/2026","62.42","60.00","63.33","60.00","5.92M","4.28%"
"02/24/2026","59.85","60.53","61.90","57.75","5.48M","-1.12%"
"02/23/2026","60.53","60.51","62.85","59.05","1.80M","-1.42%"
"02/20/2026","61.41","62.19","63.00","60.06","3.30M","-0.85%"
"02/19/2026","61.94","64.00","64.25","61.75","2.16M","-4.13%"
"02/18/2026","64.60","61.49","64.94","60.51","6.29M","7.17%"
"02/17/2026","60.28","61.00","63.35","59.50","10.61M","-0.76%"
"02/16/2026","60.74","65.00","66.25","59.75","11.35M","-1.62%"
"02/13/2026","61.74","63.50","63.50","60.51","5.61M","-1.11%"
"02/12/2026","62.43","64.75","64.95","62.00","2.14M","-2.71%"
"02/11/2026","64.17","62.49","64.50","62.49","3.50M","2.87%"
"02/10/2026","62.38","63.72","64.50","61.50","9.00M","-2.10%"
"02/09/2026","63.72","65.39","66.50","62.75","10.33M","-2.54%"
"02/06/2026","65.38","67.81","68.00","64.25","6.07M","-3.58%"
"02/04/2026","67.81","67.25","68.50","67.06","7.14M","2.27%"
"02/03/2026","66.31","65.50","67.00","65.25","4.41M","2.71%"
"02/02/2026","64.56","64.94","65.45","63.83","6.52M","1.39%"
"01/30/2026","63.67","62.85","64.00","62.49","2.73M","1.28%"
"01/29/2026","62.87","63.26","63.99","62.50","10.01M","-0.60%"
"01/28/2026","63.24","64.00","64.44","62.88","1.79M","-0.60%"
"01/27/2026","63.63","62.95","64.25","62.80","4.60M","2.09%"
"01/26/2026","62.32","62.63","62.94","61.51","1.08M","-0.56%"
"01/23/2026","62.67","62.55","62.95","61.00","2.11M","0.49%"
"01/22/2026","62.37","62.50","63.00","61.38","2.13M","0.01%"
"01/21/2026","62.36","62.75","63.00","61.99","5.64M","0.16%"
"01/20/2026","62.26","61.55","62.50","60.97","4.15M","1.58%"
"01/19/2026","61.29","59.75","61.78","59.75","9.26M","2.99%"
"01/16/2026","59.51","58.74","59.99","58.15","5.59M","2.05%"
"01/15/2026","58.31","58.25","58.95","58.00","2.23M","-0.33%"
"01/14/2026","58.51","59.00","59.17","58.01","2.17M","-0.41%"
"01/13/2026","58.75","59.00","59.00","57.33","2.83M","1.49%"
"01/12/2026","57.88","59.00","59.00","57.00","1.57M","-2.25%"
"01/09/2026","59.22","59.30","59.97","58.50","4.57M","-0.13%"
"01/08/2026","59.30","59.85","60.25","58.80","15.90M","-0.91%"
"01/07/2026","59.85","59.47","60.74","58.51","4.38M","1.12%"
"01/06/2026","59.19","57.01","59.50","56.81","11.07M","2.67%"
"01/05/2026","57.65","56.20","58.22","56.06","8.41M","2.82%"
"01/02/2026","56.06","55.49","57.00","52.53","7.31M","1.61%"
"01/01/2026","55.17","54.65","55.50","54.50","3.70M","1.19%"
"12/31/2025","54.53","53.99","54.75","53.75","4.10M","1.47%"
"12/30/2025","53.74","53.85","54.69","53.50","5.06M","0.43%"
"12/29/2025","53.51","53.46","53.70","52.84","9.92M","0.59%"
"12/26/2025","53.19","53.15","53.75","52.56","1.77M","0.78%"
"12/24/2025","52.78","53.25","53.25","52.53","809.70K","-0.42%"
"12/23/2025","53.00","52.97","53.25","52.60","1.68M","0.85%"
"12/22/2025","52.56","52.99","53.45","52.50","1.79M","-0.69%"
"12/19/2025","52.92","54.19","54.24","52.67","2.02M","-2.24%"
"12/18/2025","54.13","53.56","54.63","53.56","3.77M","1.86%"
"12/17/2025","53.15","52.70","53.60","51.99","10.20M","1.01%"
"12/16/2025","52.62","52.30","53.40","51.95","23.26M","0.60%"
"12/15/2025","52.30","52.51","52.85","52.01","2.43M","-0.28%"
"12/12/2025","52.44","52.87","52.87","52.26","1.78M","0.15%"
"12/11/2025","52.37","53.44","53.44","52.05","1.17M","-0.46%"
"12/10/2025","52.60","52.69","53.10","52.38","1.61M","-0.37%"
"12/09/2025","52.80","53.00","53.24","52.26","3.23M","0.36%"
"12/08/2025","52.61","52.15","53.00","52.15","1.25M","-0.32%"
"12/05/2025","52.78","52.97","53.00","51.90","2.91M","0.96%"
"12/04/2025","52.28","52.99","52.99","52.00","269.34K","0.18%"
"12/03/2025","52.19","52.76","53.60","51.99","1.03M","-0.83%"
"12/02/2025","52.62","52.75","53.75","52.00","2.28M","1.19%"
"12/01/2025","52.00","52.35","52.90","51.88","1.17M","-0.68%"
"11/28/2025","52.35","51.99","52.95","51.50","2.29M","0.74%"
"11/27/2025","51.97","51.98","52.10","51.42","1.35M","1.06%"
"11/26/2025","51.42","52.00","52.40","51.13","3.49M","-0.97%"
"11/25/2025","51.93","51.03","52.47","51.00","3.81M","1.78%"
"11/24/2025","51.02","51.08","51.50","50.65","2.78M","-0.10%"
"11/21/2025","51.07","51.49","51.50","51.00","721.42K","0.39%"
"11/20/2025","50.87","51.63","51.63","50.75","1.15M","-0.24%"
"11/19/2025","50.99","51.55","52.17","50.76","1.73M","-1.06%"
"11/18/2025","51.53","51.95","52.50","51.49","753.48K","-0.78%"
"11/17/2025","51.94","52.10","52.69","51.75","1.47M","-0.11%"
"11/14/2025","51.99","52.45","52.50","51.53","2.60M","0.15%"
"11/13/2025","51.92","52.10","52.50","51.53","946.30K","0.87%"
"11/12/2025","51.47","51.50","52.24","51.10","2.95M","0.41%"
"11/11/2025","51.26","52.10","52.75","51.01","1.69M","-2.29%"
"11/10/2025","52.46","53.22","53.22","52.25","722.08K","-0.22%"
"11/07/2025","52.57","52.50","53.35","51.63","1.34M","1.10%"
"11/06/2025","52.00","52.50","52.92","51.80","382.98K","-0.07%"
"11/05/2025","52.03","52.70","52.87","51.75","820.11K","-1.26%"
"11/04/2025","52.70","54.90","54.90","52.49","1.54M","-2.49%"
"11/03/2025","54.04","54.50","55.25","53.50","1.43M","-2.81%"
"10/31/2025","55.61","52.25","55.95","52.25","5.26M","8.31%"
"10/30/2025","51.35","53.64","53.65","51.00","2.64M","-3.10%"
"10/29/2025","52.99","52.49","53.88","52.49","2.60M","0.85%"
"10/28/2025","52.54","53.50","53.99","52.15","1.86M","-1.38%"
"10/27/2025","53.28","53.00","53.72","52.00","2.02M","-0.08%"
"10/24/2025","53.31","55.00","55.00","53.00","7.68M","-2.98%"
"10/23/2025","54.95","53.78","55.51","53.78","20.85M","-3.60%"
"10/22/2025","57.01","57.51","58.40","56.53","3.87M","-1.28%"
"10/21/2025","57.74","58.75","59.95","57.50","9.44M","-0.95%"
"10/20/2025","58.30","56.17","58.69","55.28","5.14M","4.00%"
"10/17/2025","56.06","57.25","57.25","55.25","2.33M","-0.47%"
"10/16/2025","56.32","56.63","59.50","56.15","6.13M","-2.95%"
"10/15/2025","58.03","56.10","59.60","56.05","24.30M","3.53%"
"10/14/2025","56.05","53.50","56.38","53.50","11.37M","7.34%"
"10/13/2025","52.22","54.21","54.21","50.75","8.26M","-3.68%"
"10/10/2025","54.21","54.99","54.99","53.51","4.40M","-1.83%"
"10/09/2025","55.22","56.94","57.19","55.00","3.91M","-3.01%"
"10/08/2025","56.94","55.35","59.70","53.05","17.54M","4.04%"
"10/07/2025","54.72","54.75","55.95","53.75","7.08M","-0.47%"
"10/06/2025","54.99","56.87","58.00","54.01","6.48M","-3.31%"
"10/03/2025","56.87","57.20","58.00","56.00","4.90M","0.21%"
"10/02/2025","56.75","54.50","57.35","54.00","9.03M","4.23%"
"10/01/2025","54.44","54.51","55.45","52.50","14.40M","-0.41%"
"09/30/2025","54.67","54.00","55.95","53.88","18.93M","1.54%"
"09/29/2025","53.84","52.81","54.10","52.81","4.96M","1.93%"
"09/26/2025","52.82","50.40","53.27","50.26","5.86M","5.30%"
"09/25/2025","50.16","51.00","51.00","49.51","4.45M","-1.43%"
"09/24/2025","50.89","50.13","51.05","50.05","1.17M","1.52%"
"09/23/2025","50.13","50.79","51.49","49.51","5.99M","-1.30%"
"09/22/2025","50.79","51.54","52.00","50.66","727.08K","-1.44%"
"09/19/2025","51.53","51.29","52.00","51.05","2.13M","0.46%"
"09/18/2025","51.29","50.83","51.67","50.83","2.53M","0.89%"
"09/17/2025","50.85","50.81","51.74","50.51","585.69K","0.06%"
"09/16/2025","50.81","51.20","51.75","50.47","1.24M","-0.75%"
"09/15/2025","51.20","51.38","51.60","50.50","1.75M","-0.35%"
"09/12/2025","51.38","52.00","52.49","51.25","1.70M","-1.20%"
"09/11/2025","52.01","52.75","52.78","51.80","1.38M","-0.89%"
"09/10/2025","52.47","52.50","53.44","51.96","2.69M","-0.59%"
"09/09/2025","52.78","52.88","53.10","51.75","6.05M","-0.19%"
"09/08/2025","52.88","52.94","52.97","52.01","3.96M","0.89%"
"09/05/2025","52.42","52.50","52.97","52.00","1.90M","-0.18%"
"09/04/2025","52.51","53.03","53.50","52.00","4.79M","-0.93%"
"09/03/2025","53.01","53.79","54.00","52.95","4.16M","-1.46%"
"09/02/2025","53.79","52.00","53.99","51.67","7.51M","3.39%"
"09/01/2025","52.03","52.54","52.75","51.87","2.24M","-0.98%"
"08/29/2025","52.54","52.90","52.90","52.28","14.46M","0.13%"
"08/28/2025","52.47","52.50","52.97","52.00","19.78M","-0.10%"
"08/27/2025","52.52","52.80","53.00","52.25","9.77M","-0.50%"
"08/26/2025","52.78","53.00","53.00","52.51","1.90M","-0.13%"
"08/25/2025","52.85","52.01","52.97","51.75","4.87M","1.68%"
"08/22/2025","51.98","51.45","52.99","51.00","17.09M","0.97%"
"08/21/2025","51.48","51.52","52.10","50.85","14.70M","-0.08%"
"08/20/2025","51.52","50.00","52.35","50.00","12.41M","3.33%"
"08/19/2025","49.86","49.50","49.97","48.95","5.45M","1.02%"
"08/18/2025","49.35","47.60","49.50","47.35","14.58M","3.70%"
"08/15/2025","47.60","47.50","47.85","47.38","1.93M","0.21%"
"08/13/2025","47.49","47.24","48.50","46.63","11.18M","1.05%"
"08/12/2025","47.00","44.65","47.82","44.65","20.42M","5.27%"
"08/11/2025","44.65","44.94","45.32","43.78","17.36M","0.82%"
"08/08/2025","44.28","44.35","44.95","43.90","3.23M","-2.99%"
"08/07/2025","45.65","45.15","45.85","44.76","15.88M","1.32%"
"08/06/2025","45.05","44.15","45.45","43.89","38.47M","2.39%"
"08/05/2025","44.00","44.03","44.50","43.88","6.24M","-0.02%"
"08/04/2025","44.01","43.99","44.50","43.78","8.08M","0.56%"
"08/01/2025","43.76","43.56","44.15","43.56","10.29M","-0.58%"
"07/31/2025","44.02","45.13","46.50","43.89","13.11M","-2.33%"
"07/30/2025","45.07","45.45","45.45","44.50","2.79M","0.32%"
"07/29/2025","44.92","44.90","45.38","44.53","2.08M","0.73%"
"07/28/2025","44.60","46.21","46.25","44.40","5.46M","-2.99%"
"07/25/2025","45.97","46.25","46.25","45.67","1.58M","0.36%"
"07/24/2025","45.81","46.25","46.49","45.67","683.79K","-0.40%"
"07/23/2025","45.99","46.49","46.49","45.88","1.86M","0.48%"
"07/22/2025","45.78","45.95","46.22","45.70","2.35M","-0.38%"
"07/21/2025","45.95","45.74","46.24","45.51","1.54M","0.45%"
"07/18/2025","45.74","45.75","46.00","45.44","1.27M","-0.21%"
"07/17/2025","45.84","45.75","46.17","45.15","4.85M","0.44%"
"07/16/2025","45.64","46.60","46.95","45.25","5.67M","-2.07%"
"07/15/2025","46.60","47.00","48.45","46.05","12.79M","-0.97%"
"07/14/2025","47.06","45.88","47.25","45.85","9.60M","2.80%"
"07/11/2025","45.78","46.30","47.40","45.15","8.17M","0.04%"
"07/10/2025","45.76","44.25","46.25","44.25","7.80M","3.05%"
"07/09/2025","44.40","44.25","44.50","43.71","3.49M","-0.10%"
"07/08/2025","44.45","44.50","44.72","43.75","6.24M","-0.08%"
"07/07/2025","44.49","43.24","45.44","43.00","20.73M","4.25%"
"07/04/2025","42.67","41.75","42.99","41.50","9.64M","2.03%"
"07/03/2025","41.82","42.25","42.50","41.65","19.04M","-0.77%"
"07/02/2025","42.15","41.56","42.33","41.45","16.54M","1.74%"
"07/01/2025","41.42","40.50","41.50","40.13","18.03M","3.25%"
"06/30/2025","40.12","39.03","40.42","39.03","4.67M","1.05%"
"06/27/2025","39.71","39.17","40.25","38.88","5.78M","2.07%"
"06/26/2025","38.90","39.99","40.00","38.50","2.14M","-2.19%"
"06/25/2025","39.77","39.50","39.92","39.05","2.39M","1.91%"
"06/24/2025","39.03","37.51","39.99","37.51","4.39M","4.95%"
"06/23/2025","37.19","37.35","37.94","36.75","1.86M","-1.06%"
"06/20/2025","37.58","38.22","38.22","37.26","837.44K","0.23%"
"06/19/2025","37.50","38.49","39.00","37.15","4.17M","-1.56%"
"06/18/2025","38.10","38.50","38.62","37.63","244.45K","-0.79%"
"06/17/2025","38.40","38.72","38.94","38.10","1.43M","0.22%"
"06/16/2025","38.31","38.75","38.75","37.76","742.72K","-0.07%"
"06/13/2025","38.34","38.51","38.99","38.00","1.04M","-1.53%"
"06/12/2025","38.94","40.21","40.75","38.65","7.68M","-3.16%"
"06/11/2025","40.21","39.75","40.40","39.75","5.73M","1.60%"
"06/10/2025","39.57","38.78","39.74","38.40","2.48M","2.16%"
"06/05/2025","38.74","38.87","39.13","38.25","3.19M","0.22%"
"06/04/2025","38.65","37.49","39.38","37.49","22.22M","3.41%"
"06/03/2025","37.38","36.67","37.60","36.67","1.72M","1.62%"
"06/02/2025","36.78","36.88","37.10","36.75","463.00K","-0.10%"
"05/30/2025","36.81","36.99","37.00","36.63","350.22K","0.18%"
"05/29/2025","36.75","36.63","37.22","36.63","476.52K","-0.39%"
"05/27/2025","36.90","36.99","36.99","36.63","1.40M","-0.01%"
"05/26/2025","36.90","37.00","37.00","36.75","866.09K","-0.27%"
"05/23/2025","37.00","36.96","37.25","36.72","1.38M","0.57%"
"05/22/2025","36.79","37.49","37.50","36.70","2.02M","-1.18%"
"05/21/2025","37.23","36.88","37.45","36.51","2.81M","1.68%"
"05/20/2025","36.62","37.44","37.45","36.30","6.73M","-1.92%"
"05/19/2025","37.33","37.44","37.49","36.88","1.28M","-0.29%"
"05/16/2025","37.44","37.20","37.50","36.70","2.40M","2.00%"
"05/15/2025","36.71","36.63","37.00","36.63","725.30K","0.25%"
"05/14/2025","36.62","37.28","37.42","36.50","2.23M","-1.90%"
"05/13/2025","37.33","38.00","38.00","37.20","3.61M","-2.77%"
"05/12/2025","38.39","38.58","38.58","37.08","20.00M","9.45%"
"05/09/2025","35.08","33.49","35.24","33.49","9.02M","3.94%"
"05/08/2025","33.74","34.90","35.45","31.25","13.40M","-2.40%"
"05/07/2025","34.58","34.49","35.94","34.26","2.95M","-2.65%"
"05/06/2025","35.51","35.67","36.13","35.06","1.03M","-0.63%"
"05/05/2025","35.74","36.25","36.59","35.63","733.39K","-1.34%"
"05/02/2025","36.22","35.25","36.75","35.25","2.46M","2.59%"
"04/30/2025","35.31","35.84","35.84","34.99","4.88M","-1.47%"
"04/29/2025","35.83","35.56","36.21","35.26","1.76M","0.70%"
"04/28/2025","35.58","36.45","36.45","35.49","4.86M","-4.01%"
"04/25/2025","37.07","37.25","37.25","36.55","8.57M","0.91%"
"04/24/2025","36.74","37.26","37.50","36.25","5.71M","-2.17%"
"04/23/2025","37.55","37.90","38.05","37.49","7.23M","-0.66%"
"04/22/2025","37.80","38.45","38.45","37.50","3.19M","-1.37%"
"04/21/2025","38.33","37.75","38.63","37.75","12.86M","2.09%"
"04/18/2025","37.54","37.24","37.70","36.75","8.07M","0.76%"
"04/17/2025","37.26","37.50","38.25","37.00","20.69M","-0.40%"
"04/16/2025","37.40","37.45","37.86","37.00","8.18M","0.67%"
"04/15/2025","37.15","37.25","37.58","37.01","3.73M","0.73%"
"04/14/2025","36.88","37.45","37.45","36.47","6.88M","-0.35%"
"04/11/2025","37.01","37.40","37.40","36.76","3.57M","-1.07%"
"04/10/2025","37.42","37.74","38.13","37.10","12.86M","1.74%"
"04/09/2025","36.78","37.47","37.47","36.63","5.77M","-2.32%"
"04/08/2025","37.65","37.05","38.08","37.05","65.21M","2.55%"
"04/07/2025","36.72","36.88","37.10","35.00","15.40M","-1.26%"
"04/04/2025","37.19","37.50","39.00","37.06","87.05M","-0.15%"
"04/03/2025","37.24","36.99","37.50","36.60","1.43M","1.85%"
"03/27/2025","36.56","37.49","37.49","35.75","4.09M","-1.02%"
"03/26/2025","36.94","38.49","38.49","36.25","4.82M","-2.22%"
"03/25/2025","37.78","38.56","38.56","37.71","689.28K","-0.53%"
"03/24/2025","37.98","38.50","38.63","37.55","225.49K","-0.04%"
"03/21/2025","37.99","38.85","38.85","37.85","206.09K","-1.20%"
"03/20/2025","38.46","38.71","39.00","38.43","711.31K","-0.66%"
"03/19/2025","38.71","38.62","38.99","38.00","795.56K","0.95%"
"03/18/2025","38.35","37.95","38.50","37.95","203.09K","1.56%"
"03/17/2025","37.76","37.99","38.16","37.55","85.52K","-0.15%"
"03/14/2025","37.81","38.19","38.30","37.75","788.92K","0.76%"
"03/13/2025","37.53","38.00","38.24","37.50","478.79K","-0.83%"
"03/12/2025","37.84","38.00","38.37","37.00","196.84K","0.72%"
"03/11/2025","37.57","37.75","38.49","37.50","192.54K","-1.16%"
"03/10/2025","38.01","38.75","38.75","37.50","164.53K","-2.25%"
"03/07/2025","38.88","38.88","39.30","38.75","565.03K","0.67%"
"03/06/2025","38.63","38.55","38.99","38.42","923.35K","0.21%"
"03/05/2025","38.54","39.01","39.01","38.50","565.61K","-1.19%"
"03/04/2025","39.01","38.60","39.22","38.44","241.00K","1.19%"
"03/03/2025","38.55","39.25","39.25","38.53","382.72K","0.05%"
"02/28/2025","38.53","38.51","38.98","38.50","470.35K","0.04%"
"02/27/2025","38.51","39.30","39.45","38.46","1.20M","-0.40%"
"02/26/2025","38.67","39.08","39.25","38.58","8.34M","-0.82%"
"02/25/2025","38.99","39.42","39.50","38.51","14.79M","0.17%"
"02/24/2025","38.92","38.72","39.50","38.72","981.75K","0.54%"
"02/21/2025","38.72","39.50","39.50","38.58","862.92K","-1.56%"
"02/20/2025","39.33","40.00","40.00","39.21","9.39M","-1.64%"
"02/19/2025","39.99","39.95","40.10","39.50","2.94M","0.31%"
"02/18/2025","39.86","39.92","40.00","39.24","798.10K","1.31%"
"02/17/2025","39.35","39.85","40.10","39.00","1.58M","-0.71%"
"02/14/2025","39.63","38.88","39.90","38.78","620.17K","1.47%"
"02/13/2025","39.05","38.95","39.22","38.50","934.57K","1.11%"
"02/12/2025","38.62","39.50","39.95","38.50","1.01M","-2.08%"
"02/11/2025","39.44","39.99","39.99","39.38","207.71K","0.48%"
"02/10/2025","39.25","39.95","39.95","38.03","1.05M","-0.49%"
"02/07/2025","39.44","39.94","40.00","39.25","750.65K","0.23%"
"02/06/2025","39.35","40.39","40.45","38.75","878.26K","-0.49%"
"02/04/2025","39.55","40.10","40.42","39.45","878.33K","-1.38%"
"02/03/2025","40.10","40.01","40.50","40.00","470.63K","-1.10%"
"01/31/2025","40.55","40.95","40.95","40.40","7.68M","0.14%"
"01/30/2025","40.49","41.25","41.70","40.00","2.49M","-0.64%"
"01/29/2025","40.76","41.49","41.49","40.40","4.33M","-1.64%"
"01/28/2025","41.44","41.74","41.74","41.00","390.07K","0.29%"
"01/27/2025","41.31","42.49","42.65","41.00","1.94M","-2.75%"
"01/24/2025","42.49","42.15","42.60","41.51","581.59K","1.19%"
"01/23/2025","41.99","42.74","42.74","41.95","239.09K","-0.04%"
"01/22/2025","42.00","41.98","42.85","41.75","1.94M","-0.06%"
"01/21/2025","42.03","42.25","42.25","41.76","431.70K","0.26%"
"01/20/2025","41.92","42.45","42.88","41.85","1.25M","-1.48%"
"01/17/2025","42.54","42.20","42.75","41.63","1.67M","1.06%"
"01/16/2025","42.10","42.22","42.39","41.45","2.90M","0.62%"
"01/15/2025","41.84","41.00","42.25","41.00","731.50K","2.66%"
"01/14/2025","40.76","41.17","41.44","40.06","2.68M","-1.32%"
"01/13/2025","41.30","41.01","42.50","40.85","2.06M","-1.37%"
"01/10/2025","41.88","41.49","42.44","41.25","748.14K","0.94%"
"01/09/2025","41.49","42.00","42.50","41.18","984.42K","-0.50%"
"01/08/2025","41.69","43.00","43.17","41.00","475.65K","-2.38%"
"01/07/2025","42.71","43.50","43.63","42.25","536.87K","-0.84%"
"01/06/2025","43.07","43.42","44.00","41.63","1.54M","-0.81%"
"01/03/2025","43.42","43.47","44.00","42.25","1.00M","1.44%"
"01/02/2025","42.81","41.63","43.65","41.63","2.67M","0.68%"
"01/01/2025","42.51","41.51","42.90","41.50","1.07M","2.04%"
"12/31/2024","41.67","42.92","42.92","41.30","1.97M","-2.94%"
"12/30/2024","42.92","40.01","43.50","39.80","5.42M","5.54%"
"12/27/2024","40.67","39.99","41.13","39.25","7.54M","2.95%"
"12/26/2024","39.51","41.19","41.38","39.13","2.12M","-2.47%"
"12/24/2024","40.51","41.38","41.50","40.25","2.17M","-1.83%"
"12/23/2024","41.26","39.99","42.47","39.50","3.35M","3.67%"
"12/20/2024","39.80","37.49","39.94","37.25","2.31M","7.36%"
"12/19/2024","37.07","39.51","40.10","35.63","5.67M","-5.43%"
"12/18/2024","39.20","40.70","40.75","38.90","4.21M","-1.88%"
"12/17/2024","39.95","38.05","41.47","37.70","2.77M","4.99%"
"12/16/2024","38.05","38.15","39.49","37.55","4.43M","-0.22%"
"12/13/2024","38.13","40.50","40.72","37.95","5.51M","-5.89%"
"12/12/2024","40.52","39.76","41.00","39.50","7.67M","2.05%"
"12/11/2024","39.71","39.74","40.44","39.01","4.29M","1.13%"
"12/10/2024","39.26","40.50","42.00","39.01","3.58M","-2.53%"
"12/09/2024","40.28","42.99","43.25","40.00","13.45M","-6.30%"
"12/06/2024","42.99","43.50","44.21","42.01","3.62M","-1.14%"
"12/05/2024","43.49","43.24","43.75","42.50","4.16M","1.10%"
"12/04/2024","43.01","42.50","43.25","42.05","1.74M","1.30%"
"12/03/2024","42.46","42.00","43.22","40.25","5.26M","2.09%"
"12/02/2024","41.59","41.50","42.19","40.00","5.56M","1.58%"
"11/29/2024","40.94","39.00","41.25","39.00","3.67M","4.40%"
"11/28/2024","39.22","41.26","42.25","39.01","3.01M","-4.29%"
"11/27/2024","40.98","38.03","40.99","38.03","7.72M","8.20%"
"11/26/2024","37.88","37.15","40.86","36.50","19.50M","1.97%"
"11/25/2024","37.15","36.74","39.19","35.65","5.64M","1.75%"
"11/22/2024","36.51","33.90","36.75","33.50","17.22M","9.26%"
"11/21/2024","33.41","33.50","33.75","33.01","646.44K","-0.27%"
"11/20/2024","33.50","33.75","33.90","33.50","2.40M","-0.36%"
"11/19/2024","33.62","33.75","33.95","33.51","749.77K","0.33%"
"11/18/2024","33.51","33.99","33.99","33.50","1.39M","-0.04%"
"11/15/2024","33.53","33.99","34.24","33.42","4.43M","-0.06%"
"11/14/2024","33.54","33.00","34.00","33.00","6.44M","0.15%"
"11/13/2024","33.49","33.75","33.75","33.13","2.07M","-0.01%"
"11/12/2024","33.50","33.81","33.81","33.00","82.80K","-0.30%"
"11/11/2024","33.60","34.00","34.00","33.50","1.14M","-0.50%"
"11/08/2024","33.77","33.51","33.97","33.13","2.34M","1.29%"
"11/07/2024","33.34","33.99","34.22","33.13","1.58M","-0.48%"
"11/06/2024","33.50","33.50","34.00","33.50","1.06M","-0.10%"
"11/05/2024","33.53","33.50","33.75","33.13","2.73M","-0.19%"
"11/04/2024","33.60","33.65","34.10","33.47","2.86M","-0.64%"
"11/01/2024","33.81","32.50","34.24","32.25","2.37M","3.22%"
"10/31/2024","32.76","33.13","33.49","32.41","1.08M","-1.47%"
"10/30/2024","33.25","33.99","33.99","33.05","1.48M","-0.81%"
"10/29/2024","33.52","33.85","34.00","33.24","4.71M","-2.07%"
"10/28/2024","34.23","33.75","34.74","33.75","1.20M","1.69%"
"10/25/2024","33.66","33.56","34.24","33.37","2.48M","-0.43%"
"10/24/2024","33.81","33.58","34.03","33.58","922.59K","-0.28%"
"10/23/2024","33.90","33.76","34.10","33.58","720.74K","0.00%"
"10/22/2024","33.90","33.97","34.04","33.85","369.70K","-0.21%"
"10/21/2024","33.97","34.37","34.38","33.62","4.67M","-0.26%"
"10/18/2024","34.06","33.99","34.40","33.50","870.13K","1.31%"
"10/17/2024","33.62","34.35","34.95","33.50","1.78M","-0.75%"
"10/16/2024","33.88","34.06","34.50","33.25","586.14K","-1.18%"
"10/15/2024","34.28","34.15","34.38","33.75","545.52K","0.68%"
"10/14/2024","34.05","34.00","34.50","33.28","746.19K","0.35%"
"10/11/2024","33.93","33.90","34.24","33.01","556.95K","1.31%"
"10/10/2024","33.49","33.75","33.92","33.25","473.73K","-0.07%"
"10/09/2024","33.51","34.25","35.99","33.01","2.79M","-2.15%"
"10/08/2024","34.25","32.51","34.31","32.51","3.39M","5.94%"
"10/07/2024","32.33","31.48","32.51","31.19","22.65M","2.70%"
"10/04/2024","31.48","30.98","31.49","30.25","706.12K","1.63%"
"10/03/2024","30.98","30.45","31.01","30.15","4.21M","3.25%"
"10/02/2024","30.00","29.38","30.45","28.75","1.51M","2.77%"
"10/01/2024","29.19","29.99","30.49","29.00","2.10M","-3.74%"
"09/30/2024","30.33","30.73","30.74","29.76","1.48M","-0.16%"
"09/27/2024","30.38","31.25","31.25","30.02","2.15M","-2.86%"
"09/26/2024","31.27","30.90","31.60","30.70","2.36M","1.84%"
"09/25/2024","30.70","30.10","31.10","30.10","6.76M","1.17%"
"09/24/2024","30.35","31.00","31.15","30.15","1.65M","-2.79%"
"09/23/2024","31.22","31.85","32.00","31.00","1.40M","-2.41%"
"09/20/2024","31.99","31.13","32.00","30.75","10.36M","3.13%"
"09/19/2024","31.02","30.00","31.50","30.00","4.09M","2.46%"
"09/18/2024","30.27","30.67","30.67","30.00","475.63K","-0.72%"
"09/16/2024","30.50","30.55","30.67","30.30","1.04M","0.00%"
"09/13/2024","30.50","29.91","30.75","29.88","333.87K","1.58%"
"09/12/2024","30.02","30.49","30.50","29.83","779.57K","-0.05%"
"09/11/2024","30.04","30.50","30.50","29.56","1.07M","-1.20%"
"09/10/2024","30.41","28.86","30.55","28.55","1.37M","5.46%"
"09/09/2024","28.83","29.38","29.38","28.75","753.85K","-0.93%"
"09/06/2024","29.10","28.92","29.50","28.50","758.90K","2.16%"
"09/05/2024","28.49","28.65","28.75","28.25","1.28M","-0.11%"
"09/04/2024","28.51","28.50","28.60","28.01","176.63K","2.35%"
"09/03/2024","27.86","28.50","29.00","27.75","1.08M","-2.13%"
"09/02/2024","28.47","28.75","29.35","28.06","453.46K","-1.16%"
"08/30/2024","28.80","29.42","29.42","28.63","457.38K","-1.22%"
"08/29/2024","29.16","28.98","29.25","28.75","1.18M","0.62%"
"08/28/2024","28.98","29.36","29.90","28.58","732.27K","-0.07%"
"08/27/2024","29.00","29.14","29.25","28.78","304.64K","-0.50%"
"08/26/2024","29.14","29.50","30.00","29.00","519.37K","-1.75%"
"08/23/2024","29.66","29.95","30.25","29.50","602.31K","-1.02%"
"08/22/2024","29.97","29.75","30.13","29.38","389.24K","0.94%"
"08/21/2024","29.68","29.24","30.00","28.91","711.31K","2.36%"
"08/20/2024","29.00","29.44","29.45","28.90","1.34M","0.05%"
"08/19/2024","28.99","29.15","29.25","28.92","1.20M","-0.40%"
"08/16/2024","29.10","29.37","29.37","28.85","665.29K","-0.39%"
"08/15/2024","29.22","29.67","29.92","29.00","710.47K","-0.97%"
"08/13/2024","29.50","29.95","29.95","29.25","667.12K","-0.71%"
"08/12/2024","29.71","30.00","30.75","29.50","907.49K","-1.61%"
"08/09/2024","30.19","30.38","30.85","29.25","444.20K","-1.72%"
"08/08/2024","30.73","30.75","30.92","30.50","486.13K","0.92%"
"08/07/2024","30.44","30.50","30.74","30.23","349.17K","-0.23%"
"08/06/2024","30.51","30.94","31.00","30.25","382.43K","0.96%"
"08/05/2024","30.23","31.24","31.94","29.75","2.19M","-2.58%"
"08/02/2024","31.02","31.48","32.00","30.50","302.27K","-0.13%"
"08/01/2024","31.07","32.45","32.45","30.64","2.56M","-3.69%"
"07/31/2024","32.26","33.22","33.22","32.00","1.72M","-1.10%"
"07/30/2024","32.62","33.44","33.45","32.40","572.80K","-1.21%"
"07/29/2024","33.01","33.49","33.50","32.51","1.08M","-0.96%"
"07/26/2024","33.33","32.75","33.45","32.26","493.32K","2.38%"
"07/25/2024","32.56","33.45","33.63","32.50","952.62K","-2.15%"
"07/24/2024","33.28","32.60","33.78","32.10","366.81K","2.37%"
"07/23/2024","32.51","33.47","33.63","32.05","908.87K","-0.08%"
"07/22/2024","32.53","32.56","33.44","31.93","1.25M","-1.91%"
"07/19/2024","33.17","34.36","34.36","32.75","2.12M","-3.20%"
"07/18/2024","34.26","34.06","34.37","34.00","868.02K","0.03%"
"07/15/2024","34.25","34.01","34.52","34.01","1.26M","1.57%"
"07/12/2024","33.72","33.26","34.22","32.78","629.12K","0.66%"
"07/11/2024","33.50","33.99","33.99","33.00","209.48K","-0.73%"
"07/10/2024","33.74","34.38","34.38","33.53","996.70K","-0.81%"
"07/09/2024","34.02","34.76","34.99","34.00","1.45M","-2.61%"
"07/08/2024","34.93","34.35","35.09","34.21","1.87M","1.64%"
"07/05/2024","34.37","35.24","35.49","34.13","4.36M","-1.60%"
"07/04/2024","34.92","35.85","35.94","34.75","2.26M","-0.65%"
"07/03/2024","35.15","35.30","36.25","34.76","2.14M","0.72%"
"07/02/2024","34.90","34.85","35.99","34.47","2.63M","1.38%"
"07/01/2024","34.43","33.76","34.99","33.76","1.41M","1.23%"
"06/28/2024","34.01","34.28","34.50","33.90","1.08M","-0.47%"
"06/27/2024","34.17","33.74","34.49","33.67","2.79M","1.61%"
"06/26/2024","33.63","33.28","33.99","33.00","2.09M","0.03%"
"06/25/2024","33.62","34.06","34.49","32.56","1.47M","-2.01%"
"06/24/2024","34.31","34.97","34.97","34.03","911.49K","-1.92%"
"06/21/2024","34.98","35.30","36.38","34.67","2.97M","-1.38%"
"06/20/2024","35.47","33.50","35.87","33.30","8.65M","7.29%"
"06/14/2024","33.06","31.38","33.06","30.74","10.11M","8.50%"
"06/13/2024","30.47","28.20","30.47","28.00","2.63M","8.49%"
"06/12/2024","28.08","28.60","29.30","27.50","1.08M","-2.31%"
"06/11/2024","28.75","29.02","29.50","28.08","540.03K","-0.95%"
"06/10/2024","29.02","29.27","29.48","28.75","401.71K","-0.92%"
"06/07/2024","29.30","29.51","29.70","28.33","3.71M","-1.33%"
"06/06/2024","29.69","29.50","30.00","29.25","753.24K","1.50%"
"06/05/2024","29.25","30.10","30.10","29.13","1.99M","-3.56%"
"06/04/2024","30.33","30.84","30.84","30.05","439.55K","-0.44%"
"06/03/2024","30.47","30.99","31.25","30.25","2.09M","-1.79%"
"05/31/2024","31.02","31.75","31.84","30.00","613.73K","-0.11%"
"05/30/2024","31.06","31.00","31.81","30.99","645.86K","-0.77%"
"05/29/2024","31.30","31.94","32.19","31.00","1.84M","-0.97%"
"05/27/2024","31.60","32.02","32.25","31.00","2.94M","-2.02%"
"05/24/2024","32.25","31.35","32.50","31.35","3.17M","2.85%"
"05/23/2024","31.35","31.00","31.80","30.90","1.40M","0.22%"
"05/22/2024","31.28","31.17","31.47","30.93","823.40K","0.82%"
"05/21/2024","31.03","30.85","31.20","30.63","607.80K","0.84%"
"05/20/2024","30.77","31.33","31.34","30.75","478.07K","-1.43%"
"05/17/2024","31.22","30.75","31.47","30.75","784.34K","1.00%"
"05/16/2024","30.91","30.20","31.00","30.11","1.10M","2.47%"
"05/15/2024","30.16","29.44","30.35","29.42","2.58M","2.50%"
"05/14/2024","29.42","29.70","29.92","29.27","879.83K","-0.08%"
"05/13/2024","29.45","29.45","29.70","29.25","1.01M","0.56%"
"05/10/2024","29.28","29.84","29.84","29.06","783.33K","-1.45%"
"05/09/2024","29.72","29.63","29.75","29.02","867.53K","0.73%"
"05/08/2024","29.50","29.73","29.87","29.38","6.50M","-0.12%"
"05/07/2024","29.53","29.95","30.10","29.26","2.58M","-1.06%"
"05/06/2024","29.85","29.93","30.05","29.20","6.65M","1.03%"
"05/03/2024","29.55","29.10","30.00","29.10","6.96M","-2.72%"
"05/02/2024","30.37","29.38","30.47","29.38","2.63M","3.28%"
"04/30/2024","29.41","29.27","29.88","29.13","982.47K","0.44%"
"04/29/2024","29.27","29.52","29.90","29.00","961.67K","-0.83%"
"04/26/2024","29.52","29.00","30.24","29.00","1.68M","0.79%"
"04/25/2024","29.29","29.25","29.50","28.95","2.95M","1.26%"
"04/24/2024","28.92","28.70","29.74","28.70","4.11M","0.63%"
"04/23/2024","28.75","29.28","29.40","28.52","2.23M","-1.84%"
"04/22/2024","29.28","29.00","29.89","28.75","6.00M","1.60%"
"04/19/2024","28.83","28.00","29.00","28.00","5.75M","2.73%"
"04/18/2024","28.06","27.69","28.30","27.50","3.86M","1.19%"
"04/17/2024","27.73","26.84","28.50","26.55","4.12M","3.49%"
"04/16/2024","26.80","26.52","26.95","26.45","4.92M","0.45%"
"04/15/2024","26.67","26.65","26.88","26.50","1.32M","-0.09%"
"04/09/2024","26.70","27.38","27.80","26.35","13.21M","-1.95%"
"04/08/2024","27.23","27.00","27.42","26.77","1.80M","0.81%"
"04/04/2024","27.01","27.00","27.25","26.75","1.53M","0.13%"
"04/03/2024","26.98","26.97","27.35","26.35","847.16K","0.90%"
"04/02/2024","26.74","26.25","26.98","26.01","257.80K","1.85%"
"04/01/2024","26.25","26.25","26.30","26.00","228.69K","0.25%"
"03/29/2024","26.18","27.25","27.25","26.00","1.44M","-2.86%"
"03/28/2024","26.95","27.00","27.37","26.92","1.75M","0.19%"
"03/27/2024","26.91","26.58","27.00","26.50","364.96K","1.26%"
"03/26/2024","26.57","26.75","27.05","26.08","176.51K","-1.43%"
"03/25/2024","26.95","26.51","27.00","25.75","283.95K","0.73%"
"03/22/2024","26.76","26.58","26.84","26.38","871.52K","0.04%"
"03/21/2024","26.75","26.63","26.99","26.60","1.26M","0.41%"
"03/20/2024","26.64","26.48","26.75","26.13","568.28K","0.62%"
"03/19/2024","26.48","26.13","26.87","25.75","2.80M","2.32%"
"03/18/2024","25.88","25.95","25.99","25.58","453.49K","-0.38%"
"03/15/2024","25.98","26.41","26.41","25.66","575.74K","-0.78%"
"03/14/2024","26.18","25.99","26.47","25.53","1.78M","0.46%"
"03/13/2024","26.06","26.83","26.83","25.75","15.14M","-9.83%"
"03/12/2024","28.90","28.98","29.09","28.75","18.95M","-0.21%"
"03/11/2024","28.96","28.99","29.00","28.31","897.86K","0.59%"
"03/08/2024","28.79","29.19","29.30","28.25","14.80M","-0.62%"
"03/07/2024","28.97","29.24","29.24","28.73","419.15K","-0.17%"
"03/06/2024","29.02","29.24","29.33","28.85","1.51M","0.09%"
"03/05/2024","29.00","28.56","29.37","28.56","1.28M","-0.09%"
"03/04/2024","29.02","28.81","29.42","28.81","3.56M","-0.67%"
"03/01/2024","29.22","28.95","29.42","28.25","11.67M","1.90%"
"02/29/2024","28.67","27.20","29.00","27.20","9.04M","3.90%"
"02/28/2024","27.59","27.45","27.75","26.75","4.72M","2.05%"
"02/27/2024","27.04","26.13","27.25","26.13","3.17M","2.10%"
"02/26/2024","26.49","25.55","26.57","25.55","3.50M","2.60%"
"02/23/2024","25.82","25.15","25.88","25.15","4.20M","2.66%"
"02/22/2024","25.15","25.48","25.50","25.06","2.76M","-0.93%"
"02/21/2024","25.38","25.34","25.59","25.25","1.31M","0.83%"
"02/20/2024","25.17","25.34","25.50","25.13","974.07K","0.00%"
"02/19/2024","25.17","25.00","25.50","25.00","903.92K","-0.45%"
"02/16/2024","25.29","25.31","25.69","25.00","1.12M","-0.71%"
"02/15/2024","25.47","25.66","25.95","25.38","2.16M","-0.72%"
"02/14/2024","25.66","25.48","25.80","25.48","1.18M","1.56%"
"02/13/2024","25.26","24.90","25.49","24.75","867.92K","1.10%"
"02/12/2024","24.99","25.51","25.60","24.60","2.01M","-1.73%"
"02/09/2024","25.42","25.49","25.75","25.31","2.83M","-2.16%"
"02/07/2024","25.99","25.57","26.05","25.40","4.13M","1.92%"
"02/06/2024","25.50","25.50","25.55","25.02","3.28M","0.35%"
"02/02/2024","25.41","25.80","25.80","25.23","3.13M","-0.90%"
"02/01/2024","25.64","25.50","26.88","25.13","20.65M","1.54%"
"01/31/2024","25.25","24.56","25.74","24.56","7.97M","3.10%"
"01/30/2024","24.49","24.67","24.75","24.08","2.72M","0.70%"
"01/29/2024","24.32","25.00","25.00","24.17","8.31M","-2.35%"
"01/26/2024","24.90","25.13","25.25","24.78","1.50M","-1.01%"
"01/25/2024","25.16","26.00","26.00","25.00","9.38M","-1.93%"
"01/24/2024","25.65","25.25","26.30","24.90","10.05M","2.64%"
"01/23/2024","24.99","25.00","25.18","24.80","3.50M","1.22%"
"01/22/2024","24.69","24.33","24.90","24.15","1.39M","1.90%"
"01/19/2024","24.23","24.50","24.67","24.10","1.78M","-0.59%"
"01/18/2024","24.38","24.42","24.74","24.05","856.95K","-0.83%"
"01/17/2024","24.58","24.30","24.85","24.30","1.83M","0.49%"
"01/16/2024","24.46","24.15","24.50","24.00","914.36K","1.14%"
"01/15/2024","24.18","24.50","24.68","24.08","1.11M","-1.27%"
"01/12/2024","24.50","24.50","24.65","24.25","3.98M","0.82%"
"01/11/2024","24.30","24.45","24.50","24.20","2.62M","-0.72%"
"01/10/2024","24.47","24.50","24.87","24.26","5.12M","-0.31%"
"01/09/2024","24.55","24.73","24.99","24.38","1.94M","-0.35%"
"01/08/2024","24.63","25.10","25.35","24.51","2.64M","-0.61%"
"01/05/2024","24.78","24.70","25.00","24.25","4.26M","1.20%"
"01/04/2024","24.49","24.61","24.62","24.25","451.33K","0.20%"
"01/03/2024","24.43","24.50","24.74","24.25","2.50M","0.21%"
"01/02/2024","24.39","24.75","24.99","24.28","2.34M","-0.87%"
"01/01/2024","24.60","24.45","25.01","24.37","2.78M","1.42%"
"12/29/2023","24.25","24.50","24.50","24.17","2.15M","-0.84%"
"12/28/2023","24.46","23.25","24.83","23.25","3.05M","4.06%"
"12/27/2023","23.50","22.26","23.74","22.26","2.72M","3.84%"
"12/26/2023","22.64","23.75","23.92","22.30","1.68M","-5.09%"
"12/22/2023","23.85","24.37","24.45","23.75","1.00M","-1.39%"
"12/21/2023","24.18","24.47","24.50","23.75","1.30M","-0.31%"
"12/20/2023","24.26","24.26","24.75","23.40","3.52M","-1.60%"
"12/19/2023","24.66","24.95","25.24","24.50","5.15M","-2.34%"
"12/18/2023","25.25","26.04","26.25","24.90","994.99K","-2.66%"
"12/15/2023","25.93","25.00","26.00","25.00","2.20M","3.99%"
"12/14/2023","24.94","25.16","25.40","24.63","2.01M","-1.21%"
"12/13/2023","25.25","25.63","26.50","24.76","6.88M","-1.56%"
"12/12/2023","25.65","25.91","26.13","25.52","2.22M","-1.02%"
"12/11/2023","25.91","26.40","26.74","25.75","6.90M","-2.58%"
"12/08/2023","26.59","25.23","26.74","25.13","11.75M","6.38%"
"12/07/2023","25.00","23.35","25.01","23.28","15.33M","7.43%"
"12/06/2023","23.27","23.14","23.55","23.14","5.75M","0.54%"
"12/05/2023","23.15","23.25","23.64","23.00","5.12M","0.09%"
"12/04/2023","23.13","22.95","23.23","22.78","4.00M","1.29%"
"12/01/2023","22.83","22.74","22.97","22.51","3.94M","0.88%"
"11/30/2023","22.63","23.00","23.13","22.50","3.97M","-0.11%"
"11/29/2023","22.66","22.73","23.50","22.40","12.12M","-0.26%"
"11/28/2023","22.72","21.48","22.80","21.37","7.91M","5.75%"
"11/27/2023","21.48","20.83","21.92","20.64","10.72M","3.49%"
"11/24/2023","20.75","20.72","21.00","20.50","7.49M","-0.10%"
"11/23/2023","20.77","19.95","20.89","19.76","16.22M","4.34%"
"11/22/2023","19.91","19.67","20.06","19.50","9.25M","2.34%"
"11/21/2023","19.45","19.18","19.48","19.18","1.63M","1.43%"
"11/20/2023","19.18","19.48","19.48","19.11","2.43M","-0.08%"
"11/17/2023","19.19","19.75","19.77","19.10","5.79M","-2.51%"
"11/16/2023","19.69","19.88","20.15","19.65","4.57M","-1.45%"
"11/15/2023","19.98","19.99","20.34","19.88","4.24M","0.00%"
"11/14/2023","19.98","20.63","20.64","19.87","5.55M","-3.17%"
"11/13/2023","20.64","20.50","20.80","20.44","4.56M","0.27%"
"11/10/2023","20.58","20.50","20.83","20.41","2.80M","-0.36%"
"11/08/2023","20.66","20.38","20.75","20.23","2.68M","1.82%"
"11/07/2023","20.28","20.50","20.55","20.25","1.99M","-0.69%"
"11/06/2023","20.42","20.30","20.84","20.30","6.42M","0.34%"
"11/03/2023","20.35","20.10","20.50","19.95","7.44M","1.62%"
"11/02/2023","20.03","19.94","20.12","19.90","1.23M","0.63%"
"11/01/2023","19.91","19.63","20.02","19.50","1.02M","1.14%"
"10/31/2023","19.68","19.33","19.75","19.33","1.03M","1.68%"
"10/30/2023","19.35","19.50","19.59","19.27","2.34M","-0.85%"
"10/27/2023","19.52","19.44","19.65","18.76","2.22M","0.41%"
"10/26/2023","19.44","20.07","20.42","19.35","9.16M","-2.70%"
"10/25/2023","19.98","19.90","20.03","19.68","2.18M","0.65%"
"10/24/2023","19.85","19.94","20.00","19.55","1.36M","0.71%"
"10/23/2023","19.71","20.20","20.20","19.69","1.49M","-1.52%"
"10/20/2023","20.01","19.63","20.13","19.60","2.79M","2.48%"
"10/19/2023","19.53","19.41","19.70","19.25","5.49M","0.46%"
"10/18/2023","19.44","19.82","19.88","19.40","889.64K","-1.92%"
"10/17/2023","19.82","20.00","20.00","19.80","685.49K","-0.97%"
"10/16/2023","20.01","20.25","20.37","19.55","726.59K","0.07%"
"10/13/2023","20.00","19.31","20.08","19.31","9.23M","3.68%"
"10/12/2023","19.29","19.26","19.45","19.21","465.03K","-0.44%"
"10/11/2023","19.38","19.25","19.49","19.25","681.63K","0.49%"
"10/10/2023","19.28","19.23","19.49","19.10","1.11M","0.78%"
"10/09/2023","19.13","19.00","19.38","18.92","661.99K","-0.13%"
"10/06/2023","19.16","19.36","19.40","19.06","714.72K","-0.31%"
"10/05/2023","19.22","19.45","19.65","19.15","1.00M","-1.18%"
"10/04/2023","19.44","18.82","19.55","18.80","5.64M","3.13%"
"10/03/2023","18.85","18.80","18.95","18.75","316.39K","0.00%"
"10/02/2023","18.85","19.47","19.47","18.72","4.84M","-1.98%"
"09/28/2023","19.24","19.25","19.40","19.13","274.51K","-0.08%"
"09/27/2023","19.25","19.30","19.47","19.23","640.98K","-0.36%"
"09/26/2023","19.32","19.25","19.50","19.25","915.37K","-0.62%"
"09/25/2023","19.44","19.63","19.74","19.38","802.95K","-0.77%"
"09/22/2023","19.59","19.50","19.75","19.42","2.38M","0.85%"
"09/21/2023","19.42","19.50","19.77","19.30","836.88K","-0.08%"
"09/20/2023","19.44","19.86","19.86","19.38","502.11K","-1.44%"
"09/19/2023","19.73","20.00","20.25","19.66","421.72K","-0.88%"
"09/18/2023","19.90","19.90","19.94","19.67","323.06K","0.28%"
"09/15/2023","19.84","20.25","20.36","19.75","7.22M","-1.90%"
"09/14/2023","20.23","20.43","20.44","20.13","465.44K","0.47%"
"09/13/2023","20.14","20.25","20.47","20.00","3.58M","-0.76%"
"09/12/2023","20.29","20.63","20.74","20.07","2.32M","-1.31%"
"09/11/2023","20.56","20.50","20.87","20.25","118.63M","0.73%"
"09/08/2023","20.41","19.38","20.56","19.25","18.54M","5.40%"
"09/07/2023","19.36","20.18","20.18","19.27","1.72M","-3.30%"
"09/06/2023","20.02","19.69","20.15","19.25","617.21K","2.69%"
"09/05/2023","19.50","19.51","19.75","19.10","937.53K","-0.54%"
"09/04/2023","19.60","20.04","20.25","19.50","366.08K","-1.70%"
"09/01/2023","19.94","19.75","20.17","19.56","1.08M","-0.50%"
"08/31/2023","20.05","20.39","20.39","19.30","3.57M","-1.69%"
"08/30/2023","20.39","20.47","20.52","20.06","2.78M","0.30%"
"08/29/2023","20.33","20.63","20.92","20.07","1.58M","-3.10%"
"08/28/2023","20.98","20.51","21.24","20.51","3.31M","-0.02%"
"08/25/2023","20.99","21.00","21.13","20.66","2.10M","0.17%"
"08/24/2023","20.95","20.35","21.05","20.10","5.50M","3.35%"
"08/23/2023","20.27","20.25","21.35","20.08","5.48M","-0.59%"
"08/22/2023","20.39","20.08","20.50","19.95","2.57M","1.82%"
"08/21/2023","20.02","20.05","20.24","19.85","3.25M","-7.16%"
"08/18/2023","21.57","21.50","21.79","21.38","6.37M","0.87%"
"08/17/2023","21.39","21.06","21.49","20.92","13.02M","0.61%"
"08/16/2023","21.25","21.47","21.47","21.06","2.09M","-0.37%"
"08/15/2023","21.33","21.45","21.70","21.02","2.17M","-0.14%"
"08/11/2023","21.36","20.25","21.45","20.25","21.48M","5.77%"
"08/10/2023","20.20","20.81","21.50","19.16","46.47M","-2.49%"
"08/09/2023","20.72","20.38","20.84","20.30","1.71M","2.12%"
"08/08/2023","20.28","20.70","21.00","20.16","1.90M","-2.90%"
"08/07/2023","20.89","21.11","21.40","20.77","6.31M","0.12%"
"08/04/2023","20.86","21.25","21.25","20.60","1.74M","-1.56%"
"08/03/2023","21.19","20.75","21.42","20.45","8.33M","3.64%"
"08/02/2023","20.45","20.63","20.88","20.13","4.30M","-0.27%"
"08/01/2023","20.50","20.90","20.90","20.25","1.98M","-0.19%"
"07/31/2023","20.55","19.97","21.10","19.50","13.46M","4.58%"
"07/27/2023","19.65","19.75","20.07","19.55","4.87M","-0.56%"
"07/26/2023","19.75","19.13","19.84","19.05","5.28M","2.46%"
"07/25/2023","19.28","19.19","19.57","19.08","3.67M","0.29%"
"07/24/2023","19.23","19.25","19.38","18.27","3.65M","0.76%"
"07/21/2023","19.08","17.75","19.08","17.75","7.32M","7.49%"
"07/20/2023","17.75","17.75","18.05","17.64","4.75M","-0.53%"
"07/19/2023","17.84","17.25","17.91","17.20","3.77M","3.48%"
"07/18/2023","17.25","17.41","17.41","17.13","4.92M","0.38%"
"07/17/2023","17.18","17.60","17.60","16.92","2.84M","-1.55%"
"07/14/2023","17.45","17.38","17.75","17.38","611.80K","0.06%"
"07/13/2023","17.44","17.56","17.81","17.37","5.34M","-1.11%"
"07/12/2023","17.64","17.74","18.00","17.33","5.32M","-0.17%"
"07/11/2023","17.67","17.84","17.84","17.60","1.81M","-1.31%"
"07/10/2023","17.90","17.00","18.10","16.77","8.19M","5.23%"
"07/07/2023","17.01","17.35","17.35","16.91","3.01M","-0.53%"
"07/06/2023","17.10","16.27","17.25","16.27","24.09M","4.17%"
"07/05/2023","16.42","15.88","16.66","15.88","4.46M","-0.73%"
"07/04/2023","16.53","16.75","16.88","15.85","8.58M","1.07%"
"07/03/2023","16.36","16.36","16.36","16.36","5.67M","7.49%"
"06/27/2023","15.22","14.75","15.25","14.58","6.04M","2.28%"
"06/26/2023","14.88","14.48","14.98","14.40","862.71K","4.06%"
"06/23/2023","14.30","14.49","14.60","14.25","925.24K","-0.35%"
"06/22/2023","14.35","14.26","14.44","14.26","1.28M","0.35%"
"06/21/2023","14.30","14.33","14.35","14.25","1.71M","-0.21%"
"06/20/2023","14.33","14.26","14.45","14.26","3.75M","0.14%"
"06/19/2023","14.31","14.30","14.48","14.30","12.12M","-0.62%"
"06/16/2023","14.40","14.13","14.74","14.13","433.16K","-0.79%"
"06/15/2023","14.52","14.49","14.58","14.26","979.65K","0.45%"
"06/14/2023","14.45","14.45","14.48","14.26","141.46K","0.28%"
"06/13/2023","14.41","14.49","14.49","14.31","648.12K","0.91%"
"06/12/2023","14.28","13.80","14.32","13.80","6.60M","-0.17%"
"06/09/2023","14.31","14.45","14.45","14.22","3.97M","0.07%"
"06/08/2023","14.30","14.50","14.50","14.26","1.34M","-1.11%"
"06/07/2023","14.45","14.52","14.52","14.35","3.17M","0.10%"
"06/06/2023","14.44","14.47","14.50","14.31","2.20M","0.42%"
"06/05/2023","14.38","14.47","14.47","14.25","6.83M","0.59%"
"06/02/2023","14.30","14.32","14.40","14.25","7.38M","0.25%"
"06/01/2023","14.26","14.48","14.48","14.25","1.62M","-0.31%"
"05/31/2023","14.31","14.75","14.75","14.26","4.91M","-1.14%"
"05/30/2023","14.47","14.93","14.93","14.20","18.45M","-1.73%"
"05/29/2023","14.73","14.95","14.95","14.70","684.16K","-0.44%"
"05/26/2023","14.79","15.00","15.15","14.75","2.93M","-1.00%"
"05/25/2023","14.94","15.30","15.30","14.90","896.48K","-0.83%"
"05/24/2023","15.06","15.35","15.35","15.00","211.30K","0.40%"
"05/23/2023","15.01","15.49","15.49","14.99","874.29K","-0.37%"
"05/22/2023","15.06","15.40","15.40","15.02","299.99K","-1.54%"
"05/19/2023","15.30","14.90","15.40","14.90","229.04K","0.43%"
"05/18/2023","15.23","15.25","15.42","15.20","89.91K","-0.33%"
"05/17/2023","15.28","15.67","15.67","15.27","416.00K","-0.62%"
"05/16/2023","15.38","15.65","15.65","15.35","1.22M","-0.81%"
"05/15/2023","15.50","15.60","15.60","15.13","984.28K","0.23%"
"05/12/2023","15.47","15.42","15.68","15.24","1.30M","1.51%"
"05/11/2023","15.23","15.20","15.28","15.03","372.48K","1.53%"
"05/10/2023","15.01","15.20","15.20","14.75","8.05M","-1.32%"
"05/09/2023","15.20","15.64","15.64","15.11","515.95K","-1.07%"
"05/08/2023","15.37","15.67","15.67","15.35","7.83M","-0.90%"
"05/05/2023","15.51","15.10","15.73","15.10","17.66M","2.72%"
"05/04/2023","15.10","14.95","15.38","14.95","23.56M","0.80%"
"05/03/2023","14.98","14.92","15.05","14.78","6.70M","1.11%"
"05/02/2023","14.81","14.52","14.92","14.50","4.21M","1.51%"
"04/28/2023","14.60","14.90","14.90","14.50","4.10M","-0.92%"
"04/27/2023","14.73","14.74","15.00","14.57","28.53M","0.68%"
"04/26/2023","14.63","14.55","14.80","14.55","6.94M","1.70%"
"04/20/2023","14.39","14.44","14.55","14.14","6.42M","1.09%"
"04/19/2023","14.23","14.13","14.40","14.13","2.39M","-0.14%"
"04/18/2023","14.25","14.25","14.30","14.12","425.44K","0.67%"
"04/17/2023","14.15","14.23","14.47","14.13","3.65M","-0.56%"
"04/13/2023","14.23","14.48","14.48","14.20","984.30K","-0.45%"
"04/12/2023","14.30","14.43","14.43","14.20","3.40M","0.53%"
"04/11/2023","14.23","14.65","14.65","14.14","1.10M","0.18%"
"04/10/2023","14.20","14.60","14.60","14.15","5.58M","-1.39%"
"04/07/2023","14.40","14.49","14.49","14.33","2.01M","-0.03%"
"04/06/2023","14.40","14.27","14.51","14.27","4.99M","-0.52%"
"04/05/2023","14.48","14.75","14.75","14.25","594.85K","1.47%"
"04/04/2023","14.27","14.32","14.49","14.25","279.87K","-0.45%"
"04/03/2023","14.34","14.73","14.80","14.31","1.23M","-0.38%"
"03/31/2023","14.39","14.60","14.74","14.30","791.46K","-1.64%"
"03/30/2023","14.63","14.92","14.92","14.59","3.11M","-0.81%"
"03/29/2023","14.75","14.98","14.98","14.61","493.30K","-0.24%"
"03/28/2023","14.78","14.99","14.99","14.70","424.83K","-0.17%"
"03/27/2023","14.81","15.10","15.10","14.75","134.95K","-0.34%"
"03/24/2023","14.86","14.76","14.93","14.70","102.45K","0.61%"
"03/22/2023","14.77","14.75","15.10","14.66","214.18K","-1.10%"
"03/21/2023","14.94","14.85","15.05","14.75","265.07K","0.37%"
"03/20/2023","14.88","15.06","15.06","14.85","547.56K","-0.70%"
"03/17/2023","14.98","15.20","15.20","14.88","225.48K","0.17%"
"03/16/2023","14.96","15.12","15.17","14.95","725.84K","-0.30%"
"03/15/2023","15.01","15.05","15.25","14.95","1.10M","-1.06%"
"03/14/2023","15.16","15.02","15.20","15.01","4.56M","0.36%"
"03/13/2023","15.11","15.47","15.48","15.02","4.13M","-0.40%"
"03/10/2023","15.17","15.25","15.25","14.76","1.19M","-5.25%"
"03/09/2023","16.01","16.30","16.30","15.92","4.62M","0.38%"
"03/08/2023","15.95","16.23","16.23","15.81","228.73K","-0.31%"
"03/07/2023","16.00","16.45","16.45","15.76","872.07K","-1.54%"
"03/06/2023","16.25","16.17","16.50","16.05","4.15M","1.50%"
"03/03/2023","16.01","15.75","16.10","15.50","3.71M","2.14%"
"03/02/2023","15.68","15.26","15.85","15.26","617.43K","0.87%"
"03/01/2023","15.54","15.52","15.63","15.35","2.40M","0.13%"
"02/28/2023","15.52","15.02","15.63","15.02","5.50M","3.23%"
"02/27/2023","15.03","15.02","15.20","14.66","327.97K","0.23%"
"02/24/2023","15.00","15.13","15.40","14.85","967.44K","-0.86%"
"02/23/2023","15.13","15.45","15.45","15.07","272.65K","-0.59%"
"02/22/2023","15.22","15.20","15.24","15.13","619.67K","0.07%"
"02/21/2023","15.21","15.05","15.37","15.05","98.04K","0.43%"
"02/20/2023","15.15","15.35","15.35","15.13","137.94K","-1.37%"
"02/17/2023","15.35","15.30","15.48","15.10","220.52K","1.02%"
"02/16/2023","15.20","15.02","15.30","15.02","1.39M","0.60%"
"02/15/2023","15.11","15.25","15.35","14.90","1.94M","0.07%"
"02/14/2023","15.10","15.13","15.28","15.00","415.32K","-0.17%"
"02/13/2023","15.13","15.46","15.49","15.05","673.30K","-0.95%"
"02/10/2023","15.27","15.38","15.63","15.25","1.02M","-1.77%"
"02/09/2023","15.55","15.55","15.65","15.45","1.04M","0.88%"
"02/08/2023","15.41","15.60","15.70","15.38","4.48M","-0.55%"
"02/07/2023","15.49","15.60","15.60","15.45","709.49K","-0.19%"
"02/06/2023","15.52","15.49","15.60","15.31","4.39M","1.31%"
"02/03/2023","15.32","15.74","15.74","15.25","1.56M","-2.67%"
"02/02/2023","15.74","15.77","16.05","15.26","5.79M","0.83%"
"02/01/2023","15.61","15.48","15.80","15.33","973.22K","1.07%"
"01/31/2023","15.45","15.15","15.60","14.98","4.25M","3.17%"
"01/30/2023","14.98","15.40","15.40","14.90","5.67M","-0.99%"
"01/27/2023","15.13","15.10","15.23","14.98","2.93M","0.60%"
"01/26/2023","15.03","14.57","15.36","14.52","5.78M","3.55%"
"01/25/2023","14.52","14.25","14.72","14.25","4.60M","2.11%"
"01/24/2023","14.22","14.44","14.44","14.13","2.12M","-0.35%"
"01/23/2023","14.27","14.16","14.45","14.09","467.93K","0.11%"
"01/20/2023","14.26","14.43","14.43","14.10","75.37K","0.46%"
"01/19/2023","14.19","14.43","14.61","14.05","1.91M","0.21%"
"01/18/2023","14.16","14.45","14.45","14.09","5.47M","-0.63%"
"01/17/2023","14.25","14.99","14.99","14.07","2.61M","-2.66%"
"01/16/2023","14.64","14.85","15.00","14.55","366.90K","-0.95%"
"01/13/2023","14.78","14.76","14.94","14.75","82.09K","-1.10%"
"01/12/2023","14.94","14.80","15.00","14.80","311.50K","0.10%"
"01/11/2023","14.93","15.05","15.07","14.80","183.24K","-0.47%"
"01/10/2023","15.00","15.00","15.12","14.80","670.19K","1.90%"
"01/09/2023","14.72","15.15","15.48","14.68","1.81M","-4.10%"
"01/06/2023","15.35","15.60","15.60","15.28","654.05K","-1.16%"
"01/05/2023","15.53","15.73","15.75","15.50","320.82K","-1.08%"
"01/04/2023","15.70","15.55","15.74","15.45","5.33M","1.00%"
"01/03/2023","15.55","15.70","15.72","15.43","11.61M","-0.64%"
"01/02/2023","15.65","15.00","15.90","14.90","3.88M","3.82%"
"12/30/2022","15.07","14.94","15.23","14.93","9.38M","0.87%"
"12/29/2022","14.94","14.94","15.00","14.75","104.38M","0.95%"
"12/28/2022","14.80","14.95","15.14","14.76","115.79M","-1.20%"
"12/27/2022","14.98","15.15","15.30","14.95","32.68M","-0.13%"
"12/26/2022","15.00","15.15","15.16","14.90","598.32K","0.57%"
"12/23/2022","14.91","15.00","15.15","14.76","364.03K","-0.03%"
"12/22/2022","14.92","14.99","15.20","14.90","2.16M","0.67%"
"12/21/2022","14.82","15.30","15.30","14.65","1.31M","-1.36%"
"12/20/2022","15.02","15.26","15.40","14.88","8.27M","-2.05%"
"12/19/2022","15.34","15.70","15.70","15.13","58.04M","-0.23%"
"12/16/2022","15.38","15.45","15.47","15.35","34.94M","0.20%"
"12/15/2022","15.35","15.60","15.60","15.18","82.34M","-1.51%"
"12/14/2022","15.58","16.25","16.25","15.52","7.36M","-4.12%"
"12/13/2022","16.25","16.35","16.50","16.20","1.84M","-0.18%"
"12/12/2022","16.28","16.44","16.75","16.13","5.75M","-0.52%"
"12/09/2022","16.36","16.22","16.44","16.14","719.53K","0.96%"
"12/08/2022","16.21","16.20","16.25","16.06","495.53K","0.62%"
"12/07/2022","16.11","15.78","16.16","15.75","773.63K","1.99%"
"12/06/2022","15.80","15.98","16.00","15.70","3.11M","0.41%"
"12/05/2022","15.73","16.00","16.00","15.70","383.57K","-1.63%"
"12/02/2022","15.99","16.17","16.17","15.82","2.63M","-0.99%"
"12/01/2022","16.15","16.13","16.25","16.00","3.88M","0.62%"
"11/30/2022","16.05","16.11","16.17","15.99","1.68M","-0.16%"
"11/29/2022","16.08","15.89","16.20","15.85","13.48M","1.01%"
"11/28/2022","15.91","15.98","16.19","15.88","892.70K","-1.30%"
"11/25/2022","16.13","16.15","16.17","16.02","627.26K","0.00%"
"11/24/2022","16.12","16.15","16.37","16.10","2.66M","-0.09%"
"11/23/2022","16.14","16.40","16.50","16.13","308.29K","-0.77%"
"11/22/2022","16.26","16.15","16.50","16.14","752.76K","0.53%"
"11/21/2022","16.17","16.45","16.45","16.13","435.32K","-0.46%"
"11/18/2022","16.25","16.13","16.50","16.13","238.64K","0.25%"
"11/17/2022","16.21","16.26","16.35","16.13","1.23M","-0.80%"
"11/16/2022","16.34","16.52","16.60","16.30","1.08M","-1.09%"
"11/15/2022","16.52","16.65","16.80","16.50","964.01K","-1.40%"
"11/14/2022","16.75","16.91","16.99","16.66","1.44M","-1.27%"
"11/11/2022","16.97","17.50","17.50","16.77","17.49M","-0.93%"
"11/10/2022","17.13","16.14","17.13","16.00","42.63M","7.50%"
"11/08/2022","15.94","15.45","16.15","15.32","12.15M","3.44%"
"11/07/2022","15.40","15.48","15.50","15.25","276.59K","0.88%"
"11/04/2022","15.27","15.13","15.50","15.13","1.89M","0.36%"
"11/03/2022","15.22","15.38","15.50","15.13","1.08M","-1.43%"
"11/02/2022","15.44","15.58","15.64","15.30","1.86M","-1.06%"
"11/01/2022","15.60","15.62","15.63","15.45","194.01K","0.39%"
"10/31/2022","15.54","15.30","15.63","15.30","31.22K","0.39%"
"10/28/2022","15.48","15.65","15.65","15.06","33.55K","0.52%"
"10/27/2022","15.40","15.50","15.50","15.31","38.01K","0.59%"
"10/26/2022","15.31","15.51","15.51","15.25","299.39K","-1.13%"
"10/25/2022","15.48","15.74","15.74","15.45","216.70K","-0.74%"
"10/24/2022","15.60","15.85","15.85","15.52","55.80K","0.22%"
"10/21/2022","15.56","15.74","15.95","15.45","311.54K","0.00%"
"10/20/2022","15.56","15.85","15.99","15.51","704.87K","-1.11%"
"10/19/2022","15.73","15.83","15.83","15.63","499.39K","-0.51%"
"10/18/2022","15.81","15.94","15.95","15.52","746.88K","-0.38%"
"10/17/2022","15.88","15.94","15.98","15.61","656.14K","0.79%"
"10/14/2022","15.75","15.70","15.77","15.50","324.08K","1.61%"
"10/13/2022","15.50","15.88","15.88","15.43","215.31K","-0.70%"
"10/12/2022","15.61","15.88","15.88","15.40","33.97K","-0.57%"
"10/11/2022","15.70","15.80","15.90","15.57","30.44K","-0.32%"
"10/10/2022","15.75","15.90","15.90","15.40","190.71K","0.80%"
"10/07/2022","15.63","15.30","15.81","15.28","217.97K","0.81%"
"10/06/2022","15.50","15.49","15.63","15.30","169.77K","0.85%"
"10/05/2022","15.37","15.70","15.73","15.31","82.87K","-0.84%"
"10/04/2022","15.50","15.69","15.69","15.30","829.86K","0.32%"
"10/03/2022","15.45","15.74","15.74","15.30","101.70K","-0.77%"
"09/30/2022","15.57","15.60","15.75","15.41","86.65K","1.20%"
"09/29/2022","15.39","15.99","15.99","15.35","3.31M","-2.72%"
"09/28/2022","15.81","16.00","16.00","15.80","113.81K","-0.57%"
"09/27/2022","15.90","15.93","16.05","15.90","1.09M","-0.13%"
"09/26/2022","15.93","15.90","15.98","15.84","340.02K","0.85%"
"09/23/2022","15.79","15.97","16.12","15.77","1.71M","-0.41%"
"09/22/2022","15.85","16.25","16.25","15.74","1.26M","-1.67%"
"09/21/2022","16.13","16.35","16.35","16.10","1.06M","-0.15%"
"09/20/2022","16.15","16.34","16.34","16.08","391.43K","0.25%"
"09/19/2022","16.11","16.40","16.40","16.10","265.30K","-1.83%"
"09/16/2022","16.41","16.52","16.65","15.75","9.82M","1.36%"
"09/15/2022","16.19","16.25","16.30","16.13","536.59K","0.31%"
"09/14/2022","16.14","16.44","16.44","16.11","345.40K","-0.71%"
"09/13/2022","16.25","16.50","16.50","16.03","458.97K","-0.82%"
"09/12/2022","16.39","16.50","16.50","16.30","677.78K","-0.30%"
"09/09/2022","16.44","16.49","16.62","16.25","2.07M","0.61%"
"09/08/2022","16.34","16.58","16.58","16.30","170.56K","-0.94%"
"09/07/2022","16.50","16.42","16.55","16.38","989.80K","0.83%"
"09/06/2022","16.36","16.34","16.38","16.13","973.56K","0.83%"
"09/05/2022","16.23","16.42","16.42","16.13","161.51K","-0.67%"
"09/02/2022","16.33","16.24","16.47","16.10","595.02K","1.15%"
"09/01/2022","16.15","16.20","16.25","16.09","904.12K","0.16%"
"08/31/2022","16.13","16.48","16.63","16.05","7.25M","-1.80%"
"08/30/2022","16.42","16.44","16.50","16.25","1.16M","0.86%"
"08/29/2022","16.28","16.30","16.40","16.09","1.99M","-0.15%"
"08/26/2022","16.31","16.31","16.73","16.25","4.57M","-1.15%"
"08/25/2022","16.50","16.47","17.00","16.30","8.82M","1.38%"
"08/24/2022","16.27","16.00","16.50","15.80","26.19M","1.06%"
"08/23/2022","16.10","15.93","16.67","15.93","20.34M","0.31%"
"08/22/2022","16.05","16.23","16.47","15.90","5.86M","-1.20%"
"08/19/2022","16.25","16.63","16.63","16.20","11.33M","-2.58%"
"08/18/2022","16.67","16.74","17.00","16.58","1.67M","0.36%"
"08/17/2022","16.61","16.41","16.75","16.41","515.90K","0.67%"
"08/16/2022","16.50","16.67","16.73","16.40","1.30M","-0.87%"
"08/15/2022","16.65","16.75","17.75","16.60","8.70M","0.82%"
"08/12/2022","16.51","16.30","17.10","16.00","3.24M","2.90%"
"08/11/2022","16.05","16.35","16.93","16.00","5.11M","-1.80%"
"08/10/2022","16.34","16.25","16.45","15.75","14.53M","-5.82%"
"08/05/2022","17.35","17.25","17.75","16.80","5.10M","1.94%"
"08/04/2022","17.02","16.80","17.13","16.80","983.84K","1.73%"
"08/03/2022","16.74","16.87","17.05","16.67","1.57M","0.66%"
"08/02/2022","16.63","16.63","17.15","16.46","1.27M","-1.07%"
"08/01/2022","16.81","16.93","17.37","16.50","1.13M","0.12%"
"07/29/2022","16.78","16.23","16.80","16.13","3.37M","7.42%"
"07/28/2022","15.63","15.72","15.74","15.50","1.32M","1.36%"
"07/27/2022","15.41","15.42","15.74","14.86","1.41M","3.42%"
"07/26/2022","14.90","15.01","15.25","14.76","604.12K","-1.91%"
"07/25/2022","15.19","15.63","15.63","15.13","48.46K","-0.78%"
"07/22/2022","15.31","15.90","15.90","15.15","1.63M","-1.42%"
"07/21/2022","15.53","15.51","15.59","15.38","374.86K","0.13%"
"07/20/2022","15.52","15.55","15.74","15.49","207.41K","-1.21%"
"07/19/2022","15.70","16.35","16.35","15.55","311.18K","-2.51%"
"07/18/2022","16.11","16.28","16.50","16.07","131.33K","-2.95%"
"07/15/2022","16.60","16.65","16.92","16.38","167.96K","-0.30%"
"07/14/2022","16.65","16.92","16.92","16.43","115.75K","0.45%"
"07/13/2022","16.58","16.41","16.75","15.76","570.23K","3.27%"
"07/07/2022","16.05","15.94","16.06","15.51","232.60K","1.90%"
"07/06/2022","15.75","15.75","15.84","15.60","115.37K","0.61%"
"07/05/2022","15.65","16.30","16.30","15.52","337.57K","-3.48%"
"07/04/2022","16.22","16.20","16.27","16.10","266.63K","-0.12%"
"07/01/2022","16.24","15.70","16.25","15.70","823.04K","1.50%"
"06/30/2022","16.00","15.75","16.06","15.63","428.20K","2.40%"
"06/29/2022","15.63","15.88","16.15","15.30","2.19M","-2.22%"
"06/28/2022","15.98","16.40","16.40","15.77","528.17K","0.31%"
"06/27/2022","15.93","15.25","16.00","15.25","364.76K","1.66%"
"06/24/2022","15.67","16.66","16.89","15.58","4.97M","-6.50%"
"06/23/2022","16.76","16.92","16.98","16.70","371.73K","0.81%"
"06/22/2022","16.63","16.88","17.00","16.63","3.42M","-1.39%"
"06/21/2022","16.86","16.45","16.90","16.40","402.02K","1.93%"
"06/20/2022","16.54","16.70","16.88","16.40","673.56K","0.12%"
"06/17/2022","16.52","16.69","17.42","16.45","1.85M","0.15%"
"06/16/2022","16.50","15.90","16.59","15.90","664.76K","2.23%"
"06/15/2022","16.14","16.08","16.15","16.00","160.96K","1.51%"
"06/14/2022","15.90","15.89","15.99","15.77","66.09K","0.63%"
"06/13/2022","15.80","15.90","16.13","15.74","1.51M","-2.65%"
"06/10/2022","16.23","16.23","16.33","15.93","36.10K","0.31%"
"06/09/2022","16.17","16.49","16.50","16.11","87.58K","-0.49%"
"06/08/2022","16.25","16.52","16.73","16.00","1.68M","-2.96%"
"06/07/2022","16.75","16.25","16.84","16.25","110.75K","1.33%"
"06/06/2022","16.53","16.30","16.87","16.30","275.82K","0.95%"
"06/03/2022","16.38","16.51","16.69","16.35","866.25K","-1.59%"
"06/02/2022","16.64","17.00","17.00","16.55","5.42M","-2.63%"
"06/01/2022","17.09","17.00","17.16","17.00","138.83K","0.50%"
"05/31/2022","17.00","16.81","17.25","16.81","634.39K","0.41%"
"05/30/2022","16.93","17.17","17.25","16.90","254.48K","-0.73%"
"05/27/2022","17.06","17.30","17.48","17.00","1.69M","-0.29%"
"05/26/2022","17.11","17.00","17.30","17.00","366.11K","0.85%"
"05/25/2022","16.97","17.23","17.23","16.70","3.84M","0.09%"
"05/24/2022","16.95","17.48","17.48","16.95","742.72K","-1.22%"
"05/23/2022","17.16","17.50","17.50","17.13","341.78K","0.20%"
"05/20/2022","17.13","17.00","17.49","17.00","842.88K","0.59%"
"05/19/2022","17.02","17.00","17.17","16.98","513.69K","0.00%"
"05/18/2022","17.02","17.14","17.42","16.88","598.08K","-0.67%"
"05/17/2022","17.14","17.25","17.25","17.02","259.53K","-0.61%"
"05/16/2022","17.25","17.11","17.35","16.75","2.50M","-0.86%"
"05/13/2022","17.40","17.55","17.99","17.27","3.16M","-0.63%"
"05/12/2022","17.50","17.45","17.63","17.10","15.78M","0.46%"
"05/11/2022","17.42","17.75","17.75","16.88","7.79M","-0.71%"
"05/10/2022","17.55","17.45","17.70","17.42","6.80M","0.34%"
"05/09/2022","17.49","17.74","17.74","17.02","3.18M","0.37%"
"05/06/2022","17.42","17.45","17.74","17.38","65.84K","-0.97%"
"04/28/2022","17.59","17.75","17.75","17.25","4.70M","0.46%"
"04/27/2022","17.51","17.65","17.75","17.35","725.76K","0.06%"
"04/26/2022","17.50","17.25","18.00","16.81","4.54M","2.85%"
"04/25/2022","17.02","17.00","17.34","17.00","643.91K","-0.35%"
"04/22/2022","17.08","17.93","17.93","17.03","468.68K","-1.47%"
"04/21/2022","17.33","17.16","17.55","17.16","638.21K","-1.20%"
"04/20/2022","17.55","18.13","18.13","17.50","529.23K","0.20%"
"04/19/2022","17.51","17.63","17.75","17.50","946.99K","-0.68%"
"04/18/2022","17.63","18.10","18.10","17.50","1.83M","-2.95%"
"04/15/2022","18.17","18.08","18.25","17.75","318.61K","2.08%"
"04/14/2022","17.80","18.00","18.49","17.60","2.54M","-2.09%"
"04/13/2022","18.17","18.49","18.49","18.00","1.13M","-0.63%"
"04/12/2022","18.29","18.15","18.70","18.15","2.33M","-0.79%"
"04/11/2022","18.43","17.60","18.50","17.60","2.99M","4.80%"
"04/08/2022","17.59","17.90","17.90","17.45","2.30M","2.30%"
"04/07/2022","17.19","17.25","17.48","17.04","65.68K","-0.78%"
"04/06/2022","17.33","17.25","17.35","17.14","75.20K","1.17%"
"04/05/2022","17.13","17.00","17.25","16.88","1.56M","0.76%"
"04/04/2022","17.00","17.15","17.42","17.00","483.11K","-2.94%"
"04/01/2022","17.51","17.20","17.75","16.86","1.60M","3.27%"
"03/31/2022","16.96","16.67","17.05","16.55","3.41M","1.71%"
"03/30/2022","16.67","16.40","16.69","16.40","303.75K","-0.12%"
"03/29/2022","16.69","16.88","16.88","16.56","1.30M","1.24%"
"03/28/2022","16.49","16.33","16.63","16.33","487.30K","0.89%"
"03/25/2022","16.34","16.26","16.74","16.26","1.14M","-0.94%"
"03/24/2022","16.50","16.50","16.71","16.31","5.71M","0.00%"
"03/22/2022","16.50","16.36","16.71","16.36","380.96K","-0.36%"
"03/21/2022","16.56","16.88","16.88","16.35","159.50K","0.39%"
"03/18/2022","16.50","16.50","16.83","16.25","2.00M","-7.46%"
"03/17/2022","17.83","18.09","18.09","17.80","6.33M","0.17%"
"03/16/2022","17.80","17.90","17.90","17.70","2.68M","0.25%"
"03/15/2022","17.75","17.65","17.92","17.65","1.58M","-0.78%"
"03/14/2022","17.89","18.00","18.00","17.67","69.88K","-0.20%"
"03/11/2022","17.92","17.76","18.10","17.76","46.75K","-0.14%"
"03/10/2022","17.95","17.95","18.19","17.57","879.69K","2.19%"
"03/09/2022","17.57","17.97","17.99","17.30","2.08M","-2.42%"
"03/08/2022","18.00","17.75","18.00","17.50","333.41K","2.71%"
"03/07/2022","17.52","17.28","18.00","17.28","1.25M","-3.10%"
"03/04/2022","18.08","18.34","18.34","17.96","153.54K","-0.25%"
"03/03/2022","18.13","18.13","18.38","18.00","279.88K","0.28%"
"03/02/2022","18.08","18.25","18.50","18.00","1.03M","-1.74%"
"03/01/2022","18.40","18.25","18.47","18.20","480.95K","0.82%"
"02/28/2022","18.25","18.73","18.73","18.18","2.38M","-1.11%"
"02/25/2022","18.45","18.38","18.60","18.15","3.16M","0.96%"
"02/24/2022","18.28","19.00","19.00","18.24","8.39M","-3.66%"
"02/23/2022","18.98","19.00","19.22","18.88","700.38K","-0.76%"
"02/22/2022","19.12","18.63","19.24","18.52","2.01M","1.03%"
"02/21/2022","18.92","19.13","19.13","18.77","338.45K","-0.47%"
"02/18/2022","19.01","18.91","19.20","18.55","2.36M","0.69%"
"02/17/2022","18.89","18.54","19.34","18.50","4.68M","1.53%"
"02/16/2022","18.60","18.92","18.92","18.27","285.98K","0.49%"
"02/15/2022","18.51","18.50","18.62","18.13","804.31K","0.71%"
"02/14/2022","18.38","18.74","18.74","18.25","540.21K","-1.82%"
"02/11/2022","18.72","19.00","19.00","18.55","730.83K","-0.37%"
"02/10/2022","18.79","18.56","19.00","18.56","4.08M","0.94%"
"02/09/2022","18.61","18.55","18.88","18.50","997.17K","-0.98%"
"02/08/2022","18.80","18.99","18.99","18.67","366.00K","-0.13%"
"02/07/2022","18.83","18.64","19.05","18.61","685.33K","-0.29%"
"02/04/2022","18.88","18.88","18.95","18.75","693.00K","-0.21%"
"02/03/2022","18.92","18.95","19.00","18.56","2.86M","-0.32%"
"02/02/2022","18.98","19.25","19.66","18.75","8.59M","-1.53%"
"02/01/2022","19.27","19.44","19.44","19.00","3.34M","0.16%"
"01/31/2022","19.25","19.00","19.55","19.00","6.56M","0.44%"
"01/28/2022","19.16","18.75","19.26","18.42","10.97M","2.68%"
"01/27/2022","18.66","18.75","19.20","18.60","9.76M","-0.08%"
"01/26/2022","18.67","18.45","18.83","18.25","5.51M","2.27%"
"01/25/2022","18.26","18.00","18.44","17.83","6.98M","2.13%"
"01/24/2022","17.88","17.75","18.00","17.75","2.28M","-0.03%"
"01/21/2022","17.89","18.00","18.14","17.83","894.00K","0.51%"
"01/20/2022","17.80","18.08","18.08","17.65","865.00K","-1.58%"
"01/19/2022","18.08","17.91","18.24","17.75","1.44M","0.19%"
"01/18/2022","18.05","18.05","18.17","18.00","727.00K","0.08%"
"01/17/2022","18.03","18.13","18.38","18.00","2.44M","-0.85%"
"01/14/2022","18.18","18.00","18.40","18.00","1.55M","1.48%"
"01/13/2022","17.92","18.03","18.09","17.90","237.52K","-0.61%"
"01/12/2022","18.03","18.25","18.40","18.00","1.97M","0.00%"
"01/11/2022","18.03","17.75","18.22","17.74","7.33M","1.09%"
"01/10/2022","17.84","17.25","17.91","17.25","7.63M","4.08%"
"01/07/2022","17.14","17.00","17.42","17.00","1.04M","0.35%"
"01/06/2022","17.08","17.28","17.40","17.00","1.41M","-0.96%"
"01/05/2022","17.25","17.47","17.47","17.19","962.30K","-0.61%"
"01/04/2022","17.35","17.40","17.67","17.25","4.82M","-0.77%"
"01/03/2022","17.49","17.06","17.84","17.06","6.04M","1.07%"
"12/31/2021","17.30","17.06","17.33","17.06","1.78M","1.56%"
"12/30/2021","17.03","16.90","17.22","16.90","264.62K","0.09%"
"12/29/2021","17.02","17.16","17.23","17.00","199.39K","-0.09%"
"12/28/2021","17.03","17.15","17.25","17.00","904.14K","-0.82%"
"12/27/2021","17.17","17.30","17.40","17.02","500.31K","-0.09%"
"12/24/2021","17.19","17.33","17.34","17.06","29.04K","0.29%"
"12/23/2021","17.14","17.25","17.27","17.00","660.78K","-0.52%"
"12/22/2021","17.23","17.17","17.50","17.00","119.90K","0.91%"
"12/21/2021","17.08","17.30","17.30","17.05","264.11K","-0.87%"
"12/20/2021","17.23","16.91","17.44","16.91","2.43M","1.12%"
"12/17/2021","17.03","17.23","17.24","16.90","1.00M","0.77%"
"12/16/2021","16.91","17.00","17.42","16.90","435.92K","-1.31%"
"12/15/2021","17.13","17.15","17.45","16.88","3.82M","-0.12%"
"12/14/2021","17.15","17.34","17.34","17.00","686.14K","1.00%"
"12/13/2021","16.98","17.83","17.83","16.95","5.61M","-3.60%"
"12/10/2021","17.61","17.40","17.75","17.00","1.20M","2.41%"
"12/09/2021","17.20","17.25","17.30","16.88","2.34M","0.53%"
"12/08/2021","17.11","17.18","17.18","16.80","1.09M","1.75%"
"12/07/2021","16.82","16.90","17.25","16.75","2.00M","-0.85%"
"12/06/2021","16.96","17.60","17.63","16.76","2.19M","-1.54%"
"12/03/2021","17.23","16.50","17.50","16.50","7.37M","3.17%"
"12/02/2021","16.69","17.00","17.09","16.50","3.11M","-2.60%"
"12/01/2021","17.14","17.25","17.35","17.05","4.36M","-0.46%"
"11/30/2021","17.22","17.75","17.83","17.00","21.62M","-2.08%"
"11/29/2021","17.58","17.25","17.69","17.12","5.17M","1.74%"
"11/26/2021","17.28","17.75","17.75","17.25","6.91M","-0.92%"
"11/25/2021","17.44","17.67","17.67","17.35","697.48K","-1.58%"
"11/24/2021","17.73","17.80","18.25","17.50","3.40M","-1.61%"
"11/23/2021","18.01","18.45","18.45","17.83","5.26M","-1.48%"
"11/22/2021","18.28","18.50","18.81","18.25","12.51M","0.72%"
"11/19/2021","18.16","17.90","18.22","17.60","8.12M","3.42%"
"11/18/2021","17.56","17.75","17.89","17.50","1.03M","-0.40%"
"11/17/2021","17.63","17.87","17.87","17.55","2.86M","0.00%"
"11/16/2021","17.63","17.88","17.88","17.38","668.05K","-0.20%"
"11/15/2021","17.66","17.26","17.83","17.26","829.74K","0.06%"
"11/12/2021","17.65","17.60","18.00","17.48","982.28K","-0.28%"
"11/11/2021","17.70","18.10","18.10","17.60","2.48M","-1.64%"
"11/10/2021","18.00","17.90","18.00","17.70","897.77K","1.58%"
"11/09/2021","17.72","17.65","18.00","17.51","5.70M","-0.84%"
"11/08/2021","17.86","18.24","18.25","17.80","246.22K","-0.78%"
"11/05/2021","18.00","18.20","18.38","17.81","2.60M","-1.34%"
"11/04/2021","18.25","18.13","18.30","17.81","4.56M","1.42%"
"11/03/2021","18.00","18.15","18.30","17.85","1.47M","0.00%"
"11/02/2021","18.00","18.22","18.33","17.95","2.96M","-1.18%"
"11/01/2021","18.22","18.25","18.55","18.13","1.62M","0.19%"
"10/29/2021","18.18","17.85","18.25","17.63","1.66M","1.73%"
"10/28/2021","17.87","17.50","17.92","17.41","815.91K","2.47%"
"10/27/2021","17.44","18.20","18.63","17.27","1.84M","-3.06%"
"10/26/2021","17.99","18.05","18.75","17.50","3.56M","-2.10%"
"10/25/2021","18.38","18.50","18.55","18.13","927.09K","0.74%"
"10/22/2021","18.24","18.00","18.33","17.60","2.69M","1.05%"
"10/21/2021","18.05","18.00","18.50","17.75","7.33M","1.49%"
"10/20/2021","17.78","17.60","18.00","17.60","5.07M","1.54%"
"10/18/2021","17.51","17.75","17.95","17.49","1.72M","-0.51%"
"10/15/2021","17.60","17.50","17.92","17.25","7.31M","1.56%"
"10/14/2021","17.33","16.44","17.48","16.42","3.36M","5.38%"
"10/13/2021","16.45","16.74","17.40","16.25","12.57M","-0.60%"
"10/12/2021","16.55","16.40","16.63","16.10","1.80M","2.60%"
"10/11/2021","16.13","16.57","16.57","16.11","6.33M","-1.86%"
"10/08/2021","16.43","16.50","16.75","16.30","2.71M","-0.30%"
"10/07/2021","16.49","16.33","16.55","16.33","6.69M","1.07%"
"10/06/2021","16.31","16.38","16.38","16.27","2.69M","-0.40%"
"10/05/2021","16.38","16.30","16.50","16.25","1.48M","1.21%"
"10/04/2021","16.18","16.50","16.50","16.11","578.76K","-1.01%"
"10/01/2021","16.34","16.02","16.49","16.00","6.16M","1.05%"
"09/30/2021","16.17","16.24","16.45","16.00","1.33M","0.87%"
"09/29/2021","16.03","16.50","16.50","15.95","2.66M","-2.23%"
"09/28/2021","16.40","16.50","16.55","16.25","2.08M","0.00%"
"09/27/2021","16.40","16.50","16.60","16.28","19.30M","-0.33%"
"09/24/2021","16.45","16.55","16.55","16.27","7.99M","0.06%"
"09/23/2021","16.44","16.67","16.67","16.25","807.36K","-0.15%"
"09/22/2021","16.47","16.45","16.67","16.25","7.92M","0.03%"
"09/21/2021","16.46","16.33","16.75","16.02","23.47M","2.62%"
"09/20/2021","16.04","16.34","16.34","15.88","3.89M","0.28%"
"09/17/2021","15.99","16.09","16.33","15.85","5.79M","-0.59%"
"09/16/2021","16.09","15.76","16.27","15.76","6.47M","-0.34%"
"09/15/2021","16.15","15.95","16.20","15.90","7.23M","1.06%"
"09/14/2021","15.98","16.15","16.15","15.76","5.68M","-0.53%"
"09/13/2021","16.06","15.60","16.17","15.50","10.59M","-3.69%"
"09/10/2021","16.67","16.63","16.77","16.50","6.88M","1.03%"
"09/09/2021","16.50","16.30","16.63","16.27","1.26M","0.76%"
"09/08/2021","16.38","16.55","16.55","16.37","4.27M","-0.33%"
"09/07/2021","16.43","16.35","16.50","16.35","1.72M","-0.09%"
"09/06/2021","16.45","16.50","16.65","16.41","1.20M","-0.60%"
"09/03/2021","16.55","16.47","17.00","16.26","5.57M","1.29%"
"09/02/2021","16.34","16.40","16.47","16.33","1.21M","-0.52%"
"09/01/2021","16.42","16.30","16.60","16.30","5.04M","0.86%"
"08/31/2021","16.28","16.25","16.34","16.17","26.34K","0.68%"
"08/30/2021","16.17","16.25","16.30","16.10","1.38M","0.34%"
"08/27/2021","16.12","16.25","16.25","16.08","5.63M","-0.80%"
"08/26/2021","16.25","16.33","16.33","16.17","1.61M","0.34%"
"08/25/2021","16.19","16.06","16.35","15.98","5.46M","0.87%"
"08/24/2021","16.06","16.08","16.15","16.02","2.92M","-0.71%"
"08/23/2021","16.17","16.20","16.42","15.93","3.83M","0.75%"
"08/20/2021","16.05","16.35","16.35","16.00","1.79M","-0.68%"
"08/17/2021","16.16","16.09","16.25","16.09","78.49K","0.37%"
"08/16/2021","16.10","16.06","16.38","15.95","501.12K","-0.74%"
"08/13/2021","16.22","16.02","16.30","16.02","690.22K","-0.15%"
"08/12/2021","16.25","16.25","16.40","16.15","1.02M","-0.34%"
"08/11/2021","16.30","16.44","16.44","16.26","99.24K","0.06%"
"08/10/2021","16.29","16.40","16.50","16.20","1.54M","0.80%"
"08/09/2021","16.16","16.41","17.20","15.53","4.05M","-2.91%"
"08/06/2021","16.65","16.28","16.94","16.20","1.63M","2.09%"
"08/05/2021","16.31","16.35","16.44","16.26","18.65M","-0.31%"
"08/04/2021","16.35","16.35","16.48","16.25","302.70K","0.31%"
"08/03/2021","16.31","16.27","16.50","16.25","999.31K","-0.06%"
"08/02/2021","16.32","16.43","16.58","16.27","1.04M","-0.79%"
"07/30/2021","16.44","16.39","16.70","16.27","1.19M","0.37%"
"07/29/2021","16.39","16.25","16.50","16.25","1.39M","-0.85%"
"07/28/2021","16.52","16.60","16.65","16.50","1.69M","-0.60%"
"07/27/2021","16.63","16.75","16.75","16.55","11.57M","-0.48%"
"07/26/2021","16.70","16.55","16.99","16.55","2.41M","0.94%"
"07/23/2021","16.55","16.60","16.75","16.50","667.13K","-0.30%"
"07/19/2021","16.60","16.75","16.85","16.50","853.87K","-1.51%"
"07/16/2021","16.85","16.50","17.50","16.31","6.86M","2.43%"
"07/15/2021","16.45","16.01","16.90","16.00","3.05M","2.94%"
"07/14/2021","15.98","16.11","16.19","15.94","8.15M","0.03%"
"07/13/2021","15.98","15.90","16.13","15.90","11.27M","-0.03%"
"07/12/2021","15.98","15.64","16.24","15.63","7.75M","0.25%"
"07/09/2021","15.94","15.90","16.06","15.80","3.90M","0.19%"
"07/08/2021","15.91","15.71","15.98","15.70","9.83M","0.79%"
"07/07/2021","15.79","15.88","15.90","15.65","16.34M","-0.03%"
"07/06/2021","15.80","16.00","16.25","15.75","24.70M","-1.28%"
"07/05/2021","16.00","15.94","16.23","15.75","12.42M","1.68%"
"07/02/2021","15.73","15.70","15.93","15.70","9.62M","-0.10%"
"07/01/2021","15.75","15.81","15.95","15.70","9.04M","-2.11%"
"06/30/2021","16.09","15.73","16.42","15.50","10.78M","3.34%"
"06/29/2021","15.57","15.50","15.65","15.38","7.85M","1.33%"
"06/28/2021","15.36","15.87","15.87","15.26","2.62M","-2.44%"
"06/25/2021","15.75","15.84","15.95","15.60","22.51M","0.22%"
"06/24/2021","15.72","15.98","16.14","15.67","2.62M","-0.91%"
"06/23/2021","15.86","16.09","16.09","15.76","9.56M","0.00%"
"06/22/2021","15.86","15.76","16.15","15.75","15.16M","-0.63%"
"06/21/2021","15.96","16.03","16.22","15.88","1.69M","-1.66%"
"06/18/2021","16.23","16.16","16.40","16.08","274.62K","1.37%"
"06/17/2021","16.01","16.00","16.15","16.00","196.29K","-0.06%"
"06/16/2021","16.02","16.13","16.25","16.00","595.34K","-0.65%"
"06/15/2021","16.13","16.35","16.35","16.08","342.70K","-1.04%"
"06/14/2021","16.30","16.35","16.50","16.25","623.36K","0.43%"
"06/11/2021","16.23","16.23","16.49","16.13","1.84M","0.00%"
"06/10/2021","16.23","15.90","16.25","15.90","969.55K","2.14%"
"06/09/2021","15.89","16.17","16.17","15.82","520.57K","-1.33%"
"06/08/2021","16.10","16.16","16.16","15.95","300.36K","-0.09%"
"06/07/2021","16.12","16.30","16.30","16.08","604.45K","-0.34%"
"06/04/2021","16.17","15.90","16.45","15.86","1.03M","1.99%"
"06/03/2021","15.86","16.01","16.13","15.81","5.76M","-1.12%"
"06/02/2021","16.04","16.10","16.25","15.93","6.66M","-0.65%"
"06/01/2021","16.15","16.27","16.35","16.13","1.80M","-0.19%"
"05/31/2021","16.17","16.20","16.39","16.08","870.24K","1.41%"
"05/28/2021","15.95","16.00","16.50","15.78","1.93M","-0.59%"
"05/27/2021","16.05","16.25","16.48","16.00","6.79M","-2.16%"
"05/26/2021","16.40","15.94","16.72","15.59","5.43M","5.43%"
"05/25/2021","15.56","15.63","15.75","15.50","1.48M","-0.26%"
"05/24/2021","15.60","15.65","15.70","15.55","113.37K","-0.06%"
"05/21/2021","15.60","15.56","15.69","15.50","934.73K","0.26%"
"05/20/2021","15.56","15.57","15.60","15.52","240.87K","-0.03%"
"05/19/2021","15.57","15.57","15.65","15.51","461.29K","-1.11%"
"05/18/2021","15.74","15.62","15.75","15.53","5.15M","0.77%"
"05/17/2021","15.63","16.00","16.00","15.59","2.70M","-1.14%"
"05/06/2021","15.81","15.11","16.15","15.00","2.50M","5.23%"
"05/05/2021","15.02","14.80","15.12","14.76","222.34K","1.56%"
"05/04/2021","14.79","14.90","14.90","14.65","140.03K","0.27%"
"05/03/2021","14.75","14.50","14.76","14.50","284.26K","2.18%"
"04/30/2021","14.44","14.85","14.85","14.25","763.47K","-1.47%"
"04/29/2021","14.65","15.19","15.19","14.60","1.50M","-2.37%"
"04/28/2021","15.01","15.28","15.32","14.95","1.94M","-0.46%"
"04/27/2021","15.07","15.15","15.32","15.00","1.43M","-1.18%"
"04/26/2021","15.26","15.00","15.39","14.89","988.71K","1.60%"
"04/23/2021","15.02","15.35","15.35","14.90","1.17M","-2.18%"
"04/22/2021","15.35","15.07","15.59","15.00","2.96M","2.30%"
"04/21/2021","15.01","15.15","15.16","15.01","150.43K","-0.20%"
"04/20/2021","15.03","14.95","15.23","14.95","239.72K","0.50%"
"04/19/2021","14.96","14.85","15.00","14.85","346.66K","-0.13%"
"04/16/2021","14.98","15.07","15.09","14.95","65.12K","0.17%"
"04/15/2021","14.95","15.01","15.01","14.95","218.74K","-0.30%"
"04/14/2021","15.00","15.00","15.24","14.95","1.03M","0.00%"
"04/13/2021","15.00","15.10","15.19","14.96","2.15M","0.17%"
"04/12/2021","14.98","15.00","15.13","14.95","623.22K","-0.23%"
"04/09/2021","15.01","15.00","15.11","14.80","217.17K","0.13%"
"04/08/2021","14.99","14.82","15.07","14.70","1.09M","2.95%"
"04/07/2021","14.56","15.05","15.05","14.40","5.11M","-3.00%"
"04/06/2021","15.01","15.01","15.49","14.99","1.96M","-0.89%"
"04/05/2021","15.15","15.27","15.27","15.10","624.60K","-0.69%"
"04/02/2021","15.25","15.40","15.40","15.11","286.32K","0.36%"
"04/01/2021","15.19","15.47","15.47","15.05","1.37M","-0.30%"
"03/31/2021","15.24","15.38","15.65","15.23","2.64M","0.23%"
"03/30/2021","15.20","15.22","15.35","15.01","879.62K","1.47%"
"03/29/2021","14.98","15.60","15.60","14.93","1.47M","-3.17%"
"03/26/2021","15.48","15.75","15.75","15.40","796.74K","-1.40%"
"03/25/2021","15.69","15.74","15.85","15.53","3.96M","1.06%"
"03/24/2021","15.53","15.82","16.15","15.50","3.86M","-0.03%"
"03/22/2021","15.53","15.85","15.94","15.50","1.20M","-1.96%"
"03/19/2021","15.85","15.96","15.98","15.66","513.43K","-0.16%"
"03/18/2021","15.87","16.41","16.42","15.78","1.62M","-2.34%"
"03/17/2021","16.25","16.30","16.47","16.10","12.56M","0.00%"
"03/16/2021","16.25","16.13","16.38","16.06","3.50M","0.78%"
"03/15/2021","16.13","15.76","16.19","15.64","5.57M","3.43%"
"03/12/2021","15.59","15.25","15.90","15.25","1.53M","0.65%"
"03/11/2021","15.49","16.46","16.46","15.40","5.53M","-4.09%"
"03/10/2021","16.15","16.51","16.93","16.00","916.36K","-2.68%"
"03/09/2021","16.59","16.63","17.00","16.38","2.59M","0.21%"
"03/08/2021","16.56","17.13","17.13","16.40","587.25K","-2.01%"
"03/05/2021","16.90","16.31","17.00","16.31","764.77K","3.17%"
"03/04/2021","16.38","16.51","16.70","16.25","868.03K","-7.27%"
"03/03/2021","17.67","17.88","18.00","17.40","3.05M","0.08%"
"03/02/2021","17.65","16.84","18.10","16.84","5.49M","4.81%"
"03/01/2021","16.84","16.84","16.87","16.67","913.00K","0.81%"
"02/26/2021","16.70","16.70","17.20","16.64","3.48M","0.36%"
"02/25/2021","16.65","16.65","16.73","16.50","1.01M","0.39%"
"02/24/2021","16.58","16.74","16.77","16.40","1.91M","-0.99%"
"02/23/2021","16.75","16.67","16.84","16.50","391.83K","1.39%"
"02/22/2021","16.51","17.08","17.09","16.40","1.85M","-3.28%"
"02/19/2021","17.08","17.05","17.22","16.90","250.53K","1.01%"
"02/18/2021","16.91","16.85","17.17","16.85","483.06K","0.33%"
"02/17/2021","16.85","17.45","17.50","16.75","5.97M","-2.23%"
"02/16/2021","17.24","16.81","17.36","16.80","1.11M","2.44%"
"02/15/2021","16.83","16.80","17.19","16.75","1.70M","-1.17%"
"02/12/2021","17.02","17.30","17.58","17.00","831.67K","-1.39%"
"02/11/2021","17.26","17.75","17.75","17.25","2.78M","-1.57%"
"02/10/2021","17.54","17.92","17.92","17.49","4.77M","-1.57%"
"02/09/2021","17.82","17.92","18.12","17.75","419.93K","-0.97%"
"02/08/2021","18.00","18.05","18.23","17.92","3.54M","-0.33%"
"02/04/2021","18.06","18.50","18.50","17.92","8.02M","-1.82%"
"02/03/2021","18.39","18.48","18.70","18.17","11.00M","-0.51%"
"02/02/2021","18.49","18.05","18.75","17.92","8.98M","2.47%"
"02/01/2021","18.04","18.27","18.34","17.93","5.02M","-1.23%"
"01/29/2021","18.26","18.65","18.65","18.25","5.82M","-1.16%"
"01/28/2021","18.48","18.15","18.65","18.15","14.46M","1.18%"
"01/27/2021","18.26","18.38","18.50","18.25","1.88M","-0.60%"
"01/26/2021","18.38","18.87","18.87","18.30","8.37M","-1.53%"
"01/25/2021","18.66","18.36","18.89","18.17","5.50M","1.72%"
"01/22/2021","18.34","18.30","18.38","18.08","416.25K","0.58%"
"01/21/2021","18.24","18.28","18.44","18.23","3.71M","-0.71%"
"01/20/2021","18.37","18.25","18.40","18.13","3.92M","-0.41%"
"01/19/2021","18.44","18.50","18.50","18.23","3.16M","-0.05%"
"01/18/2021","18.45","18.47","18.55","18.16","2.77M","0.19%"
"01/15/2021","18.42","18.60","18.62","18.35","358.58K","-0.73%"
"01/14/2021","18.56","18.49","19.25","18.40","9.83M","0.11%"
"01/13/2021","18.53","18.49","18.65","18.36","9.55M","1.31%"
"01/12/2021","18.30","18.30","18.98","18.15","39.78M","0.63%"
"01/11/2021","18.18","18.17","18.34","18.10","571.55K","0.17%"
"01/08/2021","18.15","18.25","18.57","18.13","9.77M","0.39%"
"01/07/2021","18.08","17.90","18.35","17.85","16.17M","1.69%"
"01/06/2021","17.78","17.75","17.87","17.67","2.09M","0.68%"
"01/05/2021","17.66","17.99","18.00","17.63","7.33M","-1.83%"
"01/04/2021","17.99","18.00","18.13","17.81","4.20M","0.19%"
"01/01/2021","17.95","17.67","18.00","17.65","3.57M","1.64%"
"12/31/2020","17.67","17.64","17.90","17.58","2.49M","0.17%"
"12/30/2020","17.64","17.53","17.75","17.53","2.33M","0.51%"
"12/29/2020","17.55","17.50","17.74","17.42","2.51M","0.43%"
"12/28/2020","17.47","17.67","17.67","17.40","689.87K","-0.46%"
"12/24/2020","17.55","17.58","17.75","17.45","5.57M","0.00%"
"12/23/2020","17.55","17.38","17.70","17.38","1.02M","0.31%"
"12/22/2020","17.50","17.51","17.75","17.42","1.67M","-0.28%"
"12/21/2020","17.55","17.51","17.81","17.50","12.85M","0.09%"
"12/18/2020","17.53","17.55","17.68","17.45","3.17M","-0.88%"
"12/17/2020","17.68","17.50","17.75","17.45","2.51M","1.00%"
"12/16/2020","17.51","17.65","17.98","17.48","10.07M","-0.26%"
"12/15/2020","17.56","17.33","17.77","17.33","5.48M","1.47%"
"12/14/2020","17.30","17.27","17.45","17.23","1.19M","0.64%"
"12/11/2020","17.19","17.44","17.45","17.15","3.17M","-1.72%"
"12/10/2020","17.49","17.30","17.55","17.25","3.08M","1.86%"
"12/09/2020","17.17","17.19","17.30","17.00","464.62K","-0.15%"
"12/08/2020","17.19","17.02","17.30","17.00","571.73K","0.88%"
"12/07/2020","17.05","17.16","17.44","16.95","1.45M","-1.64%"
"12/04/2020","17.33","17.30","17.42","17.16","182.21K","0.23%"
"12/03/2020","17.29","17.70","17.75","17.25","452.72K","-1.20%"
"12/02/2020","17.50","17.40","17.64","17.30","2.04M","1.01%"
"12/01/2020","17.33","17.45","17.57","17.25","927.49K","-0.57%"
"11/30/2020","17.42","17.32","17.55","17.08","850.86K","0.64%"
"11/27/2020","17.32","17.26","18.13","17.25","2.70M","-1.17%"
"11/26/2020","17.52","17.20","17.70","17.13","1.67M","1.74%"
"11/25/2020","17.22","16.94","17.30","16.75","1.29M","3.02%"
"11/24/2020","16.72","16.30","16.75","16.25","713.64K","2.61%"
"11/23/2020","16.29","16.69","16.69","16.11","1.20M","-2.63%"
"11/20/2020","16.73","17.25","17.40","16.51","1.83M","-3.24%"
"11/19/2020","17.29","17.00","17.94","16.88","8.65M","-4.34%"
"11/18/2020","18.08","18.00","18.20","17.90","1.15M","0.47%"
"11/17/2020","17.99","17.88","18.05","17.84","817.55K","1.75%"
"11/16/2020","17.68","17.73","17.84","17.65","383.91K","-0.28%"
"11/13/2020","17.73","17.79","17.83","17.63","681.57K","0.57%"
"11/12/2020","17.63","17.67","17.76","17.52","898.84K","0.26%"
"11/11/2020","17.58","18.00","18.00","17.42","5.99M","-1.26%"
"11/10/2020","17.81","18.10","18.50","17.70","6.94M","0.37%"
"11/09/2020","17.75","17.50","17.80","17.45","423.60K","0.65%"
"11/06/2020","17.63","17.75","18.10","17.30","3.94M","-1.45%"
"11/05/2020","17.89","17.05","18.01","16.83","5.52M","6.74%"
"11/04/2020","16.76","16.80","16.97","16.73","354.82K","-1.12%"
"11/03/2020","16.95","16.45","17.00","16.35","1.78M","4.40%"
"11/02/2020","16.24","16.20","16.38","16.08","1.98M","-1.81%"
"10/29/2020","16.53","16.56","16.75","16.25","9.34M","-0.90%"
"10/28/2020","16.68","16.80","16.95","16.58","682.32K","-0.03%"
"10/27/2020","16.69","16.75","16.90","16.63","693.85K","-0.36%"
"10/26/2020","16.75","16.73","16.94","16.65","1.95M","0.69%"
"10/23/2020","16.64","16.88","17.00","16.45","4.45M","-1.28%"
"10/22/2020","16.85","17.49","17.60","16.60","2.70M","-3.38%"
"10/21/2020","17.44","17.34","17.69","17.25","12.07M","1.93%"
"10/20/2020","17.11","17.00","17.21","16.91","309.76K","0.85%"
"10/19/2020","16.97","16.75","17.19","16.75","549.16K","0.38%"
"10/16/2020","16.90","17.18","17.25","16.75","331.05K","-0.38%"
"10/15/2020","16.97","16.55","17.13","16.50","2.60M","2.11%"
"10/14/2020","16.61","17.09","17.25","16.56","3.13M","-2.81%"
"10/13/2020","17.09","16.91","17.25","16.91","113.56K","-0.23%"
"10/12/2020","17.14","17.50","17.60","17.00","588.60K","-2.00%"
"10/09/2020","17.49","17.25","17.70","17.25","660.20K","1.04%"
"10/08/2020","17.31","17.40","17.73","17.17","3.70M","-1.14%"
"10/07/2020","17.50","17.33","17.68","17.33","2.40M","-0.03%"
"10/06/2020","17.51","17.05","18.11","16.80","1.16M","3.00%"
"10/05/2020","17.00","17.20","17.25","16.89","1.09M","-1.56%"
"10/02/2020","17.27","17.41","17.75","17.13","2.00M","-2.32%"
"10/01/2020","17.68","17.40","18.00","16.95","3.84M","1.67%"
"09/30/2020","17.39","17.75","17.85","17.35","1.22M","-1.42%"
"09/29/2020","17.64","17.25","17.78","17.25","1.67M","2.59%"
"09/28/2020","17.19","17.50","17.50","17.00","1.43M","-1.55%"
"09/25/2020","17.47","17.38","17.50","17.26","407.54K","0.81%"
"09/24/2020","17.33","17.56","17.56","17.25","5.71M","-1.98%"
"09/23/2020","17.67","17.65","17.82","17.50","6.44M","-0.20%"
"09/22/2020","17.71","17.75","17.77","17.57","876.09K","-1.03%"
"09/21/2020","17.90","17.90","18.00","17.88","903.17K","-0.36%"
"09/18/2020","17.96","17.99","17.99","17.70","752.26K","0.81%"
"09/17/2020","17.82","18.00","18.00","17.80","530.64K","-0.11%"
"09/16/2020","17.83","17.85","18.15","17.74","5.75M","-0.97%"
"09/15/2020","18.01","17.95","18.18","17.92","1.98M","0.61%"
"09/14/2020","17.90","18.17","18.34","17.85","1.00M","-1.24%"
"09/11/2020","18.13","18.45","18.65","18.08","1.39M","-1.25%"
"09/10/2020","18.35","17.50","18.95","17.50","22.70M","4.11%"
"09/09/2020","17.63","17.50","17.69","17.30","3.56M","1.23%"
"09/08/2020","17.42","17.94","17.94","17.35","3.31M","-1.86%"
"09/07/2020","17.75","17.77","18.00","17.71","1.44M","-0.89%"
"09/04/2020","17.91","18.00","18.00","17.77","2.33M","-0.50%"
"09/03/2020","18.00","18.11","18.20","17.92","2.77M","0.28%"
"09/02/2020","17.94","17.63","18.10","17.63","3.36M","1.79%"
"09/01/2020","17.63","17.59","17.80","17.50","4.60M","0.63%"
"08/31/2020","17.52","17.31","17.60","17.31","2.22M","1.42%"
"08/28/2020","17.27","17.26","17.50","17.25","1.30M","-0.17%"
"08/27/2020","17.31","17.67","17.67","17.25","4.25M","-1.28%"
"08/26/2020","17.53","18.26","18.50","17.35","17.38M","-5.88%"
"08/25/2020","18.63","18.23","18.75","18.22","2.08M","1.64%"
"08/24/2020","18.33","18.34","18.60","18.18","1.53M","-0.81%"
"08/21/2020","18.48","18.26","18.67","18.05","1.91M","1.15%"
"08/20/2020","18.26","18.50","18.50","18.20","359.18K","-1.00%"
"08/19/2020","18.45","18.56","18.69","18.35","2.77M","-0.83%"
"08/18/2020","18.60","18.90","18.92","18.55","890.75K","-0.80%"
"08/17/2020","18.75","19.05","19.20","18.56","3.43M","-1.93%"
"08/13/2020","19.13","19.23","19.27","18.94","2.17M","-0.80%"
"08/12/2020","19.28","19.20","19.70","19.10","5.68M","-0.28%"
"08/11/2020","19.33","19.50","19.95","19.13","25.05M","-0.26%"
"08/10/2020","19.39","19.00","19.50","18.99","13.07M","1.76%"
"08/07/2020","19.05","18.83","19.38","18.73","10.86M","0.95%"
"08/06/2020","18.87","18.75","18.98","18.50","3.45M","1.10%"
"08/05/2020","18.67","18.70","18.75","18.40","3.22M","-0.19%"
"08/04/2020","18.70","19.00","19.38","18.50","13.50M","-1.97%"
"08/03/2020","19.08","18.65","19.40","18.63","13.48M","2.36%"
"07/30/2020","18.64","18.77","18.97","18.56","4.37M","-0.75%"
"07/29/2020","18.77","19.00","19.35","18.58","8.79M","-0.87%"
"07/28/2020","18.94","18.83","19.19","18.56","27.31M","1.47%"
"07/27/2020","18.67","18.58","19.25","18.40","15.80M","0.19%"
"07/24/2020","18.63","18.00","18.98","17.67","7.26M","3.82%"
"07/23/2020","17.94","18.00","18.45","17.88","2.26M","-0.66%"
"07/22/2020","18.07","18.06","18.88","17.90","7.26M","-1.15%"
"07/21/2020","18.27","18.17","18.50","17.78","4.40M","0.94%"
"07/20/2020","18.10","17.97","18.35","17.60","10.56M","2.23%"
"07/17/2020","17.71","17.78","17.78","17.50","1.77M","0.34%"
"07/16/2020","17.65","17.88","17.88","17.58","1.30M","-1.45%"
"07/15/2020","17.91","17.56","18.00","17.50","1.48M","1.10%"
"07/14/2020","17.72","17.99","18.00","17.63","1.31M","-1.53%"
"07/13/2020","17.99","18.05","18.23","17.75","5.87M","-0.66%"
"07/10/2020","18.11","18.17","19.00","17.95","5.58M","-0.82%"
"07/09/2020","18.26","17.39","18.57","17.08","25.68M","5.73%"
"07/08/2020","17.27","17.25","17.48","16.91","6.17M","0.55%"
"07/07/2020","17.17","16.60","17.39","16.55","3.40M","3.87%"
"07/06/2020","16.53","16.88","16.88","16.50","1.38M","-1.37%"
"07/03/2020","16.76","16.18","17.48","16.18","1.43M","2.85%"
"07/02/2020","16.30","16.47","16.63","16.25","2.46M","0.25%"
"07/01/2020","16.26","16.63","16.80","16.20","2.63M","-3.13%"
"06/30/2020","16.78","16.80","17.00","16.40","3.89M","0.96%"
"06/29/2020","16.63","15.76","16.98","15.76","1.81M","3.84%"
"06/26/2020","16.01","16.45","16.45","15.95","1.16M","-3.81%"
"06/25/2020","16.65","16.94","17.00","16.55","1.86M","-1.25%"
"06/24/2020","16.85","16.83","17.17","16.75","1.59M","-0.94%"
"06/23/2020","17.01","16.83","17.21","16.76","791.95K","1.10%"
"06/22/2020","16.83","17.15","17.50","16.60","2.49M","-0.68%"
"06/19/2020","16.94","16.63","17.13","16.35","11.52M","2.39%"
"06/18/2020","16.55","16.57","16.75","16.12","1.87M","-0.15%"
"06/17/2020","16.58","16.60","17.25","16.35","2.68M","1.35%"
"06/16/2020","16.35","16.65","16.83","16.25","2.01M","-1.54%"
"06/15/2020","16.61","17.00","17.00","16.38","535.59K","-1.77%"
"06/12/2020","16.91","16.75","16.99","16.32","655.47K","-1.00%"
"06/11/2020","17.08","17.42","17.62","16.63","3.44M","-0.76%"
"06/10/2020","17.21","16.25","17.24","15.78","7.62M","7.29%"
"06/09/2020","16.04","15.75","16.23","15.73","1.07M","0.94%"
"06/08/2020","15.89","16.00","16.00","15.75","754.81K","0.22%"
"06/05/2020","15.85","15.78","16.10","15.78","236.01K","-1.06%"
"06/04/2020","16.02","16.11","16.13","15.60","1.65M","-0.53%"
"06/03/2020","16.11","15.95","16.63","15.95","7.67M","3.10%"
"06/02/2020","15.63","14.64","15.63","14.47","11.62M","7.50%"
"06/01/2020","14.53","14.50","14.87","14.40","3.33M","0.97%"
"05/29/2020","14.40","14.49","14.50","14.13","1.11M","0.84%"
"05/28/2020","14.27","14.84","14.84","14.24","815.00K","-2.83%"
"05/21/2020","14.69","14.75","14.85","14.65","1.30M","-0.37%"
"05/20/2020","14.74","14.99","15.00","14.70","1.79M","-0.14%"
"05/19/2020","14.77","15.20","15.20","14.73","3.41M","-0.47%"
"05/18/2020","14.84","15.00","15.95","14.77","1.78M","-0.97%"
"05/15/2020","14.98","15.00","15.13","14.94","1.95M","-0.96%"
"05/14/2020","15.13","15.15","15.41","15.00","764.24K","-0.69%"
"05/13/2020","15.23","15.02","15.44","15.02","1.13M","0.79%"
"05/12/2020","15.11","15.20","15.20","14.93","1.86M","0.10%"
"05/11/2020","15.10","15.20","15.35","15.00","998.84K","-0.66%"
"05/08/2020","15.19","15.38","15.80","15.06","1.98M","0.23%"
"05/07/2020","15.16","15.20","15.94","14.95","6.57M","0.23%"
"05/06/2020","15.13","15.00","15.19","14.85","2.07M","1.34%"
"05/05/2020","14.93","15.12","15.15","14.77","1.62M","0.03%"
"05/04/2020","14.92","15.13","15.13","14.87","1.37M","-0.96%"
"04/30/2020","15.06","15.02","15.30","14.95","3.35M","0.80%"
"04/29/2020","14.94","15.24","15.40","14.85","2.83M","-0.30%"
"04/28/2020","14.99","15.88","15.95","14.88","5.87M","-4.70%"
"04/27/2020","15.73","16.22","16.25","15.25","2.80M","-3.20%"
"04/24/2020","16.25","16.49","16.60","16.10","842.25K","-1.34%"
"04/23/2020","16.47","16.88","16.88","16.13","2.69M","-2.60%"
"04/22/2020","16.91","17.23","17.44","16.67","2.58M","-2.03%"
"04/21/2020","17.26","17.90","18.19","17.15","3.30M","-2.92%"
"04/20/2020","17.78","17.80","18.00","17.00","4.36M","0.00%"
"04/17/2020","17.78","16.82","18.67","16.63","6.93M","-1.06%"
"04/16/2020","17.97","18.25","18.25","17.85","526.37K","-1.43%"
"04/15/2020","18.23","19.00","19.45","18.06","2.69M","-2.77%"
"04/14/2020","18.75","19.25","19.25","18.65","2.55M","-0.45%"
"04/13/2020","18.83","20.00","20.50","18.63","819.24K","-3.63%"
"04/10/2020","19.55","18.25","19.85","18.00","1.16M","5.82%"
"04/09/2020","18.47","17.95","18.88","17.95","738.54K","4.85%"
"04/08/2020","17.61","19.25","19.25","17.38","4.33M","-5.01%"
"04/07/2020","18.55","17.50","18.55","17.48","2.31M","7.44%"
"04/06/2020","17.26","17.90","18.00","17.02","1.53M","-3.52%"
"04/03/2020","17.89","17.01","18.14","17.01","2.83M","6.01%"
"04/02/2020","16.88","16.24","16.95","15.85","1.06M","5.40%"
"04/01/2020","16.01","16.25","17.00","15.90","2.12M","0.66%"
"03/31/2020","15.90","15.00","16.15","15.00","1.32M","5.75%"
"03/30/2020","15.04","16.25","16.25","14.81","1.14M","-2.12%"
"03/27/2020","15.36","15.35","16.11","14.50","2.81M","2.47%"
"03/26/2020","14.99","15.00","15.38","14.82","1.10M","1.42%"
"03/25/2020","14.78","14.78","14.78","14.78","2.70M","-7.48%"
"03/24/2020","15.98","15.98","15.98","15.98","471.15K","-7.50%"
"03/20/2020","17.27","16.80","17.49","16.26","3.48M","6.18%"
"03/19/2020","16.27","14.91","16.75","14.91","6.74M","0.96%"
"03/18/2020","16.11","17.45","17.50","16.11","1.88M","-12.51%"
"03/17/2020","18.42","18.41","18.50","18.41","10.39M","-7.44%"
"03/16/2020","19.90","20.26","20.88","19.90","1.53M","-7.48%"
"03/13/2020","21.51","20.75","22.00","20.75","1.75M","0.44%"
"03/12/2020","21.42","21.50","22.48","20.85","753.00K","-4.16%"
"03/11/2020","22.34","21.50","22.50","21.50","1.83M","3.81%"
"03/10/2020","21.52","20.00","21.66","19.58","8.11M","6.35%"
"03/09/2020","20.24","21.19","21.19","20.24","5.55M","-6.99%"
"03/06/2020","21.76","22.90","22.90","21.50","9.81M","-5.47%"
"03/05/2020","23.02","23.95","24.48","22.85","2.82M","-3.88%"
"03/04/2020","23.95","23.81","24.25","23.52","885.00K","-1.20%"
"03/03/2020","24.24","24.25","24.49","23.92","1.00M","0.37%"
"03/02/2020","24.15","23.63","24.50","23.25","2.40M","2.79%"
"02/28/2020","23.50","23.50","23.75","23.25","1.51M","-0.11%"
"02/27/2020","23.52","22.80","23.75","22.31","4.63M","-0.55%"
"02/26/2020","23.65","23.75","23.75","23.06","1.53M","-0.94%"
"02/25/2020","23.88","23.56","24.00","23.50","1.51M","-0.06%"
"02/24/2020","23.89","24.55","24.55","23.75","362.00K","-2.11%"
"02/21/2020","24.41","24.38","24.63","24.17","614.00K","0.16%"
"02/20/2020","24.36","25.00","25.00","24.20","947.00K","-0.73%"
"02/19/2020","24.55","24.19","24.74","23.92","915.00K","2.53%"
"02/18/2020","23.94","24.45","24.67","23.88","1.96M","-1.36%"
"02/17/2020","24.27","24.87","24.87","24.13","1.83M","-0.61%"
"02/14/2020","24.42","25.10","25.10","24.25","839.00K","-1.65%"
"02/13/2020","24.83","24.90","25.25","24.73","3.43M","0.47%"
"02/12/2020","24.72","24.13","25.00","24.13","1.67M","2.15%"
"02/11/2020","24.19","23.76","24.48","23.75","2.18M","1.83%"
"02/10/2020","23.76","24.25","24.26","23.50","2.29M","-2.82%"
"02/07/2020","24.45","25.07","25.07","24.20","2.84M","-3.15%"
"02/06/2020","25.25","24.77","25.50","24.75","984.00K","2.06%"
"02/04/2020","24.74","24.25","24.87","23.75","2.55M","3.62%"
"02/03/2020","23.87","24.50","24.60","23.52","4.74M","-4.48%"
"01/31/2020","24.99","25.75","25.75","24.67","724.00K","-2.76%"
"01/30/2020","25.70","25.75","26.00","25.25","1.74M","-0.96%"
"01/29/2020","25.95","26.00","26.13","25.77","436.00K","0.25%"
"01/28/2020","25.89","26.00","26.00","25.88","432.00K","-0.88%"
"01/27/2020","26.11","26.25","26.50","25.91","740.00K","0.00%"
"01/24/2020","26.11","26.25","26.44","25.85","1.10M","-1.04%"
"01/23/2020","26.39","26.10","26.42","26.00","617.00K","0.84%"
"01/22/2020","26.17","26.30","26.35","25.75","1.50M","-1.21%"
"01/21/2020","26.49","26.50","26.51","26.25","1.14M","0.32%"
"01/20/2020","26.40","26.15","26.48","25.75","614.00K","1.01%"
"01/17/2020","26.14","26.44","26.44","25.95","1.19M","-0.40%"
"01/16/2020","26.24","26.29","26.45","26.13","2.55M","0.00%"
"01/15/2020","26.24","26.15","26.33","26.13","778.00K","-0.93%"
"01/14/2020","26.48","26.45","26.50","26.08","641.00K","-0.06%"
"01/13/2020","26.50","25.90","27.02","25.80","4.93M","2.93%"
"01/10/2020","25.74","24.92","26.00","24.77","8.25M","3.83%"
"01/09/2020","24.79","24.23","25.05","24.08","5.59M","3.53%"
"01/08/2020","23.94","23.75","24.25","23.50","2.20M","0.13%"
"01/07/2020","23.92","23.63","24.00","23.58","1.64M","1.38%"
"01/06/2020","23.59","23.50","23.75","23.35","3.48M","-2.30%"
"01/03/2020","24.15","24.00","24.50","23.75","1.52M","-0.10%"
"01/02/2020","24.17","23.37","24.25","23.37","8.46M","3.42%"
"01/01/2020","23.37","22.80","23.50","22.75","2.26M","2.28%"
"12/31/2019","22.85","23.14","23.14","22.60","1.82M","-1.23%"
"12/30/2019","23.14","23.25","23.30","22.75","1.61M","-0.64%"
"12/27/2019","23.28","23.25","23.50","22.76","1.70M","-0.28%"
"12/26/2019","23.35","22.90","23.62","22.75","4.11M","3.39%"
"12/24/2019","22.58","22.73","23.00","22.26","8.76M","-0.73%"
"12/23/2019","22.75","22.51","22.94","22.50","2.30M","-0.96%"
"12/20/2019","22.97","23.12","23.12","22.75","1.26M","0.26%"
"12/19/2019","22.91","23.05","23.05","22.75","516.00K","-1.12%"
"12/18/2019","23.17","22.76","23.25","22.55","6.21M","-0.06%"
"12/17/2019","23.18","23.26","23.44","22.75","3.03M","-0.37%"
"12/16/2019","23.27","23.25","23.62","23.13","4.70M","-0.73%"
"12/13/2019","23.44","23.38","23.69","23.38","434.00K","0.34%"
"12/12/2019","23.36","23.61","23.61","23.06","796.00K","-0.23%"
"12/11/2019","23.42","23.36","23.85","23.25","10.20M","-0.06%"
"12/10/2019","23.43","23.98","24.00","23.31","710.00K","-0.72%"
"12/09/2019","23.60","23.63","23.75","23.50","436.00K","-0.40%"
"12/06/2019","23.69","23.75","24.00","23.63","2.97M","-1.58%"
"12/05/2019","24.08","24.17","24.89","23.77","10.08M","0.02%"
"12/04/2019","24.07","24.08","24.25","23.75","1.19M","0.00%"
"12/03/2019","24.07","24.25","24.40","23.75","8.32M","0.61%"
"12/02/2019","23.92","23.20","23.96","22.94","11.68M","4.84%"
"11/29/2019","22.82","22.14","23.00","22.13","5.15M","2.40%"
"11/28/2019","22.28","22.10","22.50","22.10","787.00K","-0.54%"
"11/27/2019","22.41","22.25","22.50","22.05","968.00K","0.54%"
"11/26/2019","22.28","22.25","22.45","21.70","2.06M","0.47%"
"11/25/2019","22.18","22.17","22.25","21.75","5.26M","0.05%"
"11/22/2019","22.17","22.10","22.45","21.90","5.60M","0.77%"
"11/21/2019","22.00","22.25","22.25","21.65","2.31M","-1.92%"
"11/20/2019","22.43","22.35","22.50","22.20","9.47M","-0.95%"
"11/19/2019","22.65","22.82","23.00","22.50","2.45M","-0.26%"
"11/18/2019","22.70","22.50","22.84","22.20","9.78M","1.84%"
"11/15/2019","22.30","22.50","22.63","22.10","2.84M","-0.27%"
"11/14/2019","22.35","22.50","23.00","22.00","5.73M","0.18%"
"11/13/2019","22.32","22.00","22.95","21.88","6.71M","0.31%"
"11/12/2019","22.25","22.25","22.42","22.00","349.00K","-0.34%"
"11/11/2019","22.32","21.60","22.50","21.45","1.62M","3.72%"
"11/08/2019","21.52","21.45","21.75","21.27","742.00K","-0.51%"
"11/07/2019","21.63","21.75","21.75","21.47","481.00K","0.25%"
"11/06/2019","21.58","21.49","21.77","21.25","628.00K","1.22%"
"11/05/2019","21.32","21.75","21.75","20.88","980.00K","-0.58%"
"11/04/2019","21.44","21.38","21.50","21.38","1.86M","0.45%"
"11/01/2019","21.34","20.56","21.78","20.56","255.00K","2.87%"
"10/31/2019","20.75","20.90","20.95","20.68","2.28M","0.00%"
"10/30/2019","20.75","20.90","20.90","20.63","590.00K","-0.72%"
"10/29/2019","20.90","21.15","21.15","20.90","779.00K","-1.16%"
"10/28/2019","21.15","21.35","21.35","21.08","447.00K","-1.42%"
"10/25/2019","21.45","21.45","21.62","21.35","617.00K","0.52%"
"10/24/2019","21.34","21.13","21.50","21.13","1.96M","1.38%"
"10/23/2019","21.05","21.25","21.25","21.00","482.00K","-0.24%"
"10/22/2019","21.10","21.61","21.74","21.00","629.00K","-1.08%"
"10/21/2019","21.33","21.88","21.88","21.25","320.00K","-1.41%"
"10/18/2019","21.64","21.63","22.00","21.38","1.32M","-0.69%"
"10/17/2019","21.78","21.89","22.00","21.75","313.00K","-0.75%"
"10/16/2019","21.95","21.90","22.13","21.75","678.00K","0.30%"
"10/15/2019","21.89","22.08","22.15","21.65","569.00K","-1.17%"
"10/14/2019","22.15","22.00","22.74","22.00","909.00K","-0.72%"
"10/11/2019","22.31","21.92","22.55","21.80","9.28M","1.90%"
"10/10/2019","21.89","22.08","22.25","21.65","6.02M","-1.93%"
"10/09/2019","22.32","21.95","22.50","21.85","838.00K","1.16%"
"10/08/2019","22.07","22.00","22.44","21.73","986.00K","0.05%"
"10/07/2019","22.06","21.10","22.20","21.00","2.42M","2.99%"
"10/04/2019","21.42","21.44","21.52","20.75","2.78M","0.90%"
"10/03/2019","21.23","20.98","21.25","20.98","5.98M","1.07%"
"10/02/2019","21.00","20.50","21.10","20.25","1.80M","1.79%"
"10/01/2019","20.63","20.30","20.75","20.03","356.00K","0.78%"
"09/30/2019","20.47","20.45","20.70","20.16","736.00K","1.59%"
"09/27/2019","20.15","19.50","20.20","19.50","386.00K","2.31%"
"09/26/2019","19.69","20.03","20.15","19.53","1.20M","-2.60%"
"09/25/2019","20.22","20.50","20.50","20.13","1.08M","-1.73%"
"09/24/2019","20.58","20.25","20.74","20.00","3.35M","1.38%"
"09/23/2019","20.30","20.13","20.50","20.13","260.00K","0.15%"
"09/20/2019","20.26","19.88","20.49","19.80","1.96M","1.86%"
"09/19/2019","19.90","19.75","20.35","19.73","1.79M","0.20%"
"09/18/2019","19.85","20.30","20.30","19.69","1.72M","-2.17%"
"09/17/2019","20.30","20.38","20.50","20.06","328.00K","-0.49%"
"09/16/2019","20.40","20.38","20.50","20.20","597.00K","0.64%"
"09/13/2019","20.26","20.50","20.69","20.20","1.39M","-2.05%"
"09/12/2019","20.69","20.25","21.24","20.25","5.08M","2.15%"
"09/11/2019","20.25","19.85","20.27","19.85","871.00K","2.27%"
"09/06/2019","19.81","20.49","20.49","19.50","271.00K","0.61%"
"09/05/2019","19.68","19.50","19.98","19.50","342.00K","-3.22%"
"09/04/2019","20.34","20.02","21.00","19.80","3.14M","-0.66%"
"09/03/2019","20.48","20.50","20.70","20.27","566.00K","0.10%"
"09/02/2019","20.45","20.00","20.50","19.85","732.00K","3.05%"
"08/30/2019","19.85","20.13","20.38","19.75","486.00K","-1.46%"
"08/29/2019","20.15","20.70","21.00","20.08","800.00K","-2.68%"
"08/28/2019","20.70","20.49","21.25","20.35","4.41M","0.71%"
"08/27/2019","20.56","20.60","20.88","20.27","1.43M","-0.12%"
"08/26/2019","20.58","20.50","21.25","20.10","1.27M","0.44%"
"08/23/2019","20.49","21.25","21.25","20.33","2.13M","-1.87%"
"08/22/2019","20.88","20.42","20.88","20.00","2.36M","4.98%"
"08/21/2019","19.89","20.10","20.20","19.63","3.07M","-0.23%"
"08/20/2019","19.93","19.35","20.22","19.35","3.56M","3.53%"
"08/19/2019","19.25","18.63","19.29","18.63","1.50M","4.79%"
"08/16/2019","18.38","17.63","18.90","17.36","1.14M","0.68%"
"08/09/2019","18.25","18.50","19.00","18.25","1.83M","-0.63%"
"08/08/2019","18.36","18.50","18.50","18.10","2.48M","-3.01%"
"08/07/2019","18.93","19.38","19.50","18.75","894.00K","-3.93%"
"08/06/2019","19.71","19.50","19.75","19.50","33.00K","-0.10%"
"08/05/2019","19.73","20.00","20.00","19.63","150.00K","-2.83%"
"08/02/2019","20.31","20.08","20.38","19.88","572.00K","0.12%"
"08/01/2019","20.28","20.13","20.44","20.13","122.00K","0.37%"
"07/31/2019","20.20","20.00","20.94","19.65","1.86M","0.75%"
"07/30/2019","20.06","19.50","20.49","19.50","2.30M","1.36%"
"07/29/2019","19.78","20.25","20.25","19.63","419.00K","-3.04%"
"07/26/2019","20.41","20.35","20.95","20.25","176.00K","0.22%"
"07/25/2019","20.36","20.20","20.75","20.20","454.00K","0.22%"
"07/24/2019","20.32","20.50","20.60","20.01","2.53M","-0.78%"
"07/23/2019","20.48","20.75","20.75","20.42","227.00K","-0.68%"
"07/22/2019","20.61","21.25","21.25","20.50","183.00K","-1.03%"
"07/19/2019","20.83","20.75","21.59","20.15","2.37M","1.12%"
"07/18/2019","20.60","21.50","21.95","20.60","999.00K","-1.83%"
"07/17/2019","20.99","21.13","21.43","20.88","264.00K","0.33%"
"07/16/2019","20.92","21.00","21.44","20.77","1.06M","-0.05%"
"07/15/2019","20.92","21.25","21.25","20.70","1.60M","-2.11%"
"07/12/2019","21.38","21.50","21.64","21.38","1.28M","-1.22%"
"07/11/2019","21.64","21.83","22.00","21.50","1.28M","0.67%"
"07/10/2019","21.50","21.25","21.50","21.25","24.00K","0.00%"
"07/09/2019","21.50","21.50","21.55","21.38","293.00K","0.00%"
"07/08/2019","21.50","21.63","21.63","21.49","286.00K","-0.30%"
"07/05/2019","21.56","21.50","21.80","21.50","559.00K","-1.10%"
"07/04/2019","21.80","22.17","22.24","21.77","606.00K","-0.52%"
"07/03/2019","21.92","22.00","22.10","21.81","946.00K","0.02%"
"07/02/2019","21.91","21.75","22.00","21.75","207.00K","0.25%"
"07/01/2019","21.85","21.63","22.00","21.63","295.00K","0.28%"
"06/28/2019","21.80","21.50","22.00","21.50","2.03M","-0.91%"
"06/27/2019","22.00","22.63","23.23","21.50","2.35M","-0.59%"
"06/26/2019","22.13","22.25","23.08","21.70","1.52M","0.64%"
"06/25/2019","21.99","22.25","22.50","21.95","505.00K","-1.19%"
"06/24/2019","22.25","22.95","22.95","22.25","95.00K","-1.24%"
"06/21/2019","22.53","22.50","22.69","22.25","1.67M","0.24%"
"06/20/2019","22.48","22.30","22.55","22.30","440.00K","0.72%"
"06/19/2019","22.32","22.50","22.50","22.26","713.00K","-0.76%"
"06/18/2019","22.49","22.95","22.95","22.48","2.25M","-0.71%"
"06/17/2019","22.65","22.80","23.10","22.55","688.00K","-1.01%"
"06/14/2019","22.88","22.75","23.50","22.56","857.00K","0.59%"
"06/13/2019","22.74","22.63","23.00","22.50","911.00K","1.20%"
"06/12/2019","22.47","22.50","22.60","22.38","734.00K","-0.11%"
"06/11/2019","22.50","22.55","22.75","22.25","741.00K","-0.24%"
"06/10/2019","22.55","23.25","23.33","22.50","842.00K","-3.49%"
"06/03/2019","23.36","23.25","23.50","23.25","1.00M","-1.31%"
"05/30/2019","23.67","23.75","24.48","23.65","1.64M","0.21%"
"05/29/2019","23.63","23.15","23.80","23.15","4.03M","2.78%"
"05/28/2019","22.99","23.00","23.08","22.63","597.00K","-1.54%"
"05/27/2019","23.34","23.75","23.75","22.81","719.00K","0.54%"
"05/24/2019","23.22","23.30","23.45","22.95","952.00K","-0.39%"
"05/23/2019","23.31","22.58","23.45","22.58","14.73M","3.26%"
"05/22/2019","22.58","23.00","23.13","22.38","15.31M","-1.16%"
"05/21/2019","22.84","22.63","23.50","22.25","7.45M","1.96%"
"05/20/2019","22.40","22.25","22.55","21.95","1.26M","0.92%"
"05/17/2019","22.19","21.76","22.50","21.75","473.00K","-0.07%"
"05/16/2019","22.21","22.75","22.74","22.00","1.18M","-0.89%"
"05/15/2019","22.41","22.22","22.95","22.10","1.72M","2.12%"
"05/14/2019","21.94","21.65","22.00","21.65","536.00K","1.29%"
"05/13/2019","21.67","22.50","22.50","21.55","1.50M","-2.74%"
"05/10/2019","22.27","22.31","22.50","22.03","194.00K","-1.00%"
"05/09/2019","22.50","22.83","22.75","22.50","253.00K","-0.55%"
"05/08/2019","22.63","23.25","23.25","22.10","867.00K","0.42%"
"05/07/2019","22.53","22.48","22.85","22.26","3.94M","1.17%"
"05/06/2019","22.27","21.65","22.48","21.65","2.48M","1.14%"
"05/03/2019","22.02","22.00","22.22","21.80","1.29M","0.09%"
"05/02/2019","22.00","21.92","22.01","21.92","253.00K","-0.48%"
"04/30/2019","22.10","22.50","22.70","21.75","2.00M","-1.76%"
"04/29/2019","22.50","22.50","22.70","22.40","800.00K","0.29%"
"04/26/2019","22.43","22.59","23.00","22.20","1.51M","0.52%"
"04/25/2019","22.32","22.25","22.50","22.06","1.29M","1.80%"
"04/24/2019","21.92","22.00","22.43","21.77","2.93M","-0.23%"
"04/23/2019","21.98","22.00","22.24","21.75","498.00K","-0.20%"
"04/22/2019","22.02","22.25","22.40","21.95","891.00K","-0.92%"
"04/19/2019","22.23","22.25","22.84","22.00","2.81M","0.14%"
"04/18/2019","22.19","22.45","22.50","22.05","1.12M","0.18%"
"04/17/2019","22.16","22.50","22.75","22.13","1.40M","-1.56%"
"04/16/2019","22.50","22.75","22.75","22.50","1.54M","-0.60%"
"04/15/2019","22.64","22.25","22.75","22.25","8.24M","1.43%"
"04/12/2019","22.32","22.13","22.74","22.00","1.40M","1.00%"
"04/11/2019","22.10","22.00","22.50","21.75","1.94M","0.96%"
"04/10/2019","21.89","23.00","23.05","21.75","1.92M","-2.82%"
"04/09/2019","22.52","22.25","23.05","21.98","1.27M","1.24%"
"04/08/2019","22.25","22.13","22.42","21.95","938.00K","-0.82%"
"04/05/2019","22.43","22.25","22.75","22.25","712.00K","0.36%"
"04/04/2019","22.35","23.05","23.08","22.16","1.07M","-2.89%"
"04/03/2019","23.02","23.25","24.00","22.33","2.44M","-1.35%"
"04/02/2019","23.33","24.00","24.00","23.00","2.50M","-1.99%"
"04/01/2019","23.81","23.50","24.00","23.30","447.00K","1.17%"
"03/29/2019","23.53","22.83","24.00","22.77","2.66M","1.99%"
"03/28/2019","23.08","23.50","23.63","22.58","1.32M","-2.39%"
"03/27/2019","23.64","23.50","23.92","23.38","1.46M","0.60%"
"03/26/2019","23.50","24.00","24.00","23.32","4.37M","0.19%"
"03/25/2019","23.45","23.50","24.00","23.25","4.51M","-1.43%"
"03/22/2019","23.80","23.00","23.94","23.00","3.73M","2.85%"
"03/21/2019","23.14","22.77","23.20","22.75","1.06M","0.72%"
"03/20/2019","22.97","22.50","23.00","22.50","799.00K","0.97%"
"03/19/2019","22.75","22.26","22.80","22.50","3.13M","-1.04%"
"03/18/2019","22.99","23.25","23.38","22.50","1.66M","0.59%"
"03/15/2019","22.85","23.00","23.50","22.75","7.64M","-1.66%"
"03/14/2019","23.24","23.25","23.25","23.24","679.00K","-0.06%"
"03/13/2019","23.25","23.00","23.40","23.00","1.52M","0.58%"
"03/12/2019","23.12","22.75","23.25","22.75","137.00K","-1.15%"
"03/11/2019","23.39","23.50","23.50","23.33","627.00K","0.34%"
"03/08/2019","23.31","23.83","23.89","23.25","536.00K","-2.41%"
"03/07/2019","23.89","24.00","24.05","23.86","163.00K","-1.16%"
"03/06/2019","24.17","24.00","24.25","23.80","425.00K","0.29%"
"03/05/2019","24.09","24.00","24.23","23.85","482.00K","0.29%"
"03/04/2019","24.02","24.33","24.45","23.58","877.00K","-0.04%"
"03/01/2019","24.03","24.24","24.25","23.88","7.23M","-0.78%"
"02/28/2019","24.23","24.35","24.50","23.75","1.37M","1.04%"
"02/27/2019","23.98","24.00","24.05","22.80","1.79M","-0.06%"
"02/26/2019","23.99","24.10","24.10","23.75","267.00K","-0.62%"
"02/25/2019","24.14","24.45","24.37","24.08","312.00K","-1.25%"
"02/22/2019","24.44","25.50","25.50","24.06","1.36M","-0.63%"
"02/21/2019","24.60","24.63","25.00","24.23","2.20M","0.63%"
"02/20/2019","24.44","23.50","24.49","23.38","2.60M","3.80%"
"02/19/2019","23.55","24.10","24.13","23.50","1.40M","-2.30%"
"02/18/2019","24.10","24.51","24.51","23.77","130.00K","-1.65%"
"02/15/2019","24.51","24.25","24.75","24.00","849.00K","2.23%"
"02/14/2019","23.98","24.02","24.10","23.90","459.00K","-1.44%"
"02/13/2019","24.33","24.24","24.45","24.00","2.82M","1.65%"
"02/12/2019","23.93","24.00","24.49","23.51","3.31M","-0.17%"
"02/11/2019","23.97","25.00","25.25","23.65","1.83M","-2.54%"
"02/08/2019","24.59","24.25","25.00","24.25","1.52M","-2.73%"
"02/07/2019","25.28","25.00","25.45","24.95","509.00K","0.36%"
"02/06/2019","25.19","25.10","25.25","25.08","1.47M","-0.61%"
"02/04/2019","25.35","25.50","25.73","25.27","1.24M","1.04%"
"02/01/2019","25.09","24.75","25.25","24.55","1.45M","2.62%"
"01/31/2019","24.45","23.75","24.48","23.75","205.00K","2.07%"
"01/30/2019","23.95","24.00","24.01","23.94","289.00K","-0.75%"
"01/29/2019","24.14","24.00","24.25","23.75","338.00K","-0.17%"
"01/28/2019","24.17","24.42","24.50","24.05","1.19M","-0.66%"
"01/25/2019","24.33","24.61","24.70","24.25","1.59M","-0.06%"
"01/24/2019","24.35","25.00","25.05","24.13","2.59M","0.68%"
"01/23/2019","24.18","24.50","24.50","24.15","1.68M","0.17%"
"01/22/2019","24.15","23.90","24.20","23.75","1.57M","1.00%"
"01/21/2019","23.91","23.70","24.00","23.70","3.01M","0.86%"
"01/18/2019","23.70","23.00","23.90","23.00","1.31M","1.00%"
"01/17/2019","23.47","23.75","23.75","23.10","2.06M","-0.26%"
"01/16/2019","23.52","23.90","23.90","23.35","680.00K","-1.45%"
"01/15/2019","23.87","23.06","24.13","23.06","1.74M","0.36%"
"01/14/2019","23.78","23.50","24.00","23.50","1.13M","0.36%"
"01/11/2019","23.70","23.26","23.81","23.26","1.40M","1.11%"
"01/10/2019","23.44","23.63","23.63","23.28","106.00K","-0.28%"
"01/09/2019","23.50","23.53","23.60","23.25","603.00K","-0.49%"
"01/08/2019","23.62","23.51","24.00","23.07","3.19M","0.47%"
"01/07/2019","23.51","23.25","24.00","23.05","1.69M","2.53%"
"01/04/2019","22.93","22.65","23.10","22.63","1.71M","1.46%"
"01/03/2019","22.60","22.05","22.88","21.81","1.98M","1.03%"
"01/02/2019","22.37","21.70","22.37","21.70","5.90M","5.00%"
"01/01/2019","21.31","20.50","21.31","20.49","5.17M","4.98%"
"12/31/2018","20.30","21.19","21.73","20.11","23.13M","-4.11%"
"12/28/2018","21.17","21.50","22.37","20.84","21.61M","-3.51%"
"12/27/2018","21.93","22.50","22.92","21.78","14.43M","-4.34%"
"12/26/2018","22.93","23.00","23.00","22.77","648.00K","-0.28%"
"12/24/2018","23.00","22.78","23.20","22.78","4.62M","-0.73%"
"12/21/2018","23.17","22.80","23.35","22.75","2.16M","0.50%"
"12/20/2018","23.05","23.35","23.50","22.88","1.61M","-1.26%"
"12/19/2018","23.34","23.25","23.50","23.05","2.45M","-0.55%"
"12/18/2018","23.48","23.80","23.98","23.00","648.00K","-1.37%"
"12/17/2018","23.80","23.91","24.00","23.53","268.00K","-0.65%"
"12/14/2018","23.95","23.50","24.00","23.50","2.85M","1.98%"
"12/13/2018","23.49","23.80","23.88","23.02","1.79M","-1.30%"
"12/12/2018","23.80","24.19","24.20","23.70","2.93M","-1.37%"
"12/11/2018","24.13","23.88","24.50","23.88","2.51M","-1.83%"
"12/10/2018","24.58","24.83","24.89","24.50","538.00K","1.13%"
"12/07/2018","24.31","24.25","24.70","24.10","1.05M","1.12%"
"12/06/2018","24.03","24.50","24.63","23.66","2.18M","-2.77%"
"12/05/2018","24.72","24.65","24.90","24.25","857.00K","-0.18%"
"12/04/2018","24.76","24.75","25.17","24.75","2.96M","-0.58%"
"12/03/2018","24.91","25.50","25.69","24.70","3.71M","-0.50%"
"11/30/2018","25.03","25.00","25.50","24.75","987.00K","0.81%"
"11/29/2018","24.83","25.00","25.00","24.65","743.00K","0.14%"
"11/28/2018","24.80","25.02","25.04","24.75","681.00K","-0.72%"
"11/27/2018","24.98","25.00","25.19","24.90","1.15M","0.00%"
"11/26/2018","24.98","25.00","26.15","24.72","1.20M","0.32%"
"11/23/2018","24.90","24.88","25.05","24.80","5.21M","0.10%"
"11/22/2018","24.88","25.13","25.15","24.80","2.31M","-1.39%"
"11/20/2018","25.23","25.01","25.32","25.01","246.00K","-0.10%"
"11/19/2018","25.25","25.26","25.26","25.01","1.86M","-0.34%"
"11/16/2018","25.33","25.50","25.75","25.15","4.78M","-0.65%"
"11/15/2018","25.50","25.50","25.75","25.25","2.42M","0.49%"
"11/14/2018","25.38","25.50","25.75","25.26","4.69M","-0.49%"
"11/13/2018","25.50","25.00","25.73","25.00","212.00K","0.83%"
"11/12/2018","25.29","25.58","25.98","25.27","413.00K","-1.08%"
"11/09/2018","25.57","25.45","25.75","25.25","2.29M","0.41%"
"11/08/2018","25.46","25.75","25.75","25.18","3.42M","-1.03%"
"11/07/2018","25.73","26.00","26.50","25.63","3.66M","1.00%"
"11/06/2018","25.47","25.65","25.85","25.25","620.00K","-0.70%"
"11/05/2018","25.65","26.00","26.00","25.25","743.00K","-2.23%"
"11/02/2018","26.24","25.81","26.98","25.56","2.98M","1.16%"
"11/01/2018","25.93","26.00","26.00","25.58","6.47M","-0.69%"
"10/31/2018","26.11","25.70","26.25","25.39","392.00K","0.44%"
"10/30/2018","26.00","26.00","26.50","25.35","2.68M","1.13%"
"10/29/2018","25.71","25.45","26.00","25.25","1.23M","2.68%"
"10/26/2018","25.04","24.95","25.25","24.50","3.74M","1.69%"
"10/25/2018","24.63","23.84","25.00","23.84","1.18M","1.21%"
"10/24/2018","24.33","23.98","24.63","23.98","3.06M","3.55%"
"10/23/2018","23.50","23.88","24.25","23.38","356.00K","-2.67%"
"10/22/2018","24.14","24.02","24.50","24.00","593.00K","0.56%"
"10/19/2018","24.00","23.40","24.25","23.00","728.00K","2.94%"
"10/18/2018","23.32","23.50","23.90","23.15","1.74M","-1.42%"
"10/17/2018","23.66","23.58","24.00","23.40","1.63M","2.83%"
"10/16/2018","23.00","23.50","23.50","22.50","1.25M","-0.69%"
"10/15/2018","23.17","23.50","23.50","22.75","1.81M","-2.48%"
"10/12/2018","23.75","24.25","24.05","23.50","8.20M","-2.56%"
"10/11/2018","24.38","24.25","24.75","23.77","5.66M","-0.51%"
"10/10/2018","24.50","23.55","24.75","23.55","299.00K","2.34%"
"10/09/2018","23.94","23.56","24.02","23.49","1.65M","2.13%"
"10/08/2018","23.44","23.50","24.98","22.84","1.30M","-1.45%"
"10/05/2018","23.79","23.75","24.18","23.50","436.00K","0.13%"
"10/04/2018","23.76","23.85","24.15","23.75","649.00K","-1.80%"
"10/03/2018","24.19","24.75","24.95","24.00","4.76M","-1.43%"
"10/02/2018","24.55","25.00","25.25","24.44","11.30M","-1.92%"
"10/01/2018","25.02","25.00","25.24","24.70","931.00K","0.83%"
"09/28/2018","24.82","24.50","25.00","24.40","2.09M","0.81%"
"09/27/2018","24.62","24.25","24.75","24.00","549.00K","-0.53%"
"09/26/2018","24.75","24.60","24.75","24.35","616.00K","-1.55%"
"09/25/2018","25.14","24.80","25.87","24.50","330.00K","1.53%"
"09/24/2018","24.76","25.00","25.00","24.66","788.00K","-0.96%"
"09/19/2018","25.00","24.15","25.00","24.75","1.94M","0.00%"
"09/18/2018","25.00","25.25","25.25","24.70","442.00K","2.21%"
"09/17/2018","24.46","24.25","24.72","24.00","465.00K","-0.33%"
"09/14/2018","24.54","25.50","25.63","24.02","1.90M","-3.56%"
"09/13/2018","25.45","26.32","26.32","25.36","1.56M","-0.07%"
"09/12/2018","25.46","25.46","25.50","25.07","7.38M","0.00%"
"09/11/2018","25.46","26.09","26.09","25.30","1.35M","0.56%"
"09/10/2018","25.32","25.45","25.45","24.66","3.78M","-0.94%"
"09/07/2018","25.56","25.51","25.68","25.34","191.40K","-0.65%"
"09/06/2018","25.73","25.77","25.91","25.60","1.15M","0.00%"
"09/05/2018","25.72","25.85","25.91","25.68","6.49M","-0.49%"
"09/04/2018","25.85","25.68","25.91","25.57","644.60K","0.73%"
"09/03/2018","25.66","25.80","25.91","25.45","1.94M","-1.09%"
"08/31/2018","25.95","26.14","26.25","25.80","2.18M","-0.33%"
"08/30/2018","26.03","26.36","26.36","25.98","3.72M","-0.71%"
"08/29/2018","26.22","26.31","26.39","26.14","830.50K","-0.35%"
"08/28/2018","26.31","26.81","26.81","25.91","2.25M","-0.22%"
"08/27/2018","26.37","25.91","26.75","25.91","1.05M","3.48%"
"08/24/2018","25.48","25.14","26.25","25.03","193.60K","-0.34%"
"08/20/2018","25.57","25.27","25.59","25.24","757.90K","0.23%"
"08/17/2018","25.51","25.57","26.25","25.28","1.24M","-0.05%"
"08/16/2018","25.52","25.46","26.23","25.21","1.46M","-0.34%"
"08/15/2018","25.61","25.45","25.70","25.45","96.80K","-0.83%"
"08/13/2018","25.82","25.45","25.91","25.34","233.20K","1.57%"
"08/10/2018","25.42","25.45","25.91","25.25","488.40K","-0.69%"
"08/09/2018","25.60","25.32","25.68","25.32","129.80K","-0.12%"
"08/08/2018","25.63","25.45","26.36","25.23","255.20K","1.00%"
"08/07/2018","25.38","25.64","25.68","24.71","155.10K","-1.19%"
"08/06/2018","25.68","25.89","25.89","25.68","168.30K","-0.21%"
"08/03/2018","25.74","25.45","25.91","25.45","75.90K","0.18%"
"08/02/2018","25.69","25.80","26.14","25.45","1.28M","0.28%"
"08/01/2018","25.62","25.30","26.11","25.30","2.41M","-0.91%"
"07/31/2018","25.85","26.48","26.48","25.69","305.80K","-3.50%"
"07/30/2018","26.79","26.52","26.82","26.36","1.90M","1.71%"
"07/27/2018","26.34","26.13","26.41","26.09","12.99M","0.78%"
"07/26/2018","26.14","26.59","26.59","25.92","1.44M","1.61%"
"07/24/2018","25.72","25.70","25.91","25.45","297.00K","2.63%"
"07/23/2018","25.06","25.90","25.90","25.00","757.90K","-2.91%"
"07/20/2018","25.81","25.45","25.91","25.45","280.50K","-0.80%"
"07/19/2018","26.02","25.91","26.32","25.80","2.96M","1.90%"
"07/18/2018","25.54","25.45","25.68","25.45","1.61M","0.48%"
"07/17/2018","25.41","25.45","25.45","25.00","704.00K","0.00%"
"07/16/2018","25.42","25.91","25.91","24.77","2.65M","0.47%"
"07/13/2018","25.30","24.55","25.36","24.43","5.27M","4.72%"
"07/12/2018","24.16","23.52","24.55","23.52","5.02M","0.83%"
"07/11/2018","23.96","22.95","24.07","22.73","3.10M","4.50%"
"07/10/2018","22.93","22.73","23.14","21.77","3.80M","0.06%"
"07/09/2018","22.91","23.11","23.11","22.61","1.09M","-2.23%"
"07/06/2018","23.44","23.18","23.64","23.07","660.00K","0.31%"
"07/05/2018","23.36","23.18","23.64","23.18","3.22M","0.82%"
"07/04/2018","23.17","23.20","23.61","22.98","1.40M","-1.56%"
"07/03/2018","23.54","23.64","23.97","23.05","1.23M","-0.52%"
"07/02/2018","23.66","23.72","23.77","23.30","173.80K","-0.44%"
"06/29/2018","23.77","24.10","24.10","23.42","1.87M","-1.93%"
"06/28/2018","24.24","24.32","24.54","23.98","874.50K","-1.24%"
"06/27/2018","24.54","24.04","25.11","24.04","1.51M","2.10%"
"06/26/2018","24.04","24.00","24.43","23.87","1.93M","1.21%"
"06/25/2018","23.75","23.66","24.09","23.41","1.03M","-1.42%"
"06/22/2018","24.09","24.25","24.32","23.86","1.69M","-0.47%"
"06/21/2018","24.20","24.55","24.55","23.95","3.56M","-0.60%"
"06/20/2018","24.35","25.34","25.34","24.23","8.98M","-4.37%"
"06/19/2018","25.46","25.68","25.68","25.23","1.57M","0.38%"
"06/14/2018","25.37","25.45","25.46","25.22","11.09M","-0.16%"
"06/13/2018","25.41","25.68","25.68","25.12","2.23M","-0.05%"
"06/12/2018","25.42","25.57","25.68","25.05","10.42M","-1.20%"
"06/11/2018","25.73","25.11","26.05","25.11","9.90M","2.33%"
"06/07/2018","25.15","25.18","25.65","25.00","17.49M","-0.16%"
"06/06/2018","25.19","24.75","25.23","24.62","1.63M","2.31%"
"06/05/2018","24.62","24.20","24.73","24.20","2.04M","0.56%"
"06/04/2018","24.48","23.86","24.81","23.85","1.04M","3.48%"
"06/01/2018","23.66","23.66","23.66","23.66","2.20K","-1.25%"
"05/31/2018","23.96","22.98","23.98","22.98","10.04M","1.72%"
"05/30/2018","23.55","23.14","23.64","23.14","7.82M","1.37%"
"05/29/2018","23.24","22.73","23.27","22.73","409.20K","0.87%"
"05/28/2018","23.04","23.00","23.48","22.95","2.30M","1.12%"
"05/25/2018","22.78","22.77","22.84","22.73","245.30K","0.04%"
"05/24/2018","22.77","22.55","22.84","22.52","997.70K","1.44%"
"05/23/2018","22.45","22.05","22.50","22.04","937.20K","1.52%"
"05/22/2018","22.11","21.73","22.27","21.64","2.01M","2.33%"
"05/21/2018","21.61","21.82","21.82","21.50","1.26M","-0.86%"
"05/18/2018","21.80","21.91","21.91","21.43","3.82M","-0.33%"
"05/17/2018","21.87","21.82","22.05","21.77","548.90K","-1.09%"
"05/16/2018","22.11","21.73","22.50","21.73","201.30K","-0.12%"
"05/15/2018","22.14","22.50","22.50","22.10","1.19M","-0.65%"
"05/14/2018","22.28","22.50","22.50","22.27","179.30K","-1.92%"
"05/11/2018","22.72","22.73","22.73","22.50","150.70K","-0.04%"
"05/10/2018","22.73","22.95","22.98","22.50","1.49M","-0.71%"
"05/09/2018","22.89","22.73","22.95","22.50","592.90K","0.96%"
"05/08/2018","22.67","22.95","22.95","22.27","10.38M","-1.73%"
"05/07/2018","23.07","23.19","23.19","22.98","228.80K","-1.44%"
"05/04/2018","23.41","23.41","23.41","23.18","277.20K","0.00%"
"05/03/2018","23.41","23.64","23.86","23.24","8.20M","-0.92%"
"05/02/2018","23.63","23.64","23.98","23.55","23.81M","0.21%"
"04/30/2018","23.58","24.09","24.52","23.45","1.38M","-1.48%"
"04/27/2018","23.93","24.14","24.32","23.80","6.25M","-0.59%"
"04/26/2018","24.07","24.05","24.92","23.64","2.49M","1.34%"
"04/25/2018","23.75","24.33","24.54","23.64","1.00M","-2.50%"
"04/24/2018","24.36","25.00","25.00","24.09","2.88M","-1.87%"
"04/23/2018","24.83","24.50","25.45","24.50","3.63M","1.35%"
"04/20/2018","24.50","24.55","24.68","24.32","1.50M","0.28%"
"04/19/2018","24.43","24.09","24.64","24.00","7.60M","1.78%"
"04/18/2018","24.00","23.59","24.50","23.59","821.70K","1.56%"
"04/17/2018","23.63","23.64","23.82","23.47","543.40K","1.27%"
"04/16/2018","23.34","23.52","23.64","23.23","141.90K","-0.73%"
"04/13/2018","23.51","24.52","23.75","23.18","3.25M","-0.48%"
"04/12/2018","23.62","23.73","23.95","23.41","1.41M","-0.29%"
"04/11/2018","23.69","23.86","23.89","23.64","210.10K","-0.89%"
"04/10/2018","23.90","23.98","24.09","23.68","485.10K","-1.07%"
"04/09/2018","24.16","24.52","24.52","24.09","718.30K","-1.45%"
"04/06/2018","24.52","25.40","25.45","24.32","3.07M","-1.44%"
"04/05/2018","24.88","24.66","25.22","24.31","4.84M","1.00%"
"04/04/2018","24.63","23.85","24.86","23.85","10.18M","3.89%"
"04/03/2018","23.71","23.50","23.86","23.23","24.40M","1.87%"
"04/02/2018","23.27","23.41","23.63","23.07","4.15M","-3.09%"
"03/30/2018","24.01","24.09","24.09","23.76","709.50K","0.67%"
"03/29/2018","23.85","23.64","23.95","23.32","1.70M","1.00%"
"03/28/2018","23.62","23.50","23.70","23.50","5.37M","0.85%"
"03/27/2018","23.42","23.36","23.52","23.18","1.96M","0.94%"
"03/26/2018","23.20","22.98","23.41","22.98","966.90K","-0.89%"
"03/22/2018","23.41","23.31","23.59","22.84","3.94M","0.43%"
"03/21/2018","23.31","22.95","23.41","22.61","7.20M","1.67%"
"03/20/2018","22.93","22.05","23.07","22.05","10.67M","2.94%"
"03/19/2018","22.27","21.86","22.39","21.86","927.30K","-3.12%"
"03/16/2018","22.99","23.07","23.16","22.75","4.48M","0.08%"
"03/15/2018","22.97","22.61","23.05","22.50","4.84M","1.94%"
"03/14/2018","22.54","22.50","22.59","22.29","1.39M","-0.08%"
"03/13/2018","22.55","22.50","22.59","22.50","660.00K","0.45%"
"03/12/2018","22.45","22.48","22.57","22.27","661.10K","0.80%"
"03/09/2018","22.28","21.84","22.50","21.84","2.45M","1.47%"
"03/08/2018","21.95","21.82","22.05","21.70","1.32M","0.52%"
"03/07/2018","21.84","21.91","22.04","21.73","5.69M","0.06%"
"03/06/2018","21.83","21.56","21.89","21.45","2.35M","1.85%"
"03/05/2018","21.43","21.75","21.75","21.36","667.70K","-0.59%"
"03/02/2018","21.56","21.55","21.82","21.52","1.30M","-1.04%"
"03/01/2018","21.79","21.59","21.81","21.51","416.90K","1.27%"
"02/28/2018","21.51","21.60","21.73","21.41","3.27M","-0.23%"
"02/27/2018","21.56","21.77","21.81","21.48","1.69M","-1.10%"
"02/26/2018","21.80","21.85","22.93","21.36","23.32M","-0.15%"
"02/23/2018","21.84","22.32","22.04","21.70","1.79M","-0.17%"
"02/22/2018","21.87","21.80","21.95","21.71","680.90K","-0.37%"
"02/21/2018","21.95","22.16","22.28","21.82","980.10K","-0.76%"
"02/20/2018","22.12","22.27","22.27","21.85","641.30K","0.06%"
"02/19/2018","22.11","22.29","22.50","21.81","1.11M","-1.16%"
"02/16/2018","22.37","22.05","22.50","22.00","4.97M","1.72%"
"02/15/2018","21.99","22.05","22.17","21.82","3.38M","0.04%"
"02/14/2018","21.98","22.45","22.45","21.82","3.91M","-0.23%"
"02/13/2018","22.03","21.46","22.27","21.43","2.32M","2.67%"
"02/12/2018","21.46","22.05","22.05","21.40","1.50M","-2.24%"
"02/09/2018","21.95","21.77","22.05","21.48","1.54M","1.43%"
"02/08/2018","21.64","21.82","21.91","21.59","2.88M","-0.83%"
"02/07/2018","21.82","21.81","22.02","21.73","1.88M","1.63%"
"02/06/2018","21.47","21.77","21.77","20.80","1.75M","-1.34%"
"02/02/2018","21.76","21.95","22.05","21.68","1.12M","-0.56%"
"02/01/2018","21.89","22.05","22.23","21.71","971.30K","0.15%"
"01/31/2018","21.85","22.23","22.41","21.68","1.86M","-1.84%"
"01/30/2018","22.26","22.95","22.95","21.73","10.90M","1.47%"
"01/29/2018","21.94","21.94","21.94","21.94","2.63M","4.98%"
"01/26/2018","20.90","21.13","21.58","20.75","1.17M","-0.37%"
"01/25/2018","20.98","21.37","21.37","20.93","136.40K","-0.80%"
"01/24/2018","21.15","21.36","21.50","21.07","1.26M","-0.81%"
"01/23/2018","21.32","21.38","21.38","21.05","1.04M","-1.12%"
"01/22/2018","21.56","21.52","21.68","21.36","1.92M","-0.32%"
"01/19/2018","21.63","21.14","21.82","21.14","3.28M","2.08%"
"01/18/2018","21.19","21.36","21.36","21.05","4.70M","-0.53%"
"01/17/2018","21.30","21.34","21.34","20.95","1.43M","0.58%"
"01/16/2018","21.18","21.25","21.36","21.02","931.70K","1.15%"
"01/15/2018","20.94","20.61","21.31","20.61","803.00K","-0.28%"
"01/12/2018","21.00","20.90","21.14","20.67","760.10K","-0.04%"
"01/11/2018","21.00","21.14","21.32","20.80","1.22M","-0.77%"
"01/10/2018","21.17","20.14","21.24","20.14","4.87M","4.16%"
"01/09/2018","20.32","20.91","20.91","20.23","2.84M","-2.83%"
"01/08/2018","20.91","20.91","21.13","20.73","8.61M","0.66%"
"01/05/2018","20.78","20.68","21.00","20.59","2.02M","0.11%"
"01/04/2018","20.75","20.32","20.91","20.32","2.32M","1.15%"
"01/03/2018","20.52","20.91","20.91","20.27","3.97M","-0.09%"
"01/02/2018","20.54","19.57","20.73","19.57","7.90M","3.91%"
"01/01/2018","19.76","19.32","19.77","19.31","4.22M","2.31%"
"12/29/2017","19.32","19.10","19.55","19.10","4.36M","1.12%"
"12/28/2017","19.10","18.98","19.55","18.82","3.03M","-1.04%"
"12/27/2017","19.30","18.86","19.43","18.86","22.81M","1.34%"
"12/26/2017","19.05","18.86","19.32","18.54","1.70M","0.70%"
"12/22/2017","18.92","18.86","19.02","18.68","3.29M","0.53%"
"12/21/2017","18.82","17.80","19.20","17.80","1.38M","2.91%"
"12/20/2017","18.29","17.73","18.60","17.73","513.70K","3.18%"
"12/19/2017","17.72","18.07","18.07","17.61","990.00K","-2.16%"
"12/18/2017","18.11","17.53","18.14","17.53","129.80K","1.35%"
"12/15/2017","17.87","17.61","18.27","17.61","3.64M","2.10%"
"12/14/2017","17.50","17.39","17.67","17.39","863.50K","-1.58%"
"12/13/2017","17.79","17.50","17.95","17.50","50.60K","2.30%"
"12/12/2017","17.39","17.61","17.61","17.16","29.31M","-0.75%"
"12/11/2017","17.52","17.55","17.95","17.50","562.10K","-0.28%"
"12/08/2017","17.57","16.93","18.14","16.93","998.80K","1.31%"
"12/07/2017","17.34","17.91","17.95","17.27","3.49M","-4.63%"
"12/06/2017","18.18","18.00","18.34","18.00","570.90K","0.00%"
"12/05/2017","18.18","18.18","18.52","18.18","955.90K","0.00%"
"12/04/2017","18.18","18.18","18.19","18.14","1.57M","-0.89%"
"11/30/2017","18.34","17.86","18.55","17.86","1.11M","2.15%"
"11/29/2017","17.95","18.18","18.18","17.95","662.20K","-0.15%"
"11/28/2017","17.98","18.30","18.32","17.84","2.30M","-2.25%"
"11/27/2017","18.40","18.20","18.41","18.20","572.00K","-0.74%"
"11/24/2017","18.53","18.63","18.63","18.32","1.33M","0.25%"
"11/23/2017","18.49","18.63","18.52","18.30","1.04M","0.42%"
"11/22/2017","18.41","18.29","18.45","18.27","245.30K","0.00%"
"11/21/2017","18.40","18.07","18.47","18.07","1.15M","0.70%"
"11/20/2017","18.28","18.40","18.71","18.28","64.90K","-0.81%"
"11/17/2017","18.43","18.21","18.81","18.20","682.00K","0.70%"
"11/16/2017","18.30","18.32","18.45","18.30","4.41M","0.07%"
"11/15/2017","18.29","18.18","18.41","18.18","440.00K","-0.67%"
"11/14/2017","18.41","18.18","18.60","18.18","4.57M","0.00%"
"11/13/2017","18.41","18.41","18.41","18.41","15.40K","0.00%"
"11/10/2017","18.41","18.41","18.45","18.30","1.65M","0.00%"
"11/09/2017","18.40","18.40","18.59","18.24","6.02M","1.15%"
"11/08/2017","18.20","18.03","18.33","18.03","721.60K","-0.37%"
"11/07/2017","18.26","18.25","18.43","18.18","11.65M","-0.89%"
"11/06/2017","18.43","18.21","18.57","18.19","123.20K","0.10%"
"11/03/2017","18.41","18.18","18.50","17.95","651.20K","1.66%"
"11/02/2017","18.11","18.52","18.52","18.00","12.95M","-1.99%"
"11/01/2017","18.48","18.40","18.86","18.07","889.90K","1.80%"
"10/31/2017","18.15","18.51","18.51","18.07","1.41M","-2.35%"
"10/30/2017","18.59","18.41","18.64","18.41","309.10K","-0.51%"
"10/27/2017","18.68","18.95","18.95","18.55","2.57M","-1.39%"
"10/26/2017","18.95","19.55","19.55","18.48","4.02M","-2.50%"
"10/25/2017","19.43","19.27","19.55","19.27","1.79M","0.31%"
"10/24/2017","19.37","18.75","19.64","18.75","177.10K","1.02%"
"10/23/2017","19.18","19.54","19.54","18.64","273.90K","-0.26%"
"10/20/2017","19.23","18.64","19.27","18.64","2.42M","3.10%"
"10/19/2017","18.65","18.59","18.75","18.41","449.90K","1.31%"
"10/18/2017","18.41","18.71","18.71","18.23","118.80K","-1.36%"
"10/17/2017","18.66","18.69","18.95","18.64","982.30K","-1.51%"
"10/16/2017","18.95","18.95","19.09","18.64","1.05M","1.12%"
"10/13/2017","18.74","18.25","18.86","18.18","914.10K","1.48%"
"10/12/2017","18.47","18.41","18.82","18.41","705.10K","-1.67%"
"10/11/2017","18.78","18.64","18.86","18.59","118.80K","1.03%"
"10/10/2017","18.59","18.85","18.85","18.02","766.70K","-1.40%"
"10/09/2017","18.85","18.68","19.08","18.66","200.20K","1.00%"
"10/06/2017","18.67","18.41","18.75","18.32","1.42M","2.96%"
"10/05/2017","18.13","18.52","18.52","17.95","172.70K","-0.32%"
"10/04/2017","18.19","18.44","18.44","17.82","4.61M","-1.28%"
"10/03/2017","18.43","18.45","18.62","18.41","448.80K","-0.93%"
"10/02/2017","18.60","19.02","19.02","18.43","969.10K","-3.54%"
"09/29/2017","19.28","19.09","19.54","19.09","2.04M","-0.07%"
"09/28/2017","19.30","18.99","19.43","18.99","1.11M","0.09%"
"09/27/2017","19.28","19.39","19.39","19.13","59.40K","-1.37%"
"09/26/2017","19.55","19.77","19.89","19.45","6.09M","-0.23%"
"09/25/2017","19.59","19.15","19.77","19.14","4.90M","2.30%"
"09/22/2017","19.15","19.09","19.31","18.98","147.40K","-0.80%"
"09/21/2017","19.30","19.20","19.43","19.09","5.89M","0.45%"
"09/20/2017","19.22","19.27","19.32","18.98","18.20M","1.71%"
"09/19/2017","18.90","18.86","19.06","18.64","271.70K","0.95%"
"09/18/2017","18.72","18.87","18.87","18.45","953.70K","-0.75%"
"09/15/2017","18.86","19.50","19.95","18.64","21.26M","-1.66%"
"09/14/2017","19.18","18.64","19.42","18.53","26.44M","2.93%"
"09/13/2017","18.63","18.86","19.09","18.36","5.95M","0.20%"
"09/12/2017","18.60","18.19","18.86","18.19","1.86M","1.54%"
"09/11/2017","18.31","18.34","18.84","17.91","788.70K","-2.80%"
"09/08/2017","18.84","19.09","19.09","18.75","2.08M","0.48%"
"09/07/2017","18.75","18.64","19.02","18.52","1.78M","-0.36%"
"09/06/2017","18.82","18.84","18.98","18.64","200.20K","-0.12%"
"09/05/2017","18.84","18.41","19.09","18.41","1.72M","3.19%"
"08/31/2017","18.26","17.95","18.63","17.86","555.50K","1.26%"
"08/30/2017","18.03","17.73","18.07","17.50","3.16M","3.44%"
"08/29/2017","17.43","18.17","18.18","17.30","9.99M","-4.24%"
"08/28/2017","18.20","18.19","18.55","18.18","828.30K","-2.17%"
"08/25/2017","18.61","18.18","18.64","17.96","1.69M","1.71%"
"08/24/2017","18.30","18.64","18.64","18.23","211.20K","-1.69%"
"08/23/2017","18.61","18.64","18.82","18.52","781.00K","1.29%"
"08/22/2017","18.37","18.41","18.41","17.80","2.80M","-1.05%"
"08/21/2017","18.57","18.64","18.68","18.55","848.10K","-1.04%"
"08/18/2017","18.76","19.09","19.09","18.43","1.96M","0.66%"
"08/17/2017","18.64","18.64","19.09","18.32","4.45M","-2.54%"
"08/16/2017","19.13","18.41","19.32","18.27","3.83M","2.06%"
"08/15/2017","18.74","18.87","19.16","18.64","2.69M","-2.83%"
"08/10/2017","19.29","19.55","19.55","19.23","135.30K","-1.10%"
"08/09/2017","19.50","19.09","19.55","19.09","7.61M","1.18%"
"08/08/2017","19.27","19.54","19.55","19.09","1.07M","-1.46%"
"08/07/2017","19.56","19.23","19.85","18.95","17.88M","1.49%"
"08/04/2017","19.27","18.91","19.55","18.91","1.64M","-0.47%"
"08/03/2017","19.36","18.73","19.56","18.73","2.96M","3.93%"
"08/02/2017","18.63","18.82","18.82","18.52","407.00K","0.00%"
"08/01/2017","18.64","18.09","18.68","18.09","2.26M","3.14%"
"07/31/2017","18.07","18.63","18.91","17.95","12.49M","-1.12%"
"07/28/2017","18.27","17.50","18.41","17.23","2.16M","1.21%"
"07/27/2017","18.05","18.19","18.40","18.02","466.40K","-0.72%"
"07/26/2017","18.19","18.18","18.32","18.17","1.43M","-0.12%"
"07/25/2017","18.21","18.18","18.35","18.07","1.86M","0.15%"
"07/24/2017","18.18","18.18","18.32","18.18","721.60K","-0.32%"
"07/21/2017","18.24","18.31","18.41","17.96","1.54M","-0.37%"
"07/20/2017","18.31","18.18","18.50","18.07","2.17M","1.87%"
"07/19/2017","17.97","18.18","18.64","17.93","1.92M","-3.28%"
"07/18/2017","18.58","17.95","18.59","17.91","1.54M","4.96%"
"07/17/2017","17.70","17.32","17.84","17.27","1.03M","-0.76%"
"07/14/2017","17.84","17.48","17.95","17.27","1.26M","3.59%"
"07/13/2017","17.22","17.27","17.45","17.05","629.20K","-0.26%"
"07/12/2017","17.27","17.41","17.43","16.82","7.13M","-2.36%"
"07/11/2017","17.69","18.00","18.56","17.69","4.96M","-4.98%"
"07/10/2017","18.61","18.07","18.75","18.05","3.36M","3.62%"
"07/07/2017","17.96","17.78","18.57","17.56","1.47M","0.87%"
"07/06/2017","17.81","17.64","18.34","17.64","1.54M","-0.94%"
"07/05/2017","17.98","17.17","18.02","16.98","4.86M","4.71%"
"07/04/2017","17.17","16.82","17.50","16.82","13.95M","-1.41%"
"07/03/2017","17.41","17.96","17.96","17.36","2.07M","-4.70%"
"06/30/2017","18.27","18.42","18.81","18.09","2.09M","-0.40%"
"06/29/2017","18.35","18.14","18.68","17.75","6.41M","3.12%"
"06/22/2017","17.79","17.05","18.30","17.05","4.91M","2.09%"
"06/21/2017","17.43","16.73","17.68","16.59","11.92M","2.68%"
"06/20/2017","16.97","17.91","17.91","16.96","21.01M","-4.94%"
"06/19/2017","17.85","18.25","18.25","17.64","2.78M","-1.90%"
"06/16/2017","18.20","18.41","18.41","18.09","499.40K","-1.16%"
"06/15/2017","18.41","18.64","18.85","18.40","4.59M","-1.15%"
"06/14/2017","18.63","19.27","19.27","18.41","11.21M","-1.70%"
"06/13/2017","18.95","18.56","19.09","18.34","3.73M","3.32%"
"06/12/2017","18.34","19.27","19.27","18.23","3.21M","-4.13%"
"06/09/2017","19.13","19.50","19.55","19.04","7.82M","-1.82%"
"06/08/2017","19.49","19.36","19.70","19.33","3.49M","0.45%"
"06/07/2017","19.40","19.55","19.66","19.28","3.48M","-0.21%"
"06/06/2017","19.44","19.77","19.98","19.32","5.66M","-1.90%"
"06/05/2017","19.82","19.39","20.00","19.39","7.74M","2.71%"
"06/02/2017","19.30","19.72","19.99","18.81","12.55M","-2.55%"
"06/01/2017","19.80","20.28","20.55","19.60","7.21M","-3.99%"
"05/31/2017","20.62","20.36","20.91","20.01","8.54M","-0.15%"
"05/30/2017","20.65","20.68","20.91","20.46","2.90M","0.49%"
"05/29/2017","20.55","20.45","20.86","20.45","768.90K","-0.75%"
"05/26/2017","20.71","20.91","21.11","20.45","4.48M","-0.07%"
"05/25/2017","20.72","21.48","21.59","20.40","6.23M","-3.49%"
"05/24/2017","21.47","20.59","21.54","20.36","11.85M","4.68%"
"05/23/2017","20.51","20.33","21.00","20.11","4.70M","1.62%"
"05/22/2017","20.19","20.36","20.36","20.00","1.61M","0.93%"
"05/19/2017","20.00","19.62","20.05","19.70","14.30M","1.13%"
"05/18/2017","19.78","19.68","19.95","19.66","5.73M","-0.30%"
"05/17/2017","19.84","20.41","20.45","19.77","6.41M","-1.47%"
"05/16/2017","20.13","20.45","20.56","19.77","5.08M","-0.07%"
"05/15/2017","20.15","19.91","20.50","19.91","17.36M","0.70%"
"05/12/2017","20.00","19.57","20.23","19.55","10.34M","1.57%"
"05/11/2017","19.70","19.75","20.00","19.48","5.38M","0.00%"
"05/10/2017","19.70","19.64","19.99","19.25","4.20M","0.88%"
"05/09/2017","19.53","20.18","20.82","19.32","25.63M","-2.50%"
"05/08/2017","20.03","19.45","20.05","19.32","28.05M","4.90%"
"05/05/2017","19.09","18.18","19.09","18.05","24.37M","5.00%"
"05/04/2017","18.18","18.17","18.57","18.07","23.49M","1.42%"
"05/03/2017","17.93","17.50","18.18","17.50","17.59M","2.44%"
"05/02/2017","17.50","17.68","17.73","17.49","1.99M","-1.05%"
"04/28/2017","17.69","18.14","18.14","17.59","1.52M","-1.07%"
"04/27/2017","17.88","18.18","18.27","17.84","1.63M","-1.53%"
"04/26/2017","18.15","17.90","18.18","17.73","4.27M","1.94%"
"04/25/2017","17.81","18.07","18.11","17.62","4.17M","-1.26%"
"04/24/2017","18.04","17.61","18.32","17.27","8.65M","3.36%"
"04/21/2017","17.45","17.68","17.91","17.30","2.25M","-0.85%"
"04/20/2017","17.60","16.59","17.61","16.59","10.76M","4.93%"
"04/19/2017","16.77","16.36","16.77","16.36","1.52M","2.41%"
"04/18/2017","16.38","16.36","16.50","16.34","2.05M","-1.26%"
"04/17/2017","16.59","16.41","16.59","16.41","45.10K","0.14%"
"04/14/2017","16.56","16.81","16.81","16.48","77.00K","-1.49%"
"04/13/2017","16.81","16.82","16.82","16.50","7.59M","0.30%"
"04/12/2017","16.76","16.81","16.81","16.35","140.80K","-0.19%"
"04/11/2017","16.80","16.64","16.82","16.59","523.60K","0.16%"
"04/10/2017","16.77","16.59","16.81","16.59","71.50K","0.35%"
"04/07/2017","16.71","16.59","16.80","16.59","11.83M","0.22%"
"04/06/2017","16.67","16.81","16.81","16.45","45.10K","-0.19%"
"04/05/2017","16.70","16.59","16.83","16.59","8.70M","1.07%"
"04/04/2017","16.53","16.59","16.59","16.44","41.80K","-0.57%"
"04/03/2017","16.62","16.59","16.68","16.36","276.10K","1.19%"
"03/31/2017","16.43","16.15","16.48","16.09","894.30K","0.08%"
"03/30/2017","16.41","16.47","16.59","16.37","150.70K","-1.37%"
"03/29/2017","16.64","16.82","17.04","16.59","1.79M","-1.13%"
"03/28/2017","16.83","16.82","16.95","16.82","532.40K","-0.32%"
"03/27/2017","16.89","17.00","17.04","16.86","196.90K","-0.69%"
"03/24/2017","17.00","17.00","17.04","16.91","625.90K","0.92%"
"03/22/2017","16.85","16.90","16.95","16.71","323.40K","-0.27%"
"03/21/2017","16.90","16.98","16.98","16.82","724.90K","0.41%"
"03/20/2017","16.83","17.04","17.04","16.82","389.40K","0.08%"
"03/17/2017","16.81","17.13","17.14","16.70","10.14M","-0.43%"
"03/16/2017","16.89","16.61","16.95","16.36","1.60M","0.30%"
"03/15/2017","16.84","17.23","17.23","16.82","13.30M","-2.32%"
"03/14/2017","17.24","17.18","17.26","16.96","103.40K","0.85%"
"03/13/2017","17.09","17.68","17.68","17.05","337.70K","-3.04%"
"03/10/2017","17.63","17.41","17.73","17.41","6.51M","0.21%"
"03/09/2017","17.59","17.29","17.70","17.29","5.61M","0.16%"
"03/08/2017","17.56","17.52","17.73","17.50","288.20K","-0.92%"
"03/07/2017","17.73","17.73","17.73","17.50","1.42M","0.31%"
"03/06/2017","17.67","17.73","17.84","17.61","1.24M","-0.44%"
"03/03/2017","17.75","17.72","17.84","17.50","2.84M","0.33%"
"03/02/2017","17.69","17.55","17.84","17.50","3.49M","0.88%"
"03/01/2017","17.54","17.70","17.70","17.50","253.00K","-1.00%"
"02/28/2017","17.71","17.27","17.73","17.05","3.14M","1.99%"
"02/27/2017","17.37","17.07","17.95","17.07","5.39M","-1.29%"
"02/24/2017","17.60","18.18","18.18","17.60","22.94M","-4.98%"
"02/23/2017","18.52","19.09","19.09","18.41","14.29M","-2.98%"
"02/22/2017","19.09","18.81","19.22","18.52","35.56M","1.97%"
"02/21/2017","18.72","18.18","18.80","17.78","4.40M","3.00%"
"02/20/2017","18.17","18.18","18.50","18.02","3.31M","-0.05%"
"02/17/2017","18.18","18.41","18.63","18.18","438.90K","-1.70%"
"02/16/2017","18.50","18.56","18.57","18.05","410.30K","0.97%"
"02/15/2017","18.32","18.41","18.62","17.96","459.80K","-0.81%"
"02/14/2017","18.47","18.86","18.86","18.41","4.08M","-2.10%"
"02/13/2017","18.86","18.92","19.10","18.82","2.42M","-1.68%"
"02/10/2017","19.19","19.12","19.44","19.12","701.80K","-0.75%"
"02/09/2017","19.33","19.50","19.50","19.10","1.22M","0.09%"
"02/08/2017","19.31","19.53","19.53","18.87","556.60K","0.38%"
"02/07/2017","19.24","19.32","19.52","19.15","938.30K","-0.38%"
"02/06/2017","19.31","20.00","20.00","19.23","1.62M","-1.25%"
"02/03/2017","19.56","19.32","19.97","19.32","2.36M","-1.06%"
"02/02/2017","19.77","19.54","20.22","19.43","2.47M","0.79%"
"02/01/2017","19.61","18.42","19.69","18.42","3.55M","4.58%"
"01/31/2017","18.75","18.98","19.27","18.18","4.61M","-0.96%"
"01/30/2017","18.94","20.00","20.00","18.94","2.70M","-4.99%"
"01/27/2017","19.93","20.02","20.86","19.77","2.32M","-2.97%"
"01/26/2017","20.54","20.28","20.75","20.03","644.60K","0.42%"
"01/25/2017","20.45","20.57","21.45","20.23","7.54M","0.09%"
"01/24/2017","20.44","19.55","20.44","19.20","27.89M","5.00%"
"01/23/2017","19.46","18.55","19.46","18.41","16.14M","4.98%"
"01/20/2017","18.54","18.70","18.75","18.18","1.26M","0.05%"
"01/19/2017","18.53","18.75","18.75","18.37","2.38M","-0.39%"
"01/18/2017","18.60","18.27","18.72","18.07","7.30M","2.25%"
"01/17/2017","18.20","17.84","18.30","17.73","7.22M","2.20%"
"01/16/2017","17.80","17.80","18.12","17.73","3.87M","-0.53%"
"01/13/2017","17.90","18.18","18.30","17.84","693.00K","-1.67%"
"01/12/2017","18.20","18.64","18.64","18.18","4.14M","-1.57%"
"01/11/2017","18.50","17.82","18.57","17.82","1.02M","1.80%"
"01/10/2017","18.17","18.18","18.25","17.87","517.00K","-0.52%"
"01/09/2017","18.26","17.89","18.78","17.86","20.36M","2.11%"
"01/06/2017","17.89","17.77","17.95","17.64","1.42M","1.52%"
"01/05/2017","17.62","17.73","17.91","17.61","1.65M","-0.59%"
"01/04/2017","17.72","17.81","17.91","17.27","6.22M","0.31%"
"01/03/2017","17.67","17.50","17.76","17.30","2.71M","1.89%"
"01/02/2017","17.34","17.36","17.77","17.27","6.72M","0.50%"
"12/30/2016","17.25","17.15","17.27","16.86","5.58M","1.55%"
"12/29/2016","16.99","17.16","17.27","16.82","4.05M","-1.08%"
"12/28/2016","17.18","17.05","17.27","17.00","887.70K","1.67%"
"12/27/2016","16.90","16.64","17.05","16.64","1.03M","0.46%"
"12/26/2016","16.82","17.11","17.27","16.81","1.30M","-2.01%"
"12/23/2016","17.16","17.14","17.27","17.00","655.60K","-0.63%"
"12/22/2016","17.27","16.93","17.34","16.68","4.75M","2.12%"
"12/21/2016","16.91","16.73","16.93","16.43","3.28M","1.95%"
"12/20/2016","16.59","16.27","16.73","16.00","7.89M","3.08%"
"12/19/2016","16.10","16.32","16.32","15.91","4.23M","0.25%"
"12/16/2016","16.05","16.16","16.32","15.95","687.50K","-0.34%"
"12/15/2016","16.11","15.90","16.36","15.68","5.48M","3.26%"
"12/14/2016","15.60","15.91","15.91","15.57","3.33M","-2.17%"
"12/13/2016","15.95","16.14","16.41","15.68","5.10M","-0.57%"
"12/09/2016","16.04","15.84","16.13","15.66","1.96M","2.11%"
"12/08/2016","15.70","15.88","15.89","15.68","810.70K","-0.75%"
"12/07/2016","15.82","15.91","15.91","15.75","2.40M","-0.29%"
"12/06/2016","15.87","15.91","15.91","15.68","1.42M","0.23%"
"12/05/2016","15.83","15.91","16.18","15.81","7.02M","1.55%"
"12/02/2016","15.59","15.00","15.80","15.00","5.68M","3.56%"
"12/01/2016","15.05","15.00","15.18","14.92","1.66M","1.01%"
"11/30/2016","14.90","15.00","15.02","14.89","1.19M","-0.64%"
"11/29/2016","15.00","14.82","15.09","14.82","1.37M","0.30%"
"11/28/2016","14.95","14.99","15.09","14.90","510.40K","-0.21%"
"11/25/2016","14.99","15.14","15.18","14.89","2.78M","-0.99%"
"11/24/2016","15.14","15.05","15.17","15.05","3.90M","0.54%"
"11/23/2016","15.05","15.14","15.14","15.05","679.80K","0.06%"
"11/22/2016","15.05","15.16","15.18","15.00","1.42M","0.30%"
"11/21/2016","15.00","15.07","15.07","14.98","1.61M","-0.45%"
"11/18/2016","15.07","15.00","15.14","14.95","1.41M","0.48%"
"11/17/2016","15.00","14.91","15.11","14.91","1.44M","0.00%"
"11/16/2016","15.00","15.09","15.20","14.91","3.53M","-0.54%"
"11/15/2016","15.08","15.00","15.11","14.89","2.60M","0.00%"
"11/14/2016","15.07","15.05","15.11","14.70","7.75M","0.73%"
"11/11/2016","14.96","14.82","15.11","14.82","3.96M","0.27%"
"11/10/2016","14.92","14.82","15.09","14.77","9.28M","1.02%"
"11/09/2016","14.77","14.73","14.82","14.45","10.27M","-0.61%"
"11/08/2016","14.86","15.11","15.18","14.55","16.02M","-0.85%"
"11/07/2016","14.99","14.94","15.05","14.71","19.85M","0.92%"
"11/04/2016","14.85","14.80","15.22","14.73","11.53M","0.68%"
"11/03/2016","14.75","14.55","14.80","14.36","16.94M","1.37%"
"11/02/2016","14.55","14.30","14.73","14.30","20.73M","3.46%"
"11/01/2016","14.07","13.50","14.07","13.36","28.14M","4.99%"
"10/31/2016","13.40","13.36","13.41","13.23","3.85M","0.82%"
"10/28/2016","13.29","12.89","13.36","12.89","2.40M","0.72%"
"10/27/2016","13.20","13.58","13.58","13.07","5.23M","-1.99%"
"10/26/2016","13.46","13.30","13.63","13.30","1.30M","0.00%"
"10/25/2016","13.47","13.36","13.64","13.33","6.33M","-1.36%"
"10/24/2016","13.65","13.70","13.82","13.64","821.70K","-1.38%"
"10/21/2016","13.85","14.18","14.18","13.75","4.04M","-1.04%"
"10/20/2016","13.99","13.73","14.20","13.64","9.12M","2.70%"
"10/19/2016","13.62","13.64","13.68","13.41","1.26M","-0.33%"
"10/18/2016","13.67","13.49","13.72","13.30","796.40K","-0.17%"
"10/17/2016","13.69","13.89","13.89","13.64","3.77M","-0.59%"
"10/14/2016","13.77","13.23","13.86","13.18","66.81M","3.59%"
"10/13/2016","13.30","13.50","13.54","13.19","2.33M","0.00%"
"10/10/2016","13.29","13.13","13.29","13.13","1.24M","1.99%"
"10/07/2016","13.03","12.98","13.23","12.98","1.01M","-0.31%"
"10/06/2016","13.07","13.23","13.27","13.05","4.39M","-0.96%"
"10/05/2016","13.20","13.31","13.31","13.02","1.21M","0.00%"
"10/04/2016","13.20","13.11","13.23","13.07","1.56M","1.57%"
"10/03/2016","13.00","13.14","13.30","12.96","9.63M","-0.49%"
"09/30/2016","13.06","13.05","13.17","12.89","138.60K","0.00%"
"09/29/2016","13.06","12.96","13.27","12.96","2.35M","0.70%"
"09/28/2016","12.97","12.92","13.07","12.92","225.50K","-0.11%"
"09/27/2016","12.98","13.18","13.18","12.95","284.90K","-1.01%"
"09/26/2016","13.11","13.18","13.20","13.01","1.14M","-0.48%"
"09/23/2016","13.18","12.95","13.18","12.84","2.63M","0.00%"
"09/22/2016","13.18","12.95","13.25","12.77","3.86M","1.54%"
"09/21/2016","12.98","13.23","13.25","12.68","991.10K","-2.66%"
"09/20/2016","13.33","13.34","13.50","13.32","34.10K","-0.37%"
"09/19/2016","13.38","13.55","13.55","13.36","341.00K","0.00%"
"09/16/2016","13.38","13.63","13.63","13.36","515.90K","-1.47%"
"09/15/2016","13.58","13.64","13.64","13.50","238.70K","-0.60%"
"09/09/2016","13.66","13.55","13.70","13.45","3.65M","0.87%"
"09/08/2016","13.55","13.52","13.63","13.50","1.02M","-0.20%"
"09/07/2016","13.57","13.30","13.59","13.30","3.01M","1.32%"
"09/06/2016","13.40","13.25","13.41","13.25","633.60K","-0.10%"
"09/05/2016","13.41","13.30","13.41","13.30","1.90M","-0.81%"
"09/02/2016","13.52","13.30","13.59","13.18","5.88M","0.10%"
"09/01/2016","13.50","13.52","13.55","13.32","1.17M","0.71%"
"08/31/2016","13.41","13.41","13.45","13.30","2.09M","0.00%"
"08/30/2016","13.40","13.40","13.45","13.30","1.29M","0.75%"
"08/29/2016","13.30","13.36","13.48","13.23","2.04M","0.00%"
"08/26/2016","13.30","13.16","13.64","12.96","3.11M","0.76%"
"08/25/2016","13.20","13.24","13.37","13.10","3.78M","-0.27%"
"08/24/2016","13.24","13.27","13.36","13.18","3.53M","0.45%"
"08/23/2016","13.18","13.18","13.30","13.16","258.50K","1.26%"
"08/22/2016","13.02","13.18","13.00","13.00","587.40K","-1.28%"
"08/19/2016","13.19","13.19","13.30","13.18","1.82M","-0.65%"
"08/18/2016","13.27","13.34","13.39","13.18","5.50M","0.27%"
"08/17/2016","13.24","13.29","13.36","13.18","1.17M","-1.12%"
"08/16/2016","13.39","13.45","13.59","13.27","2.60M","-0.61%"
"08/15/2016","13.47","13.59","13.68","13.41","9.82M","0.44%"
"08/12/2016","13.41","13.09","13.52","13.09","22.97M","0.17%"
"08/11/2016","13.39","13.22","13.41","13.18","3.80M","1.31%"
"08/10/2016","13.21","13.23","13.48","13.18","3.14M","-0.85%"
"08/09/2016","13.33","12.80","13.40","12.80","4.35M","2.45%"
"08/08/2016","13.01","13.25","13.25","13.00","155.10K","-0.80%"
"08/05/2016","13.11","13.17","13.18","12.95","172.70K","-0.38%"
"08/04/2016","13.16","12.95","13.20","12.84","7.37M","1.97%"
"08/03/2016","12.91","12.62","12.95","12.62","3.06M","-0.07%"
"08/02/2016","12.92","12.86","12.95","12.73","694.10K","0.57%"
"08/01/2016","12.85","12.50","12.95","12.50","4.97M","3.67%"
"07/29/2016","12.39","12.36","12.41","12.32","1.24M","0.07%"
"07/28/2016","12.38","12.27","12.45","12.27","1.53M","0.55%"
"07/27/2016","12.31","12.31","12.34","12.27","3.41M","0.30%"
"07/26/2016","12.28","12.27","12.32","12.23","1.68M","-0.37%"
"07/25/2016","12.32","11.89","12.35","11.85","1.89M","1.80%"
"07/22/2016","12.10","11.93","12.16","11.93","8.08M","0.41%"
"07/21/2016","12.05","12.16","12.27","12.05","303.60K","-1.01%"
"07/20/2016","12.18","11.85","12.27","11.80","11.09M","2.21%"
"07/19/2016","11.91","11.87","12.05","11.83","228.80K","-1.13%"
"07/18/2016","12.05","11.52","12.10","11.48","9.29M","4.45%"
"07/15/2016","11.54","11.64","11.75","11.48","1.81M","-0.90%"
"07/14/2016","11.64","11.60","11.68","11.38","693.00K","-0.08%"
"07/13/2016","11.65","11.59","11.70","11.55","880.00K","0.51%"
"07/12/2016","11.59","11.65","11.77","11.55","2.32M","-0.89%"
"07/11/2016","11.70","11.72","11.75","11.39","541.20K","0.90%"
"07/04/2016","11.59","11.59","11.70","11.57","257.40K","-0.27%"
"06/30/2016","11.62","11.52","11.67","11.44","487.30K","0.83%"
"06/29/2016","11.53","11.37","11.59","11.37","267.30K","1.32%"
"06/28/2016","11.38","11.36","11.59","11.27","1.62M","0.72%"
"06/27/2016","11.30","11.29","11.36","11.14","1.18M","0.00%"
"06/24/2016","11.29","11.36","11.43","11.00","1.60M","-1.47%"
"06/23/2016","11.46","11.43","11.48","11.36","1.15M","0.20%"
"06/22/2016","11.44","11.60","11.79","11.32","4.51M","-1.45%"
"06/21/2016","11.60","11.98","12.06","11.59","4.26M","-3.30%"
"06/20/2016","12.00","12.95","12.95","11.99","10.97M","-4.86%"
"06/17/2016","12.61","12.41","12.72","12.19","5.42M","2.59%"
"06/16/2016","12.30","11.97","12.32","11.65","6.95M","4.80%"
"06/15/2016","11.73","11.59","11.85","11.32","2.28M","2.79%"
"06/14/2016","11.41","11.05","11.48","11.05","3.39M","2.91%"
"06/13/2016","11.09","10.98","11.14","10.98","101.20K","0.00%"
"06/10/2016","11.09","11.05","11.18","11.00","568.70K","0.00%"
"06/09/2016","11.10","11.03","11.13","11.03","147.40K","-0.37%"
"06/08/2016","11.14","11.14","11.14","11.09","357.50K","0.57%"
"06/07/2016","11.07","11.30","11.30","11.05","125.40K","-0.77%"
"06/06/2016","11.16","11.23","11.23","11.00","694.10K","-0.81%"
"06/03/2016","11.25","11.14","11.30","11.14","763.40K","1.23%"
"06/02/2016","11.11","11.03","11.18","11.02","679.80K","0.20%"
"06/01/2016","11.09","11.07","11.18","10.95","1.91M","0.78%"
"05/31/2016","11.00","11.14","11.18","10.94","1.46M","-1.71%"
"05/30/2016","11.20","11.27","11.27","11.14","1.50M","-0.65%"
"05/27/2016","11.27","11.25","11.30","11.16","567.60K","0.77%"
"05/26/2016","11.18","11.14","11.32","11.14","2.10M","-0.61%"
"05/25/2016","11.25","11.23","11.27","11.16","232.10K","-0.52%"
"05/24/2016","11.31","11.23","11.39","11.14","960.30K","-0.44%"
"05/23/2016","11.36","11.27","11.36","11.18","1.64M","-0.08%"
"05/20/2016","11.37","11.36","11.41","11.36","665.50K","0.12%"
"05/19/2016","11.35","11.32","11.41","11.32","2.31M","0.28%"
"05/18/2016","11.32","11.36","11.39","11.27","322.30K","-0.32%"
"05/17/2016","11.36","11.37","11.53","11.32","929.50K","-0.48%"
"05/16/2016","11.41","11.48","11.59","11.38","446.60K","-1.02%"
"05/13/2016","11.53","11.50","11.59","11.48","468.60K","0.40%"
"05/12/2016","11.49","11.50","11.57","11.39","3.85M","-0.12%"
"05/11/2016","11.50","11.60","11.70","11.50","248.60K","-0.63%"
"05/10/2016","11.57","11.72","11.72","11.55","184.80K","-0.39%"
"05/09/2016","11.62","11.56","11.73","11.56","575.30K","0.35%"
"05/06/2016","11.58","11.77","11.81","11.52","774.40K","-1.36%"
"05/05/2016","11.74","11.59","11.77","11.51","7.68M","1.85%"
"05/04/2016","11.52","11.55","11.64","11.48","9.39M","0.72%"
"05/03/2016","11.44","11.43","11.55","11.39","3.79M","-0.40%"
"05/02/2016","11.49","11.50","11.82","11.43","18.61M","0.16%"
"04/29/2016","11.47","11.25","11.53","11.24","21.98M","1.33%"
"04/28/2016","11.32","11.43","11.59","11.25","7.90M","-0.16%"
"04/27/2016","11.34","11.18","11.38","10.95","8.84M","2.51%"
"04/26/2016","11.06","11.14","11.14","11.03","5.50M","-0.57%"
"04/25/2016","11.12","11.36","11.41","11.02","9.45M","-2.24%"
"04/22/2016","11.38","11.41","11.45","11.32","440.00K","-1.03%"
"04/21/2016","11.50","11.45","11.59","11.45","48.40K","-0.82%"
"04/20/2016","11.59","11.60","11.64","11.59","265.10K","-0.66%"
"04/19/2016","11.67","11.70","11.70","11.53","141.90K","-0.35%"
"04/18/2016","11.71","11.36","11.76","11.36","2.37M","2.59%"
"04/15/2016","11.41","11.39","11.50","11.36","161.70K","-0.16%"
"04/14/2016","11.43","11.58","11.59","11.36","1.44M","-0.28%"
"04/13/2016","11.46","11.59","11.59","11.41","265.10K","0.12%"
"04/12/2016","11.45","11.27","11.45","11.27","180.40K","0.52%"
"04/11/2016","11.39","11.59","11.70","11.36","651.20K","-1.73%"
"04/08/2016","11.59","11.54","11.59","11.54","138.60K","0.00%"
"04/07/2016","11.59","11.55","11.68","11.44","585.20K","0.35%"
"04/06/2016","11.55","11.19","11.68","11.19","2.84M","2.58%"
"04/05/2016","11.25","11.25","11.32","11.14","871.20K","-0.44%"
"04/04/2016","11.30","11.36","11.36","11.25","154.00K","-0.20%"
"04/01/2016","11.33","11.48","11.48","11.21","563.20K","0.00%"
"03/31/2016","11.32","11.02","11.41","11.02","3.06M","3.40%"
"03/30/2016","10.95","11.05","11.05","10.91","661.10K","0.42%"
"03/29/2016","10.90","10.77","11.04","10.77","876.70K","0.46%"
"03/28/2016","10.85","11.13","11.14","10.80","1.23M","-1.77%"
"03/25/2016","11.05","11.25","11.27","10.98","774.40K","-1.58%"
"03/24/2016","11.23","11.34","11.34","11.14","256.30K","-0.48%"
"03/22/2016","11.28","11.27","11.36","11.09","674.30K","0.00%"
"03/21/2016","11.29","11.19","11.36","11.18","482.90K","0.00%"
"03/18/2016","11.29","11.18","11.50","11.19","493.90K","-2.70%"
"03/17/2016","11.60","11.70","11.77","11.59","361.90K","0.08%"
"03/16/2016","11.59","11.59","11.68","11.57","877.80K","0.55%"
"03/15/2016","11.53","11.50","11.59","11.50","330.00K","-0.86%"
"03/14/2016","11.63","11.64","11.77","11.60","491.70K","-0.85%"
"03/11/2016","11.73","11.73","11.82","11.59","448.80K","0.00%"
"03/10/2016","11.73","11.82","11.82","11.69","28.60K","-0.62%"
"03/09/2016","11.80","11.59","12.04","11.59","739.20K","-0.15%"
"03/08/2016","11.82","12.04","12.11","11.71","1.76M","-1.70%"
"03/07/2016","12.02","12.00","12.06","11.82","870.10K","0.46%"
"03/04/2016","11.97","12.20","12.20","11.89","657.80K","-1.57%"
"03/03/2016","12.16","11.64","12.29","11.60","4.30M","3.84%"
"03/02/2016","11.71","11.73","11.85","11.15","3.87M","0.31%"
"03/01/2016","11.67","11.68","11.82","11.67","11.45M","-4.99%"
"02/29/2016","12.29","11.96","12.32","11.96","1.01M","1.39%"
"02/26/2016","12.12","12.11","12.16","12.05","685.30K","0.41%"
"02/25/2016","12.07","12.09","12.16","11.93","693.00K","0.34%"
"02/24/2016","12.03","11.95","12.05","11.82","1.43M","1.50%"
"02/23/2016","11.85","11.95","11.95","11.82","180.40K","-0.95%"
"02/22/2016","11.96","12.10","12.10","11.95","368.50K","-1.39%"
"02/19/2016","12.13","12.00","12.23","11.84","490.60K","0.79%"
"02/18/2016","12.04","12.13","12.13","11.93","293.70K","0.00%"
"02/17/2016","12.04","11.89","12.27","11.89","298.10K","0.53%"
"02/16/2016","11.98","12.32","12.32","11.82","6.41M","-2.77%"
"02/15/2016","12.32","12.47","12.47","12.28","256.30K","0.67%"
"02/12/2016","12.24","12.27","12.39","12.14","300.30K","-0.66%"
"02/11/2016","12.32","12.71","12.71","12.30","152.90K","-1.20%"
"02/10/2016","12.47","12.91","13.12","12.41","2.25M","-3.21%"
"02/09/2016","12.88","12.96","13.07","12.87","598.40K","-2.01%"
"02/08/2016","13.15","13.36","13.36","13.08","6.13M","-0.24%"
"02/04/2016","13.18","12.95","13.30","12.89","1.70M","1.86%"
"02/03/2016","12.94","12.87","13.14","12.75","1.32M","0.67%"
"02/02/2016","12.85","12.61","13.02","12.59","2.64M","3.55%"
"02/01/2016","12.41","11.82","12.41","11.82","2.15M","5.00%"
"01/29/2016","11.82","12.03","12.03","11.80","1.30M","-1.14%"
"01/28/2016","11.95","12.05","12.08","11.86","212.30K","-0.19%"
"01/27/2016","11.98","11.94","12.14","11.93","1.99M","-0.15%"
"01/26/2016","12.00","11.96","12.14","11.96","457.60K","-1.16%"
"01/25/2016","12.14","12.32","12.32","12.05","807.40K","-0.60%"
"01/22/2016","12.21","12.30","12.50","12.18","434.50K","-0.52%"
"01/21/2016","12.27","12.18","12.36","12.16","47.30K","-0.26%"
"01/20/2016","12.30","12.24","12.39","12.24","37.40K","-1.49%"
"01/19/2016","12.49","12.27","12.50","12.14","374.00K","3.31%"
"01/18/2016","12.09","12.11","12.14","11.88","2.03M","-3.27%"
"01/15/2016","12.50","13.12","13.12","12.41","522.50K","-1.75%"
"01/14/2016","12.72","12.87","13.30","12.61","1.64M","-3.91%"
"01/13/2016","13.24","13.38","13.39","13.18","424.60K","-0.21%"
"01/12/2016","13.27","13.09","13.29","13.09","309.10K","-0.21%"
"01/11/2016","13.30","13.32","13.32","13.18","33.00K","0.14%"
"01/08/2016","13.28","13.18","13.40","13.07","7.36M","0.38%"
"01/07/2016","13.23","13.27","13.30","13.15","99.00K","-0.68%"
"01/06/2016","13.32","13.45","13.45","13.19","291.50K","-0.20%"
"01/05/2016","13.35","13.07","13.41","13.07","1.19M","1.56%"
"01/04/2016","13.14","13.36","13.36","13.14","324.50K","-1.30%"
"01/01/2016","13.31","13.23","13.36","13.20","104.50K","1.63%"
"12/31/2015","13.10","13.18","13.30","13.09","970.20K","-0.65%"
"12/30/2015","13.19","13.11","13.25","13.09","2.45M","0.45%"
"12/29/2015","13.13","13.18","13.27","13.11","966.90K","-0.31%"
"12/28/2015","13.17","13.39","13.39","13.09","1.21M","0.00%"
"12/23/2015","13.17","13.18","13.30","13.14","674.30K","-0.86%"
"12/22/2015","13.29","13.41","13.46","13.25","7.35M","-1.02%"
"12/21/2015","13.42","13.18","13.50","13.09","4.59M","1.69%"
"12/18/2015","13.20","13.49","13.49","13.05","101.20K","0.17%"
"12/17/2015","13.18","13.18","13.18","13.05","1.54M","0.76%"
"12/16/2015","13.08","13.19","13.23","13.05","689.70K","-0.48%"
"12/15/2015","13.14","13.07","13.52","13.07","1.31M","-0.31%"
"12/14/2015","13.18","13.41","13.41","13.07","594.00K","-2.09%"
"12/11/2015","13.46","13.53","13.58","13.35","745.80K","-0.77%"
"12/10/2015","13.57","13.52","13.64","13.46","4.00M","1.19%"
"12/09/2015","13.41","13.41","13.52","13.18","1.09M","1.06%"
"12/08/2015","13.27","13.18","13.45","13.18","2.13M","0.66%"
"12/07/2015","13.18","13.07","13.36","13.07","130.90K","0.00%"
"12/04/2015","13.19","13.03","13.32","13.03","198.00K","-0.99%"
"12/03/2015","13.32","13.23","13.32","13.18","150.70K","1.03%"
"12/02/2015","13.18","12.73","13.27","12.73","1.15M","2.26%"
"12/01/2015","12.89","12.77","13.00","12.77","975.70K","0.71%"
"11/30/2015","12.80","13.00","13.04","12.73","448.80K","-2.53%"
"11/27/2015","13.13","13.19","13.27","13.07","391.60K","-0.45%"
"11/26/2015","13.19","13.00","13.23","12.85","2.99M","3.64%"
"11/25/2015","12.73","12.98","12.98","12.50","1.70M","-2.34%"
"11/24/2015","13.03","13.18","13.18","13.02","301.40K","-0.90%"
"11/23/2015","13.15","13.18","13.25","13.12","2.69M","-0.17%"
"11/20/2015","13.17","13.18","13.18","13.05","40.70K","-0.07%"
"11/19/2015","13.18","13.30","13.30","13.09","82.50K","-0.10%"
"11/18/2015","13.20","13.40","13.41","13.18","5.10M","-1.66%"
"11/17/2015","13.42","13.61","13.68","13.41","1.40M","-0.81%"
"11/16/2015","13.53","13.52","13.54","13.33","433.40K","0.00%"
"11/13/2015","13.52","13.73","13.75","13.48","1.70M","-0.60%"
"11/12/2015","13.60","13.52","13.64","13.41","2.14M","2.08%"
"11/11/2015","13.33","13.14","13.41","12.96","1.46M","1.17%"
"11/10/2015","13.17","13.18","13.19","13.05","388.30K","-0.07%"
"11/09/2015","13.18","13.14","13.23","13.00","513.70K","0.31%"
"11/06/2015","13.14","13.18","13.27","13.14","84.70K","-0.86%"
"11/05/2015","13.25","13.23","13.36","13.09","190.30K","0.00%"
"11/04/2015","13.25","13.31","13.41","13.16","1.30M","0.66%"
"11/03/2015","13.16","13.00","13.22","13.00","151.80K","0.42%"
"11/02/2015","13.11","13.00","13.18","12.91","569.80K","0.42%"
"10/30/2015","13.05","13.18","13.22","13.02","360.80K","-1.24%"
"10/29/2015","13.22","13.45","13.45","13.18","3.96M","0.00%"
"10/28/2015","13.21","13.16","13.31","13.07","4.03M","1.01%"
"10/27/2015","13.08","13.09","13.27","13.02","12.03M","-0.10%"
"10/26/2015","13.10","12.86","13.14","12.82","5.20M","2.89%"
"10/22/2015","12.73","12.72","13.05","12.64","9.26M","2.38%"
"10/21/2015","12.43","12.50","12.50","12.32","449.90K","-0.36%"
"10/20/2015","12.48","12.57","12.59","12.42","1.50M","-0.29%"
"10/19/2015","12.51","12.41","12.56","12.18","926.20K","1.59%"
"10/16/2015","12.32","12.27","12.34","12.27","49.50K","0.00%"
"10/15/2015","12.32","12.34","12.43","12.27","394.90K","0.26%"
"10/14/2015","12.29","12.47","12.47","12.16","899.80K","-0.18%"
"10/13/2015","12.31","12.59","12.59","12.27","528.00K","-0.91%"
"10/12/2015","12.42","12.33","12.55","12.32","431.20K","0.18%"
"10/09/2015","12.40","12.27","12.45","12.27","248.60K","-0.58%"
"10/08/2015","12.47","12.45","12.50","12.29","1.07M","0.55%"
"10/07/2015","12.40","12.28","12.49","12.27","899.80K","0.00%"
"10/06/2015","12.41","12.09","12.45","12.09","365.20K","2.98%"
"10/05/2015","12.05","12.25","12.50","12.01","1.99M","0.08%"
"10/02/2015","12.04","11.73","12.15","11.73","1.18M","2.79%"
"10/01/2015","11.71","11.48","11.77","11.41","1.30M","3.37%"
"09/30/2015","11.33","11.52","11.52","11.25","3.14M","-1.23%"
"09/29/2015","11.47","11.50","11.60","11.36","817.30K","-1.25%"
"09/28/2015","11.62","11.70","11.70","11.61","136.40K","-1.31%"
"09/23/2015","11.77","11.59","11.93","11.52","2.21M","1.49%"
"09/22/2015","11.60","11.59","11.68","11.20","4.04M","1.03%"
"09/21/2015","11.48","11.41","11.75","11.41","517.00K","-1.10%"
"09/18/2015","11.61","11.64","11.81","11.55","408.10K","-1.39%"
"09/17/2015","11.77","11.86","11.93","11.75","1.12M","-0.73%"
"09/16/2015","11.86","12.11","12.11","11.79","205.70K","-0.80%"
"09/15/2015","11.95","11.91","12.26","11.70","2.07M","-0.79%"
"09/14/2015","12.05","12.01","12.16","12.01","311.30K","-1.19%"
"09/11/2015","12.20","12.14","12.27","12.14","320.10K","0.26%"
"09/10/2015","12.16","12.25","12.25","12.16","42.90K","-0.71%"
"09/09/2015","12.25","12.27","12.27","12.18","227.70K","-0.15%"
"09/08/2015","12.27","12.09","12.27","12.00","375.10K","0.56%"
"09/07/2015","12.20","12.43","12.50","12.05","983.40K","-2.65%"
"09/04/2015","12.53","12.66","12.66","12.35","276.10K","-1.39%"
"09/03/2015","12.71","12.68","12.73","12.61","3.60M","0.22%"
"09/02/2015","12.68","12.50","12.84","12.50","1.38M","0.11%"
"09/01/2015","12.67","12.52","12.84","12.52","2.67M","0.00%"
"08/31/2015","12.66","12.64","12.77","12.37","1.42M","0.47%"
"08/28/2015","12.60","12.49","12.64","12.27","2.08M","2.25%"
"08/27/2015","12.33","12.27","12.36","12.14","589.60K","1.35%"
"08/26/2015","12.16","12.48","12.48","12.14","2.50M","-0.89%"
"08/25/2015","12.27","11.82","12.29","11.82","3.53M","4.85%"
"08/24/2015","11.70","11.89","12.02","11.68","2.44M","-4.56%"
"08/21/2015","12.26","12.50","12.50","12.09","1.45M","-1.03%"
"08/20/2015","12.39","12.59","12.60","12.39","688.60K","-1.69%"
"08/19/2015","12.60","12.49","12.84","12.45","11.64M","2.25%"
"08/18/2015","12.33","12.41","12.49","12.27","2.50M","0.00%"
"08/17/2015","12.32","12.32","12.45","12.27","3.54M","-1.81%"
"08/13/2015","12.55","12.72","12.73","12.36","1.43M","-0.72%"
"08/12/2015","12.64","12.73","12.85","12.57","2.02M","-1.00%"
"08/11/2015","12.77","12.78","12.84","12.61","1.84M","-0.53%"
"08/10/2015","12.84","12.86","12.89","12.74","568.70K","-0.98%"
"08/07/2015","12.96","12.89","12.96","12.85","522.50K","0.21%"
"08/06/2015","12.94","12.91","13.11","12.85","2.50M","0.39%"
"08/05/2015","12.89","12.82","12.95","12.75","7.05M","-0.11%"
"08/04/2015","12.90","12.90","12.95","12.77","8.98M","0.57%"
"08/03/2015","12.83","12.77","12.93","12.61","1.72M","-0.21%"
"07/31/2015","12.85","12.95","13.14","12.84","1.85M","-0.88%"
"07/30/2015","12.97","12.90","13.05","12.70","2.58M","0.85%"
"07/29/2015","12.86","12.86","13.00","12.77","3.19M","1.11%"
"07/28/2015","12.72","12.73","12.88","12.65","1.10M","1.01%"
"07/27/2015","12.59","12.73","13.07","12.45","2.77M","-1.21%"
"07/24/2015","12.75","13.05","13.10","12.68","7.28M","-2.33%"
"07/23/2015","13.05","13.18","13.18","12.95","6.61M","0.00%"
"07/22/2015","13.05","12.50","13.05","12.50","10.19M","4.97%"
"07/16/2015","12.43","12.41","12.52","12.27","1.95M","0.92%"
"07/15/2015","12.32","12.50","12.50","12.27","2.26M","0.44%"
"07/14/2015","12.26","12.05","12.27","12.02","925.10K","0.41%"
"07/13/2015","12.21","12.27","12.32","12.16","3.93M","-1.07%"
"07/10/2015","12.35","12.23","12.43","12.18","3.52M","1.12%"
"07/09/2015","12.21","11.81","12.36","11.80","5.57M","1.78%"
"07/08/2015","12.00","12.05","12.07","11.86","2.37M","-1.05%"
"07/07/2015","12.12","11.80","12.16","11.77","4.93M","3.29%"
"07/06/2015","11.74","11.81","11.81","11.55","1.89M","0.16%"
"07/03/2015","11.72","11.50","11.80","11.50","1.67M","0.62%"
"07/02/2015","11.65","11.52","11.72","11.48","2.13M","1.30%"
"07/01/2015","11.50","11.50","11.52","11.32","966.90K","0.00%"
"06/30/2015","11.50","11.42","11.54","11.39","3.78M","0.84%"
"06/29/2015","11.40","11.13","11.45","11.08","5.25M","3.00%"
"06/26/2015","11.07","10.91","11.23","10.91","4.14M","1.92%"
"06/25/2015","10.86","11.19","11.25","10.83","5.98M","-3.24%"
"06/24/2015","11.23","11.36","11.36","11.15","3.66M","-1.00%"
"06/23/2015","11.34","11.25","11.36","11.14","551.10K","0.24%"
"06/22/2015","11.31","11.24","11.37","11.24","529.10K","-0.28%"
"06/19/2015","11.35","11.11","11.36","11.11","1.88M","0.85%"
"06/18/2015","11.25","11.00","11.35","11.00","2.00M","2.44%"
"06/17/2015","10.98","11.05","11.14","10.95","987.80K","-0.62%"
"06/16/2015","11.05","11.36","11.36","11.00","2.06M","-1.22%"
"06/15/2015","11.19","11.47","11.47","11.14","1.42M","-1.40%"
"06/12/2015","11.35","11.36","11.43","11.28","1.31M","-0.76%"
"06/11/2015","11.43","11.37","11.55","11.37","1.42M","0.44%"
"06/10/2015","11.38","11.68","11.70","11.36","7.19M","-1.77%"
"06/09/2015","11.59","11.43","11.70","11.36","6.03M","1.35%"
"06/08/2015","11.43","11.43","11.59","11.43","14.71M","-4.99%"
"06/05/2015","12.03","12.09","12.23","11.87","1.29M","-0.34%"
"06/04/2015","12.07","12.11","12.20","12.00","1.50M","-0.78%"
"06/03/2015","12.17","12.15","12.28","12.10","3.37M","0.34%"
"06/02/2015","12.13","12.04","12.34","12.04","12.09M","1.29%"
"06/01/2015","11.97","11.92","12.00","11.82","2.38M","1.42%"
"05/29/2015","11.80","11.81","11.85","11.59","4.01M","0.58%"
"05/28/2015","11.74","11.82","11.89","11.70","1.90M","-0.77%"
"05/27/2015","11.83","11.77","11.97","11.64","5.93M","0.89%"
"05/26/2015","11.72","11.81","11.86","11.68","386.10K","-0.77%"
"05/25/2015","11.81","12.32","12.32","11.68","12.50M","-3.92%"
"05/22/2015","12.30","12.31","12.36","12.18","1.73M","-0.15%"
"05/21/2015","12.31","12.25","12.36","12.25","343.20K","0.07%"
"05/20/2015","12.30","12.36","12.40","12.27","984.50K","-1.38%"
"05/19/2015","12.48","12.72","12.73","12.41","836.00K","-1.01%"
"05/18/2015","12.60","12.82","12.82","12.52","1.76M","-2.43%"
"05/15/2015","12.92","13.00","13.00","12.82","330.00K","-0.42%"
"05/14/2015","12.97","13.05","13.05","12.95","797.50K","-0.31%"
"05/13/2015","13.01","13.09","13.09","12.93","786.50K","0.39%"
"05/12/2015","12.96","12.91","13.17","12.55","985.60K","1.21%"
"05/11/2015","12.81","13.19","13.34","12.77","2.89M","-3.16%"
"05/08/2015","13.23","13.39","13.41","13.14","1.52M","-1.39%"
"05/07/2015","13.41","13.34","13.55","13.18","1.82M","0.55%"
"05/06/2015","13.34","13.30","13.36","13.27","2.25M","0.72%"
"05/05/2015","13.25","13.37","13.57","13.16","1.79M","-1.49%"
"05/04/2015","13.45","13.55","13.72","13.35","662.20K","-0.64%"
"04/30/2015","13.53","13.52","13.61","13.41","877.80K","0.78%"
"04/29/2015","13.43","13.55","13.58","13.36","1.91M","-1.01%"
"04/28/2015","13.56","13.75","13.90","13.41","2.52M","-1.39%"
"04/27/2015","13.75","13.72","13.87","13.63","5.12M","-0.53%"
"04/24/2015","13.83","13.60","13.91","13.60","6.25M","0.66%"
"04/23/2015","13.74","13.95","14.05","13.68","13.00M","2.65%"
"04/22/2015","13.38","12.68","13.38","12.68","18.42M","4.99%"
"04/21/2015","12.75","12.64","12.86","12.64","4.99M","0.21%"
"04/20/2015","12.72","12.45","12.82","12.41","7.50M","2.91%"
"04/17/2015","12.36","12.27","12.43","12.21","6.11M","1.80%"
"04/16/2015","12.14","11.99","12.30","11.99","12.59M","1.06%"
"04/15/2015","12.01","12.14","12.23","11.96","1.22M","-0.86%"
"04/14/2015","12.12","12.06","12.18","11.95","709.50K","0.38%"
"04/13/2015","12.07","12.05","12.16","12.00","852.50K","-0.75%"
"04/10/2015","12.16","11.93","12.36","11.84","5.52M","2.14%"
"04/09/2015","11.91","11.87","11.95","11.73","1.47M","0.31%"
"04/08/2015","11.87","11.86","12.04","11.82","2.77M","0.46%"
"04/07/2015","11.82","12.05","12.22","11.77","1.72M","-2.22%"
"04/06/2015","12.09","12.27","12.43","12.00","4.71M","-0.34%"
"04/03/2015","12.13","11.64","12.13","11.55","10.03M","5.00%"
"04/02/2015","11.55","11.57","11.66","11.46","6.12M","0.63%"
"04/01/2015","11.48","11.64","11.95","11.36","10.44M","-1.48%"
"03/31/2015","11.65","10.91","11.65","10.91","8.47M","4.95%"
"03/30/2015","11.10","11.39","11.68","11.03","10.95M","-4.35%"
"03/27/2015","11.60","11.99","11.99","11.36","7.09M","-1.88%"
"03/26/2015","11.83","12.07","12.15","11.64","5.57M","-2.55%"
"03/25/2015","12.14","12.04","12.17","11.87","826.10K","-0.30%"
"03/24/2015","12.17","12.32","12.32","11.83","4.51M","-0.81%"
"03/20/2015","12.27","12.18","12.58","12.18","2.32M","-1.21%"
"03/19/2015","12.42","12.27","12.56","12.05","2.37M","-6.28%"
"03/18/2015","13.25","13.41","13.52","13.11","2.29M","-1.39%"
"03/17/2015","13.44","13.61","13.61","13.32","9.75M","-1.33%"
"03/16/2015","13.62","13.65","13.66","13.56","1.07M","-0.50%"
"03/13/2015","13.69","13.64","13.75","13.41","4.17M","1.89%"
"03/12/2015","13.44","13.36","13.61","13.36","1.42M","-0.30%"
"03/11/2015","13.48","13.25","13.52","13.25","4.35M","-0.70%"
"03/10/2015","13.57","13.59","13.75","13.33","6.01M","0.27%"
"03/09/2015","13.54","13.97","13.97","13.41","4.70M","-2.33%"
"03/06/2015","13.86","14.02","14.02","13.82","5.97M","-0.88%"
"03/05/2015","13.98","14.09","14.15","13.87","4.70M","-0.90%"
"03/04/2015","14.11","14.11","14.27","14.09","1.91M","-0.35%"
"03/03/2015","14.16","14.18","14.21","13.91","4.50M","0.00%"
"03/02/2015","14.15","14.47","14.47","13.95","4.00M","-1.64%"
"02/27/2015","14.39","14.46","14.46","14.02","7.19M","0.89%"
"02/26/2015","14.26","14.58","14.59","14.18","6.48M","-2.73%"
"02/25/2015","14.66","14.86","14.86","14.57","628.10K","-0.80%"
"02/24/2015","14.78","14.90","14.90","14.77","469.70K","-0.37%"
"02/23/2015","14.84","14.80","14.91","14.75","2.04M","0.43%"
"02/20/2015","14.77","14.70","14.80","14.55","2.44M","0.68%"
"02/19/2015","14.67","14.45","14.68","14.45","2.36M","1.99%"
"02/18/2015","14.39","14.55","14.56","14.39","492.80K","-0.41%"
"02/17/2015","14.45","14.59","14.59","14.32","1.06M","-0.63%"
"02/16/2015","14.54","14.57","14.59","14.36","748.00K","0.00%"
"02/13/2015","14.54","14.32","14.59","14.23","3.31M","1.81%"
"02/12/2015","14.28","14.55","14.64","14.16","7.08M","-1.66%"
"02/11/2015","14.52","14.86","14.86","14.41","4.85M","-2.02%"
"02/10/2015","14.82","15.31","15.31","14.69","9.72M","-2.45%"
"02/09/2015","15.19","15.43","15.45","15.11","1.14M","-0.68%"
"02/06/2015","15.30","15.23","15.34","15.19","1.92M","0.51%"
"02/04/2015","15.22","15.41","15.45","15.18","2.88M","-0.65%"
"02/03/2015","15.32","15.45","15.45","15.24","2.04M","-0.18%"
"02/02/2015","15.35","15.45","15.50","15.30","4.10M","0.00%"
"01/30/2015","15.34","15.32","15.50","15.18","22.42M","0.99%"
"01/29/2015","15.19","15.26","15.45","15.12","4.42M","-0.39%"
"01/28/2015","15.25","15.27","15.40","15.16","1.67M","-0.39%"
"01/27/2015","15.31","15.45","15.48","15.18","14.93M","-0.97%"
"01/26/2015","15.46","15.32","15.57","15.14","3.36M","0.92%"
"01/23/2015","15.32","15.28","15.35","15.27","698.50K","-0.82%"
"01/22/2015","15.45","15.45","15.55","15.32","4.20M","-0.76%"
"01/21/2015","15.56","15.28","15.70","15.28","8.58M","1.30%"
"01/20/2015","15.36","15.25","15.45","15.17","3.84M","0.27%"
"01/19/2015","15.32","15.41","15.45","15.30","1.23M","-0.09%"
"01/16/2015","15.34","15.30","15.46","15.30","2.28M","-0.06%"
"01/15/2015","15.35","15.32","15.45","15.32","1.88M","-0.06%"
"01/14/2015","15.35","15.45","15.50","15.25","3.29M","-0.41%"
"01/13/2015","15.42","15.45","15.52","15.23","1.87M","0.27%"
"01/12/2015","15.38","15.45","15.59","15.32","4.59M","-0.27%"
"01/09/2015","15.42","15.31","15.56","15.25","21.93M","1.25%"
"01/08/2015","15.23","14.89","15.32","14.89","8.32M","1.92%"
"01/07/2015","14.94","15.17","15.17","14.78","18.15M","-0.75%"
"01/06/2015","15.05","15.36","15.45","15.03","4.00M","-2.13%"