Date,open,high,low,Price,Change %
2015-01-06,6.61616031833372,6.6549268826989545,6.474016248994517,6.4826310410756856,
2015-01-07,6.5343197935626645,6.5343197935626645,6.366331347979973,6.43524968462928,
2015-01-08,6.413712704426371,6.598930734171392,6.413712704426371,6.560164169806154,
2015-01-09,6.594623338130811,6.702308239145357,6.568778961887317,6.64200469457721,
2015-01-12,6.6549268826989545,6.715230427267103,6.598930734171392,6.624775110414882,
2015-01-13,6.6549268826989545,6.685078654983029,6.560164169806154,6.64200469457721,
2015-01-14,6.6549268826989545,6.676463862901866,6.568778961887317,6.6118529222931395,
2015-01-15,6.598930734171392,6.6549268826989545,6.598930734171392,6.6118529222931395,
2015-01-16,6.590315942090232,6.659234278739538,6.590315942090232,6.607545526252554,
2015-01-19,6.637697298536629,6.6549268826989545,6.590315942090232,6.598930734171392,
2015-01-20,6.568778961887317,6.6549268826989545,6.5343197935626645,6.61616031833372,
2015-01-21,6.581701150009065,6.762611783713502,6.581701150009065,6.702308239145357,
2015-01-22,6.6549268826989545,6.698000843104776,6.598930734171392,6.6549268826989545,
2015-01-23,6.581701150009065,6.6118529222931395,6.577393753968483,6.598930734171392,
2015-01-26,6.598930734171392,6.70661563518594,6.521397605440919,6.659234278739538,
2015-01-27,6.6549268826989545,6.667849070820701,6.538627189603244,6.594623338130811,
2015-01-28,6.577393753968483,6.633389902496046,6.530012397522084,6.568778961887317,
2015-01-29,6.5730863579279015,6.6549268826989545,6.512782813359755,6.542934585643828,
2015-01-30,6.598930734171392,6.676463862901866,6.538627189603244,6.607545526252554,
2015-02-02,6.6549268826989545,6.676463862901866,6.590315942090232,6.6118529222931395,
2015-02-03,6.6549268826989545,6.6549268826989545,6.564471565846739,6.598930734171392,
2015-02-04,6.637697298536629,6.6549268826989545,6.538627189603244,6.555856773765572,
2015-02-06,6.560164169806154,6.607545526252554,6.542934585643828,6.590315942090232,
2015-02-09,6.646312090617793,6.6549268826989545,6.508475417319171,6.542934585643828,
2015-02-10,6.594623338130811,6.594623338130811,6.3275647836147355,6.383560932142299,
2015-02-11,6.400790516304626,6.400790516304626,6.206957694478446,6.254339050924844,
2015-02-12,6.26726123904659,6.306027803411825,6.099272793463897,6.150961545950882,
2015-02-13,6.168191130113207,6.284490823208917,6.129424565747971,6.262953843006009,
2015-02-16,6.275876031127752,6.284490823208917,6.185420714275535,6.262953843006009,
2015-02-17,6.284490823208917,6.284490823208917,6.168191130113207,6.22418727864077,
2015-02-18,6.26726123904659,6.271568635087171,6.198342902397277,6.198342902397277,
2015-02-19,6.22418727864077,6.323257387574153,6.22418727864077,6.318949991533573,
2015-02-20,6.331872179655319,6.3749461400611365,6.26726123904659,6.36202395193939,
2015-02-23,6.3749461400611365,6.422327496507535,6.353409159858227,6.392175724223466,
2015-02-24,6.418020100466956,6.418020100466956,6.36202395193939,6.366331347979973,
2015-02-25,6.400790516304626,6.400790516304626,6.275876031127752,6.314642595492991,
2015-02-26,6.2801834271683346,6.284490823208917,6.10788758554506,6.142346753869716,
2015-02-27,6.228494674681354,6.228494674681354,6.03896924889575,6.198342902397277,
2015-03-02,6.232802070721936,6.232802070721936,6.008817476611678,6.094965397423317,
2015-03-03,6.10788758554506,6.120809773666808,5.991587892449353,6.099272793463897,
2015-03-04,6.077735813260989,6.146654149910298,6.069121021179825,6.077735813260989,
2015-03-05,6.069121021179825,6.094965397423317,5.974358308287023,6.021739664733426,
2015-03-06,6.03896924889575,6.03896924889575,5.952821328084114,5.970050912246442,
2015-03-09,6.017432268692843,6.017432268692843,5.776218090420259,5.832214238947822,
2015-03-10,5.853751219150732,5.9226695558000415,5.741758922095605,5.845136427069567,
2015-03-11,5.707299753770951,5.823599446866659,5.707299753770951,5.806369862704333,
2015-03-12,5.75468111021735,5.862366011231897,5.75468111021735,5.789140278542004,
2015-03-13,5.875288199353642,5.9226695558000415,5.776218090420259,5.896825179556552,
2015-03-16,5.879595595394224,5.883902991434803,5.840829031028988,5.866673407272479,
2015-03-17,5.862366011231897,5.862366011231897,5.737451526055021,5.789140278542004,
2015-03-18,5.776218090420259,5.823599446866659,5.646996209202804,5.707299753770951,
2015-03-19,5.702579376124722,5.837359165780482,5.600332639144492,5.772293060429424,
2015-03-20,5.660751165541899,5.846654323687775,5.660751165541899,5.702579376124722,
2015-03-24,5.725817270892958,5.725817270892958,5.4980859021642585,5.6561035865882525,
2015-03-25,5.595685060190841,5.6561035865882525,5.516676217978846,5.642160849727312,
2015-03-26,5.609627797051784,5.646808428680961,5.409781902044968,5.4980859021642585,
2015-03-27,5.572447165422608,5.572447165422608,5.279649691342854,5.391191586230381,
2015-03-30,5.293592428203796,5.428372217859555,5.12627958587251,5.158812638548035,
2015-03-31,5.0705086384287466,5.414429480998616,5.0705086384287466,5.414429480998616,
2015-04-01,5.409781902044968,5.55385684960802,5.279649691342854,5.335420638786617,
2015-04-02,5.377248849369441,5.419077059952261,5.326125480879324,5.367953691462146,
2015-04-03,5.409781902044968,5.637513270773664,5.367953691462146,5.637513270773664,
2015-04-06,5.702579376124722,5.776940639383072,5.577094744376255,5.6189229549590785,
2015-04-07,5.600332639144492,5.679341481356491,5.470200428442379,5.493438323210611,
2015-04-08,5.512028639025199,5.595685060190841,5.493438323210611,5.516676217978846,
2015-04-09,5.516676217978846,5.55385684960802,5.451610112627792,5.535266533793436,
2015-04-10,5.5445616917007285,5.744407586707544,5.5027334811179065,5.651456007634606,
2015-04-13,5.600332639144492,5.651456007634606,5.577094744376255,5.609627797051784,
2015-04-14,5.60498021809814,5.660751165541899,5.55385684960802,5.632865691820018,
2015-04-15,5.642160849727312,5.683989060310136,5.55850442856167,5.581742323329902,
2015-04-16,5.572447165422608,5.716522112985663,5.572447165422608,5.642160849727312,
2015-04-17,5.702579376124722,5.776940639383072,5.674693902402842,5.744407586707544,
2015-04-20,5.786235797290365,5.958196218575301,5.767645481475776,5.911720429038829,
2015-04-21,5.874539797409656,5.976786534389889,5.874539797409656,5.925663165899772,
2015-04-22,5.893130113224243,6.218460639979529,5.893130113224243,6.218460639979529,
2015-04-23,6.483372640337397,6.529848429873867,6.357888008588931,6.385773482310814,
2015-04-24,6.320707376959755,6.464782324522812,6.320707376959755,6.427601692893637,
2015-04-27,6.376478324403521,6.446192008708222,6.334650113820699,6.39042106126446,
2015-04-28,6.39042106126446,6.460134745569164,6.232403376840466,6.302117061145171,
2015-04-29,6.2974694821915245,6.311412219052462,6.2091654820722315,6.241698534747758,
2015-04-30,6.283526745330581,6.325354955913404,6.232403376840466,6.2881743242842285,
2015-05-04,6.2974694821915245,6.376478324403521,6.204517903118585,6.2509936926550544,
2015-05-05,6.213813061025877,6.306764640098815,6.116213902999295,6.158042113582118,
2015-05-06,6.1812800083503525,6.2091654820722315,6.167337271489409,6.199870324164937,
2015-05-07,6.199870324164937,6.2974694821915245,6.125509060906589,6.232403376840466,
2015-05-08,6.223108218933175,6.232403376840466,6.106918745091999,6.148746955674822,
2015-05-11,6.130156639860236,6.199870324164937,5.934958323807067,5.953548639621653,
2015-05-12,6.000024429158121,6.120861481952938,5.832711586826836,6.0232623239263585,
2015-05-13,6.083680850323768,6.083680850323768,6.009319587065416,6.046500218694591,
2015-05-14,6.06509053450918,6.06509053450918,6.018614744972709,6.027909902880003,
2015-05-15,6.041852639740945,6.041852639740945,5.958196218575301,6.004672008111768,
2015-05-18,5.958196218575301,5.958196218575301,5.818768849965895,5.855949481595069,
2015-05-19,5.911720429038829,5.91636800799248,5.767645481475776,5.800178534151308,
2015-05-20,5.744407586707544,5.762997902522135,5.702579376124722,5.716522112985663,
2015-05-21,5.693284218217428,5.744407586707544,5.693284218217428,5.721169691939309,
2015-05-22,5.721169691939309,5.744407586707544,5.660751165541899,5.716522112985663,
2015-05-25,5.725817270892958,5.725817270892958,5.428372217859555,5.488790744256966,
2015-05-26,5.488790744256966,5.512028639025199,5.428372217859555,5.446962533674143,
2015-05-27,5.470200428442379,5.563152007515317,5.409781902044968,5.4980859021642585,
2015-05-28,5.493438323210611,5.525971375886139,5.437667375766846,5.456257691581437,
2015-05-29,5.488790744256966,5.507381060071553,5.386544007276734,5.484143165303321,
2015-06-01,5.5399141127470815,5.577094744376255,5.493438323210611,5.563152007515317,
2015-06-02,5.595685060190841,5.7351124288002495,5.595685060190841,5.637513270773664,
2015-06-03,5.646808428680961,5.707226955078367,5.6235705339127255,5.6561035865882525,
2015-06-04,5.628218112866372,5.670046323449192,5.577094744376255,5.609627797051784,
2015-06-05,5.6189229549590785,5.683989060310136,5.516676217978846,5.591037481237197,
2015-06-08,5.312182744018384,5.386544007276734,5.312182744018384,5.312182744018384,
2015-06-09,5.312182744018384,5.437667375766846,5.279649691342854,5.386544007276734,
2015-06-10,5.428372217859555,5.437667375766846,5.279649691342854,5.28894484925015,
2015-06-11,5.284297270296504,5.367953691462146,5.284297270296504,5.312182744018384,
2015-06-12,5.279649691342854,5.312182744018384,5.242469059713679,5.275002112389209,
2015-06-15,5.330773059832973,5.330773059832973,5.177402954362624,5.200640849130859,
2015-06-16,5.279649691342854,5.279649691342854,5.112336849011569,5.135574743779802,
2015-06-17,5.135574743779802,5.177402954362624,5.089098954243331,5.1030416911042735,
2015-06-18,5.112336849011569,5.275002112389209,5.112336849011569,5.228526322852739,
2015-06-19,5.163460217501684,5.279649691342854,5.163460217501684,5.275002112389209,
2015-06-22,5.2238787438990935,5.284297270296504,5.2238787438990935,5.256411796574622,
2015-06-23,5.228526322852739,5.279649691342854,5.177402954362624,5.270354533435562,
2015-06-24,5.279649691342854,5.279649691342854,5.182050533316271,5.219231164945445,
2015-06-25,5.200640849130859,5.228526322852739,5.033328006799573,5.047270743660512,
2015-06-26,5.0705086384287466,5.219231164945445,5.0705086384287466,5.144869901687097,
2015-06-29,5.172755375408977,5.321477901925679,5.149517480640744,5.2982400071574425,
2015-06-30,5.307535165064737,5.363306112508499,5.293592428203796,5.344715796693913,
2015-07-01,5.344715796693913,5.354010954601204,5.26105937552827,5.344715796693913,
2015-07-02,5.354010954601204,5.446962533674143,5.335420638786617,5.414429480998616,
2015-07-03,5.344715796693913,5.484143165303321,5.344715796693913,5.446962533674143,
2015-07-06,5.488790744256966,5.488790744256966,5.367953691462146,5.456257691581437,
2015-07-07,5.484143165303321,5.651456007634606,5.470200428442379,5.632865691820018,
2015-07-08,5.600332639144492,5.609627797051784,5.512028639025199,5.577094744376255,
2015-07-09,5.488790744256966,5.744407586707544,5.484143165303321,5.674693902402842,
2015-07-10,5.683989060310136,5.776940639383072,5.660751165541899,5.739760007753897,
2015-07-13,5.702579376124722,5.725817270892958,5.651456007634606,5.674693902402842,
2015-07-14,5.600332639144492,5.702579376124722,5.586389902283551,5.697931797171075,
2015-07-15,5.8094736920586,5.8094736920586,5.702579376124722,5.725817270892958,
2015-07-16,5.767645481475776,5.818768849965895,5.702579376124722,5.776940639383072,
2015-07-22,5.8094736920586,6.06509053450918,5.8094736920586,6.06509053450918,
2015-07-23,6.125509060906589,6.125509060906589,6.018614744972709,6.06509053450918,
2015-07-24,6.06509053450918,6.088328429277411,5.893130113224243,5.925663165899772,
2015-07-27,5.91636800799248,6.074385692416471,5.786235797290365,5.851301902641422,
2015-07-28,5.91636800799248,5.986081692297184,5.879187376363302,5.911720429038829,
2015-07-29,5.976786534389889,6.041852639740945,5.934958323807067,5.976786534389889,
2015-07-30,5.995376850204475,6.06509053450918,5.902425271131538,6.027909902880003,
2015-07-31,6.018614744972709,6.106918745091999,5.967491376482596,5.9721389554362405,
2015-08-03,5.934958323807067,6.009319587065416,5.860597060548715,5.962843797528947,
2015-08-04,5.995376850204475,6.018614744972709,5.934958323807067,5.995376850204475,
2015-08-05,5.958196218575301,6.018614744972709,5.925663165899772,5.990729271250828,
2015-08-06,6.000024429158121,6.0929760082310604,5.9721389554362405,6.013967166019063,
2015-08-07,5.990729271250828,6.0232623239263585,5.9721389554362405,6.0232623239263585,
2015-08-10,5.976786534389889,5.990729271250828,5.921015586946126,5.967491376482596,
2015-08-11,5.93960590276071,5.967491376482596,5.860597060548715,5.934958323807067,
2015-08-12,5.91636800799248,5.9721389554362405,5.842006744734128,5.874539797409656,
2015-08-13,5.911720429038829,5.91636800799248,5.744407586707544,5.832711586826836,
2015-08-17,5.725817270892958,5.786235797290365,5.702579376124722,5.725817270892958,
2015-08-18,5.767645481475776,5.804826113104955,5.702579376124722,5.730464849846603,
2015-08-19,5.804826113104955,5.967491376482596,5.786235797290365,5.855949481595069,
2015-08-20,5.851301902641422,5.855949481595069,5.758350323568483,5.758350323568483,
2015-08-21,5.8094736920586,5.8094736920586,5.6189229549590785,5.697931797171075,
2015-08-24,5.525971375886139,5.586389902283551,5.428372217859555,5.437667375766846,
2015-08-25,5.493438323210611,5.711874534032015,5.493438323210611,5.702579376124722,
2015-08-26,5.800178534151308,5.800178534151308,5.642160849727312,5.651456007634606,
2015-08-27,5.702579376124722,5.744407586707544,5.642160849727312,5.730464849846603,
2015-08-28,5.804826113104955,5.874539797409656,5.702579376124722,5.855949481595069,
2015-08-31,5.874539797409656,5.934958323807067,5.749055165661192,5.883834955316951,
2015-09-01,5.818768849965895,5.967491376482596,5.818768849965895,5.888482534270596,
2015-09-02,5.8094736920586,5.967491376482596,5.8094736920586,5.893130113224243,
2015-09-03,5.893130113224243,5.91636800799248,5.860597060548715,5.907072850085186,
2015-09-04,5.883834955316951,5.883834955316951,5.739760007753897,5.823416428919539,
2015-09-07,5.776940639383072,5.8094736920586,5.600332639144492,5.670046323449192,
2015-09-08,5.6189229549590785,5.702579376124722,5.577094744376255,5.702579376124722,
2015-09-09,5.702579376124722,5.702579376124722,5.660751165541899,5.693284218217428,
2015-09-10,5.693284218217428,5.693284218217428,5.651456007634606,5.651456007634606,
2015-09-11,5.642160849727312,5.702579376124722,5.642160849727312,5.670046323449192,
2015-09-14,5.581742323329902,5.651456007634606,5.581742323329902,5.600332639144492,
2015-09-15,5.535266533793436,5.697931797171075,5.437667375766846,5.55385684960802,
2015-09-16,5.628218112866372,5.628218112866372,5.479495586349672,5.512028639025199,
2015-09-17,5.512028639025199,5.5445616917007285,5.460905270535085,5.470200428442379,
2015-09-18,5.409781902044968,5.488790744256966,5.367953691462146,5.395839165184028,
2015-09-21,5.30288758611109,5.460905270535085,5.30288758611109,5.335420638786617,
2015-09-22,5.386544007276734,5.428372217859555,5.205288428084506,5.391191586230381,
2015-09-23,5.386544007276734,5.5445616917007285,5.354010954601204,5.470200428442379,
2015-09-28,5.437667375766846,5.437667375766846,5.395839165184028,5.400486744137677,
2015-09-29,5.344715796693913,5.391191586230381,5.279649691342854,5.330773059832973,
2015-09-30,5.354010954601204,5.354010954601204,5.228526322852739,5.265706954481916,
2015-10-01,5.335420638786617,5.470200428442379,5.30288758611109,5.442314954720498,
2015-10-02,5.451610112627792,5.646808428680961,5.451610112627792,5.595685060190841,
2015-10-05,5.693284218217428,5.8094736920586,5.581742323329902,5.600332639144492,
2015-10-06,5.6189229549590785,5.786235797290365,5.6189229549590785,5.767645481475776,
2015-10-07,5.707226955078367,5.804826113104955,5.702579376124722,5.762997902522135,
2015-10-08,5.786235797290365,5.8094736920586,5.711874534032015,5.795530955197659,
2015-10-09,5.702579376124722,5.786235797290365,5.702579376124722,5.762997902522135,
2015-10-12,5.730464849846603,5.832711586826836,5.725817270892958,5.772293060429424,
2015-10-13,5.851301902641422,5.851301902641422,5.702579376124722,5.721169691939309,
2015-10-14,5.795530955197659,5.795530955197659,5.651456007634606,5.711874534032015,
2015-10-15,5.7351124288002495,5.776940639383072,5.702579376124722,5.725817270892958,
2015-10-16,5.702579376124722,5.7351124288002495,5.702579376124722,5.725817270892958,
2015-10-19,5.767645481475776,5.837359165780482,5.660751165541899,5.8141212710122465,
2015-10-20,5.842006744734128,5.851301902641422,5.772293060429424,5.800178534151308,
2015-10-21,5.8094736920586,5.8094736920586,5.725817270892958,5.776940639383072,
2015-10-22,5.911720429038829,6.06509053450918,5.874539797409656,5.91636800799248,
2015-10-26,5.976786534389889,6.106918745091999,5.958196218575301,6.088328429277411,
2015-10-27,6.083680850323768,6.167337271489409,6.0511477976482375,6.079033271370122,
2015-10-28,6.116213902999295,6.185927587303997,6.074385692416471,6.1394517977675305,
2015-10-29,6.2509936926550544,6.2509936926550544,6.125509060906589,6.144099376721178,
2015-10-30,6.125509060906589,6.144099376721178,6.0511477976482375,6.06509053450918,
2015-11-02,6.041852639740945,6.125509060906589,6.000024429158121,6.0929760082310604,
2015-11-03,6.041852639740945,6.144099376721178,6.041852639740945,6.116213902999295,
2015-11-04,6.185927587303997,6.232403376840466,6.116213902999295,6.158042113582118,
2015-11-05,6.148746955674822,6.2091654820722315,6.083680850323768,6.158042113582118,
2015-11-06,6.125509060906589,6.167337271489409,6.106918745091999,6.106918745091999,
2015-11-09,6.106918745091999,6.148746955674822,6.041852639740945,6.125509060906589,
2015-11-10,6.125509060906589,6.130156639860236,6.06509053450918,6.120861481952938,
2015-11-11,6.106918745091999,6.232403376840466,6.0232623239263585,6.195222745211292,
2015-11-12,6.283526745330581,6.339297692774346,6.232403376840466,6.320707376959755,
2015-11-13,6.381125903357165,6.39042106126446,6.264936429515996,6.283526745330581,
2015-11-16,6.283526745330581,6.292821903237875,6.195222745211292,6.2881743242842285,
2015-11-17,6.325354955913404,6.357888008588931,6.232403376840466,6.237050955794112,
2015-11-18,6.227755797886818,6.232403376840466,6.125509060906589,6.134804218813877,
2015-11-19,6.1812800083503525,6.1812800083503525,6.083680850323768,6.125509060906589,
2015-11-20,6.125509060906589,6.125509060906589,6.06509053450918,6.120861481952938,
2015-11-23,6.125509060906589,6.158042113582118,6.097623587184706,6.111566324045649,
2015-11-24,6.125509060906589,6.125509060906589,6.0511477976482375,6.055795376601885,
2015-11-25,6.03255748183365,6.03255748183365,5.8094736920586,5.91636800799248,
2015-11-26,6.041852639740945,6.148746955674822,5.9721389554362405,6.130156639860236,
2015-11-27,6.130156639860236,6.167337271489409,6.074385692416471,6.102271166138353,
2015-11-30,6.041852639740945,6.060442955555532,5.91636800799248,5.948901060668008,
2015-12-01,5.934958323807067,6.041852639740945,5.934958323807067,5.990729271250828,
2015-12-02,5.91636800799248,6.167337271489409,5.91636800799248,6.125509060906589,
2015-12-03,6.148746955674822,6.190575166257643,6.125509060906589,6.190575166257643,
2015-12-04,6.055795376601885,6.190575166257643,6.055795376601885,6.130156639860236,
2015-12-07,6.074385692416471,6.2091654820722315,6.074385692416471,6.125509060906589,
2015-12-08,6.125509060906589,6.2509936926550544,6.125509060906589,6.167337271489409,
2015-12-09,6.232403376840466,6.283526745330581,6.125509060906589,6.232403376840466,
2015-12-10,6.283526745330581,6.339297692774346,6.2556412716087015,6.306764640098815,
2015-12-11,6.2881743242842285,6.311412219052462,6.204517903118585,6.2556412716087015,
2015-12-14,6.232403376840466,6.232403376840466,6.074385692416471,6.125509060906589,
2015-12-15,6.074385692416471,6.283526745330581,6.074385692416471,6.106918745091999,
2015-12-16,6.130156639860236,6.148746955674822,6.06509053450918,6.079033271370122,
2015-12-17,6.125509060906589,6.125509060906589,6.06509053450918,6.125509060906589,
2015-12-18,6.269584008469641,6.269584008469641,6.06509053450918,6.134804218813877,
2015-12-21,6.125509060906589,6.274231587423287,6.083680850323768,6.237050955794112,
2015-12-22,6.232403376840466,6.2556412716087015,6.158042113582118,6.176632429396704,
2015-12-23,6.125509060906589,6.1812800083503525,6.106918745091999,6.120861481952938,
2015-12-28,6.223108218933175,6.223108218933175,6.083680850323768,6.120861481952938,
2015-12-29,6.125509060906589,6.167337271489409,6.0929760082310604,6.102271166138353,
2015-12-30,6.0929760082310604,6.158042113582118,6.083680850323768,6.130156639860236,
2015-12-31,6.125509060906589,6.1812800083503525,6.083680850323768,6.088328429277411,
2016-01-01,6.148746955674822,6.2091654820722315,6.134804218813877,6.185927587303997,
2016-01-04,6.2091654820722315,6.2091654820722315,6.106918745091999,6.106918745091999,
2016-01-05,6.074385692416471,6.232403376840466,6.074385692416471,6.204517903118585,
2016-01-06,6.2509936926550544,6.2509936926550544,6.130156639860236,6.190575166257643,
2016-01-07,6.167337271489409,6.1812800083503525,6.111566324045649,6.148746955674822,
2016-01-08,6.125509060906589,6.227755797886818,6.074385692416471,6.171984850443057,
2016-01-11,6.190575166257643,6.190575166257643,6.125509060906589,6.1812800083503525,
2016-01-12,6.083680850323768,6.176632429396704,6.083680850323768,6.167337271489409,
2016-01-13,6.218460639979529,6.223108218933175,6.125509060906589,6.15339453462847,
2016-01-14,5.981434113343535,6.1812800083503525,5.860597060548715,5.911720429038829,
2016-01-15,6.097623587184706,6.097623587184706,5.767645481475776,5.8094736920586,
2016-01-18,5.628218112866372,5.642160849727312,5.521323796932493,5.6189229549590785,
2016-01-19,5.702579376124722,5.8094736920586,5.642160849727312,5.804826113104955,
2016-01-20,5.688636639263781,5.758350323568483,5.688636639263781,5.716522112985663,
2016-01-21,5.660751165541899,5.744407586707544,5.651456007634606,5.702579376124722,
2016-01-22,5.716522112985663,5.8094736920586,5.660751165541899,5.674693902402842,
2016-01-25,5.725817270892958,5.725817270892958,5.600332639144492,5.642160849727312,
2016-01-26,5.55850442856167,5.642160849727312,5.55850442856167,5.577094744376255,
2016-01-27,5.549209270654374,5.642160849727312,5.5445616917007285,5.567799586468963,
2016-01-28,5.600332639144492,5.614275376005431,5.512028639025199,5.55385684960802,
2016-01-29,5.591037481237197,5.591037481237197,5.484143165303321,5.493438323210611,
2016-02-01,5.493438323210611,5.767645481475776,5.493438323210611,5.767645481475776,
2016-02-02,5.860597060548715,6.0511477976482375,5.851301902641422,5.9721389554362405,
2016-02-03,5.981434113343535,6.106918745091999,5.925663165899772,6.013967166019063,
2016-02-04,6.018614744972709,6.1812800083503525,5.990729271250828,6.125509060906589,
2016-02-08,6.2091654820722315,6.2091654820722315,6.079033271370122,6.111566324045649,
2016-02-09,6.0232623239263585,6.074385692416471,5.981434113343535,5.986081692297184,
2016-02-10,6.000024429158121,6.097623587184706,5.767645481475776,5.795530955197659,
2016-02-11,5.907072850085186,5.907072850085186,5.716522112985663,5.725817270892958,
2016-02-12,5.702579376124722,5.758350323568483,5.642160849727312,5.688636639263781,
2016-02-15,5.795530955197659,5.795530955197659,5.707226955078367,5.725817270892958,
2016-02-16,5.725817270892958,5.725817270892958,5.493438323210611,5.567799586468963,
2016-02-17,5.525971375886139,5.702579376124722,5.525971375886139,5.595685060190841,
2016-02-18,5.637513270773664,5.637513270773664,5.5445616917007285,5.595685060190841,
2016-02-19,5.577094744376255,5.683989060310136,5.5027334811179065,5.637513270773664,
2016-02-22,5.6235705339127255,5.6235705339127255,5.55385684960802,5.55850442856167,
2016-02-23,5.55385684960802,5.55385684960802,5.493438323210611,5.507381060071553,
2016-02-24,5.55385684960802,5.600332639144492,5.493438323210611,5.591037481237197,
2016-02-25,5.6189229549590785,5.651456007634606,5.5445616917007285,5.609627797051784,
2016-02-26,5.628218112866372,5.651456007634606,5.600332639144492,5.632865691820018,
2016-02-29,5.55850442856167,5.725817270892958,5.55850442856167,5.711874534032015,
2016-03-01,5.428372217859555,5.493438323210611,5.42372463890591,5.42372463890591,
2016-03-02,5.451610112627792,5.507381060071553,5.182050533316271,5.442314954720498,
2016-03-03,5.409781902044968,5.711874534032015,5.391191586230381,5.651456007634606,
2016-03-04,5.670046323449192,5.670046323449192,5.525971375886139,5.563152007515317,
2016-03-07,5.577094744376255,5.60498021809814,5.493438323210611,5.586389902283551,
2016-03-08,5.595685060190841,5.628218112866372,5.442314954720498,5.493438323210611,
2016-03-09,5.386544007276734,5.595685060190841,5.386544007276734,5.484143165303321,
2016-03-10,5.493438323210611,5.493438323210611,5.433019796813203,5.451610112627792,
2016-03-11,5.451610112627792,5.493438323210611,5.386544007276734,5.451610112627792,
2016-03-14,5.409781902044968,5.470200428442379,5.391191586230381,5.40513432309132,
2016-03-15,5.344715796693913,5.386544007276734,5.344715796693913,5.358658533554851,
2016-03-16,5.386544007276734,5.428372217859555,5.377248849369441,5.386544007276734,
2016-03-17,5.437667375766846,5.470200428442379,5.386544007276734,5.391191586230381,
2016-03-18,5.4139642919087985,5.568925702768444,5.418806835998162,5.467232276891801,
2016-03-21,5.418806835998162,5.501130085517347,5.4139642919087985,5.467232276891801,
2016-03-22,5.4575471887130735,5.501130085517347,5.370381395104524,5.462389732802436,
2016-03-24,5.49144499733862,5.49144499733862,5.394594115551343,5.438177012355617,
2016-03-25,5.447862100534344,5.4575471887130735,5.317113410121521,5.351011218747068,
2016-03-28,5.3897515714619795,5.394594115551343,5.2299476165129715,5.254160336959793,
2016-03-29,5.215419984244879,5.3461686746577035,5.215419984244879,5.278373057406612,
2016-03-30,5.351011218747068,5.351011218747068,5.283215601495975,5.3025857778534276,
2016-03-31,5.336483586478978,5.525342805964167,5.336483586478978,5.481759909159894,
2016-04-01,5.559240614589713,5.559240614589713,5.428491924176892,5.486602453249258,
2016-04-04,5.501130085517347,5.501130085517347,5.447862100534344,5.472074820981166,
2016-04-05,5.447862100534344,5.481759909159894,5.394594115551343,5.447862100534344,
2016-04-06,5.418806835998162,5.656091496376991,5.418806835998162,5.593138423215262,
2016-04-07,5.593138423215262,5.656091496376991,5.53987043823226,5.612508599572717,
2016-04-08,5.588295879125897,5.612508599572717,5.588295879125897,5.612508599572717,
2016-04-11,5.612508599572717,5.665776584555716,5.501130085517347,5.51565771778544,
2016-04-12,5.4575471887130735,5.544712982321624,5.4575471887130735,5.544712982321624,
2016-04-13,5.612508599572717,5.612508599572717,5.525342805964167,5.549555526410987,
2016-04-14,5.607666055483356,5.612508599572717,5.501130085517347,5.535027894142895,
2016-04-15,5.51565771778544,5.568925702768444,5.501130085517347,5.525342805964167,
2016-04-18,5.501130085517347,5.694831849091904,5.501130085517347,5.670619128645085,
2016-04-19,5.665776584555716,5.665776584555716,5.583453335036532,5.651248952287629,
2016-04-20,5.617351143662081,5.636721320019536,5.612508599572717,5.612508599572717,
2016-04-21,5.544712982321624,5.612508599572717,5.544712982321624,5.568925702768444,
2016-04-22,5.525342805964167,5.544712982321624,5.481759909159894,5.510815173696076,
2016-04-25,5.501130085517347,5.525342805964167,5.336483586478978,5.384909027372614,
2016-04-26,5.394594115551343,5.394594115551343,5.3413261305683415,5.355853762836433,
2016-04-27,5.4139642919087985,5.510815173696076,5.3025857778534276,5.49144499733862,
2016-04-28,5.535027894142895,5.612508599572717,5.447862100534344,5.481759909159894,
2016-04-29,5.447862100534344,5.583453335036532,5.443019556444982,5.554398070500352,
2016-05-02,5.568925702768444,5.723887113628085,5.535027894142895,5.564083158679076,
2016-05-03,5.535027894142895,5.593138423215262,5.51565771778544,5.53987043823226,
2016-05-04,5.593138423215262,5.636721320019536,5.559240614589713,5.5786107909471685,
2016-05-05,5.612508599572717,5.699674393181267,5.573768246857807,5.685146760913175,
2016-05-06,5.699674393181267,5.719044569538723,5.5786107909471685,5.607666055483356,
2016-05-09,5.597980967304627,5.680304216823813,5.597980967304627,5.627036231840811,
2016-05-10,5.675461672734447,5.675461672734447,5.593138423215262,5.60282351139399,
2016-05-11,5.617351143662081,5.665776584555716,5.568925702768444,5.568925702768444,
2016-05-12,5.568925702768444,5.60282351139399,5.51565771778544,5.564083158679076,
2016-05-13,5.568925702768444,5.612508599572717,5.559240614589713,5.583453335036532,
2016-05-16,5.559240614589713,5.612508599572717,5.510815173696076,5.525342805964167,
2016-05-17,5.505972629606713,5.583453335036532,5.481759909159894,5.501130085517347,
2016-05-18,5.501130085517347,5.51565771778544,5.4575471887130735,5.481759909159894,
2016-05-19,5.481759909159894,5.525342805964167,5.481759909159894,5.496287541427984,
2016-05-20,5.501130085517347,5.525342805964167,5.501130085517347,5.505972629606713,
2016-05-23,5.4575471887130735,5.501130085517347,5.4139642919087985,5.501130085517347,
2016-05-24,5.438177012355617,5.51565771778544,5.394594115551343,5.47691736507053,
2016-05-25,5.438177012355617,5.4575471887130735,5.404279203730071,5.447862100534344,
2016-05-26,5.394594115551343,5.481759909159894,5.394594115551343,5.4139642919087985,
2016-05-27,5.447862100534344,5.472074820981166,5.404279203730071,5.4575471887130735,
2016-05-30,5.4575471887130735,5.4575471887130735,5.394594115551343,5.423649380087527,
2016-05-31,5.394594115551343,5.4139642919087985,5.2977432337640655,5.32679849830025,
2016-06-01,5.360696306925798,5.4139642919087985,5.3025857778534276,5.370381395104524,
2016-06-02,5.3413261305683415,5.4139642919087985,5.336483586478978,5.380066483283252,
2016-06-03,5.394594115551343,5.472074820981166,5.394594115551343,5.447862100534344,
2016-06-06,5.438177012355617,5.438177012355617,5.32679849830025,5.404279203730071,
2016-06-07,5.472074820981166,5.472074820981166,5.351011218747068,5.360696306925798,
2016-06-08,5.394594115551343,5.394594115551343,5.370381395104524,5.394594115551343,
2016-06-09,5.3413261305683415,5.3897515714619795,5.3413261305683415,5.375223939193886,
2016-06-10,5.351011218747068,5.4139642919087985,5.32679849830025,5.370381395104524,
2016-06-13,5.317113410121521,5.394594115551343,5.317113410121521,5.370381395104524,
2016-06-14,5.351011218747068,5.559240614589713,5.351011218747068,5.525342805964167,
2016-06-15,5.612508599572717,5.738414745896177,5.481759909159894,5.680304216823813,
2016-06-16,5.796525274968546,5.966014318096281,5.641563864108901,5.956329229917552,
2016-06-17,6.009597214900551,6.159716081670831,5.903061244934547,6.10644809668783,
2016-06-20,6.271094595726201,6.271094595726201,5.806210363147271,5.8110529072366335,
2016-06-21,5.8013678190579085,5.840108171772821,5.612508599572717,5.617351143662081,
2016-06-22,5.617351143662081,5.709359481359995,5.481759909159894,5.53987043823226,
2016-06-23,5.535027894142895,5.559240614589713,5.501130085517347,5.549555526410987,
2016-06-24,5.501130085517347,5.535027894142895,5.32679849830025,5.467232276891801,
2016-06-27,5.467232276891801,5.501130085517347,5.394594115551343,5.472074820981166,
2016-06-28,5.501130085517347,5.612508599572717,5.4575471887130735,5.510815173696076,
2016-06-29,5.505972629606713,5.612508599572717,5.505972629606713,5.583453335036532,
2016-06-30,5.5786107909471685,5.651248952287629,5.53987043823226,5.627036231840811,
2016-07-04,5.612508599572717,5.665776584555716,5.60282351139399,5.612508599572717,
2016-07-11,5.675461672734447,5.68998930500254,5.51565771778544,5.665776584555716,
2016-07-12,5.641563864108901,5.699674393181267,5.593138423215262,5.612508599572717,
2016-07-13,5.612508599572717,5.665776584555716,5.593138423215262,5.641563864108901,
2016-07-14,5.617351143662081,5.656091496376991,5.510815173696076,5.636721320019536,
2016-07-15,5.636721320019536,5.68998930500254,5.559240614589713,5.588295879125897,
2016-07-18,5.5786107909471685,5.859478348130275,5.559240614589713,5.835265627683456,
2016-07-19,5.748099834074904,5.835265627683456,5.728729657717449,5.767470010432363,
2016-07-20,5.738414745896177,5.94180159764946,5.71420202544936,5.898218700845184,
2016-07-21,5.888533612666457,5.94180159764946,5.835265627683456,5.835265627683456,
2016-07-22,5.777155098611089,5.888533612666457,5.777155098611089,5.859478348130275,
2016-07-25,5.757784922253632,5.98054195036437,5.738414745896177,5.966014318096281,
2016-07-26,5.94180159764946,5.966014318096281,5.922431421292006,5.946644141738822,
2016-07-27,5.961171774006915,5.975699406275006,5.94180159764946,5.961171774006915,
2016-07-28,5.94180159764946,6.028967391258008,5.94180159764946,5.995069582632461,
2016-07-29,5.985384494453735,6.009597214900551,5.966014318096281,5.999912126721825,
2016-08-01,6.053180111704829,6.271094595726201,6.053180111704829,6.222669154832563,
2016-08-02,6.227511698921929,6.271094595726201,6.164558625760199,6.25656696345811,
2016-08-03,6.111290640777195,6.271094595726201,6.111290640777195,6.251724419368746,
2016-08-04,6.271094595726201,6.392158197960295,6.217826610743202,6.372788021602845,
2016-08-05,6.377630565692204,6.382473109781572,6.271094595726201,6.348575301156025,
2016-08-08,6.41637091840712,6.41637091840712,6.295307316173023,6.300149860262386,
2016-08-09,6.198456434385745,6.489009079747575,6.198456434385745,6.45511127112203,
2016-08-10,6.40668583022839,6.527749432462488,6.382473109781572,6.397000742049665,
2016-08-11,6.401843286139028,6.49385162383694,6.382473109781572,6.484166535658215,
2016-08-12,6.338890212977298,6.547119608819942,6.338890212977298,6.49385162383694,
2016-08-15,6.58101741744549,6.624600314249764,6.49385162383694,6.522906888373123,
2016-08-16,6.513221800194397,6.58101741744549,6.426056006585845,6.484166535658215,
2016-08-17,6.435741094764574,6.469638903390121,6.382473109781572,6.411528374317755,
2016-08-18,6.459953815211392,6.484166535658215,6.382473109781572,6.426056006585845,
2016-08-19,6.387315653870936,6.44058363885394,6.382473109781572,6.387315653870936,
2016-08-22,6.382473109781572,6.295307316173023,6.295307316173023,6.304992404351749,
2016-08-23,6.382473109781572,6.44058363885394,6.372788021602845,6.382473109781572,
2016-08-24,6.426056006585845,6.469638903390121,6.382473109781572,6.411528374317755,
2016-08-25,6.411528374317755,6.474481447479483,6.343732757066658,6.392158197960295,
2016-08-26,6.372788021602845,6.60523013789231,6.275937139815568,6.44058363885394,
2016-08-29,6.469638903390121,6.527749432462488,6.40668583022839,6.44058363885394,
2016-08-30,6.489009079747575,6.513221800194397,6.44058363885394,6.489009079747575,
2016-08-31,6.49385162383694,6.513221800194397,6.44058363885394,6.49385162383694,
2016-09-01,6.547119608819942,6.561647241088036,6.450268727032664,6.537434520641214,
2016-09-02,6.44058363885394,6.58101741744549,6.382473109781572,6.547119608819942,
2016-09-05,6.44058363885394,6.49385162383694,6.44058363885394,6.49385162383694,
2016-09-06,6.41637091840712,6.49385162383694,6.41637091840712,6.489009079747575,
2016-09-07,6.44058363885394,6.58101741744549,6.44058363885394,6.5713323292667605,
2016-09-08,6.547119608819942,6.600387593802947,6.537434520641214,6.561647241088036,
2016-09-09,6.561647241088036,6.634285402428491,6.513221800194397,6.614915226071034,
2016-09-15,6.60523013789231,6.60523013789231,6.537434520641214,6.576174873356124,
2016-09-16,6.600387593802947,6.600387593802947,6.469638903390121,6.479323991568853,
2016-09-19,6.561647241088036,6.561647241088036,6.469638903390121,6.479323991568853,
2016-09-20,6.459953815211392,6.537434520641214,6.450268727032664,6.45511127112203,
2016-09-21,6.40668583022839,6.41637091840712,6.140345905313377,6.285622227994294,
2016-09-22,6.271094595726201,6.41637091840712,6.183928802117654,6.382473109781572,
2016-09-23,6.271094595726201,6.382473109781572,6.217826610743202,6.382473109781572,
2016-09-26,6.382473109781572,6.392158197960295,6.300149860262386,6.348575301156025,
2016-09-27,6.382473109781572,6.382473109781572,6.271094595726201,6.285622227994294,
2016-09-28,6.25656696345811,6.329205124798568,6.25656696345811,6.28077968390493,
2016-09-29,6.275937139815568,6.426056006585845,6.275937139815568,6.324362580709204,
2016-09-30,6.319520036619842,6.377630565692204,6.242039331190019,6.324362580709204,
2016-10-03,6.3631029334241145,6.44058363885394,6.275937139815568,6.295307316173023,
2016-10-04,6.348575301156025,6.40668583022839,6.329205124798568,6.392158197960295,
2016-10-05,6.445426182943301,6.445426182943301,6.304992404351749,6.392158197960295,
2016-10-06,6.40668583022839,6.426056006585845,6.319520036619842,6.329205124798568,
2016-10-07,6.285622227994294,6.40668583022839,6.285622227994294,6.309834948441113,
2016-10-10,6.358260389334752,6.435741094764574,6.358260389334752,6.435741094764574,
2016-10-13,6.537434520641214,6.556804696998669,6.387315653870936,6.44058363885394,
2016-10-14,6.40668583022839,6.711766107858313,6.382473109781572,6.668183211054042,
2016-10-17,6.726293740126405,6.726293740126405,6.60523013789231,6.629442858339129,
2016-10-18,6.532591976551851,6.643970490607221,6.44058363885394,6.6197577701603985,
2016-10-19,6.60523013789231,6.624600314249764,6.49385162383694,6.595545049713583,
2016-10-20,6.648813034696582,6.876412606896684,6.60523013789231,6.7747191810200444,
2016-10-21,6.866727518717957,6.866727518717957,6.6584981228753115,6.7069235637689495,
2016-10-24,6.634285402428491,6.692395931500857,6.60523013789231,6.6100726819816735,
2016-10-25,6.469638903390121,6.60523013789231,6.45511127112203,6.522906888373123,
2016-10-26,6.44058363885394,6.600387593802947,6.44058363885394,6.5180643442837605,
2016-10-27,6.576174873356124,6.576174873356124,6.329205124798568,6.392158197960295,
2016-10-28,6.242039331190019,6.469638903390121,6.242039331190019,6.435741094764574,
2016-10-31,6.469638903390121,6.49385162383694,6.40668583022839,6.489009079747575,
2016-11-01,6.537434520641214,6.813459533734955,6.469638903390121,6.813459533734955,
2016-11-02,6.924838047790324,7.133067443632968,6.924838047790324,7.045901650024421,
2016-11-03,7.045901650024421,7.166965252258517,6.953893312326508,7.1427525318116984,
2016-11-04,7.166965252258517,7.370352104011797,7.133067443632968,7.191177972705336,
2016-11-07,7.23476086950961,7.288028854492617,7.123382355454242,7.258973589956433,
2016-11-08,7.317084119028794,7.350981927654342,7.045901650024421,7.196020516794699,
2016-11-09,7.133067443632968,7.176650340437243,6.997476209130781,7.152437619990426,
2016-11-10,7.176650340437243,7.3073990308500685,7.152437619990426,7.225075781330884,
2016-11-11,7.176650340437243,7.317084119028794,7.176650340437243,7.24444595768834,
2016-11-14,7.288028854492617,7.317084119028794,7.1185398113648795,7.297713942671343,
2016-11-15,7.263816134045795,7.317084119028794,7.21054814906279,7.302556486760703,
2016-11-16,7.3073990308500685,7.360667015833074,7.220233237241518,7.263816134045795,
2016-11-17,7.220233237241518,7.317084119028794,7.220233237241518,7.263816134045795,
2016-11-18,7.263816134045795,7.331611751296888,7.239603413598972,7.297713942671343,
2016-11-21,7.297713942671343,7.297713942671343,7.254131045867066,7.263816134045795,
2016-11-22,7.341296839475618,7.350981927654342,7.263816134045795,7.288028854492617,
2016-11-23,7.331611751296888,7.331611751296888,7.288028854492617,7.288028854492617,
2016-11-24,7.288028854492617,7.34613938356498,7.288028854492617,7.331611751296888,
2016-11-25,7.331611751296888,7.350981927654342,7.21054814906279,7.258973589956433,
2016-11-28,7.258973589956433,7.3073990308500685,7.215390693152158,7.239603413598972,
2016-11-29,7.176650340437243,7.3073990308500685,7.176650340437243,7.263816134045795,
2016-11-30,7.263816134045795,7.273501222224525,7.21054814906279,7.215390693152158,
2016-12-01,7.263816134045795,7.350981927654342,7.225075781330884,7.288028854492617,
2016-12-02,7.263816134045795,7.651219661194903,7.263816134045795,7.549526235318263,
2016-12-05,7.704487646177908,7.83523633659073,7.656062205284268,7.665747293462996,
2016-12-06,7.704487646177908,7.704487646177908,7.593109132122536,7.685117469820447,
2016-12-07,7.704487646177908,7.704487646177908,7.627006940748085,7.660904749373632,
2016-12-08,7.689960013909813,7.694802557999179,7.593109132122536,7.602794220301264,
2016-12-09,7.670589837552358,7.811023616143908,7.583424043943811,7.767440719339634,
2016-12-13,7.815866160233276,7.946614850646099,7.593109132122536,7.723857822535361,
2016-12-14,7.704487646177908,7.704487646177908,7.539841147139535,7.5543687794076275,
2016-12-15,7.699645102088542,7.922402130199279,7.593109132122536,7.801338527965182,
2016-12-16,7.825551248412002,7.903031953841827,7.723857822535361,7.772283263429,
2016-12-19,7.903031953841827,7.903031953841827,7.704487646177908,7.796495983875817,
2016-12-20,7.878819233395004,8.101576261505743,7.74807054298218,8.03378064425465,
2016-12-21,8.101576261505743,8.198427143293019,7.956299938824826,8.188742055114291,
2016-12-22,8.198427143293019,8.396971450956938,8.077363541058924,8.363073642331392,
2016-12-23,8.300120569169662,8.363073642331392,8.232324951918567,8.309805657348386,
2016-12-26,8.28559293690157,8.363073642331392,8.140316614220653,8.145159158310015,
2016-12-27,8.057993364701467,8.256537672365384,8.057993364701467,8.183899511024928,
2016-12-28,8.256537672365384,8.363073642331392,8.232324951918567,8.319490745527116,
2016-12-29,8.309805657348386,8.363073642331392,8.145159158310015,8.227482407829202,
2016-12-30,8.304963113259022,8.363073642331392,8.164529334667472,8.353388554152664,
2017-01-02,8.406656539135668,8.605200846799582,8.363073642331392,8.396971450956938,
2017-01-03,8.47445215638676,8.600358302710218,8.377601274599481,8.556775405905944,
2017-01-04,8.624571023157038,8.672996464050676,8.363073642331392,8.58098812635277,
2017-01-05,8.585830670442128,8.672996464050676,8.52772014136976,8.532562685459126,
2017-01-06,8.605200846799582,8.692366640408132,8.542247773637854,8.66331137587195,
2017-01-09,8.66331137587195,9.094297799825338,8.648783743603861,8.84248550717841,
2017-01-10,8.803745154463499,8.837642963089051,8.653626287693227,8.79890261037414,
2017-01-11,8.629413567246404,8.992604373948694,8.629413567246404,8.958706565323146,
2017-01-12,9.02650218257424,9.02650218257424,8.803745154463499,8.81343024264223,
2017-01-13,8.803745154463499,8.86185568353587,8.63909865542513,8.668153919961314,
2017-01-16,8.619728479067678,8.774689889927323,8.585830670442128,8.619728479067678,
2017-01-17,8.63909865542513,8.86185568353587,8.585830670442128,8.81343024264223,
2017-01-18,8.847328051267777,9.065242535289155,8.750477169480497,9.007132006216784,
2017-01-19,9.079770167557244,9.079770167557244,8.895753492161417,8.973234197591239,
2017-01-20,9.055557447110424,9.079770167557244,8.803745154463499,8.9780767416806,
2017-01-23,8.982919285769968,9.423590797902076,8.91512366851887,9.423590797902076,
2017-01-24,9.467173694706354,9.898160118659735,9.297684651578615,9.898160118659735,
2017-01-25,9.961113191821466,10.387257071685488,9.796466692783095,9.903002662749099,
2017-01-26,9.820679413229916,10.048278985430013,9.699615810995818,9.946585559553377,
2017-01-27,9.694773266906452,10.101546970413022,9.573709664672357,9.65119037010218,
2017-01-30,9.685088178727725,9.685088178727725,9.171778505255158,9.171778505255158,
2017-01-31,9.191148681612612,9.331582460204162,8.803745154463499,9.079770167557244,
2017-02-01,8.919966212608237,9.534969311957447,8.919966212608237,9.496228959242535,
2017-02-02,9.462331150616988,9.791624148693732,9.409063165633988,9.573709664672357,
2017-02-03,9.355795180650984,9.670560546459633,9.355795180650984,9.472016238795714,
2017-02-06,9.685088178727725,9.685088178727725,9.312212283846705,9.350952636561619,
2017-02-07,9.355795180650984,9.45264606243826,9.273471931131796,9.317054827936074,
2017-02-08,9.45748860652762,9.45748860652762,9.137880696629606,9.350952636561619,
2017-02-09,9.442960974259535,9.442960974259535,9.24925921068498,9.360637724740348,
2017-02-10,9.258944298863707,9.41390570972335,9.258944298863707,9.292842107489253,
2017-02-13,9.162093417076429,9.24925921068498,9.113667976182791,9.133038152540248,
2017-02-14,9.133038152540248,9.133038152540248,8.91512366851887,8.944178933055055,
2017-02-15,8.91512366851887,9.016817094395515,8.697209184497497,8.871540771714596,
2017-02-16,8.987761829859329,8.992604373948694,8.740792081301775,8.958706565323146,
2017-02-17,8.91512366851887,9.021659638484877,8.803745154463499,8.803745154463499,
2017-02-20,8.803745154463499,8.958706565323146,8.726264449033684,8.79890261037414,
2017-02-21,8.803745154463499,9.103982888004065,8.610043390888949,9.065242535289155,
2017-02-22,9.108825432093425,9.307369739757346,8.968391653501874,9.244416666595617,
2017-02-23,9.244416666595617,9.244416666595617,8.91512366851887,8.968391653501874,
2017-02-24,8.803745154463499,8.803745154463499,8.522877597280399,8.522877597280399,
2017-02-27,8.266222760544114,8.692366640408132,8.266222760544114,8.411499083225028,
2017-02-28,8.363073642331392,8.585830670442128,8.256537672365384,8.576145582263402,
2017-03-01,8.571303038174037,8.571303038174037,8.47445215638676,8.493822332744214,
2017-03-02,8.498664876833578,8.63909865542513,8.47445215638676,8.566460494084676,
2017-03-03,8.58098812635277,8.63909865542513,8.47445215638676,8.595515758620856,
2017-03-06,8.585830670442128,8.63909865542513,8.52772014136976,8.556775405905944,
2017-03-07,8.585830670442128,8.585830670442128,8.47445215638676,8.585830670442128,
2017-03-08,8.484137244565487,8.585830670442128,8.47445215638676,8.503507420922944,
2017-03-09,8.37275873051012,8.571303038174037,8.37275873051012,8.518035053191037,
2017-03-10,8.430869259582483,8.585830670442128,8.430869259582483,8.537405229548492,
2017-03-13,8.56161794999531,8.56161794999531,8.256537672365384,8.275907848722841,
2017-03-14,8.319490745527116,8.358231098242028,8.212954775561114,8.348546010063298,
2017-03-15,8.343703465973935,8.343703465973935,8.145159158310015,8.154844246488745,
2017-03-16,8.043465732433374,8.208112231471748,7.922402130199279,8.179056966935565,
2017-03-17,8.295278025080298,8.300120569169662,8.08704862923765,8.140316614220653,
2017-03-20,8.251695128276022,8.251695128276022,8.145159158310015,8.15000170239938,
2017-03-21,8.22263986373984,8.22263986373984,8.145159158310015,8.183899511024928,
2017-03-22,8.183899511024928,8.208112231471748,8.091891173327015,8.15968679057811,
2017-03-24,8.232324951918567,8.251695128276022,8.188742055114291,8.232324951918567,
2017-03-27,8.232324951918567,8.251695128276022,8.164529334667472,8.179056966935565,
2017-03-28,8.145159158310015,8.208112231471748,8.145159158310015,8.15000170239938,
2017-03-29,8.145159158310015,8.251695128276022,8.03378064425465,8.057993364701467,
2017-03-30,7.975670115182282,8.03378064425465,7.927244674288645,7.946614850646099,
2017-03-31,7.820708704322637,7.980512659271647,7.791653439786456,7.956299938824826,
2017-04-03,8.03378064425465,8.077363541058924,7.922402130199279,8.04830827652274,
2017-04-04,8.03378064425465,8.03378064425465,7.961142482914193,8.004725379718463,
2017-04-05,8.03378064425465,8.15000170239938,8.03378064425465,8.08704862923765,
2017-04-06,8.140316614220653,8.140316614220653,7.965985027003555,8.072520996969562,
2017-04-07,8.03378064425465,8.135474070131291,8.03378064425465,8.091891173327015,
2017-04-10,8.03378064425465,8.140316614220653,8.03378064425465,8.1209464378632,
2017-04-11,8.057993364701467,8.145159158310015,8.03378064425465,8.135474070131291,
2017-04-12,8.140316614220653,8.140316614220653,7.917559586109918,8.116103893773833,
2017-04-13,8.145159158310015,8.145159158310015,7.9901977474503765,8.140316614220653,
2017-04-14,8.140316614220653,8.140316614220653,7.980512659271647,8.01925301198656,
2017-04-17,7.946614850646099,8.03378064425465,7.946614850646099,8.03378064425465,
2017-04-18,7.922402130199279,7.9901977474503765,7.912717042020553,7.932087218378005,
2017-04-19,7.922402130199279,8.1209464378632,7.922402130199279,8.1209464378632,
2017-04-20,8.03378064425465,8.52772014136976,8.03378064425465,8.522877597280399,
2017-04-21,8.56161794999531,8.672996464050676,8.377601274599481,8.45023943593994,
2017-04-24,8.52772014136976,8.871540771714596,8.363073642331392,8.73594953721241,
2017-04-25,8.750477169480497,8.769847345837952,8.532562685459126,8.624571023157038,
2017-04-26,8.668153919961314,8.803745154463499,8.585830670442128,8.78921752219541,
2017-04-27,8.803745154463499,8.847328051267777,8.63909865542513,8.658468831782583,
2017-04-28,8.784374978106046,8.784374978106046,8.518035053191037,8.566460494084676,
2017-05-02,8.56161794999531,8.585830670442128,8.469609612297393,8.47445215638676,
2017-05-03,8.47445215638676,8.803745154463499,8.47445215638676,8.682681552229411,
2017-05-04,8.79890261037414,8.992604373948694,8.750477169480497,8.803745154463499,
2017-05-05,8.803745154463499,9.244416666595617,8.740792081301775,9.244416666595617,
2017-05-08,9.41874825381271,9.709300899174545,9.355795180650984,9.699615810995818,
2017-05-09,9.772253972336275,10.08217679405556,9.355795180650984,9.45748860652762,
2017-05-10,9.510756591510626,9.680245634638363,9.321897372025436,9.53981185604681,
2017-05-11,9.564024576493628,9.685088178727725,9.433275886080803,9.53981185604681,
2017-05-12,9.476858782885078,9.796466692783095,9.467173694706354,9.685088178727725,
2017-05-15,9.641505281923452,9.927215383195922,9.641505281923452,9.75772634006818,
2017-05-16,9.903002662749099,9.956270647732099,9.573709664672357,9.748041251889454,
2017-05-17,9.883632486391642,9.903002662749099,9.573709664672357,9.607607473297904,
2017-05-18,9.530126767868081,9.660875458280906,9.520441679689355,9.578552208761721,
2017-05-19,9.5010715033319,9.709300899174545,9.53981185604681,9.685088178727725,
2017-05-22,9.859419765944825,9.859419765944825,9.685088178727725,9.777096516425638,
2017-05-23,9.844892133676732,10.169342587664111,9.73835616371073,9.932057927285285,
2017-05-24,9.970798280000196,10.430839968489758,9.859419765944825,10.396942159864219,
2017-05-25,10.401784703953574,10.455052688936581,9.87878994230228,10.033751353161922,
2017-05-26,10.125759690859836,10.222610572647117,9.903002662749099,10.028908809072558,
2017-05-29,9.903002662749099,10.101546970413022,9.903002662749099,9.951428103642735,
2017-05-30,10.01438117680447,10.125759690859836,9.907845206838465,9.999853544536371,
2017-05-31,9.859419765944825,10.125759690859836,9.689930722817095,9.985325912268287,
2017-06-01,9.820679413229916,9.951428103642735,9.491386415153169,9.588237296940449,
2017-06-02,9.549496944225535,9.680245634638363,9.108825432093425,9.346110092472257,
2017-06-05,9.389692989276533,9.685088178727725,9.389692989276533,9.597922385119176,
2017-06-06,9.573709664672357,9.675403090548999,9.355795180650984,9.41390570972335,
2017-06-07,9.467173694706354,9.520441679689355,9.336425004293528,9.394535533365897,
2017-06-08,9.37516535700844,9.53981185604681,9.360637724740348,9.438118430170167,
2017-06-09,9.442960974259535,9.467173694706354,9.220203946148791,9.26378684295307,
2017-06-12,9.331582460204162,9.331582460204162,8.827957874910325,8.881225859893325,
2017-06-13,8.987761829859329,9.244416666595617,8.881225859893325,9.176621049344519,
2017-06-14,9.331582460204162,9.331582460204162,8.91512366851887,9.021659638484877,
2017-06-15,9.02650218257424,9.128195608450882,8.910281124429508,8.91512366851887,
2017-06-16,8.91512366851887,8.91512366851887,8.760162257659227,8.81343024264223,
2017-06-19,8.837642963089051,8.837642963089051,8.542247773637854,8.643941199514497,
2017-06-20,8.672996464050676,8.672996464050676,8.212954775561114,8.217797319650474,
2017-06-21,8.101576261505743,8.56161794999531,8.03378064425465,8.440554347761214,
2017-06-22,8.256537672365384,8.86185568353587,8.256537672365384,8.614885934978311,
2017-06-29,8.784374978106046,9.045872358931694,8.595515758620856,8.886068403982689,
2017-06-30,8.919966212608237,9.108825432093425,8.760162257659227,8.847328051267777,
2017-07-03,8.697209184497497,8.697209184497497,8.406656539135668,8.430869259582483,
2017-07-04,8.145159158310015,8.47445215638676,8.145159158310015,8.314648201437754,
2017-07-05,8.314648201437754,8.726264449033684,8.22263986373984,8.706894272676225,
2017-07-06,8.542247773637854,8.881225859893325,8.542247773637854,8.624571023157038,
2017-07-07,8.610043390888949,8.992604373948694,8.503507420922944,8.697209184497497,
2017-07-10,8.750477169480497,9.079770167557244,8.740792081301775,9.011974550306146,
2017-07-11,8.716579360854954,8.987761829859329,8.566460494084676,8.566460494084676,
2017-07-12,8.430869259582483,8.440554347761214,8.145159158310015,8.363073642331392,
2017-07-13,8.363073642331392,8.45023943593994,8.256537672365384,8.338860921884569,
2017-07-14,8.464767068208031,8.692366640408132,8.363073642331392,8.63909865542513,
2017-07-17,8.387286362778209,8.63909865542513,8.363073642331392,8.571303038174037,
2017-07-18,8.692366640408132,9.002289462127422,8.672996464050676,8.997446918038058,
2017-07-19,8.803745154463499,9.02650218257424,8.682681552229411,8.702051728586863,
2017-07-20,8.803745154463499,8.958706565323146,8.750477169480497,8.866698227625234,
2017-07-21,8.866698227625234,8.91512366851887,8.697209184497497,8.832800418999685,
2017-07-24,8.803745154463499,8.871540771714596,8.803745154463499,8.803745154463499,
2017-07-25,8.803745154463499,8.886068403982689,8.750477169480497,8.8182727867316,
2017-07-26,8.803745154463499,8.871540771714596,8.79890261037414,8.80858769855287,
2017-07-27,8.80858769855287,8.910281124429508,8.726264449033684,8.740792081301775,
2017-07-28,8.47445215638676,8.91512366851887,8.343703465973935,8.847328051267777,
2017-07-31,9.021659638484877,9.157250872987063,8.692366640408132,8.750477169480497,
2017-08-01,8.760162257659227,9.045872358931694,8.760162257659227,9.02650218257424,
2017-08-02,9.113667976182791,9.113667976182791,8.968391653501874,9.021659638484877,
2017-08-03,9.070085079378515,9.472016238795714,9.070085079378515,9.37516535700844,
2017-08-04,9.157250872987063,9.467173694706354,9.157250872987063,9.331582460204162,
2017-08-07,9.312212283846705,9.612450017387266,9.176621049344519,9.472016238795714,
2017-08-08,9.462331150616988,9.467173694706354,9.244416666595617,9.331582460204162,
2017-08-09,9.244416666595617,9.467173694706354,9.244416666595617,9.442960974259535,
2017-08-10,9.467173694706354,9.467173694706354,9.312212283846705,9.341267548382891,
2017-08-15,9.137880696629606,9.278314475221162,9.02650218257424,9.07492762346788,
2017-08-16,8.91512366851887,9.355795180650984,8.847328051267777,9.26378684295307,
2017-08-17,9.02650218257424,9.244416666595617,8.871540771714596,9.02650218257424,
2017-08-18,9.244416666595617,9.244416666595617,8.9248087566976,9.084612711646605,
2017-08-21,9.02650218257424,9.045872358931694,8.982919285769968,8.992604373948694,
2017-08-22,8.91512366851887,8.91512366851887,8.619728479067678,8.895753492161417,
2017-08-23,9.02650218257424,9.113667976182791,8.968391653501874,9.011974550306146,
2017-08-24,9.02650218257424,9.02650218257424,8.827957874910325,8.86185568353587,
2017-08-25,8.803745154463499,9.02650218257424,8.697209184497497,9.011974550306146,
2017-08-28,8.80858769855287,8.982919285769968,8.803745154463499,8.81343024264223,
2017-08-29,8.79890261037414,8.803745154463499,8.377601274599481,8.440554347761214,
2017-08-30,8.585830670442128,8.750477169480497,8.47445215638676,8.731106993123047,
2017-08-31,8.692366640408132,9.021659638484877,8.648783743603861,8.84248550717841,
2017-09-05,8.91512366851887,9.244416666595617,8.91512366851887,9.123353064361515,
2017-09-06,9.123353064361515,9.191148681612612,9.02650218257424,9.113667976182791,
2017-09-07,9.02650218257424,9.210518857970069,8.968391653501874,9.079770167557244,
2017-09-08,9.244416666595617,9.244416666595617,9.079770167557244,9.123353064361515,
2017-09-11,8.881225859893325,9.123353064361515,8.672996464050676,8.866698227625234,
2017-09-12,8.80858769855287,9.133038152540248,8.80858769855287,9.007132006216784,
2017-09-13,9.133038152540248,9.244416666595617,8.890910948072053,9.021659638484877,
2017-09-14,9.02650218257424,9.40422062154462,8.973234197591239,9.287999563399888,
2017-09-15,9.442960974259535,9.660875458280906,9.02650218257424,9.133038152540248,
2017-09-18,9.137880696629606,9.137880696629606,8.934493844876327,9.065242535289155,
2017-09-19,9.133038152540248,9.22988903432752,9.02650218257424,9.152408328897701,
2017-09-20,9.331582460204162,9.355795180650984,9.191148681612612,9.307369739757346,
2017-09-21,9.297684651578615,9.409063165633988,9.244416666595617,9.346110092472257,
2017-09-22,9.244416666595617,9.350952636561619,9.191148681612612,9.273471931131796,
2017-09-25,9.273471931131796,9.573709664672357,9.268629387042434,9.486543871063805,
2017-09-26,9.573709664672357,9.631820193744725,9.41874825381271,9.467173694706354,
2017-09-27,9.389692989276533,9.389692989276533,9.26378684295307,9.336425004293528,
2017-09-28,9.195991225701972,9.409063165633988,9.195991225701972,9.346110092472257,
2017-09-29,9.244416666595617,9.462331150616988,9.244416666595617,9.336425004293528,
2017-10-02,9.210518857970069,9.210518857970069,8.9248087566976,9.007132006216784,
2017-10-03,8.934493844876327,9.016817094395515,8.91512366851887,8.9248087566976,
2017-10-04,8.929651300786963,8.929651300786963,8.629413567246404,8.80858769855287,
2017-10-05,8.968391653501874,8.968391653501874,8.692366640408132,8.779532434016685,
2017-10-06,8.91512366851887,9.079770167557244,8.871540771714596,9.041029814842329,
2017-10-09,9.045872358931694,9.23957412250625,9.036187270752968,9.128195608450882,
2017-10-10,9.128195608450882,9.128195608450882,8.726264449033684,9.002289462127422,
2017-10-11,9.02650218257424,9.133038152540248,9.002289462127422,9.094297799825338,
2017-10-12,8.91512366851887,9.113667976182791,8.91512366851887,8.944178933055055,
2017-10-13,8.837642963089051,9.133038152540248,8.803745154463499,9.07492762346788,
2017-10-16,9.176621049344519,9.244416666595617,9.02650218257424,9.176621049344519,
2017-10-17,9.050714903021058,9.176621049344519,9.02650218257424,9.036187270752968,
2017-10-18,9.06039999119979,9.06039999119979,8.827957874910325,8.91512366851887,
2017-10-19,9.002289462127422,9.079770167557244,8.91512366851887,9.031344726663605,
2017-10-20,9.02650218257424,9.331582460204162,9.02650218257424,9.312212283846705,
2017-10-23,9.462331150616988,9.462331150616988,9.02650218257424,9.287999563399888,
2017-10-24,9.079770167557244,9.510756591510626,9.079770167557244,9.380007901097803,
2017-10-25,9.331582460204162,9.467173694706354,9.331582460204162,9.409063165633988,
2017-10-26,9.467173694706354,9.467173694706354,8.94902147714442,9.176621049344519,
2017-10-27,9.176621049344519,9.176621049344519,8.982919285769968,9.045872358931694,
2017-10-30,8.91512366851887,9.02650218257424,8.91512366851887,9.002289462127422,
2017-10-31,8.963549109412511,8.963549109412511,8.750477169480497,8.78921752219541,
2017-11-01,8.910281124429508,9.133038152540248,8.750477169480497,8.94902147714442,
2017-11-02,8.968391653501874,8.968391653501874,8.716579360854954,8.769847345837952,
2017-11-03,8.803745154463499,8.958706565323146,8.692366640408132,8.91512366851887,
2017-11-06,8.8182727867316,8.992604373948694,8.80858769855287,8.9248087566976,
2017-11-07,8.837642963089051,8.9248087566976,8.803745154463499,8.84248550717841,
2017-11-08,8.731106993123047,8.876383315803958,8.731106993123047,8.81343024264223,
2017-11-09,8.910281124429508,9.002289462127422,8.832800418999685,8.910281124429508,
2017-11-10,8.91512366851887,8.934493844876327,8.86185568353587,8.91512366851887,
2017-11-13,8.91512366851887,8.91512366851887,8.91512366851887,8.91512366851887,
2017-11-14,8.803745154463499,9.007132006216784,8.803745154463499,8.91512366851887,
2017-11-15,8.803745154463499,8.91512366851887,8.803745154463499,8.857013139446503,
2017-11-16,8.871540771714596,8.934493844876327,8.86185568353587,8.86185568353587,
2017-11-17,8.8182727867316,9.108825432093425,8.81343024264223,8.9248087566976,
2017-11-20,8.910281124429508,9.06039999119979,8.852170595357142,8.852170595357142,
2017-11-21,8.750477169480497,8.944178933055055,8.750477169480497,8.910281124429508,
2017-11-22,8.857013139446503,8.934493844876327,8.847328051267777,8.91512366851887,
2017-11-23,9.021659638484877,8.968391653501874,8.86185568353587,8.953864021233782,
2017-11-24,9.021659638484877,9.021659638484877,8.871540771714596,8.973234197591239,
2017-11-27,8.81343024264223,8.91512366851887,8.81343024264223,8.910281124429508,
2017-11-28,8.86185568353587,8.871540771714596,8.63909865542513,8.706894272676225,
2017-11-29,8.803745154463499,8.803745154463499,8.692366640408132,8.692366640408132,
2017-11-30,8.648783743603861,8.982919285769968,8.648783743603861,8.881225859893325,
2017-12-04,8.803745154463499,8.80858769855287,8.784374978106046,8.803745154463499,
2017-12-05,8.803745154463499,8.968391653501874,8.803745154463499,8.803745154463499,
2017-12-06,8.716579360854954,8.881225859893325,8.716579360854954,8.803745154463499,
2017-12-07,8.672996464050676,8.692366640408132,8.363073642331392,8.396971450956938,
2017-12-08,8.198427143293019,8.784374978106046,8.198427143293019,8.50834996501231,
2017-12-11,8.498664876833578,8.692366640408132,8.47445215638676,8.484137244565487,
2017-12-12,8.52772014136976,8.52772014136976,8.309805657348386,8.421184171403754,
2017-12-13,8.47445215638676,8.692366640408132,8.47445215638676,8.614885934978311,
2017-12-14,8.421184171403754,8.556775405905944,8.421184171403754,8.47445215638676,
2017-12-15,8.52772014136976,8.847328051267777,8.52772014136976,8.653626287693227,
2017-12-18,8.488979788654856,8.784374978106046,8.488979788654856,8.769847345837952,
2017-12-19,8.750477169480497,8.750477169480497,8.52772014136976,8.58098812635277,
2017-12-20,8.585830670442128,9.007132006216784,8.585830670442128,8.857013139446503,
2017-12-21,8.619728479067678,9.297684651578615,8.619728479067678,9.113667976182791,
2017-12-22,9.133038152540248,9.210518857970069,9.045872358931694,9.162093417076429,
2017-12-26,9.133038152540248,9.355795180650984,8.9780767416806,9.225046490238162,
2017-12-27,9.133038152540248,9.409063165633988,9.133038152540248,9.346110092472257,
2017-12-28,9.191148681612612,9.467173694706354,9.113667976182791,9.24925921068498,
2017-12-29,9.24925921068498,9.467173694706354,9.24925921068498,9.355795180650984,
2018-01-01,9.355795180650984,9.573709664672357,9.350952636561619,9.568867120582992,
2018-01-02,9.476858782885078,10.038593897251289,9.476858782885078,9.946585559553377,
2018-01-03,10.125759690859836,10.125759690859836,9.815836869140549,9.936900471374647,
2018-01-04,9.84004958958737,10.125759690859836,9.84004958958737,10.048278985430013,
2018-01-05,10.01438117680447,10.169342587664111,9.970798280000196,10.062806617698106,
2018-01-08,10.125759690859836,10.23229566082584,10.038593897251289,10.125759690859836,
2018-01-09,10.125759690859836,10.125759690859836,9.796466692783095,9.84004958958737,
2018-01-10,9.75288379597882,10.285563645808843,9.75288379597882,10.2516658371833,
2018-01-11,10.237138204915203,10.324303998523757,10.072491705876836,10.169342587664111,
2018-01-12,10.120917146770472,10.237138204915203,10.009538632715104,10.169342587664111,
2018-01-15,9.980483368178923,10.319461454434391,9.980483368178923,10.140287323127929,
2018-01-16,10.290406189898205,10.343674174881214,10.179027675842836,10.256508381272658,
2018-01-17,10.333989086702479,10.333989086702479,10.145129867217294,10.31461891034503,
2018-01-18,10.343674174881214,10.343674174881214,10.193555308110932,10.26135092536203,
2018-01-19,10.237138204915203,10.56643120299195,10.237138204915203,10.474422865294034,
2018-01-22,10.42115488031103,10.498635585740855,10.343674174881214,10.440525056668486,
2018-01-23,10.353359263059941,10.353359263059941,10.193555308110932,10.324303998523757,
2018-01-24,10.343674174881214,10.411469792132307,10.20324039628966,10.241980749004563,
2018-01-25,10.348516718970572,10.348516718970572,10.135444779038565,10.159657499485387,
2018-01-26,10.23229566082584,10.450210144847217,10.048278985430013,10.120917146770472,
2018-01-29,10.624541732064314,10.624541732064314,10.624541732064314,10.624541732064314,
2018-01-30,11.113638685090063,11.113638685090063,10.522848306187672,10.779503142923959,
2018-01-31,10.764975510655871,10.852141304264416,10.498635585740855,10.580958835260045,
2018-02-01,10.67780971704732,10.764975510655871,10.513163218008946,10.600329011617497,
2018-02-02,10.62938427615368,10.67780971704732,10.498635585740855,10.537375938455765,
2018-02-06,10.54221848254513,10.54221848254513,10.072491705876836,10.396942159864219,
2018-02-07,10.561588658902588,10.663282084779226,10.522848306187672,10.56643120299195,
2018-02-08,10.56643120299195,10.610014099796226,10.455052688936581,10.479265409383398,
2018-02-09,10.54221848254513,10.67780971704732,10.401784703953574,10.62938427615368,
2018-02-12,10.67780971704732,10.67780971704732,10.363044351238662,10.392099615774852,
2018-02-13,10.392099615774852,10.78434568701332,10.377571983506755,10.668124628868588,
2018-02-14,10.87151148062187,10.87151148062187,10.56643120299195,10.64391190842177,
2018-02-15,10.67780971704732,10.735920246119688,10.56643120299195,10.648754452511133,
2018-02-16,10.67780971704732,10.895724201068688,10.6535969966005,10.83277112790696,
2018-02-19,10.794030775192052,10.895724201068688,10.561588658902588,10.7068649815835,
2018-02-20,10.78434568701332,10.78434568701332,10.580958835260045,10.711707525672866,
2018-02-21,10.731077702030323,10.789188231102687,10.56643120299195,10.62938427615368,
2018-02-22,10.556746114813224,10.62938427615368,10.513163218008946,10.59064392343877,
2018-02-23,10.808558407460142,10.672967172957955,10.508320673919586,10.576116291170674,
2018-02-26,10.580958835260045,11.10395359691134,10.343674174881214,10.556746114813224,
2018-02-27,10.54221848254513,10.561588658902588,10.401784703953574,10.440525056668486,
2018-02-28,10.459895233025943,10.522848306187672,10.36788689532803,10.416312336221669,
2018-03-01,10.455052688936581,10.561588658902588,10.416312336221669,10.551903570723857,
2018-03-02,10.43568251257913,10.56643120299195,10.42115488031103,10.440525056668486,
2018-03-05,10.5325333943664,10.5325333943664,10.343674174881214,10.377571983506755,
2018-03-06,10.440525056668486,10.600329011617497,10.387257071685488,10.571273747081312,
2018-03-07,10.610014099796226,10.672967172957955,10.522848306187672,10.576116291170674,
2018-03-08,10.56643120299195,10.67780971704732,10.508320673919586,10.62938427615368,
2018-03-09,10.576116291170674,10.895724201068688,10.576116291170674,10.789188231102687,
2018-03-12,10.886039112889964,10.929622009694237,10.78434568701332,10.87151148062187,
2018-03-13,10.895724201068688,10.939307097872964,10.895724201068688,10.919936921515513,
2018-03-14,10.895724201068688,10.939307097872964,10.794030775192052,10.915094377426147,
2018-03-15,10.948992186051694,11.162064125983703,10.895724201068688,11.123323773268796,
2018-03-16,11.17174921416243,11.215332110966711,11.01678780330279,11.13300886144752,
2018-03-19,10.920132074286522,11.184892824486518,10.920132074286522,11.124946994252554,
2018-03-20,11.015046305490298,11.524585862478961,11.015046305490298,11.454649060539344,
2018-03-21,11.464640032244999,11.694432381475186,11.294793513248779,11.644477522946882,
2018-03-22,11.644477522946882,11.784351126826126,11.409689687863871,11.694432381475186,
2018-03-26,11.479626489803488,11.694432381475186,11.479626489803488,11.589527178565753,
2018-03-27,11.669454952211034,11.749382725856318,11.579536206860093,11.69942786732802,
2018-03-28,11.739391754150658,11.839301471207257,11.739391754150658,11.799337584384618,
2018-03-29,11.809328556090275,11.964188617528007,11.649473008799712,11.914233758999712,
2018-03-30,12.034125419467628,12.034125419467628,11.869274386324237,11.99416153264499,
2018-04-02,11.694432381475186,11.804333070237444,11.524585862478961,11.624495579535566,
2018-04-03,11.739391754150658,11.919229244852538,11.60451363612424,11.844296957060088,
2018-04-04,11.914233758999712,12.418777830135545,11.914233758999712,12.303881655520454,
2018-04-05,12.318868113078944,12.598615320837425,12.144026108229893,12.428768801841203,
2018-04-06,12.688534066188367,12.713511495452515,12.14902159408272,12.248931311139323,
2018-04-09,12.248931311139323,12.248931311139323,12.034125419467628,12.069093820437441,
2018-04-10,11.979175075086497,12.034125419467628,11.829310499501599,11.939211188263855,
2018-04-11,11.919229244852538,11.934215702411029,11.809328556090275,11.834305985354426,
2018-04-12,11.854287928765748,11.964188617528007,11.694432381475186,11.799337584384618,
2018-04-13,12.248931311139323,11.864278900471403,11.579536206860093,11.744387240003485,
2018-04-16,11.749382725856318,11.809328556090275,11.60451363612424,11.659463980505377,
2018-04-17,11.809328556090275,11.899247301441221,11.724405296592163,11.804333070237444,
2018-04-18,11.784351126826126,12.238940339433663,11.784351126826126,11.989166046792155,
2018-04-19,12.034125419467628,12.308877141373287,11.989166046792155,12.203971938463852,
2018-04-20,12.263917768697818,12.328859084784602,12.14902159408272,12.238940339433663,
2018-04-23,12.238940339433663,12.713511495452515,12.238940339433663,12.403791372577054,
2018-04-24,12.488714632075165,12.488714632075165,12.034125419467628,12.169003537494039,
2018-04-25,12.154017079935551,12.258922282844981,11.809328556090275,11.864278900471403,
2018-04-26,12.01414347605631,12.44875074525253,11.809328556090275,12.024134447761968,
2018-04-27,12.059102848731781,12.14902159408272,11.889256329735558,11.95419764582235,
2018-04-30,12.034125419467628,12.248931311139323,11.714414324886507,11.779355640973296,
2018-05-02,11.809328556090275,11.979175075086497,11.764369183414805,11.804333070237444,
2018-05-03,11.809328556090275,11.919229244852538,11.609509121977078,11.694432381475186,
2018-05-04,11.694432381475186,11.694432381475186,11.579536206860093,11.694432381475186,
2018-05-07,11.584531692712927,11.584531692712927,11.479626489803488,11.524585862478961,
2018-05-08,11.464640032244999,11.464640032244999,11.124946994252554,11.324766428365763,
2018-05-09,11.354739343482743,11.464640032244999,11.239843168867646,11.43466711712802,
2018-05-10,11.464640032244999,11.479626489803488,11.239843168867646,11.354739343482743,
2018-05-11,11.354739343482743,11.354739343482743,11.239843168867646,11.349743857629907,
2018-05-14,11.239843168867646,11.239843168867646,11.124946994252554,11.129942480105388,
2018-05-15,11.239843168867646,11.239843168867646,11.040023734754445,11.06000567816577,
2018-05-16,10.855190758199733,11.239843168867646,10.855190758199733,11.045019220607276,
2018-05-17,10.900150130875206,11.015046305490298,10.875172701611055,10.925127560139357,
2018-05-18,10.945109503550677,10.945109503550677,10.705326182614828,10.890159159169547,
2018-05-21,10.900150130875206,10.900150130875206,10.740294583584644,10.795244927965772,
2018-05-22,10.855190758199733,11.124946994252554,10.810231385524261,11.045019220607276,
2018-05-23,11.015046305490298,11.239843168867646,11.010050819637467,11.214865739603496,
2018-05-24,11.2648205981318,11.409689687863871,11.249834140573308,11.374721286894061,
2018-05-25,11.374721286894061,11.409689687863871,11.354739343482743,11.37971677274689,
2018-05-28,11.489617461509155,11.729400782444994,11.464640032244999,11.50959940492047,
2018-05-29,11.354739343482743,11.624495579535566,11.354739343482743,11.609509121977078,
2018-05-30,11.559554263448774,11.809328556090275,11.559554263448774,11.764369183414805,
2018-05-31,11.479626489803488,11.979175075086497,11.479626489803488,11.96918410338084,
2018-06-01,11.819319527795935,11.819319527795935,11.819319527795935,11.819319527795935,
2018-06-04,11.919229244852538,12.393800400871395,11.914233758999712,12.228949367728003,
2018-06-05,12.089075763848761,12.353836514048757,12.089075763848761,12.298886169667622,
2018-06-06,12.363827485754413,12.603610806690263,12.298886169667622,12.583628863278937,
2018-06-07,12.578633377426108,12.81342121250912,12.488714632075165,12.563646919867614,
2018-06-11,12.543664976456293,13.013240646622322,12.543664976456293,12.853385099331762,
2018-06-12,12.773457325686477,12.828407670067614,12.513692061339315,12.698525037894031,
2018-06-13,12.828407670067614,12.828407670067614,12.548660462309128,12.693529552041197,
2018-06-14,12.713511495452515,12.718506981305351,12.598615320837425,12.673547608629875,
2018-06-19,12.828407670067614,12.828407670067614,12.603610806690263,12.718506981305351,
2018-06-20,12.658561151071385,12.658561151071385,12.10406222140725,12.164008051641211,
2018-06-21,12.263917768697818,12.263917768697818,11.964188617528007,12.089075763848761,
2018-06-22,12.114053193112909,12.14902159408272,11.919229244852538,12.034125419467628,
2018-06-25,11.819319527795935,12.034125419467628,11.694432381475186,11.864278900471403,
2018-06-26,11.989166046792155,12.203971938463852,11.924224730705363,12.00914799020348,
2018-06-27,12.00914799020348,12.543664976456293,12.00914799020348,12.258922282844981,
2018-06-28,12.14902159408272,12.258922282844981,11.979175075086497,12.109057707260078,
2018-06-29,12.039120905320463,12.039120905320463,11.69942786732802,11.874269872177065,
2018-07-02,11.849292442912915,11.874269872177065,11.639482037094057,11.819319527795935,
2018-07-03,11.809328556090275,11.974179589233671,11.514594890773301,11.759373697561976,
2018-07-04,11.589527178565753,11.794342098531787,11.479626489803488,11.574540721007265,
2018-07-05,11.579536206860093,11.809328556090275,11.579536206860093,11.669454952211034,
2018-07-06,11.579536206860093,11.809328556090275,11.524585862478961,11.709418839033674,
2018-07-09,11.544567805890283,11.544567805890283,11.294793513248779,11.444658088833686,
2018-07-10,11.354739343482743,11.559554263448774,10.875172701611055,11.454649060539344,
2018-07-11,11.464640032244999,12.024134447761968,11.354739343482743,11.96918410338084,
2018-07-12,11.749382725856318,12.263917768697818,11.749382725856318,12.069093820437441,
2018-07-13,12.263917768697818,12.668552122777045,12.203971938463852,12.638579207660065,
2018-07-16,12.943303844682706,12.943303844682706,12.373818457460073,12.698525037894031,
2018-07-17,12.713511495452515,12.713511495452515,12.488714632075165,12.693529552041197,
2018-07-18,12.713511495452515,12.828407670067614,12.713511495452515,12.758470868127992,
2018-07-19,12.943303844682706,13.148118764648737,12.88835350030157,12.998254189063832,
2018-07-20,12.713511495452515,12.943303844682706,12.713511495452515,12.893348986154402,
2018-07-23,12.93830835882987,12.93830835882987,12.488714632075165,12.518687547192142,
2018-07-24,12.838398641773269,12.943303844682706,12.713511495452515,12.848389613478933,
2018-07-26,13.28299688267514,13.28299688267514,12.948299330535535,13.058200019297791,
2018-07-27,13.05320453344496,13.193078137324209,13.03322259003364,13.158109736354387,
2018-07-30,13.248028481705335,13.397893057290236,13.168100708060056,13.382906599731745,
2018-07-31,13.228046538294016,13.228046538294016,12.833403155920442,12.913330929565722,
2018-08-01,12.638579207660065,13.043213561739305,12.638579207660065,12.798434754950629,
2018-08-02,12.88835350030157,13.058200019297791,12.713511495452515,12.833403155920442,
2018-08-03,12.713511495452515,12.943303844682706,12.713511495452515,12.858380585184591,
2018-08-06,12.93331287297704,12.93331287297704,12.828407670067614,12.828407670067614,
2018-08-07,12.80842572665629,12.828407670067614,12.343845542343093,12.678543094482707,
2018-08-08,12.713511495452515,13.168100708060056,12.603610806690263,12.803430240803461,
2018-08-09,12.648570179365729,12.828407670067614,12.648570179365729,12.788443783244972,
2018-08-10,12.713511495452515,12.943303844682706,12.613601778395918,12.698525037894031,
2018-08-13,12.713511495452515,12.943303844682706,12.658561151071385,12.89834447200723,
2018-08-15,12.713511495452515,12.838398641773269,12.713511495452515,12.793439269097801,
2018-08-16,12.718506981305351,13.103159391973263,12.593619834984601,12.748479896422328,
2018-08-17,12.773457325686477,13.113150363678926,12.628588235954405,12.743484410569499,
2018-08-20,12.623592750101576,12.783448297392138,12.608606292543087,12.773457325686477,
2018-08-24,12.558651434014786,13.113150363678926,12.503701089633655,12.728497953011011,
2018-08-27,12.943303844682706,13.362924656320429,12.943303844682706,13.173096193912881,
2018-08-28,13.392897571437407,13.392897571437407,12.943303844682706,13.143123278795901,
2018-08-29,13.143123278795901,13.183087165618542,13.058200019297791,13.098163906120435,
2018-08-30,13.168100708060056,13.168100708060056,12.978272245652514,13.00324967491666,
2018-08-31,13.058200019297791,13.113150363678926,12.88835350030157,12.963285788094021,
2018-09-03,12.88835350030157,12.943303844682706,12.713511495452515,12.818416698361949,
2018-09-04,12.828407670067614,12.943303844682706,12.773457325686477,12.913330929565722,
2018-09-05,12.913330929565722,12.943303844682706,12.828407670067614,12.848389613478933,
2018-09-06,12.873367042743078,12.943303844682706,12.788443783244972,12.853385099331762,
2018-09-07,12.743484410569499,12.828407670067614,12.658561151071385,12.768461839833645,
2018-09-10,12.713511495452515,12.713511495452515,12.318868113078944,12.648570179365729,
2018-09-11,13.03322259003364,13.03322259003364,12.638579207660065,12.718506981305351,
2018-09-12,12.718506981305351,12.73848892471667,12.523683033044977,12.718506981305351,
2018-09-13,13.148118764648737,13.148118764648737,12.668552122777045,12.713511495452515,
2018-09-14,13.00343253795953,13.069724546976579,12.248723512226974,12.513891548295168,
2018-09-17,12.366009374334059,12.605680483857238,12.238524741608964,12.473096465823144,
2018-09-18,12.875947905234435,12.875947905234435,12.595481713239229,12.748463272509342,
2018-09-19,12.315015521244025,12.748463272509342,12.620978639784248,12.748463272509342,
2018-09-24,12.748463272509342,12.748463272509342,12.575084172003216,12.62607802509325,
2018-09-25,12.646475566329274,13.192109794392666,12.493494007059155,12.819854666835393,
2018-09-26,12.544487860149193,12.620978639784248,12.417003227424098,12.620978639784248,
2018-09-27,12.366009374334059,12.620978639784248,12.238524741608964,12.554686630767199,
2018-09-28,12.493494007059155,12.748463272509342,12.442500153969116,12.656674336947269,
2018-10-01,12.748463272509342,12.870848519925431,12.595481713239229,12.758662043127346,
2018-10-02,12.748463272509342,12.875947905234435,12.462897695205138,12.51899093360418,
2018-10-03,12.620978639784248,12.722966345964323,12.238524741608964,12.335413062480042,
2018-10-04,12.162033961973917,12.315015521244025,12.11104010888387,12.116139494192879,
2018-10-05,12.11104010888387,12.330313677171034,11.983555476158783,12.131437650119889,
2018-10-08,11.983555476158783,12.738264501891338,11.646996045764535,11.952959164304758,
2018-10-09,12.0141517880128,12.248723512226974,11.978456090849777,12.207928429754949,
2018-10-10,12.0090524027038,12.620978639784248,12.0090524027038,12.493494007059155,
2018-10-11,12.366009374334059,12.620978639784248,12.12123887950188,12.432301383351108,
2018-10-12,12.366009374334059,12.264021668153987,11.983555476158783,12.11104010888387,
2018-10-15,11.983555476158783,11.983555476158783,11.601101577983503,11.81527576096166,
2018-10-16,11.983555476158783,11.983555476158783,11.473616945258405,11.728586210708597,
2018-10-17,12.024350558630811,12.238524741608964,11.932561623068736,12.06514564110284,
2018-10-18,11.983555476158783,12.187530888518927,11.805076990343649,11.891766540596711,
2018-10-19,11.932561623068736,12.366009374334059,11.728586210708597,12.238524741608964,
2018-10-22,12.248723512226974,12.493494007059155,12.238524741608964,12.30991613593502,
2018-10-23,12.17733211790092,12.366009374334059,11.922362852450737,11.983555476158783,
2018-10-24,12.228325970990959,12.559786016076204,12.228325970990959,12.406804456806091,
2018-10-25,12.156934576664908,12.748463272509342,12.156934576664908,12.559786016076204,
2018-10-26,12.722966345964323,12.875947905234435,12.493494007059155,12.76886081374536,
2018-10-29,12.977935611414507,13.258401803409717,12.875947905234435,13.110519629448605,
2018-10-30,13.258401803409717,13.513371068859906,12.926941758324476,13.258401803409717,
2018-10-31,13.105420244139601,13.385886436134811,12.94733929956049,13.31449504180876,
2018-11-01,13.258401803409717,13.258401803409717,13.044227620431556,13.222706106246688,
2018-11-02,13.161513482538645,13.758141563692082,13.034028849813547,13.380787050825804,
2018-11-05,13.258401803409717,13.258401803409717,12.875947905234435,13.079923317594584,
2018-11-06,13.079923317594584,13.18191102377466,12.875947905234435,12.988134382032518,
2018-11-07,13.258401803409717,13.513371068859906,13.069724546976579,13.120718400066616,
2018-11-08,13.130917170684624,13.130917170684624,12.84025220807141,12.983034996723516,
2018-11-09,12.977935611414507,13.130917170684624,12.875947905234435,13.039128235122552,
2018-11-12,13.044227620431556,13.248203032791709,12.88614667585244,12.896345446470452,
2018-11-13,12.748463272509342,13.120718400066616,12.748463272509342,13.00343253795953,
2018-11-14,13.00343253795953,13.130917170684624,12.88104729054344,12.942239914251482,
2018-11-15,13.00343253795953,13.130917170684624,12.875947905234435,13.00343253795953,
2018-11-16,13.00343253795953,13.130917170684624,12.824954052144395,12.916742987706462,
2018-11-19,12.88104729054344,12.88104729054344,12.753562657818343,12.875947905234435,
2018-11-20,12.753562657818343,12.911643602397463,12.753562657818343,12.865749134616433,
2018-11-22,12.814755281526391,12.824954052144395,12.646475566329274,12.687270648801295,
2018-11-23,12.687270648801295,12.77396019905436,12.646475566329274,12.697469419419301,
2018-11-26,12.748463272509342,13.334892583044768,12.605680483857238,12.738264501891338,
2018-11-27,12.748463272509342,12.845351593380412,12.697469419419301,12.738264501891338,
2018-11-28,12.758662043127346,12.76886081374536,12.620978639784248,12.646475566329274,
2018-11-29,12.748463272509342,12.748463272509342,12.569984786694205,12.661773722256278,
2018-11-30,12.748463272509342,13.00343253795953,12.620978639784248,12.763761428436352,
2018-12-03,13.00343253795953,13.100320858830601,12.595481713239229,12.70256880472831,
2018-12-04,12.620978639784248,12.835152822762407,12.620978639784248,12.62607802509325,
2018-12-05,12.569984786694205,12.697469419419301,12.366009374334059,12.605680483857238,
2018-12-06,12.493494007059155,12.559786016076204,12.06514564110284,12.253822897535981,
2018-12-07,12.366009374334059,12.595481713239229,12.28951859469901,12.396605686188085,
2018-12-10,12.661773722256278,12.692370034110303,12.493494007059155,12.534289089531184,
2018-12-11,12.17733211790092,12.493494007059155,12.17733211790092,12.304816750626015,
2018-12-12,12.335413062480042,12.340512447789044,12.085543182338856,12.136537035428892,
2018-12-13,12.136537035428892,12.17733211790092,11.738784981326605,11.978456090849777,
2018-12-14,11.983555476158783,12.238524741608964,11.983555476158783,12.213027815063949,
2018-12-17,12.192630273827938,12.238524741608964,11.998853632085792,12.136537035428892,
2018-12-18,12.136537035428892,12.228325970990959,11.728586210708597,11.973356705540773,
2018-12-19,11.856070843433688,11.983555476158783,11.75408313725361,11.901965311214724,
2018-12-20,11.907064696523726,11.983555476158783,11.66739358700055,11.75408313725361,
2018-12-21,11.626598504528518,11.907064696523726,11.601101577983503,11.81527576096166,
2018-12-24,11.616399733910512,11.830573916888667,11.616399733910512,11.728586210708597,
2018-12-26,11.728586210708597,11.728586210708597,11.611300348601509,11.69289051354557,
2018-12-27,11.473616945258405,11.687791128236563,11.10646120301014,11.182951982645193,
2018-12-28,10.963678414358036,11.40732493624136,10.627118983963785,10.795398699160913,
2018-12-31,10.805597469778924,11.080964276465119,10.254863856406516,10.351752177277584,
2019-01-01,10.453739883457663,10.866790093486962,10.448640498148658,10.866790093486962,
2019-01-02,11.065666120538111,11.40732493624136,11.065666120538111,11.40732493624136,
2019-01-03,11.244144606353242,11.66739358700055,11.121759358937153,11.524610798348446,
2019-01-04,11.550107724893463,11.779580063798631,11.539908954275457,11.69289051354557,
2019-01-07,11.856070843433688,12.238524741608964,11.75408313725361,11.988654861467785,
2019-01-08,11.988654861467785,12.238524741608964,11.764281907871618,12.044748099866828,
2019-01-09,11.998853632085792,12.034549329248822,11.856070843433688,11.983555476158783,
2019-01-10,12.049847485175828,12.049847485175828,11.871368999360698,11.952959164304758,
2019-01-11,11.861170228742688,12.141636420737896,11.861170228742688,12.085543182338856,
2019-01-14,11.983555476158783,12.238524741608964,11.983555476158783,12.126338264810883,
2019-01-15,11.759182522562613,12.304816750626015,11.759182522562613,12.172232732591915,
2019-01-16,12.187530888518927,12.187530888518927,11.907064696523726,11.99375424677679,
2019-01-17,12.11104010888387,12.11104010888387,11.779580063798631,11.968257320231768,
2019-01-18,11.728586210708597,12.187530888518927,11.728586210708597,12.085543182338856,
2019-01-21,12.085543182338856,12.238524741608964,12.085543182338856,12.192630273827938,
2019-01-22,12.187530888518927,12.340512447789044,12.11104010888387,12.315015521244025,
2019-01-23,12.493494007059155,12.493494007059155,12.315015521244025,12.330313677171034,
2019-01-24,12.748463272509342,12.77396019905436,12.304816750626015,12.417003227424098,
2019-01-25,12.549587245458204,12.595481713239229,12.366009374334059,12.406804456806091,
2019-01-28,12.452698924587127,12.493494007059155,12.264021668153987,12.325214291862034,
2019-01-29,12.238524741608964,12.366009374334059,12.11104010888387,12.30991613593502,
2019-01-30,12.238524741608964,12.243624126917972,12.207928429754949,12.213027815063949,
2019-01-31,12.11104010888387,12.483295236441148,12.11104010888387,12.467997080514136,
2019-02-01,12.620978639784248,12.875947905234435,12.51899093360418,12.794357740290373,
2019-02-04,13.00343253795953,13.120718400066616,12.88614667585244,12.926941758324476,
2019-02-06,12.799457125599382,12.875947905234435,12.789258354981367,12.845351593380412,
2019-02-07,12.748463272509342,12.977935611414507,12.722966345964323,12.891246061161445,
2019-02-08,12.366009374334059,12.748463272509342,12.366009374334059,12.539388474840182,
2019-02-11,12.748463272509342,12.875947905234435,12.060046255793834,12.223226585681958,
2019-02-12,12.238524741608964,12.488394621750151,11.988654861467785,12.202829044445943,
2019-02-13,12.360909989025055,12.467997080514136,12.238524741608964,12.406804456806091,
2019-02-14,12.248723512226974,12.28951859469901,12.187530888518927,12.228325970990959,
2019-02-15,12.366009374334059,12.620978639784248,12.238524741608964,12.498593392368155,
2019-02-18,12.498593392368155,12.498593392368155,12.12123887950188,12.28951859469901,
2019-02-19,12.28951859469901,12.304816750626015,11.983555476158783,12.0090524027038,
2019-02-20,11.983555476158783,12.488394621750151,11.922362852450737,12.462897695205138,
2019-02-21,12.559786016076204,12.748463272509342,12.355810603716055,12.544487860149193,
2019-02-22,13.00343253795953,13.00343253795953,12.26912105346299,12.462897695205138,
2019-02-25,12.467997080514136,12.427201998042106,12.279319824080995,12.30991613593502,
2019-02-26,12.28951859469901,12.28951859469901,12.11104010888387,12.23342535629996,
2019-02-27,12.238524741608964,12.264021668153987,11.626598504528518,12.228325970990959,
2019-02-28,12.417003227424098,12.493494007059155,12.11104010888387,12.355810603716055,
2019-03-01,12.360909989025055,12.366009374334059,12.17733211790092,12.253822897535981,
2019-03-04,12.406804456806091,12.467997080514136,12.024350558630811,12.248723512226974,
2019-03-05,12.238524741608964,12.355810603716055,12.162033961973917,12.28441920939,
2019-03-06,12.238524741608964,12.366009374334059,12.136537035428892,12.325214291862034,
2019-03-07,12.238524741608964,12.264021668153987,12.167133347282915,12.182431503209928,
2019-03-08,12.151835191355904,12.182431503209928,11.856070843433688,11.886667155287709,
2019-03-11,11.983555476158783,11.983555476158783,11.896865925905718,11.92746223775974,
2019-03-12,11.601101577983503,11.856070843433688,11.601101577983503,11.789778834416643,
2019-03-13,11.728586210708597,11.932561623068736,11.728586210708597,11.856070843433688,
2019-03-14,11.856070843433688,11.856070843433688,11.850971458124688,11.850971458124688,
2019-03-15,11.728586210708597,11.983555476158783,11.601101577983503,11.65209543107354,
2019-03-18,11.856070843433688,11.922362852450737,11.473616945258405,11.72348682539959,
2019-03-19,11.738205505723307,12.0229598171829,11.864762977483123,11.99659367723294,
2019-03-20,11.864762977483123,12.128424376982753,11.864762977483123,12.112604693012775,
2019-03-21,12.007140133212923,12.233888936782598,11.99659367723294,12.202249568842648,
2019-03-22,12.128424376982753,12.62410780804205,12.128424376982753,12.55028261618215,
2019-03-25,12.392085776482377,12.655747175981997,12.260255076732564,12.365719636532415,
2019-03-26,12.655747175981997,12.655747175981997,12.297167672662507,12.392085776482377,
2019-03-27,12.392085776482377,12.613561352062062,12.328807040602467,12.46591096834227,
2019-03-28,12.392085776482377,12.460637740352277,11.906948801403065,12.170610200902688,
2019-03-29,12.038779501152879,12.655747175981997,12.007140133212923,12.407905460452353,
2019-04-01,12.392085776482377,12.655747175981997,12.286621216682528,12.555555844172142,
2019-04-02,12.655747175981997,12.655747175981997,12.128424376982753,12.302440900652504,
2019-04-03,12.260255076732564,12.655747175981997,11.775118101653248,12.13897083296274,
2019-04-04,12.154790516932712,12.170610200902688,11.685473225823383,11.78566455763324,
2019-04-05,11.732932277733315,11.99659367723294,11.732932277733315,11.827850381553178,
2019-04-08,11.6696535418534,11.822577153563188,11.574735438033539,11.732932277733315,
2019-04-09,11.732932277733315,12.154790516932712,11.590555122003517,11.87530943346311,
2019-04-10,12.128424376982753,12.154790516932712,11.469270878233688,11.543096070093583,
2019-04-11,11.601101577983501,11.864762977483123,11.469270878233688,11.653833857883425,
2019-04-12,11.6696535418534,11.991320449242947,11.601101577983501,11.769844873663262,
2019-04-15,11.732932277733315,11.99659367723294,11.732932277733315,11.938588169343024,
2019-04-16,11.99659367723294,11.99659367723294,11.864762977483123,11.864762977483123,
2019-04-17,11.864762977483123,11.99659367723294,11.6696535418534,11.685473225823383,
2019-04-18,11.83839683753316,11.864762977483123,11.627467717933467,11.701292909793358,
2019-04-19,11.732932277733315,12.044052729142871,11.601101577983501,11.722385821753331,
2019-04-22,11.732932277733315,11.812030697583202,11.574735438033539,11.611648033963485,
2019-04-23,11.601101577983501,11.727659049743318,11.469270878233688,11.590555122003517,
2019-04-24,11.601101577983501,11.827850381553178,11.479817334213674,11.558915754063563,
2019-04-25,11.732932277733315,11.864762977483123,11.632740945923457,11.769844873663262,
2019-04-26,11.912222029393057,12.128424376982753,11.706566137783348,11.827850381553178,
2019-04-29,11.864762977483123,11.970227537282973,11.812030697583202,11.864762977483123,
2019-04-30,11.864762977483123,11.970227537282973,11.469270878233688,11.653833857883425,
2019-05-02,11.558915754063563,11.606374805973493,11.558915754063563,11.601101577983501,
2019-05-03,11.601101577983501,11.717112593763337,11.495637018183654,11.611648033963485,
2019-05-06,11.41653859833376,11.854216521503142,11.41653859833376,11.743478733713294,
2019-05-07,11.854216521503142,12.049325957132865,11.738205505723307,11.880582661453104,
2019-05-08,12.260255076732564,12.260255076732564,11.653833857883425,11.93331494135303,
2019-05-09,12.038779501152879,11.99659367723294,11.864762977483123,11.864762977483123,
2019-05-10,11.764571645673271,11.864762977483123,11.616921261953477,11.743478733713294,
2019-05-13,11.864762977483123,11.864762977483123,11.363806318433843,11.427085054313752,
2019-05-14,11.41653859833376,11.601101577983501,11.41653859833376,11.569462210043547,
2019-05-15,11.717112593763337,12.102058237032786,11.653833857883425,11.817303925573194,
2019-05-16,11.99659367723294,11.991320449242947,11.601101577983501,11.711839365773342,
2019-05-17,11.47454410622368,11.864762977483123,11.469270878233688,11.701292909793358,
2019-05-20,11.732932277733315,11.89112911743309,11.574735438033539,11.812030697583202,
2019-05-21,11.93331494135303,12.392085776482377,11.732932277733315,12.044052729142871,
2019-05-22,12.128424376982753,12.196976340852657,11.801484241603214,11.906948801403065,
2019-05-23,11.906948801403065,12.365719636532415,11.906948801403065,12.291894444672517,
2019-05-24,12.286621216682528,12.365719636532415,12.102058237032786,12.244435392762584,
2019-05-27,12.523916476232184,12.523916476232184,12.028233045172893,12.307714128642498,
2019-05-28,12.128424376982753,12.170610200902688,11.93331494135303,12.123151148992758,
2019-05-29,12.207522796832636,12.55028261618215,12.207522796832636,12.460637740352277,
2019-05-30,12.523916476232184,12.908862119501642,12.47118419633226,12.481730652312253,
2019-06-03,12.260255076732564,12.392085776482377,12.260255076732564,12.31826058462248,
2019-06-10,12.260255076732564,12.302440900652504,11.864762977483123,11.89112911743309,
2019-06-11,11.89112911743309,11.99659367723294,11.732932277733315,11.864762977483123,
2019-06-12,11.864762977483123,11.917495257383052,11.801484241603214,11.848943293513148,
2019-06-13,11.93331494135303,12.128424376982753,11.864762977483123,11.991320449242947,
2019-06-14,11.99659367723294,12.392085776482377,11.896402345423079,12.065145641102841,
2019-06-17,12.0229598171829,12.181156656882676,11.89112911743309,11.943861397333013,
2019-06-18,12.102058237032786,12.102058237032786,11.854216521503142,11.85948974949313,
2019-06-19,11.864762977483123,11.864762977483123,11.738205505723307,11.769844873663262,
2019-06-20,11.759298417683276,11.89112911743309,11.759298417683276,11.854216521503142,
2019-06-21,11.864762977483123,11.964954309292985,11.732932277733315,11.880582661453104,
2019-06-24,12.102058237032786,12.102058237032786,11.732932277733315,11.732932277733315,
2019-06-25,11.732932277733315,11.864762977483123,11.574735438033539,11.595828349993507,
2019-06-26,11.732932277733315,12.170610200902688,11.442904738283728,11.6696535418534,
2019-06-27,11.93331494135303,12.249708620752575,11.337440178483877,11.601101577983501,
2019-06-28,11.337440178483877,11.601101577983501,11.337440178483877,11.495637018183654,
2019-07-01,11.405992142353776,11.601101577983501,11.405992142353776,11.522003158133616,
2019-07-02,11.469270878233688,11.601101577983501,11.469270878233688,11.55364252607357,
2019-07-03,11.601101577983501,11.653833857883425,11.500910246173646,11.558915754063563,
2019-07-04,11.690746453813379,11.727659049743318,11.479817334213674,11.495637018183654,
2019-07-05,11.337440178483877,11.495637018183654,11.337440178483877,11.36907954642383,
2019-07-08,11.405992142353776,11.405992142353776,11.33216695049388,11.337440178483877,
2019-07-09,11.337440178483877,11.363806318433843,11.274161442603967,11.337440178483877,
2019-07-10,11.20560947873406,11.337440178483877,11.20560947873406,11.337440178483877,
2019-07-11,11.511456702153627,11.601101577983501,11.337440178483877,11.411265370343768,
2019-07-12,11.337440178483877,11.411265370343768,11.274161442603967,11.274161442603967,
2019-07-15,11.20560947873406,11.20560947873406,10.915581939284477,11.031592955064314,
2019-07-16,11.07377877898425,11.305800810543925,10.952494535214422,11.031592955064314,
2019-07-17,11.142330742854151,11.300527582553924,11.01050004310434,11.068505550994255,
2019-07-18,11.337440178483877,11.574735438033539,10.862849659384553,10.862849659384553,
2019-07-19,10.941948079234436,11.384899230393808,10.625554399834884,10.984133903154378,
2019-07-22,11.20560947873406,11.20560947873406,10.810117379484629,10.868122887374545,
2019-07-23,10.941948079234436,10.941948079234436,10.767931555564688,10.79957092350464,
2019-07-24,10.810117379484629,10.862849659384553,10.551729207974999,10.71519927566476,
2019-07-25,10.651920539784848,10.941948079234436,10.651920539784848,10.73629218762473,
2019-07-26,10.731018959634739,11.04741263903429,10.678286679734816,10.762658327574691,
2019-07-29,10.678286679734816,10.678286679734816,10.351346544355275,10.430444964205167,
2019-07-30,10.282794580485378,10.804844151494635,10.282794580485378,10.578095347924954,
2019-07-31,10.546455979985,11.042139411044296,10.361893000335265,10.651920539784848,
2019-08-01,10.6150079438549,10.77847801154467,10.6150079438549,10.694106363704792,
2019-08-02,10.588641803904942,10.746838643604715,10.483177244105091,10.709926047674768,
2019-08-05,10.546455979985,10.546455979985,10.351346544355275,10.404078824255205,
2019-08-06,10.282794580485378,10.414625280235187,10.282794580485378,10.393532368275217,
2019-08-07,10.219515844605462,10.282794580485378,9.88730248123594,9.982220585055803,
2019-08-08,9.755471781486126,9.755471781486126,9.544542661886425,9.68164658962623,
2019-08-09,9.755471781486126,10.019133180985751,9.623641081736313,9.623641081736313,
2019-08-16,9.29670094635678,9.966400901085825,9.15432379062698,9.692193045606214,
2019-08-19,9.824023745356028,10.172056792695534,9.824023745356028,10.150963880735564,
2019-08-20,10.203696160635488,10.662466995764836,10.203696160635488,10.509543384055055,
2019-08-21,10.59918825988493,10.651920539784848,10.351346544355275,10.488450472095085,
2019-08-22,10.767931555564688,11.01050004310434,10.546455979985,11.01050004310434,
2019-08-23,11.20560947873406,11.20560947873406,10.72047250365475,10.804844151494635,
2019-08-26,10.810117379484629,11.20560947873406,10.59918825988493,10.852303203404565,
2019-08-27,10.862849659384553,11.01050004310434,10.688833135714797,10.841756747424578,
2019-08-28,10.804844151494635,11.20560947873406,10.731018959634739,10.915581939284477,
2019-08-29,10.915581939284477,11.07377877898425,10.588641803904942,10.625554399834884,
2019-08-30,10.6150079438549,10.746838643604715,10.414625280235187,10.467357560135111,
2019-09-02,10.546455979985,10.810117379484629,10.467357560135111,10.783751239534663,
2019-09-03,10.810117379484629,10.915581939284477,10.688833135714797,10.79957092350464,
2019-09-04,10.557002435964986,11.07377877898425,10.440991420185153,10.725745731644745,
2019-09-05,10.833265382438556,11.099930376467812,10.833265382438556,10.933264755199525,
2019-09-06,11.383261932623897,11.383261932623897,10.833265382438556,11.005486524415781,
2019-09-11,11.027708607251553,11.261040477027151,11.027708607251553,11.249929435609271,
2019-09-12,11.249929435609271,11.799925985794607,11.249929435609271,11.494372346802754,
2019-09-13,11.388817453332841,11.494372346802754,11.22215183206455,11.255484956318213,
2019-09-16,11.322151204825524,11.388817453332841,11.22215183206455,11.333262246243411,
2019-09-17,11.322151204825524,11.388817453332841,11.144374542139351,11.27770703915398,
2019-09-18,11.27770703915398,11.27770703915398,10.938820275908467,11.027708607251553,
2019-09-19,10.972153400162124,11.305484642698696,10.96104235874424,11.055486210796266,
2019-09-20,11.044375169378382,11.383261932623897,10.999931003706841,11.255484956318213,
2019-09-23,11.18326318710195,11.388817453332841,11.18326318710195,11.27770703915398,
2019-09-24,11.249929435609271,11.522149950347464,11.111041417885696,11.433261619004382,
2019-09-25,11.388817453332841,11.388817453332841,11.18326318710195,11.23326287348244,
2019-09-26,11.127707980012524,11.194374228519836,10.84993194456538,10.938820275908467,
2019-09-27,10.833265382438556,11.22215183206455,10.833265382438556,11.194374228519836,
2019-09-30,11.361039849788124,11.499927867511698,11.199929749228785,11.372150891206012,
2019-10-01,11.27770703915398,11.527705471056407,11.127707980012524,11.461039222549093,
2019-10-02,11.388817453332841,11.722148695869416,11.249929435609271,11.66659348877998,
2019-10-03,11.6554824473621,11.805481506503549,11.6554824473621,11.794370465085668,
2019-10-04,11.91103639997347,11.955480565645008,11.527705471056407,11.899925358555578,
2019-10-07,11.722148695869416,12.33325597385312,11.66659348877998,12.255478683927924,
2019-10-08,12.222145559674265,12.466588470867752,12.072146500532808,12.261034204636866,
2019-10-09,12.194367956129552,12.499921595121405,12.138812749040126,12.399922222360438,
2019-10-10,12.266589725345806,12.361033577397839,12.027702334861264,12.161034831875893,
2019-10-11,12.177701394002725,12.527699198666124,12.111035145495412,12.394366701651498,
2019-10-14,12.222145559674265,12.633254092136038,12.222145559674265,12.305478370308409,
2019-10-15,12.266589725345806,12.305478370308409,12.027702334861264,12.161034831875893,
2019-10-16,12.166590352584835,12.29436732889052,12.083257541950696,12.194367956129552,
2019-10-17,12.161034831875893,12.222145559674265,12.083257541950696,12.099924104077523,
2019-10-18,12.016591293443378,12.222145559674265,11.87770327571981,12.02214681415232,
2019-10-21,12.155479311166951,12.155479311166951,11.805481506503549,11.849925672175095,
2019-10-22,12.005480252025494,12.07770202124175,11.66659348877998,11.722148695869416,
2019-10-23,11.805481506503549,11.805481506503549,11.66659348877998,11.694371092324696,
2019-10-24,11.738815257996237,11.944369524227126,11.738815257996237,11.855481192884032,
2019-10-25,11.91659192068241,12.011035772734436,11.86103671359298,11.91659192068241,
2019-10-28,11.86103671359298,11.86103671359298,11.711037654451523,11.749926299414117,
2019-10-29,11.749926299414117,11.749926299414117,11.611038281690549,11.611038281690549,
2019-10-30,11.611038281690549,11.611038281690549,11.461039222549093,11.527705471056407,
2019-10-31,11.611038281690549,11.63881588523527,11.488816826093812,11.527705471056407,
2019-11-01,11.422150577586493,12.099924104077523,11.422150577586493,11.855481192884032,
2019-11-04,11.87770327571981,11.944369524227126,11.87770327571981,11.91103639997347,
2019-11-05,12.083257541950696,12.083257541950696,11.599927240272667,11.844370151466153,
2019-11-06,11.938814003518177,12.094368583368581,11.805481506503549,11.988813689898668,
2019-11-07,12.083257541950696,12.083257541950696,11.9277029621003,12.016591293443378,
2019-11-08,11.91659192068241,12.083257541950696,11.816592547921436,11.955480565645008,
2019-11-11,11.999924731316552,12.499921595121405,11.91659192068241,12.399922222360438,
2019-11-12,12.361033577397839,12.455477429449868,12.222145559674265,12.361033577397839,
2019-11-13,12.222145559674265,12.749920027023833,12.155479311166951,12.399922222360438,
2019-11-14,12.499921595121405,12.777697630568554,12.222145559674265,12.416588784487267,
2019-11-15,12.499921595121405,12.572143364337668,12.277700766763694,12.388811180942552,
2019-11-18,12.499921595121405,12.688809299225465,12.33325597385312,12.611032009300263,
2019-11-19,12.677698257807577,12.777697630568554,12.499921595121405,12.58325440575555,
2019-11-20,12.416588784487267,12.499921595121405,12.33325597385312,12.461032950158808,
2019-11-21,12.361033577397839,12.361033577397839,12.027702334861264,12.222145559674265,
2019-11-22,12.277700766763694,12.472143991576692,12.166590352584835,12.3165894117263,
2019-11-25,12.3165894117263,12.361033577397839,12.083257541950696,12.322144932435238,
2019-11-26,12.361033577397839,12.472143991576692,12.055479938405982,12.377700139524665,
2019-11-27,12.361033577397839,12.499921595121405,12.249923163218984,12.449921908740924,
2019-11-28,12.277700766763694,12.499921595121405,12.277700766763694,12.377700139524665,
2019-11-29,12.299922849599469,12.777697630568554,12.29436732889052,12.677698257807577,
2019-12-02,12.888808044747405,13.311027618627065,12.744364506314897,13.288805535791294,
2019-12-03,13.472137719186405,13.555470529820548,13.19436168373926,13.372138346425434,
2019-12-04,13.377693867134374,13.472137719186405,13.19436168373926,13.372138346425434,
2019-12-05,13.427693553514867,13.827691044558753,13.205472725157147,13.377693867134374,
2019-12-06,13.19436168373926,13.333249701462831,13.12769543523195,13.161028559485606,
2019-12-09,13.12769543523195,13.19436168373926,13.055473666015693,13.111028873105125,
2019-12-10,13.32213866004495,13.333249701462831,12.949918772545777,13.016585021053094,
2019-12-11,12.977696376090494,13.249916890828697,12.916585648292124,13.011029500344154,
2019-12-12,13.116584393814067,13.116584393814067,12.811030754822204,12.977696376090494,
2019-12-13,12.98880741750838,13.161028559485606,12.98880741750838,13.022140541762036,
2019-12-16,12.916585648292124,13.122139914523009,12.849919399784811,12.92769668971001,
2019-12-17,12.922141169001062,13.022140541762036,12.638809612844982,12.877697003329523,
2019-12-18,12.644365133553922,12.916585648292124,12.527699198666124,12.87214148262058,
2019-12-19,12.805475234113263,12.805475234113263,12.638809612844982,12.727697944188069,
2019-12-20,12.844363879075868,12.844363879075868,12.638809612844982,12.761031068441724,
2019-12-23,12.50547711583035,12.744364506314897,12.499921595121405,12.638809612844982,
2019-12-24,12.627698571427095,12.777697630568554,12.366589098106783,12.54436576079295,
2019-12-26,12.722142423479124,13.122139914523009,12.638809612844982,12.97214085538155,
2019-12-27,12.916585648292124,13.055473666015693,12.644365133553922,12.933252210418948,
2019-12-30,12.916585648292124,12.944363251836839,12.638809612844982,12.855474920493753,
2019-12-31,12.855474920493753,12.855474920493753,12.555476802210839,12.69436481993441,
2020-01-01,12.666587216389692,13.055473666015693,12.638809612844982,12.983251896799437,
2020-01-02,12.983251896799437,13.472137719186405,12.983251896799437,13.427693553514867,
2020-01-03,13.333249701462831,13.611025736909978,13.19436168373926,13.416582512096978,
2020-01-06,13.055473666015693,13.19436168373926,12.97214085538155,13.10547335239618,
2020-01-07,13.12769543523195,13.333249701462831,13.099917831687236,13.288805535791294,
2020-01-08,13.19436168373926,13.472137719186405,13.055473666015693,13.299916577209183,
2020-01-09,13.46102667776852,13.916579375901835,13.377693867134374,13.77213583746932,
2020-01-10,13.844357606685584,14.444353843251406,13.761024796051434,14.299910304818892,
2020-01-13,14.388798636161976,15.011016955563573,14.333243429072546,14.722129878698551,
2020-01-14,14.69435227515383,14.722129878698551,14.488798008922947,14.711018837280664,
2020-01-15,14.527686653885544,14.627686026646519,14.516575612467658,14.577686340266032,
2020-01-16,14.605463943810749,14.69435227515383,14.516575612467658,14.577686340266032,
2020-01-17,14.688796754444894,14.688796754444894,14.416576239706691,14.522131133176604,
2020-01-20,14.527686653885544,14.711018837280664,14.305465825527836,14.66657467160911,
2020-01-21,14.722129878698551,14.727685399407491,14.58324186097498,14.716574357989602,
2020-01-22,14.611019464519693,14.63879706806441,14.305465825527836,14.538797695303433,
2020-01-23,14.499909050340836,14.677685713027007,14.444353843251406,14.661019150900175,
2020-01-24,14.58324186097498,14.688796754444894,14.361021032617264,14.50546457104978,
2020-01-27,14.58324186097498,14.722129878698551,14.394354156870925,14.50546457104978,
2020-01-28,14.444353843251406,14.444353843251406,14.377687594744092,14.383243115453032,
2020-01-29,14.444353843251406,14.516575612467658,14.316576866945718,14.416576239706691,
2020-01-30,14.305465825527836,14.444353843251406,14.027689790080691,14.27768822198312,
2020-01-31,14.305465825527836,14.305465825527836,13.705469588962009,13.883246251648176,
2020-02-03,13.611025736909978,13.666580943999408,13.06658470743358,13.261027932246575,
2020-02-04,13.472137719186405,13.816580003140862,13.19436168373926,13.744358233924608,
2020-02-06,13.761024796051434,14.166577807804263,13.74991375463355,14.027689790080691,
2020-02-07,13.92769041731972,13.92769041731972,13.444360115641695,13.583248133365265,
2020-02-10,13.472137719186405,13.477693239895347,13.055473666015693,13.199917204448209,
2020-02-11,13.199917204448209,13.599914695492092,13.19436168373926,13.438804594932751,
2020-02-12,13.405471470679093,13.888801772357121,13.405471470679093,13.733247192506722,
2020-02-13,13.83324656526769,14.027689790080691,13.738802713215666,13.794357920305092,
2020-02-14,13.944356979446551,13.944356979446551,13.472137719186405,13.566581571238437,
2020-02-17,13.816580003140862,13.816580003140862,13.405471470679093,13.483248760604292,
2020-02-18,13.583248133365265,13.705469588962009,13.266583452955519,13.299916577209183,
2020-02-19,13.438804594932751,13.744358233924608,13.288805535791294,13.638803340454698,
2020-02-20,13.888801772357121,13.888801772357121,13.444360115641695,13.533248446984777,
2020-02-21,13.544359488402662,13.683247506126236,13.427693553514867,13.561026050529495,
2020-02-24,13.638803340454698,13.638803340454698,13.19436168373926,13.272138973664465,
2020-02-25,13.088806790269347,13.333249701462831,13.055473666015693,13.266583452955519,
2020-02-26,13.19436168373926,13.19436168373926,12.811030754822204,13.138806476649833,
2020-02-27,12.666587216389692,13.19436168373926,12.394366701651498,13.06658470743358,
2020-02-28,13.055473666015693,13.19436168373926,12.916585648292124,13.055473666015693,
2020-03-02,13.12769543523195,13.611025736909978,12.916585648292124,13.416582512096978,
2020-03-03,13.472137719186405,13.605470216201036,13.288805535791294,13.466582198477461,
2020-03-04,13.22769480799292,13.472137719186405,13.06658470743358,13.305472097918122,
2020-03-05,13.305472097918122,13.599914695492092,12.69436481993441,12.78880867198644,
2020-03-06,12.722142423479124,12.722142423479124,11.944369524227126,12.088813062659638,
2020-03-09,11.7721483822499,11.7721483822499,11.24437391490032,11.24437391490032,
2020-03-10,11.111041417885696,12.033257855570213,10.877709548110095,11.955480565645008,
2020-03-11,11.944369524227126,12.499921595121405,11.944369524227126,12.411033263778323,
2020-03-12,11.944369524227126,12.488810553703525,11.58326067814584,11.899925358555578,
2020-03-13,11.527705471056407,12.222145559674265,11.527705471056407,11.949925044936064,
2020-03-16,11.255484956318213,11.599927240272667,11.055486210796266,11.055486210796266,
2020-03-17,10.227713625163783,10.27771331154427,10.227713625163783,10.233269145872727,
2020-03-18,10.335970906271735,10.365586868753889,9.542263111750007,9.542263111750007,
2020-03-19,8.831480012178313,9.921347431521578,8.831480012178313,9.637034191692901,
2020-03-20,9.950963394003734,10.359663676257457,9.63111099919647,10.22935344133598,
2020-03-24,9.465261609296407,9.465261609296407,9.465261609296407,9.465261609296407,
2020-03-25,8.754478509724713,8.754478509724713,8.754478509724713,8.754478509724713,
2020-03-26,8.88478874464619,9.109870059510557,8.778171279710433,8.878865552149762,
2020-03-27,9.09210048202127,9.542263111750007,8.588629119824647,9.0980236745177,
2020-03-30,9.62518780670004,9.62518780670004,8.772248087214003,8.908481514631912,
2020-03-31,8.88478874464619,9.56595588173573,8.88478874464619,9.41787606932496,
2020-04-01,9.62518780670004,10.06942724393235,9.41787606932496,9.483031186785698,
2020-04-02,9.619264614203606,10.039811281450195,9.388260106842807,9.998348933975178,
2020-04-03,10.075350436428781,10.744671188525459,10.075350436428781,10.596591376114688,
2020-04-06,10.60251456861112,10.661746493575428,10.081273628925208,10.22343024883955,
2020-04-07,10.365586868753889,10.987522080879124,10.353740483761026,10.987522080879124,
2020-04-08,11.402145555629277,11.402145555629277,10.294508558796718,10.430741986214626,
2020-04-09,10.63213053109327,11.182987433261337,10.63213053109327,10.940136540907675,
2020-04-10,10.809826305986197,11.757537105415125,10.661746493575428,11.579841330522203,
2020-04-13,11.846384992861587,12.142544617683129,11.034907620850568,11.153371470779184,
2020-04-14,11.402145555629277,11.402145555629277,11.04675400584343,11.105985930807739,
2020-04-15,11.254065743218508,11.520609405557892,10.697285648554013,10.797979920993338,
2020-04-16,10.809826305986197,10.809826305986197,10.572898606128968,10.643976916086137,
2020-04-17,9.962809778996593,11.058600390836286,9.850269121564407,10.531436258653951,
2020-04-20,10.543282643646814,10.661746493575428,10.06942724393235,10.531436258653951,
2020-04-21,10.60251456861112,10.774287151007615,10.15827513137881,10.22343024883955,
2020-04-22,10.205660671350255,10.330047713775306,9.873961891550136,10.016118511464471,
2020-04-23,9.998348933975178,9.998348933975178,9.554109496742868,9.755498041621516,
2020-04-24,9.767344426614379,9.832499544075118,9.536339919253574,9.62518780670004,
2020-04-27,9.607418229210747,9.62518780670004,9.03286855705696,9.317181796885638,
2020-04-28,9.4060296843321,9.447492031807117,8.81371043468902,8.878865552149762,
2020-04-29,9.02694536456053,9.121716444503422,8.795940857199728,8.849249589667604,
2020-04-30,8.896635129639055,9.062484519539117,8.855172782164034,8.920327899624777,
2020-05-04,8.961790247099794,8.961790247099794,8.807787242192589,8.837403204674745,
2020-05-05,8.95586705460336,8.973636632092651,8.748555317228284,8.843326397171175,
2020-05-06,8.88478874464619,8.997329402078377,8.795940857199728,8.961790247099794,
2020-05-07,9.003252594574807,9.441568839310683,8.855172782164034,8.979559824589085,
2020-05-08,9.109870059510557,9.358644144360653,8.920327899624777,8.997329402078377,
2020-05-11,9.003252594574807,9.09210048202127,8.88478874464619,8.944020669610499,
2020-05-12,9.003252594574807,9.003252594574807,8.843326397171175,8.949943862106926,
2020-05-13,8.896635129639055,9.145409214489145,8.896635129639055,9.021022172064097,
2020-05-14,8.973636632092651,9.127639636999852,8.88478874464619,8.961790247099794,
2020-05-15,8.88478874464619,8.961790247099794,8.849249589667604,8.872942359653328,
2020-05-18,8.88478874464619,9.447492031807117,8.748555317228284,8.7900176647033,
2020-05-19,9.003252594574807,9.003252594574807,8.724862547242557,8.748555317228284,
2020-05-20,8.878865552149762,8.88478874464619,8.707092969753267,8.73078573973899,
2020-05-21,8.736708932235421,8.795940857199728,8.677477007271111,8.701169777256833,
2020-05-28,8.7900176647033,8.7900176647033,8.434626114917451,8.452395692406743,
2020-05-29,8.58270592732822,8.588629119824647,8.369470997456713,8.529397194860344,
2020-06-01,8.588629119824647,8.807787242192589,8.529397194860344,8.606398697313944,
2020-06-02,8.671553814774681,9.25794987192133,8.57085954233536,9.25794987192133,
2020-06-03,9.447492031807117,9.850269121564407,9.447492031807117,9.542263111750007,
2020-06-04,9.542263111750007,9.554109496742868,9.240180294432038,9.48895437928213,
2020-06-05,9.346797759367794,9.536339919253574,9.346797759367794,9.388260106842807,
2020-06-08,9.47710799428927,9.47710799428927,9.329028181878499,9.411952876828533,
2020-06-09,9.329028181878499,9.613341421707176,9.317181796885638,9.50080076427499,
2020-06-10,9.62518780670004,10.211583863846688,9.346797759367794,10.193814286357398,
2020-06-11,10.318201328782443,10.436665178711056,9.850269121564407,10.116812783903796,
2020-06-12,9.921347431521578,10.063504051435917,9.666650154175057,10.016118511464471,
2020-06-15,10.06942724393235,10.06942724393235,9.702189309153638,9.838422736571546,
2020-06-16,9.862115506557272,9.968732971493022,9.62518780670004,9.684419731664349,
2020-06-17,9.832499544075118,10.217507056343118,9.684419731664349,9.820653159082257,
2020-06-18,9.814729966585825,9.921347431521578,9.548186304246439,9.802883581592965,
2020-06-19,9.850269121564407,10.146428746385949,9.684419731664349,10.033888088953764,
2020-06-22,10.15827513137881,10.365586868753889,9.832499544075118,9.968732971493022,
2020-06-23,9.968732971493022,10.193814286357398,9.927270624018009,10.075350436428781,
2020-06-24,9.968732971493022,10.170121516371672,9.921347431521578,9.980579356485888,
2020-06-25,10.033888088953764,10.06942724393235,9.802883581592965,9.862115506557272,
2020-06-26,9.743651656628655,9.743651656628655,9.447492031807117,9.483031186785698,
2020-06-29,9.33495137437493,10.057580858939486,9.33495137437493,9.850269121564407,
2020-06-30,9.950963394003734,10.06942724393235,9.7140356941465,9.939117009010873,
2020-07-01,9.850269121564407,9.950963394003734,9.595571844217886,9.63111099919647,
2020-07-02,9.755498041621516,9.850269121564407,9.62518780670004,9.654803769182193,
2020-07-03,9.583725459225024,10.353740483761026,9.583725459225024,9.927270624018009,
2020-07-06,9.998348933975178,9.998348933975178,9.773267619110811,9.7910371966001,
2020-07-07,9.832499544075118,10.300431751293146,9.802883581592965,10.170121516371672,
2020-07-08,10.217507056343118,10.353740483761026,10.016118511464471,10.22935344133598,
2020-07-09,10.300431751293146,10.999368465871983,10.116812783903796,10.815749498482626,
2020-07-10,10.762440766014752,11.254065743218508,10.63213053109327,10.726901611036165,
2020-07-13,10.691362456057584,10.797979920993338,10.513666681164658,10.655823301078996,
2020-07-14,10.655823301078996,10.661746493575428,10.44258837120749,10.49589710367537,
2020-07-15,10.401126023732475,10.661746493575428,10.365586868753889,10.608437761107549,
2020-07-16,10.590668183618256,10.590668183618256,10.412972408725334,10.454434756200348,
2020-07-17,10.531436258653951,10.531436258653951,10.365586868753889,10.489973911178936,
2020-07-20,10.643976916086137,10.869058230950506,10.424818793718199,10.720978418539735,
2020-07-21,10.762440766014752,10.957906118396968,10.531436258653951,10.821672690979058,
2020-07-22,10.697285648554013,11.182987433261337,10.60251456861112,10.703208841050442,
2020-07-23,10.661746493575428,10.928290155914814,10.590668183618256,10.626207338596846,
2020-07-24,10.661746493575428,11.242219358225645,10.46628114119321,11.034907620850568,
2020-07-27,11.005291658368415,11.402145555629277,10.89867419343266,11.058600390836286,
2020-07-28,11.153371470779184,11.366606400650692,10.993445273375553,11.218526588239925,
2020-07-29,11.254065743218508,11.461377480593585,11.005291658368415,11.117832315800596,
2020-07-30,11.117832315800596,11.236296165729215,10.993445273375553,11.040830813347,
2020-08-03,11.04675400584343,11.490993443075741,11.034907620850568,11.301451283189952,
2020-08-04,11.254065743218508,11.479147058082875,10.957906118396968,11.076369968325581,
2020-08-05,11.076369968325581,11.105985930807739,10.89867419343266,11.058600390836286,
2020-08-06,11.105985930807739,11.242219358225645,10.957906118396968,11.177064240764905,
2020-08-07,11.153371470779184,11.479147058082875,11.094139545814878,11.283681705700664,
2020-08-10,11.254065743218508,11.55022536804005,11.248142550722074,11.48507025057931,
2020-08-11,11.55022536804005,11.816769030379433,11.331067245672108,11.449531095600726,
2020-08-12,11.37252959314712,11.668689217968664,11.313297668182816,11.419915133118568,
2020-08-13,11.390299170636414,11.413991940622138,11.218526588239925,11.331067245672108,
2020-08-17,11.283681705700664,11.37252959314712,10.993445273375553,11.105985930807739,
2020-08-18,11.1948338182542,11.20668020324706,10.987522080879124,11.017138043361275,
2020-08-19,10.993445273375553,11.070446775829152,10.869058230950506,10.928290155914814,
2020-08-20,10.957906118396968,10.957906118396968,10.780210343504043,10.815749498482626,
2020-08-21,10.815749498482626,11.058600390836286,10.691362456057584,10.946059733404107,
2020-08-24,10.863135038454075,11.017138043361275,10.76836395851118,10.857211845957643,
2020-08-25,10.797979920993338,11.105985930807739,10.792056728496906,11.034907620850568,
2020-08-26,10.815749498482626,10.957906118396968,10.27673898130743,10.383356446243184,
2020-08-27,10.46628114119321,10.46628114119321,10.217507056343118,10.2530462113217,
2020-08-28,10.22343024883955,10.365586868753889,10.217507056343118,10.22935344133598,
2020-08-31,10.2530462113217,10.424818793718199,10.2530462113217,10.37743325374675,
2020-09-01,10.418895601221767,10.543282643646814,10.365586868753889,10.44258837120749,
2020-09-02,10.44258837120749,10.720978418539735,10.44258837120749,10.626207338596846,
2020-09-03,10.726901611036165,10.780210343504043,10.61436095360398,10.661746493575428,
2020-09-04,10.661746493575428,10.661746493575428,10.525513066157519,10.608437761107549,
2020-09-07,10.525513066157519,10.661746493575428,10.489973911178936,10.513666681164658,
2020-09-08,10.626207338596846,10.626207338596846,10.27673898130743,10.318201328782443,
2020-09-09,10.365586868753889,10.478127526186077,10.247123018825272,10.44258837120749,
2020-09-10,10.365586868753889,11.224449780736352,10.365586868753889,10.869058230950506,
2020-09-11,10.928290155914814,11.04675400584343,10.709132033546872,10.738747996029028,
2020-09-14,10.762440766014752,10.863135038454075,10.572898606128968,10.60251456861112,
2020-09-15,10.63213053109327,10.76836395851118,10.61436095360398,10.667669686071857,
2020-09-16,10.572898606128968,10.75059438102189,10.507743488668227,10.561052221136102,
2020-09-17,10.661746493575428,10.661746493575428,10.543282643646814,10.555129028639675,
2020-09-18,10.655823301078996,10.655823301078996,10.484050718682504,10.638053723589707,
2020-09-21,10.60251456861112,10.661746493575428,10.590668183618256,10.60251456861112,
2020-09-22,10.513666681164658,10.525513066157519,10.407049216228906,10.489973911178936,
2020-09-23,10.454434756200348,10.555129028639675,10.365586868753889,10.46628114119321,
2020-09-24,10.401126023732475,10.401126023732475,10.217507056343118,10.264892596314564,
2020-09-25,10.294508558796718,10.365586868753889,10.22343024883955,10.347817291264594,
2020-09-28,10.365586868753889,10.365586868753889,10.06942724393235,10.181967901364533,
2020-09-29,10.217507056343118,10.531436258653951,10.217507056343118,10.44851156370392,
2020-09-30,10.513666681164658,10.572898606128968,10.27673898130743,10.300431751293146,
2020-10-01,10.306354943789577,10.661746493575428,10.039811281450195,10.47220433368964,
2020-10-02,10.312278136286011,10.513666681164658,10.146428746385949,10.22935344133598,
2020-10-05,10.187891093860962,10.217507056343118,10.004272126471609,10.06942724393235,
2020-10-06,10.099043206414501,10.726901611036165,9.950963394003734,10.371510061250321,
2020-10-07,10.264892596314564,10.47220433368964,10.264892596314564,10.365586868753889,
2020-10-08,10.306354943789577,10.501820296171797,10.170121516371672,10.2530462113217,
2020-10-09,10.217507056343118,10.484050718682504,10.217507056343118,10.359663676257457,
2020-10-12,10.365586868753889,10.424818793718199,10.06942724393235,10.152351938882381,
2020-10-13,10.016118511464471,10.217507056343118,10.016118511464471,10.122735976400225,
2020-10-14,10.122735976400225,10.217507056343118,9.808806774089396,9.838422736571546,
2020-10-15,9.802883581592965,10.146428746385949,9.773267619110811,10.051657666443056,
2020-10-16,10.176044708868103,10.217507056343118,9.921347431521578,10.010195318968039,
2020-10-19,9.921347431521578,10.181967901364533,9.921347431521578,10.051657666443056,
2020-10-20,10.06942724393235,10.193814286357398,10.016118511464471,10.13458236139309,
2020-10-21,10.270815788810998,10.478127526186077,10.217507056343118,10.330047713775306,
2020-10-22,10.359663676257457,10.424818793718199,9.832499544075118,9.980579356485888,
2020-10-23,9.998348933975178,10.06942724393235,9.743651656628655,9.856192314060841,
2020-10-26,9.909501046528717,10.033888088953764,9.862115506557272,9.921347431521578,
2020-10-27,9.921347431521578,10.010195318968039,9.850269121564407,9.885808276542992,
2020-10-28,9.950963394003734,10.039811281450195,9.820653159082257,9.879885084046565,
2020-10-29,9.808806774089396,9.921347431521578,9.62518780670004,9.7910371966001,
2020-11-02,9.595571844217886,9.702189309153638,9.524493534260717,9.619264614203606,
2020-11-03,9.743651656628655,10.06942724393235,9.684419731664349,10.039811281450195,
2020-11-04,9.950963394003734,10.051657666443056,9.909501046528717,9.927270624018009,
2020-11-05,10.099043206414501,10.667669686071857,9.968732971493022,10.596591376114688,
2020-11-06,10.513666681164658,10.720978418539735,10.247123018825272,10.44258837120749,
2020-11-09,10.365586868753889,10.543282643646814,10.335970906271735,10.513666681164658,
2020-11-10,10.720978418539735,10.957906118396968,10.484050718682504,10.54920583614324,
2020-11-11,10.661746493575428,10.661746493575428,10.318201328782443,10.412972408725334,
2020-11-12,10.46628114119321,10.519589873661086,10.37743325374675,10.44258837120749,
2020-11-13,10.537359451150381,10.561052221136102,10.44258837120749,10.501820296171797,
2020-11-16,10.501820296171797,10.566975413632534,10.454434756200348,10.47220433368964,
2020-11-17,10.590668183618256,10.691362456057584,10.566975413632534,10.655823301078996,
2020-11-18,10.661746493575428,10.780210343504043,10.60251456861112,10.709132033546872,
2020-11-19,10.687562740797441,11.27852209234742,10.612121121450635,10.869879987552219,
2020-11-20,10.844732781103286,10.93903480528679,10.379509461797985,10.517819097267129,
2020-11-23,10.49267189081819,10.49267189081819,10.128037397308633,10.241199826328844,
2020-11-24,10.247486627941075,10.530392700491596,10.216052619879909,10.511532295654895,
2020-11-25,10.649841931124039,10.876166789164454,10.530392700491596,10.825872376266583,
2020-11-26,10.813298773042114,11.127638853653805,10.76929116175648,11.014476424633598,
2020-11-27,10.851019582715521,11.39797132297986,10.844732781103286,10.88874039238892,
2020-11-30,10.88874039238892,11.033336829470299,10.737857153695312,10.95160840851126,
2020-12-01,10.970468813347962,11.045910432694768,10.844732781103286,10.895027194001155,
2020-12-02,10.93903480528679,11.089918043980404,10.876166789164454,11.00190282140913,
2020-12-03,11.127638853653805,11.159072861714975,10.844732781103286,10.869879987552219,
2020-12-04,10.876166789164454,10.95160840851126,10.788151566593179,10.895027194001155,
2020-12-07,10.788151566593179,10.96418201173573,10.656128732736272,10.71899674885861,
2020-12-08,10.700136344021907,10.876166789164454,10.687562740797441,10.807011971429883,
2020-12-09,10.807011971429883,10.876166789164454,10.687562740797441,10.794438368205416,
2020-12-10,10.876166789164454,11.033336829470299,10.844732781103286,10.995616019796895,
2020-12-11,10.96418201173573,10.970468813347962,10.781864764980947,10.807011971429883,
2020-12-14,10.857306384327755,10.970468813347962,10.832159177878816,10.876166789164454,
2020-12-15,10.895027194001155,11.17164646493944,10.895027194001155,11.039623631082534,
2020-12-16,11.096204845592634,11.30366929879635,10.989329218184663,11.008189623021366,
2020-12-17,11.00190282140913,11.159072861714975,10.970468813347962,11.115065250429337,
2020-12-18,11.033336829470299,11.115065250429337,10.970468813347962,11.020763226245835,
2020-12-21,11.008189623021366,11.196793671388376,11.00190282140913,11.033336829470299,
2020-12-22,11.008189623021366,11.159072861714975,10.95160840851126,11.00190282140913,
2020-12-23,10.926461202062324,11.127638853653805,10.926461202062324,11.033336829470299,
2020-12-24,11.052197234307,11.159072861714975,10.970468813347962,11.033336829470299,
2020-12-28,11.108778448817104,11.108778448817104,10.93903480528679,10.983042416572427,
2020-12-29,11.00190282140913,11.152786060102741,10.95160840851126,11.033336829470299,
2020-12-30,11.020763226245835,11.159072861714975,11.020763226245835,11.089918043980404,
2020-12-31,11.089918043980404,11.253374885898483,11.052197234307,11.108778448817104,
2021-01-01,11.108778448817104,11.31624290202082,11.096204845592634,11.284808893959648,
2021-01-04,11.31624290202082,11.39797132297986,11.196793671388376,11.309956100408584,
2021-01-05,11.309956100408584,11.31624290202082,11.08363124236817,11.10249164720487,
2021-01-06,11.159072861714975,11.234514481061783,11.108778448817104,11.177933266551676,
2021-01-07,11.253374885898483,11.536280958449002,11.221940877837314,11.366537314918688,
2021-01-08,11.473412942326664,11.674590593918145,11.39797132297986,11.410544926204325,
2021-01-11,11.423118529428795,11.52999415683677,11.379110918143157,11.429405331041027,
2021-01-12,11.504846950387835,11.932349460019731,11.410544926204325,11.504846950387835,
2021-01-13,11.624296181020277,11.724885006816017,11.542567760061235,11.64944338746921,
2021-01-14,11.624296181020277,12.102093103550043,11.567714966510172,11.668303792305911,
2021-01-15,11.693450998754846,11.706024601979317,11.536280958449002,11.58028856973464,
2021-01-18,11.611722577795808,11.662016990693681,11.41683172781656,11.59914897457134,
2021-01-19,11.63058298263251,11.63058298263251,11.460839339102199,11.592862172959105,
2021-01-20,11.473412942326664,11.567714966510172,11.39797132297986,11.548854561673473,
2021-01-21,11.492273347163367,11.592862172959105,11.460839339102199,11.46712614071443,
2021-01-22,11.504846950387835,11.555141363285701,11.366537314918688,11.52999415683677,
2021-01-25,11.542567760061235,11.875768245509624,11.423118529428795,11.73117180842825,
2021-01-26,11.863194642285157,11.863194642285157,11.504846950387835,11.555141363285701,
2021-01-27,11.555141363285701,11.63058298263251,11.473412942326664,11.479699743938896,
2021-01-28,11.410544926204325,11.724885006816017,11.410544926204325,11.618009379408043,
2021-01-29,11.724885006816017,11.724885006816017,11.473412942326664,11.479699743938896,
2021-02-01,11.485986545551132,11.52999415683677,11.272235290735187,11.341390108469755,
2021-02-02,11.347676910081992,11.787753022938356,11.265948489122946,11.624296181020277,
2021-02-03,11.618009379408043,11.756319014877183,11.423118529428795,11.561428164897936,
2021-02-04,11.63058298263251,11.63058298263251,11.265948489122946,11.353963711694222,
2021-02-08,11.347676910081992,11.460839339102199,11.265948489122946,11.31624290202082,
2021-02-09,11.265948489122946,11.39168452136763,11.159072861714975,11.203080473000613,
2021-02-10,11.265948489122946,11.265948489122946,10.995616019796895,11.027050027858065,
2021-02-11,11.159072861714975,11.159072861714975,10.844732781103286,10.851019582715521,
2021-02-12,10.876166789164454,11.052197234307,10.687562740797441,10.700136344021907,
2021-02-15,10.561826708552767,10.807011971429883,10.530392700491596,10.580687113389464,
2021-02-16,10.568113510164999,10.913887598837857,10.561826708552767,10.838445979491052,
2021-02-17,10.970468813347962,11.00190282140913,10.530392700491596,10.593260716613935,
2021-02-18,10.593260716613935,10.794438368205416,10.593260716613935,10.630981526287336,
2021-02-19,10.71899674885861,10.825872376266583,10.624694724675102,10.737857153695312,
2021-02-22,10.737857153695312,10.744143955307544,10.310354644063413,10.379509461797985,
2021-02-23,10.48009828759373,10.586973915001701,10.373222660185753,10.530392700491596,
2021-02-24,10.524105898879363,10.542966303716064,10.310354644063413,10.423517073083623,
2021-02-25,10.467524684369259,10.517819097267129,10.373222660185753,10.467524684369259,
2021-02-26,10.498958692430426,10.813298773042114,10.461237882757025,10.498958692430426,
2021-03-01,10.586973915001701,10.6058343198384,10.48009828759373,10.586973915001701,
2021-03-02,10.586973915001701,11.379110918143157,10.586973915001701,11.096204845592634,
2021-03-03,11.240801282674012,11.31624290202082,10.93903480528679,11.108778448817104,
2021-03-04,11.05438003798771,11.181595798570246,10.880295312980033,10.96733767548387,
2021-03-05,10.920468711058724,11.382462788963725,10.920468711058724,11.31550712549923,
2021-03-08,11.469505151467564,11.469505151467564,10.980728808176769,11.08785786971996,
2021-03-09,11.1347268341451,11.382462788963725,10.96733767548387,11.107944568759306,
2021-03-10,11.05438003798771,11.335593824538579,10.7129061543188,10.813339649515537,
2021-03-11,11.020902206255467,11.020902206255467,10.311172173531846,10.371432270649889,
2021-03-12,10.210738678335106,10.645950490854306,10.210738678335106,10.43838793411438,
2021-03-15,10.552212562004016,10.840121914901337,10.471865765846626,10.799948516822637,
2021-03-16,10.799948516822637,10.96733767548387,10.753079552397496,10.880295312980033,
2021-03-17,10.913773144712277,11.027597772601915,10.77986181778329,10.880295312980033,
2021-03-18,10.987424374523217,10.994119940869671,10.565603694696918,10.625863791814956,
2021-03-19,10.686123888933004,10.6995150216259,10.485256898539527,10.61247265912206,
2021-03-22,10.61247265912206,10.672732756240103,10.378127836996338,10.398214536035685,
2021-03-24,10.592385960082714,10.813339649515537,10.378127836996338,10.398214536035685,
2021-03-25,10.53882142931112,10.61247265912206,10.398214536035685,10.505343597578873,
2021-03-26,10.545516995657568,10.545516995657568,10.311172173531846,10.364736704303438,
2021-03-29,10.44508350046083,10.44508350046083,9.99648055524873,10.029958386980974,
2021-03-30,10.190651979295756,10.277694341799599,10.050045086020322,10.17726084660286,
2021-03-31,10.297781040838943,10.478561332193078,10.197347545642206,10.204043111988659,
2021-04-01,10.358041137956988,10.358041137956988,10.076827351406124,10.170565280256412,
2021-04-02,10.311172173531846,10.311172173531846,10.117000749484813,10.210738678335106,
2021-04-05,10.224129811028005,10.224129811028005,10.110305183138369,10.143783014870612,
2021-04-06,10.050045086020322,10.371432270649889,10.036653953327427,10.050045086020322,
2021-04-07,10.076827351406124,10.076827351406124,9.64161553888692,9.748744600430106,
2021-04-08,9.922829325437785,10.09021848409902,9.842482529280398,10.036653953327427,
2021-04-09,10.043349519673875,10.117000749484813,9.909438192744892,10.050045086020322,
2021-04-12,10.043349519673875,10.130391882177719,10.009871687941628,10.029958386980974,
2021-04-13,10.110305183138369,10.170565280256412,10.01656725428808,10.043349519673875,
2021-04-14,10.043349519673875,10.204043111988659,10.009871687941628,10.043349519673875,
2021-04-15,10.050045086020322,10.050045086020322,10.009871687941628,10.009871687941628,
2021-04-16,10.09021848409902,10.103609616791918,10.009871687941628,10.029958386980974,
2021-04-19,9.942916024477135,10.043349519673875,9.942916024477135,10.01656725428808,
2021-04-20,10.009871687941628,10.197347545642206,10.009871687941628,10.063436218713221,
2021-04-21,10.143783014870612,10.150478581217065,10.050045086020322,10.050045086020322,
2021-04-22,10.09021848409902,10.43838793411438,10.043349519673875,10.277694341799599,
2021-04-23,10.277694341799599,10.277694341799599,9.976393856209386,10.056740652366777,
2021-04-26,10.043349519673875,10.304476607185396,9.969698289862933,10.217434244681556,
2021-04-27,10.143783014870612,10.25760764276025,10.043349519673875,10.09021848409902,
2021-04-28,10.230825377374453,10.25760764276025,10.009871687941628,10.050045086020322,
2021-04-29,10.170565280256412,10.170565280256412,9.775526865815905,9.80900469754815,
2021-04-30,9.942916024477135,9.942916024477135,9.54118204369018,9.668397804272715,
2021-05-03,9.70857120235141,9.882655927359094,9.70857120235141,9.875960361012645,
2021-05-04,9.976393856209386,9.976393856209386,9.80900469754815,9.902742626398439,
2021-05-05,9.909438192744892,10.123696315831264,9.882655927359094,10.056740652366777,
2021-05-06,10.117000749484813,10.813339649515537,10.043349519673875,10.585690393736265,
2021-05-17,10.7129061543188,10.7129061543188,10.43838793411438,10.465170199500177,
2021-05-18,10.458474633153726,10.545516995657568,10.398214536035685,10.53882142931112,
2021-05-19,10.424996801421482,10.478561332193078,10.384823403342784,10.424996801421482,
2021-05-20,10.424996801421482,10.44508350046083,10.391518969689235,10.418301235075033,
2021-05-21,10.418301235075033,10.505343597578873,10.378127836996338,10.44508350046083,
2021-05-24,10.478561332193078,10.512039163925321,10.411605668728585,10.44508350046083,
2021-05-25,10.465170199500177,10.545516995657568,10.378127836996338,10.418301235075033,
2021-05-26,10.672732756240103,11.194986931263145,10.43838793411438,10.980728808176769,
2021-05-27,10.880295312980033,11.034293338948363,10.7129061543188,10.746383986051047,
2021-05-28,10.7129061543188,11.047684471641263,10.565603694696918,10.679428322586556,
2021-05-31,10.846817481247784,10.974033241830321,10.766470685090395,10.826730782208438,
2021-06-01,10.893686445672929,10.947250976444524,10.799948516822637,10.813339649515537,
2021-06-02,10.77986181778329,10.880295312980033,10.666037189893654,10.739688419704594,
2021-06-03,10.719601720665247,10.799948516822637,10.585690393736265,10.61916822546851,
2021-06-04,10.645950490854306,11.014206639909016,10.61916822546851,10.826730782208438,
2021-06-07,10.913773144712277,10.913773144712277,10.766470685090395,10.793252950476191,
2021-06-08,10.820035215861987,10.820035215861987,10.679428322586556,10.77986181778329,
2021-06-09,10.826730782208438,10.826730782208438,10.592385960082714,10.63925492450786,
2021-06-10,10.645950490854306,10.880295312980033,10.645950490854306,10.866904180287131,
2021-06-11,10.866904180287131,11.040988905294812,10.799948516822637,10.866904180287131,
2021-06-14,10.947250976444524,11.047684471641263,10.880295312980033,10.913773144712277,
2021-06-15,10.947250976444524,10.947250976444524,10.766470685090395,10.799948516822637,
2021-06-16,10.799948516822637,10.880295312980033,10.7129061543188,10.726297287011699,
2021-06-17,10.7129061543188,10.813339649515537,10.7129061543188,10.719601720665247,
2021-06-18,10.820035215861987,10.980728808176769,10.766470685090395,10.866904180287131,
2021-06-21,10.73299285335815,10.860208613940683,10.63255935816141,10.686123888933004,
2021-06-22,10.552212562004016,10.813339649515537,10.545516995657568,10.61916822546851,
2021-06-23,10.773166251436844,10.773166251436844,10.552212562004016,10.61916822546851,
2021-06-24,10.6995150216259,10.80664408316909,10.491952464885975,10.52543029661822,
2021-06-25,10.605777092775611,10.679428322586556,10.44508350046083,10.545516995657568,
2021-06-28,10.625863791814956,10.625863791814956,10.217434244681556,10.284389908146048,
2021-06-29,10.378127836996338,10.478561332193078,10.297781040838943,10.424996801421482,
2021-06-30,10.53212586296467,10.994119940869671,10.378127836996338,10.773166251436844,
2021-07-01,10.585690393736265,10.679428322586556,10.512039163925321,10.545516995657568,
2021-07-02,10.512039163925321,10.666037189893654,10.512039163925321,10.53212586296467,
2021-07-05,10.672732756240103,10.866904180287131,10.545516995657568,10.7129061543188,
2021-07-06,10.7129061543188,10.880295312980033,10.545516995657568,10.578994827389815,
2021-07-07,10.63255935816141,10.645950490854306,10.478561332193078,10.572299261043364,
2021-07-08,10.518734730271772,10.6995150216259,10.512039163925321,10.652646057200759,
2021-07-09,10.645950490854306,10.753079552397496,10.578994827389815,10.672732756240103,
2021-07-12,10.471865765846626,10.87359974663358,10.465170199500177,10.6995150216259,
2021-07-13,10.645950490854306,10.799948516822637,10.645950490854306,10.6995150216259,
2021-07-14,10.78655738412974,10.840121914901337,10.672732756240103,10.6995150216259,
2021-07-15,10.719601720665247,11.31550712549923,10.7129061543188,11.014206639909016,
2021-07-16,11.047684471641263,11.717241106286187,10.920468711058724,11.282029293766987,
2021-07-19,11.215073630302493,11.282029293766987,11.047684471641263,11.114640135105756,
2021-07-23,11.114640135105756,11.215073630302493,11.047684471641263,11.081162303373512,
2021-07-26,11.081162303373512,11.375767222617274,11.081162303373512,11.181595798570246,
2021-07-27,11.215073630302493,11.215073630302493,11.081162303373512,11.1347268341451,
2021-07-28,11.114640135105756,11.148117966838,11.047684471641263,11.06107560433416,
2021-07-29,10.880295312980033,11.047684471641263,10.880295312980033,10.974033241830321,
2021-07-30,10.974033241830321,11.181595798570246,10.893686445672929,11.007511073562567,
2021-08-02,11.000815507216117,11.101249002412857,10.893686445672929,10.92716427740518,
2021-08-03,10.893686445672929,11.047684471641263,10.880295312980033,10.920468711058724,
2021-08-04,10.947250976444524,11.034293338948363,10.880295312980033,10.947250976444524,
2021-08-05,10.947250976444524,11.007511073562567,10.88699087932648,10.920468711058724,
2021-08-06,10.900382012019378,11.34228939088503,10.846817481247784,11.148117966838,
2021-08-09,10.987424374523217,11.516374115892706,10.398214536035685,10.820035215861987,
2021-08-10,10.980728808176769,11.047684471641263,10.846817481247784,10.90707757836583,
2021-08-11,11.007511073562567,11.007511073562567,10.88699087932648,10.913773144712277,
2021-08-12,10.880295312980033,10.980728808176769,10.813339649515537,10.880295312980033,
2021-08-13,10.726297287011699,10.913773144712277,10.726297287011699,10.860208613940683,
2021-08-16,10.753079552397496,10.96733767548387,10.679428322586556,10.77986181778329,
2021-08-17,10.773166251436844,10.880295312980033,10.773166251436844,10.820035215861987,
2021-08-20,10.947250976444524,10.947250976444524,10.7129061543188,10.746383986051047,
2021-08-23,10.846817481247784,10.994119940869671,10.666037189893654,10.826730782208438,
2021-08-24,10.766470685090395,10.813339649515537,10.726297287011699,10.753079552397496,
2021-08-25,10.753079552397496,10.947250976444524,10.6995150216259,10.840121914901337,
2021-08-26,10.933859843751625,10.933859843751625,10.826730782208438,10.880295312980033,
2021-08-27,10.880295312980033,10.880295312980033,10.766470685090395,10.793252950476191,
2021-08-30,10.880295312980033,10.913773144712277,10.77986181778329,10.826730782208438,
2021-08-31,10.880295312980033,10.940555410098074,10.826730782208438,10.900382012019378,
2021-09-01,10.913773144712277,11.114640135105756,10.913773144712277,10.994119940869671,
2021-09-02,10.980728808176769,11.027597772601915,10.933859843751625,10.940555410098074,
2021-09-03,11.027597772601915,11.382462788963725,10.88699087932648,11.081162303373512,
2021-09-06,11.047684471641263,11.148117966838,10.987424374523217,11.014206639909016,
2021-09-07,10.947250976444524,11.047684471641263,10.947250976444524,11.000815507216117,
2021-09-08,11.081162303373512,11.081162303373512,10.960642109137424,10.96733767548387,
2021-09-09,10.913773144712277,11.1347268341451,10.893686445672929,11.047684471641263,
2021-09-10,11.1347268341451,11.228464762995392,11.047684471641263,11.161509099530903,
2021-09-13,11.138648141925694,11.545637208649902,11.067246551272325,11.467095458931194,
2021-09-14,11.531356890519225,11.531356890519225,11.252890686971082,11.409974186408496,
2021-09-15,11.38855370921249,11.567057685845912,11.352852913885801,11.531356890519225,
2021-09-16,11.252890686971082,11.61703879930327,11.252890686971082,11.488515936127206,
2021-09-17,11.488515936127206,11.659879753695293,11.317152118559116,11.417114345473836,
2021-09-20,11.66701991276063,11.66701991276063,11.33857259575513,11.452815140800517,
2021-09-21,11.659879753695293,11.959766434439445,11.438534822669846,11.752701821544676,
2021-09-22,11.745561662479336,11.902645161916753,11.602758481172598,11.75984198061001,
2021-09-23,11.902645161916753,11.902645161916753,11.602758481172598,11.738421503414,
2021-09-24,11.816963253132709,11.816963253132709,11.61703879930327,11.745561662479336,
2021-09-27,11.781262457806022,11.852664048459392,11.624178958368606,11.709860867152651,
2021-09-28,11.781262457806022,11.816963253132709,11.602758481172598,11.709860867152651,
2021-09-29,11.781262457806022,11.781262457806022,11.38855370921249,11.445674981735186,
2021-09-30,11.595618322107258,11.745561662479336,11.424254504539173,11.545637208649902,
2021-10-01,11.438534822669846,11.774122298740682,11.424254504539173,11.66701991276063,
2021-10-04,11.781262457806022,11.781262457806022,11.502796254257877,11.552777367715239,
2021-10-05,11.638459276499281,11.781262457806022,11.602758481172598,11.695580549021976,
2021-10-06,11.695580549021976,11.695580549021976,11.61703879930327,11.645599435564616,
2021-10-07,11.659879753695293,11.816963253132709,11.659879753695293,11.774122298740682,
2021-10-08,11.781262457806022,11.959766434439445,11.638459276499281,11.731281344348663,
2021-10-11,11.831243571263379,11.831243571263379,11.502796254257877,11.51707657238855,
2021-10-12,11.709860867152651,11.8740845256554,11.49565609519254,11.816963253132709,
2021-10-13,11.952626275374108,12.423876773686345,11.602758481172598,11.745561662479336,
2021-10-14,11.738421503414,12.480998046209045,11.724141185283328,12.37389566022899,
2021-10-15,12.495278364339718,12.79516504508387,12.316774387706296,12.566679954993091,
2021-10-18,12.673782340973144,12.81658552227988,12.48813820527438,12.502418523405057,
2021-10-20,12.566679954993091,12.852286317606568,12.566679954993091,12.695202818169156,
2021-10-21,12.852286317606568,13.209294270873416,12.673782340973144,12.887987112933256,
2021-10-22,12.852286317606568,13.087911566762687,12.566679954993091,13.023650135174657,
2021-10-25,13.209294270873416,13.244995066200106,12.94510838545595,13.123612362089371,
2021-10-26,12.887987112933256,13.387798247506844,12.495278364339718,12.84514615854123,
2021-10-27,12.995089498913307,13.302116338722797,12.33105470583697,12.452437409947699,
2021-10-28,12.495278364339718,12.79516504508387,12.431016932751685,12.75946424975719,
2021-10-29,12.745183931626515,13.030790294239992,12.588100432189101,12.980809180782632,
2021-11-01,13.030790294239992,13.244995066200106,12.94510838545595,13.009369817043982,
2021-11-02,13.009369817043982,13.087911566762687,12.81658552227988,12.852286317606568,
2021-11-03,12.959388703586622,13.066491089566679,12.745183931626515,12.852286317606568,
2021-11-04,12.94510838545595,13.066491089566679,12.716623295365164,13.030790294239992,
2021-11-05,12.995089498913307,13.123612362089371,12.716623295365164,12.852286317606568,
2021-11-08,13.023650135174657,13.030790294239992,12.709483136299829,12.752324090691852,
2021-11-09,12.602380750319771,12.852286317606568,12.502418523405057,12.652361863777136,
2021-11-10,12.780884726953198,12.852286317606568,12.638081545646457,12.852286317606568,
2021-11-11,12.923687908259936,12.923687908259936,12.566679954993091,12.638081545646457,
2021-11-12,12.566679954993091,12.852286317606568,12.480998046209045,12.602380750319771,
2021-11-15,12.323914546771634,12.730903613495837,12.323914546771634,12.60952090938511,
2021-11-16,12.766604408822522,12.766604408822522,12.409596455555675,12.588100432189101,
2021-11-17,12.75946424975719,12.75946424975719,12.530979159666405,12.588100432189101,
2021-11-18,12.673782340973144,12.77374456788786,12.495278364339718,12.538119318731741,
2021-11-19,12.780884726953198,13.009369817043982,12.566679954993091,12.966528862651959,
2021-11-22,13.209294270873416,13.430639201898863,13.030790294239992,13.052210771436005,
2021-11-23,13.173593475546733,13.173593475546733,12.730903613495837,12.859426476671903,
2021-11-24,12.709483136299829,13.030790294239992,12.495278364339718,12.659502022842469,
2021-11-25,12.616661068450446,12.616661068450446,12.38817597835967,12.452437409947699,
2021-11-26,12.673782340973144,12.673782340973144,12.316774387706296,12.338194864902308,
2021-11-29,12.316774387706296,12.630941386581126,12.223952319856913,12.552399636862415,
2021-11-30,12.673782340973144,12.730903613495837,12.13827041107287,12.295353910510283,
2021-12-01,12.316774387706296,12.38817597835967,12.173971206399555,12.238232637987588,
2021-12-02,12.13827041107287,12.202531842660903,11.781262457806022,11.916925480047421,
2021-12-03,11.781262457806022,12.495278364339718,11.781262457806022,12.30249406957562,
2021-12-06,12.566679954993091,12.588100432189101,11.966906593504783,12.109709774811526,
2021-12-07,12.066868820419499,12.316774387706296,11.959766434439445,12.009747547896804,
2021-12-08,12.266793274248938,12.266793274248938,11.995467229766131,12.216812160791578,
2021-12-09,12.316774387706296,12.352475183032979,12.052588502288824,12.281073592379606,
2021-12-10,12.423876773686345,12.673782340973144,12.13827041107287,12.573820114058426,
2021-12-13,12.730903613495837,12.730903613495837,12.102569615746184,12.123990092942195,
2021-12-14,12.381035819294329,12.381035819294329,12.13827041107287,12.245372797052925,
2021-12-15,12.245372797052925,12.459577569013035,12.052588502288824,12.23109247892225,
2021-12-16,12.13827041107287,12.438157091817024,12.066868820419499,12.074008979484836,
2021-12-17,12.30249406957562,12.309634228640958,12.066868820419499,12.15969088826888,
2021-12-20,12.074008979484836,12.452437409947699,12.074008979484836,12.30249406957562,
2021-12-21,12.352475183032979,12.352475183032979,12.173971206399555,12.195391683595568,
2021-12-22,12.2596531151836,12.495278364339718,12.13827041107287,12.30249406957562,
2021-12-23,12.316774387706296,12.33105470583697,12.13827041107287,12.238232637987588,
2021-12-24,12.37389566022899,12.381035819294329,12.181111365464888,12.273933433314273,
2021-12-27,12.352475183032979,12.423876773686345,12.152550729203542,12.2596531151836,
2021-12-28,12.245372797052925,12.316774387706296,12.13827041107287,12.15969088826888,
2021-12-29,12.25251295611826,12.30249406957562,12.13827041107287,12.152550729203542,
2021-12-30,12.066868820419499,12.295353910510283,12.066868820419499,12.15969088826888,
2021-12-31,12.181111365464888,12.37389566022899,12.181111365464888,12.352475183032979,
2022-01-03,12.181111365464888,12.738043772561177,12.181111365464888,12.48813820527438,
2022-01-04,12.423876773686345,12.616661068450446,12.316774387706296,12.38817597835967,
2022-01-05,12.473857887143707,12.473857887143707,12.273933433314273,12.316774387706296,
2022-01-06,12.338194864902308,12.423876773686345,12.13827041107287,12.195391683595568,
2022-01-07,12.13827041107287,12.438157091817024,12.13827041107287,12.238232637987588,
2022-01-10,12.316774387706296,12.788024886018533,12.316774387706296,12.738043772561177,
2022-01-11,12.673782340973144,13.009369817043982,12.666642181907806,12.873706794802583,
2022-01-12,13.030790294239992,13.137892680220046,12.852286317606568,12.873706794802583,
2022-01-13,12.873706794802583,12.9165477491946,12.780884726953198,12.79516504508387,
2022-01-14,12.852286317606568,13.137892680220046,12.852286317606568,12.980809180782632,
2022-01-17,12.94510838545595,13.123612362089371,12.852286317606568,12.873706794802583,
2022-01-18,12.887987112933256,12.973669021717297,12.852286317606568,12.887987112933256,
2022-01-19,12.788024886018533,13.023650135174657,12.673782340973144,12.909407590129263,
2022-01-20,12.909407590129263,12.909407590129263,12.602380750319771,12.709483136299829,
2022-01-21,12.852286317606568,12.952248544521286,12.730903613495837,12.77374456788786,
2022-01-24,12.673782340973144,12.852286317606568,12.673782340973144,12.766604408822522,
2022-01-25,12.852286317606568,13.166453316481395,12.730903613495837,13.037930453305327,
2022-01-26,13.173593475546733,13.44491952002954,13.030790294239992,13.330676974984142,
2022-01-27,13.387798247506844,13.709105405447005,13.280695861526787,13.323536815918809,
2022-01-28,13.387798247506844,13.751946359839026,13.152172998350721,13.68054476918566,
2022-01-31,13.566302224140268,13.959010972733802,13.566302224140268,13.74480620077369,
2022-02-01,13.880469223015094,13.880469223015094,13.566302224140268,13.759086518904365,
2022-02-02,13.74480620077369,14.037552722452508,13.387798247506844,13.552021906009593,
2022-02-03,13.53060142881358,13.566302224140268,13.252135225265437,13.50918095161757,
2022-02-04,13.480620315356221,13.53060142881358,13.387798247506844,13.480620315356221,
2022-02-07,13.309256497788136,13.602003019466954,13.287836020592124,13.44491952002954,
2022-02-08,13.559162065074926,13.559162065074926,13.330676974984142,13.42349904283353,
2022-02-09,13.244995066200106,13.480620315356221,13.209294270873416,13.287836020592124,
2022-02-10,13.252135225265437,13.566302224140268,13.252135225265437,13.416358883768188,
2022-02-11,13.566302224140268,13.566302224140268,13.244995066200106,13.366377770310836,
2022-02-14,13.380658088441505,13.380658088441505,13.030790294239992,13.123612362089371,
2022-02-15,13.209294270873416,13.294976179657464,12.94510838545595,13.216434429938756,
2022-02-16,13.50918095161757,13.50918095161757,13.045070612370667,13.280695861526787,
2022-02-17,13.237854907134766,13.809067632361721,13.209294270873416,13.487760474421556,
2022-02-18,13.502040792552235,13.709105405447005,13.244995066200106,13.573442383205604,
2022-02-21,13.659124291989649,13.659124291989649,13.402078565637515,13.50918095161757,
2022-02-22,13.302116338722797,13.737666041708355,13.223574589004091,13.651984132924312,
2022-02-23,13.566302224140268,13.72338572357768,13.480620315356221,13.552021906009593,
2022-02-24,13.566302224140268,13.566302224140268,13.023650135174657,13.052210771436005,
2022-02-25,13.123612362089371,13.280695861526787,12.959388703586622,13.173593475546733,
2022-02-28,13.37351792937617,13.37351792937617,12.980809180782632,13.030790294239992,
2022-03-01,13.030790294239992,13.187873793677406,12.995089498913307,13.137892680220046,
2022-03-02,13.030790294239992,13.209294270873416,12.852286317606568,12.909407590129263,
2022-03-03,12.94510838545595,13.123612362089371,12.852286317606568,12.94510838545595,
2022-03-04,13.095051725828027,13.095051725828027,12.823725681345222,12.909407590129263,
2022-03-07,12.338194864902308,12.852286317606568,12.338194864902308,12.509558682470393,
2022-03-08,12.673782340973144,12.852286317606568,12.495278364339718,12.852286317606568,
2022-03-09,12.830865840410558,12.84514615854123,12.352475183032979,12.545259477797078,
2022-03-10,12.81658552227988,12.987949339847972,12.545259477797078,12.81658552227988,
2022-03-11,12.680922500038479,12.923687908259936,12.680922500038479,12.79516504508387,
2022-03-14,12.852286317606568,12.852286317606568,12.616661068450446,12.77374456788786,
2022-03-15,12.602380750319771,12.79516504508387,12.602380750319771,12.673782340973144,
2022-03-16,12.780884726953198,12.780884726953198,12.638081545646457,12.709483136299829,
2022-03-17,12.9165477491946,12.9165477491946,12.709483136299829,12.730903613495837,
2022-03-18,12.541343906696733,12.792170784830663,12.351323544474056,12.541343906696733,
2022-03-21,12.8301748572752,12.8301748572752,12.427331689363125,12.586948793630176,
2022-03-22,12.434932503852032,12.70096101096378,12.434932503852032,12.541343906696733,
2022-03-24,12.541343906696733,12.70096101096378,12.396928431407494,12.541343906696733,
2022-03-25,12.35892435896296,12.723763454430502,12.35892435896296,12.419730874874217,
2022-03-28,12.41213006038531,12.640154495052522,12.41213006038531,12.533743092207823,
2022-03-29,12.8301748572752,12.8301748572752,12.586948793630176,12.685759381985964,
2022-03-30,12.46533576180766,12.685759381985964,12.46533576180766,12.670557753008156,
2022-03-31,12.670557753008156,12.959388703586622,12.57934797914127,12.890981373186461,
2022-04-01,13.073400920920225,13.49144571781012,12.814973228297386,13.30902617007635,
2022-04-04,13.035396848475694,13.240618839676186,12.921384631142088,12.921384631142088,
2022-04-05,12.921384631142088,13.111404993364767,12.8301748572752,13.020195219497879,
2022-04-06,13.111404993364767,13.18741313825384,13.027796033986787,13.172211509276021,
2022-04-07,13.111404993364767,13.286223726609627,12.951787889097718,13.065800106431322,
2022-04-08,13.605457935143727,13.605457935143727,13.263421283142907,13.369832685987607,
2022-04-11,13.377433500476515,14.061506804478151,13.377433500476515,14.008301103055803,
2022-04-12,13.795478297366405,14.213523094256294,13.795478297366405,13.9018897002111,
2022-04-13,14.053905989989246,14.053905989989246,13.681466080032797,13.81067992634422,
2022-04-14,13.681466080032797,14.053905989989246,13.377433500476515,13.529449790254656,
2022-04-15,13.742272595944053,13.871486442255474,13.49144571781012,13.81067992634422,
2022-04-18,13.757474224921866,13.757474224921866,13.30142535558744,13.400235943943237,
2022-04-19,13.400235943943237,13.49144571781012,13.30142535558744,13.30902617007635,
2022-04-20,13.78027666838859,13.78027666838859,13.30142535558744,13.339429428031979,
2022-04-21,13.042997662964599,13.339429428031979,13.042997662964599,13.172211509276021,
2022-04-22,13.628260378610452,13.628260378610452,12.944187074608807,12.982191147053346,
2022-04-25,12.921384631142088,13.17981232376493,12.921384631142088,12.936586260119899,
2022-04-26,13.111404993364767,13.681466080032797,12.77696915585285,13.30142535558744,
2022-04-27,13.415437572921046,13.49144571781012,13.18741313825384,13.30902617007635,
2022-04-28,13.49144571781012,13.49144571781012,13.111404993364767,13.369832685987607,
2022-05-06,13.263421283142907,13.483844903321211,13.210215581720558,13.240618839676186,
2022-05-09,13.483844903321211,13.483844903321211,12.936586260119899,13.293824541098532,
2022-05-10,13.263421283142907,13.453441645365583,13.240618839676186,13.339429428031979,
2022-05-11,13.49144571781012,13.49144571781012,12.8301748572752,13.240618839676186,
2022-05-12,13.263421283142907,13.400235943943237,12.997392776031159,13.30142535558744,
2022-05-13,13.339429428031979,13.673865265543888,13.12660662234258,13.225417210698367,
2022-05-16,13.004993590520066,13.18741313825384,12.731364268919409,13.111404993364767,
2022-05-17,13.111404993364767,13.111404993364767,12.936586260119899,13.027796033986787,
2022-05-18,13.027796033986787,13.240618839676186,12.8301748572752,12.936586260119899,
2022-05-19,12.921384631142088,13.050598477453509,12.906183002164271,12.936586260119899,
2022-05-20,12.921384631142088,13.293824541098532,12.921384631142088,13.020195219497879,
2022-05-23,13.30142535558744,13.30142535558744,13.020195219497879,13.042997662964599,
2022-05-24,13.286223726609627,13.286223726609627,12.88338055869755,12.88338055869755,
2022-05-25,13.096203364386948,13.096203364386948,12.693360196474872,12.898582187675364,
2022-05-26,12.921384631142088,13.1494090658093,12.921384631142088,13.004993590520066,
2022-05-27,13.1494090658093,13.286223726609627,12.921384631142088,12.966989518075525,
2022-05-30,13.050598477453509,13.111404993364767,12.845376486253015,12.868178929719736,
2022-05-31,12.77696915585285,13.111404993364767,12.77696915585285,12.921384631142088,
2022-06-01,12.921384631142088,13.042997662964599,12.921384631142088,12.98979196154225,
2022-06-02,12.921384631142088,12.921384631142088,12.57934797914127,12.647755309541433,
2022-06-03,12.548944721185638,12.685759381985964,12.427331689363125,12.450134132829845,
2022-06-06,12.389327616918589,12.822574042786295,12.389327616918589,12.564146350163453,
2022-06-07,12.351323544474056,12.799771599319573,12.351323544474056,12.731364268919409,
2022-06-08,12.556545535674545,12.716162639941595,12.161303182251377,12.351323544474056,
2022-06-09,12.533743092207823,12.541343906696733,12.244912141629353,12.290517028562798,
2022-06-10,12.33612191549624,12.41213006038531,12.108097480829025,12.33612191549624,
2022-06-13,12.085295037362304,12.260113770607166,11.963682005539793,12.009286892473234,
2022-06-14,12.077694222873399,12.15370236776247,11.986484449006515,12.085295037362304,
2022-06-15,12.222109698162633,12.275315399584981,12.161303182251377,12.267714585096076,
2022-06-16,12.085295037362304,12.609751237096896,12.085295037362304,12.541343906696733,
2022-06-17,12.685759381985964,13.240618839676186,12.503339834252195,12.556545535674545,
2022-06-20,12.693360196474872,12.8301748572752,12.46533576180766,12.57174716465236,
2022-06-21,12.503339834252195,12.845376486253015,12.46533576180766,12.814973228297386,
2022-06-22,12.8301748572752,12.921384631142088,12.640154495052522,12.640154495052522,
2022-06-23,12.860578115230831,12.906183002164271,12.693360196474872,12.738965083408317,
2022-06-24,12.662956938519246,12.837775671764108,11.842068973717277,11.910476304117442,
2022-06-27,11.591242095583343,12.161303182251377,11.591242095583343,12.108097480829025,
2022-06-28,12.46533576180766,12.46533576180766,11.986484449006515,12.14610155327356,
2022-06-29,12.070093408384492,12.275315399584981,11.629246168027882,11.880073046161812,
2022-06-30,11.971282820028698,12.206908069184818,11.880073046161812,12.161303182251377,
2022-07-01,11.933278747584161,12.351323544474056,11.933278747584161,12.343722729985146,
2022-07-04,12.313319472029518,12.366525173451867,12.237311327140446,12.32852110100733,
2022-07-05,12.389327616918589,12.389327616918589,11.796464086783834,11.895274675139628,
2022-07-06,11.971282820028698,12.039690150428862,11.857270602695094,11.971282820028698,
2022-07-07,12.115698295317932,12.206908069184818,11.788863272294925,12.199307254695912,
2022-07-13,12.472936576296565,12.731364268919409,11.978883634517603,12.602150422607988,
2022-07-14,12.860578115230831,12.860578115230831,12.488138205274382,12.655356124030337,
2022-07-15,12.655356124030337,12.860578115230831,12.450134132829845,12.617352051585803,
2022-07-18,12.374125987940774,12.541343906696733,12.214508883673725,12.244912141629353,
2022-07-19,12.427331689363125,12.427331689363125,11.819266530250557,11.933278747584161,
2022-07-20,11.819266530250557,11.963682005539793,11.773661643317114,11.796464086783834,
2022-07-21,11.788863272294925,11.849669788206183,11.690052683939133,11.80406490127274,
2022-07-22,12.085295037362304,12.085295037362304,11.51523395069427,11.636846982516786,
2022-07-25,11.880073046161812,11.880073046161812,11.50003232171646,11.545637208649902,
2022-07-26,11.40882254784957,11.591242095583343,11.218802185626895,11.325213588471597,
2022-07-27,11.72045594189476,11.963682005539793,11.294810330515965,11.712855127405856,
2022-07-28,11.948480376561976,11.963682005539793,11.781262457806022,11.880073046161812,
2022-07-29,12.33612191549624,12.769368341363945,12.260113770607166,12.754166712386132,
2022-08-01,12.868178929719736,13.20261476723165,12.541343906696733,12.77696915585285,
2022-08-02,12.640154495052522,13.035396848475694,12.510940648741105,12.640154495052522,
2022-08-03,12.822574042786295,12.959388703586622,12.670557753008156,12.723763454430502,
2022-08-04,12.769368341363945,13.020195219497879,12.769368341363945,12.936586260119899,
2022-08-05,13.111404993364767,13.49144571781012,12.769368341363945,13.18741313825384,
2022-08-10,12.351323544474056,12.503339834252195,11.971282820028698,12.419730874874217,
2022-08-11,12.427331689363125,12.868178929719736,12.161303182251377,12.199307254695912,
2022-08-12,12.389327616918589,12.997392776031159,12.161303182251377,12.548944721185638,
2022-08-15,12.731364268919409,13.49144571781012,12.617352051585803,12.655356124030337,
2022-08-16,12.670557753008156,12.716162639941595,12.46533576180766,12.541343906696733,
2022-08-17,12.472936576296565,12.731364268919409,12.472936576296565,12.62495286607471,
2022-08-18,12.723763454430502,12.921384631142088,12.602150422607988,12.670557753008156,
2022-08-19,12.640154495052522,12.640154495052522,12.313319472029518,12.351323544474056,
2022-08-22,12.33612191549624,12.518541463230012,12.085295037362304,12.199307254695912,
2022-08-23,12.108097480829025,12.670557753008156,12.108097480829025,12.237311327140446,
2022-08-24,12.161303182251377,12.541343906696733,12.009286892473234,12.366525173451867,
2022-08-25,12.518541463230012,12.921384631142088,12.389327616918589,12.541343906696733,
2022-08-26,12.396928431407494,12.716162639941595,12.351323544474056,12.396928431407494,
2022-08-29,12.389327616918589,12.46533576180766,12.229710512651542,12.374125987940774,
2022-08-30,12.495739019763288,12.541343906696733,12.351323544474056,12.480537390785477,
2022-08-31,12.526142277718916,12.640154495052522,12.199307254695912,12.260113770607166,
2022-09-01,12.313319472029518,12.351323544474056,12.229710512651542,12.275315399584981,
2022-09-02,12.343722729985146,12.518541463230012,12.237311327140446,12.41213006038531,
2022-09-05,12.480537390785477,12.480537390785477,12.260113770607166,12.33612191549624,
2022-09-06,12.419730874874217,12.450134132829845,12.260113770607166,12.434932503852032,
2022-09-07,12.480537390785477,12.57934797914127,12.450134132829845,12.541343906696733,
2022-09-08,12.602150422607988,12.602150422607988,12.389327616918589,12.419730874874217,
2022-09-09,12.533743092207823,12.632553680563616,12.351323544474056,12.495739019763288,
2022-09-12,12.541343906696733,12.541343906696733,12.389327616918589,12.457734947318754,
2022-09-13,12.541343906696733,12.541343906696733,12.1841056257181,12.351323544474056,
2022-09-14,12.495739019763288,12.495739019763288,12.244912141629353,12.267714585096076,
2022-09-15,12.351323544474056,12.389327616918589,12.260113770607166,12.305718657540611,
2022-09-16,12.556545535674545,12.655356124030337,11.971282820028698,12.472936576296565,
2022-09-19,12.46533576180766,12.46533576180766,12.237311327140446,12.244912141629353,
2022-09-20,12.419730874874217,12.419730874874217,12.222109698162633,12.275315399584981,
2022-09-21,12.427331689363125,12.427331689363125,12.237311327140446,12.260113770607166,
2022-09-22,12.351323544474056,12.351323544474056,11.963682005539793,12.047290964917769,
2022-09-23,12.138500738784654,12.252512956118261,11.986484449006515,12.001686077984324,
2022-09-26,12.085295037362304,12.14610155327356,12.039690150428862,12.108097480829025,
2022-09-27,12.108097480829025,12.199307254695912,12.085295037362304,12.085295037362304,
2022-09-28,12.161303182251377,12.161303182251377,12.009286892473234,12.016887706962141,
2022-09-29,12.15370236776247,12.15370236776247,11.667250240472415,11.697653498428043,
2022-09-30,11.857270602695094,11.971282820028698,11.712855127405856,11.83446815922837,
2022-10-03,11.963682005539793,11.963682005539793,11.629246168027882,11.743258385361482,
2022-10-04,11.925677933095255,11.925677933095255,11.629246168027882,11.781262457806022,
2022-10-05,11.933278747584161,11.956081191050883,11.636846982516786,11.682451869450228,
2022-10-06,11.773661643317114,11.880073046161812,11.629246168027882,11.781262457806022,
2022-10-07,11.629246168027882,12.016887706962141,11.614044539050063,11.880073046161812,
2022-10-10,12.085295037362304,12.085295037362304,11.70525431291695,11.971282820028698,
2022-10-11,12.009286892473234,12.085295037362304,11.83446815922837,11.933278747584161,
2022-10-12,12.070093408384492,12.070093408384492,11.70525431291695,11.864871417183998,
2022-10-13,12.070093408384492,12.070093408384492,11.72805675638367,11.781262457806022,
2022-10-14,11.933278747584161,11.986484449006515,11.781262457806022,11.971282820028698,
2022-10-17,12.115698295317932,12.14610155327356,11.864871417183998,12.070093408384492,
2022-10-18,12.115698295317932,12.123299109806842,11.796464086783834,12.016887706962141,
2022-10-19,12.032089335939954,12.032089335939954,11.880073046161812,11.956081191050883,
2022-10-20,12.047290964917769,12.15370236776247,11.788863272294925,11.826867344739462,
2022-10-21,11.963682005539793,12.123299109806842,11.743258385361482,11.826867344739462,
2022-10-24,12.047290964917769,12.047290964917769,11.796464086783834,11.857270602695094,
2022-10-25,11.963682005539793,11.963682005539793,11.743258385361482,11.766060828828206,
2022-10-26,11.788863272294925,11.788863272294925,11.591242095583343,11.636846982516786,
2022-10-27,11.781262457806022,11.781262457806022,11.636846982516786,11.70525431291695,
2022-10-28,11.895274675139628,11.895274675139628,11.44682662029411,11.766060828828206,
2022-10-31,11.629246168027882,11.880073046161812,11.629246168027882,11.811665715761649,
2022-11-01,11.872472231672903,11.880073046161812,11.743258385361482,11.857270602695094,
2022-11-02,11.842068973717277,11.88767386065072,11.629246168027882,11.735657570872577,
2022-11-03,11.690052683939133,11.781262457806022,11.50003232171646,11.56843965211662,
2022-11-04,11.50003232171646,11.781262457806022,11.50003232171646,11.606443724561156,
2022-11-07,11.766060828828206,11.781262457806022,11.591242095583343,11.70525431291695,
2022-11-08,11.743258385361482,12.275315399584981,11.644447797005693,12.115698295317932,
2022-11-10,12.267714585096076,13.020195219497879,12.161303182251377,13.020195219497879,
2022-11-11,13.30142535558744,13.30142535558744,12.746565897897224,12.898582187675364,
2022-11-14,12.852977300741921,12.91378381665318,12.662956938519246,12.731364268919409,
2022-11-15,12.655356124030337,12.769368341363945,12.541343906696733,12.556545535674545,
2022-11-16,12.556545535674545,12.617352051585803,12.389327616918589,12.419730874874217,
2022-11-17,12.35892435896296,12.427331689363125,12.260113770607166,12.320920286518428,
2022-11-18,12.260113770607166,12.541343906696733,12.260113770607166,12.351323544474056,
2022-11-21,12.503339834252195,12.503339834252195,12.260113770607166,12.290517028562798,
2022-11-22,12.275315399584981,12.541343906696733,12.267714585096076,12.35892435896296,
2022-11-23,12.46533576180766,12.541343906696733,12.260113770607166,12.267714585096076,
2022-11-24,12.275315399584981,12.442533318340942,12.237311327140446,12.252512956118261,
2022-11-25,12.275315399584981,12.290517028562798,12.17650481122919,12.260113770607166,
2022-11-28,12.14610155327356,12.305718657540611,12.070093408384492,12.092895851851214,
2022-11-29,12.077694222873399,12.313319472029518,12.047290964917769,12.222109698162633,
2022-11-30,12.244912141629353,12.290517028562798,12.15370236776247,12.199307254695912,
2022-12-01,12.260113770607166,12.351323544474056,12.161303182251377,12.275315399584981,
2022-12-02,12.290517028562798,12.290517028562798,12.024488521451048,12.15370236776247,
2022-12-05,12.161303182251377,12.161303182251377,11.933278747584161,11.956081191050883,
2022-12-06,12.14610155327356,12.161303182251377,11.933278747584161,12.009286892473234,
2022-12-07,11.994085263495421,12.282916214073888,11.971282820028698,12.244912141629353,
2022-12-08,12.313319472029518,12.351323544474056,12.206908069184818,12.320920286518428,
2022-12-09,12.32852110100733,12.495739019763288,12.267714585096076,12.434932503852032,
2022-12-12,12.495739019763288,12.731364268919409,12.260113770607166,12.374125987940774,
2022-12-13,12.427331689363125,12.541343906696733,12.313319472029518,12.351323544474056,
2022-12-14,12.351323544474056,12.351323544474056,11.796464086783834,11.842068973717277,
2022-12-15,11.857270602695094,11.857270602695094,11.538036394160992,11.667250240472415,
2022-12-16,11.743258385361482,11.758460014339299,11.667250240472415,11.690052683939133,
2022-12-19,11.933278747584161,11.933278747584161,11.50003232171646,11.659649425983506,
2022-12-20,11.59884291007225,11.70525431291695,11.31001195949378,11.416423362338483,
2022-12-21,11.629246168027882,11.629246168027882,11.135193226248916,11.264407072560335,
2022-12-22,11.39362091887176,11.553238023138807,11.325213588471597,11.340415217449408,
2022-12-23,11.401221733360664,11.51523395069427,11.218802185626895,11.3328144029605,
2022-12-26,11.51523395069427,11.52283476518318,11.325213588471597,11.401221733360664,
2022-12-27,11.51523395069427,11.629246168027882,11.36321766091613,11.38602010438285,
2022-12-28,11.36321766091613,11.507633136205364,11.218802185626895,11.249205443582524,
2022-12-29,11.35561684642722,11.401221733360664,11.211201371137989,11.35561684642722,
2022-12-30,11.35561684642722,11.576040466605527,11.348016031938315,11.454427434783016,
2023-01-02,11.401221733360664,12.085295037362304,11.325213588471597,11.895274675139628,
2023-01-03,11.933278747584161,11.948480376561976,11.72805675638367,11.819266530250557,
2023-01-04,11.819266530250557,11.963682005539793,11.743258385361482,11.933278747584161,
2023-01-05,11.956081191050883,11.971282820028698,11.781262457806022,11.80406490127274,
2023-01-06,11.857270602695094,11.857270602695094,11.614044539050063,11.667250240472415,
2023-01-09,11.51523395069427,11.766060828828206,11.157995669715637,11.188398927671267,
2023-01-10,11.401221733360664,11.492431507227549,11.249205443582524,11.401221733360664,
2023-01-11,11.439225805805204,11.454427434783016,11.249205443582524,11.348016031938315,
2023-01-12,11.249205443582524,11.401221733360664,11.249205443582524,11.35561684642722,
2023-01-13,11.218802185626895,11.35561684642722,11.211201371137989,11.234003814604709,
2023-01-16,11.287209516027058,11.401221733360664,11.059185081359844,11.127592411760007,
2023-01-17,11.39362091887176,11.39362091887176,10.694345985892303,10.831160646692629,
2023-01-18,10.983176936470773,10.983176936470773,10.709547614870118,10.762753316292468,
2023-01-19,10.967975307492958,11.104789968293288,10.67914435691449,10.785555759759188,
2023-01-20,10.967975307492958,10.967975307492958,10.717148429359023,10.838761461181537,
2023-01-23,10.762753316292468,10.983176936470773,10.709547614870118,10.846362275670446,
2023-01-24,10.975576121981865,10.975576121981865,10.739950872825748,10.80835820322591,
2023-01-25,10.831160646692629,11.188398927671267,10.831160646692629,11.036382637893123,
2023-01-26,11.074386710337658,11.674851054961321,11.036382637893123,11.424024176827384,
2023-01-27,11.477229878249737,11.576040466605527,11.38602010438285,11.50003232171646,
2023-01-30,11.70525431291695,11.70525431291695,11.325213588471597,11.38602010438285,
2023-01-31,11.51523395069427,11.857270602695094,11.38602010438285,11.743258385361482,
2023-02-01,11.766060828828206,12.009286892473234,11.6520486114946,11.864871417183998,
2023-02-02,11.986484449006515,12.199307254695912,11.59884291007225,11.963682005539793,
2023-02-03,11.963682005539793,11.963682005539793,11.591242095583343,11.644447797005693,
2023-02-06,11.773661643317114,11.857270602695094,11.636846982516786,11.796464086783834,
2023-02-07,11.857270602695094,11.857270602695094,11.743258385361482,11.773661643317114,
2023-02-08,11.857270602695094,11.933278747584161,11.690052683939133,11.712855127405856,
2023-02-09,11.819266530250557,11.895274675139628,11.743258385361482,11.819266530250557,
2023-02-10,11.690052683939133,11.880073046161812,11.591242095583343,11.606443724561156,
2023-02-13,11.750859199850392,11.773661643317114,11.439225805805204,11.50003232171646,
2023-02-14,11.50003232171646,11.614044539050063,11.401221733360664,11.477229878249737,
2023-02-15,11.591242095583343,11.667250240472415,11.325213588471597,11.48483069273864,
2023-02-16,11.416423362338483,11.629246168027882,11.416423362338483,11.553238023138807,
2023-02-17,11.629246168027882,11.766060828828206,11.477229878249737,11.667250240472415,
2023-02-20,11.667250240472415,11.667250240472415,11.50003232171646,11.51523395069427,
2023-02-21,11.439225805805204,11.682451869450228,11.439225805805204,11.560838837627715,
2023-02-22,11.553238023138807,11.583641281094438,11.50003232171646,11.56843965211662,
2023-02-23,11.743258385361482,11.743258385361482,11.454427434783016,11.50003232171646,
2023-02-24,11.50003232171646,11.70525431291695,11.287209516027058,11.401221733360664,
2023-02-27,11.416423362338483,11.553238023138807,11.142794040737824,11.424024176827384,
2023-02-28,11.416423362338483,11.880073046161812,11.416423362338483,11.796464086783834,
2023-03-01,11.796464086783834,11.880073046161812,11.667250240472415,11.811665715761649,
2023-03-02,11.59884291007225,12.047290964917769,11.59884291007225,11.918077118606346,
2023-03-03,11.971282820028698,12.237311327140446,11.781262457806022,12.168903996740282,
2023-03-06,12.290517028562798,12.541343906696733,12.199307254695912,12.351323544474056,
2023-03-07,12.503339834252195,12.503339834252195,11.978883634517603,12.161303182251377,
2023-03-08,12.33612191549624,12.33612191549624,12.016887706962141,12.123299109806842,
2023-03-09,12.389327616918589,12.389327616918589,12.100496666340119,12.168903996740282,
2023-03-10,11.591242095583343,11.591242095583343,11.218802185626895,11.530435579672083,
2023-03-13,11.758460014339299,11.766060828828206,11.416423362338483,11.48483069273864,
2023-03-14,11.416423362338483,11.553238023138807,11.40882254784957,11.52283476518318,
2023-03-15,11.439225805805204,11.591242095583343,11.36321766091613,11.40882254784957,
2023-03-16,11.492431507227549,11.530435579672083,11.36321766091613,11.37081847540504,
2023-03-17,11.553238023138807,11.553238023138807,11.31001195949378,11.38602010438285,
2023-03-20,11.44682662029411,11.44682662029411,11.287209516027058,11.31001195949378,
2023-03-21,11.287209516027058,11.439225805805204,11.211201371137989,11.35561684642722,
2023-03-22,11.211201371137989,11.477229878249737,11.142794040737824,11.226403000115802,
2023-03-24,11.218802185626895,11.348016031938315,11.173197298693452,11.294810330515965,
2023-03-27,11.477229878249737,11.477229878249737,11.211201371137989,11.25680625807143,
2023-03-28,11.39362091887176,11.39362091887176,11.173197298693452,11.234003814604709,
2023-03-29,11.38602010438285,11.38602010438285,11.104789968293288,11.211201371137989,
2023-03-30,11.340415217449408,11.340415217449408,11.089588339315473,11.1199915972711,
2023-03-31,11.097189153804381,11.203600556649079,10.869164719137167,10.937572049537328,
2023-04-03,11.195999742160172,11.249205443582524,10.876765533626076,10.899567977092797,
2023-04-04,10.88436634811498,11.013580194426403,10.831160646692629,10.846362275670446,
2023-04-05,11.211201371137989,11.211201371137989,10.831160646692629,11.005979379937495,
2023-04-06,10.846362275670446,11.028781823404216,10.846362275670446,10.945172864026238,
2023-04-07,11.013580194426403,11.013580194426403,10.891967162603887,10.945172864026238,
2023-04-10,11.097189153804381,11.097189153804381,10.755152501803561,10.793156574248096,
2023-04-11,11.135193226248916,11.135193226248916,10.747551687314651,10.81595901771482,
2023-04-12,10.967975307492958,10.967975307492958,10.793156574248096,10.869164719137167,
2023-04-13,11.005979379937495,11.005979379937495,10.793156574248096,10.81595901771482,
2023-04-17,10.81595901771482,10.998378565448588,10.739950872825748,10.755152501803561,
2023-04-18,10.831160646692629,10.869164719137167,10.732350058336841,10.831160646692629,
2023-04-19,10.739950872825748,10.945172864026238,10.739950872825748,10.81595901771482,
2023-04-20,10.975576121981865,11.059185081359844,10.747551687314651,10.937572049537328,
2023-04-26,11.059185081359844,11.249205443582524,11.059185081359844,11.1199915972711,
2023-04-27,11.203600556649079,11.401221733360664,11.074386710337658,11.195999742160172,
2023-04-28,11.325213588471597,11.325213588471597,11.021181008915306,11.097189153804381,
2023-05-02,11.036382637893123,11.340415217449408,11.021181008915306,11.25680625807143,
2023-05-03,11.340415217449408,11.439225805805204,11.234003814604709,11.38602010438285,
2023-05-04,11.36321766091613,11.690052683939133,11.36321766091613,11.477229878249737,
2023-05-05,11.477229878249737,11.956081191050883,11.477229878249737,11.788863272294925,
2023-05-08,11.910476304117442,11.910476304117442,11.667250240472415,11.682451869450228,
2023-05-09,11.88767386065072,11.88767386065072,11.48483069273864,11.553238023138807,
2023-05-10,11.553238023138807,11.553238023138807,11.211201371137989,11.40882254784957,
2023-05-11,11.553238023138807,11.614044539050063,11.424024176827384,11.576040466605527,
2023-05-12,11.72045594189476,11.918077118606346,11.583641281094438,11.758460014339299,
2023-05-15,11.857270602695094,11.857270602695094,11.50003232171646,11.781262457806022,
2023-05-16,11.895274675139628,11.895274675139628,11.667250240472415,11.690052683939133,
2023-05-17,11.910476304117442,11.910476304117442,11.606443724561156,11.614044539050063,
2023-05-18,11.591242095583343,11.72045594189476,11.553238023138807,11.576040466605527,
2023-05-19,11.325213588471597,11.70525431291695,11.325213588471597,11.629246168027882,
2023-05-22,11.70525431291695,11.70525431291695,11.416423362338483,11.44682662029411,
2023-05-23,11.773661643317114,11.773661643317114,11.39362091887176,11.40882254784957,
2023-05-24,11.667250240472415,11.667250240472415,11.401221733360664,11.44682662029411,
2023-05-25,11.629246168027882,11.629246168027882,11.325213588471597,11.35561684642722,
2023-05-26,11.401221733360664,11.51523395069427,11.211201371137989,11.241604629093613,
2023-05-29,11.36321766091613,11.36321766091613,11.173197298693452,11.195999742160172,
2023-05-30,11.348016031938315,11.348016031938315,10.793156574248096,10.998378565448588,
2023-05-31,11.211201371137989,11.211201371137989,10.838761461181537,10.876765533626076,
2023-06-01,11.005979379937495,11.005979379937495,10.831160646692629,10.838761461181537,
2023-06-02,10.88436634811498,10.945172864026238,10.831160646692629,10.869164719137167,
2023-06-05,10.998378565448588,10.998378565448588,10.831160646692629,10.929971235048425,
2023-06-06,10.998378565448588,11.021181008915306,10.876765533626076,10.975576121981865,
2023-06-07,11.036382637893123,11.036382637893123,10.907168791581702,10.983176936470773,
2023-06-08,11.021181008915306,11.021181008915306,10.838761461181537,10.869164719137167,
2023-06-09,10.983176936470773,10.983176936470773,10.80835820322591,10.876765533626076,
2023-06-12,10.489123994691813,10.88436634811498,10.489123994691813,10.853963090159354,
2023-06-13,11.013580194426403,11.013580194426403,10.876765533626076,10.952773678515147,
2023-06-14,10.983176936470773,11.005979379937495,10.838761461181537,10.983176936470773,
2023-06-15,11.013580194426403,11.081987524826568,10.838761461181537,11.036382637893123,
2023-06-16,10.739950872825748,11.203600556649079,10.739950872825748,10.945172864026238,
2023-06-19,10.869164719137167,11.005979379937495,10.869164719137167,10.876765533626076,
2023-06-20,10.838761461181537,10.983176936470773,10.838761461181537,10.891967162603887,
2023-06-21,10.891967162603887,10.907168791581702,10.831160646692629,10.869164719137167,
2023-06-22,10.838761461181537,10.975576121981865,10.838761461181537,10.907168791581702,
2023-06-23,11.013580194426403,11.097189153804381,10.831160646692629,10.869164719137167,
2023-06-26,11.005979379937495,11.38602010438285,10.945172864026238,11.31001195949378,
2023-06-27,11.211201371137989,11.591242095583343,11.081987524826568,11.56843965211662,
2023-07-03,12.434932503852032,12.434932503852032,12.434932503852032,12.434932503852032,
2023-07-04,12.731364268919409,12.8301748572752,12.047290964917769,12.564146350163453,
2023-07-05,12.070093408384492,12.662956938519246,12.070093408384492,12.480537390785477,
2023-07-06,12.366525173451867,13.111404993364767,12.366525173451867,12.997392776031159,
2023-07-07,13.18741313825384,13.18741313825384,12.852977300741921,12.928985445630996,
2023-07-10,12.921384631142088,13.757474224921866,12.746565897897224,13.605457935143727,
2023-07-11,13.559853048210284,13.559853048210284,13.377433500476515,13.430639201898861,
2023-07-12,13.483844903321211,13.681466080032797,13.172211509276021,13.407836758432142,
2023-07-13,13.347030242520885,13.53705060474356,13.20261476723165,13.255820468654,
2023-07-14,13.210215581720558,13.49144571781012,13.210215581720558,13.263421283142907,
2023-07-17,13.377433500476515,13.377433500476515,12.860578115230831,13.058199291942417,
2023-07-18,13.233018025187278,13.233018025187278,13.020195219497879,13.111404993364767,
2023-07-19,13.111404993364767,13.613058749632632,13.073400920920225,13.559853048210284,
2023-07-20,13.49144571781012,13.719470152477337,13.407836758432142,13.49144571781012,
2023-07-21,13.49144571781012,14.502354044834762,13.49144571781012,14.502354044834762,
2023-07-24,14.631567891146185,14.730378479501974,13.88668807123329,14.616366262168372,
2023-07-25,14.585963004212743,14.874793954791214,14.502354044834762,14.654370334612905,
2023-07-26,14.540358117279302,15.080015945991704,14.479551601368048,15.011608615591541,
2023-07-27,15.011608615591541,15.254834679236566,14.859592325813402,14.93560047070247,
2023-07-31,15.178826534347497,16.03771857159401,14.821588253368866,15.619673774704108,
2023-08-01,15.885702281815856,15.885702281815856,15.391649340036901,15.581669702259578,
2023-08-02,15.680480290615366,15.870500652838045,15.30043956617001,15.543665629815038,
2023-08-03,15.77169006448225,16.280944635239027,15.543665629815038,16.106125901994172,
2023-08-04,16.151730788927605,16.151730788927605,15.65767784714865,15.855299023860237,
2023-08-07,16.045319386082912,16.265743006261207,15.786891693460065,15.878101467326953,
2023-08-08,15.733685992037717,15.961710426704931,15.323242009636735,15.41445178350362,
2023-08-09,15.490459928392688,15.840097394882417,15.42965341248143,15.74888762101553,
2023-08-10,15.817294951415693,16.34175115115029,14.563160560746024,15.353645267592361,
2023-08-11,15.391649340036901,16.30374707870575,15.391649340036901,16.23533974830559,
2023-08-15,16.30374707870575,16.49376744092843,15.97691205568274,16.212537304838865,
2023-08-16,16.31894870768357,16.31894870768357,16.007315313638372,16.151730788927605,
2023-08-17,16.007315313638372,16.334150336661374,15.900903910793676,16.258142191772308,
2023-08-18,16.34175115115029,16.562174771328593,16.2505413772834,16.394956852572637,
2023-08-21,15.239633050258755,15.384048525547986,15.087616760480614,15.216830606792033,
2023-08-22,15.262435493725478,15.581669702259578,15.163624905369684,15.498060742881599,
2023-08-23,15.391649340036901,16.22773893381668,15.262435493725478,15.40685096901471,
2023-08-24,15.46765748492597,15.999714499149468,15.277637122703293,15.923706354260396,
2023-08-25,15.961710426704931,16.060521015060722,15.703282734082086,15.95410961221602,
2023-08-28,15.589270516748487,16.144129974438698,15.589270516748487,15.946508797727123,
2023-08-29,15.680480290615366,15.900903910793676,15.254834679236566,15.452455855948154,
2023-08-30,15.558867258792855,15.59687133123739,15.247233864747656,15.498060742881599,
2023-08-31,15.498060742881599,15.498060742881599,14.669571963590727,15.239633050258755,
2023-09-01,15.011608615591541,15.330842824125641,14.867193140302307,15.156024090880775,
2023-09-04,15.23203223576985,15.391649340036901,14.821588253368866,14.897596398257935,
2023-09-05,14.82918906785777,15.011608615591541,14.51755567381258,14.821588253368866,
2023-09-06,14.9660037286581,15.31564119514782,14.631567891146185,15.216830606792033,
2023-09-07,15.338443638614548,15.338443638614548,14.646769520124,14.715176850524166,
2023-09-08,14.730378479501974,15.627274589193014,14.631567891146185,15.513262371859408,
2023-09-11,15.581669702259578,15.862899838349144,15.391649340036901,15.627274589193014,
2023-09-12,15.680480290615366,15.764089249993342,15.254834679236566,15.422052597992527,
2023-09-13,15.391649340036901,15.558867258792855,15.20162897781422,15.30804038065892,
2023-09-14,15.528464000837227,15.536064815326132,15.30043956617001,15.376447711059084,
2023-09-15,15.391649340036901,15.475258299414875,15.011608615591541,15.080015945991704,
2023-09-18,15.125620832925147,15.156024090880775,14.950802099680292,15.125620832925147,
2023-09-19,15.20162897781422,15.391649340036901,14.943201285191378,14.99640698661373,
2023-09-20,15.09521757496952,15.09521757496952,14.730378479501974,14.775983366435423,
2023-09-21,14.821588253368866,15.026810244569354,14.669571963590727,14.76078173745761,
2023-09-22,14.821588253368866,15.011608615591541,14.76078173745761,14.889995583769027,
2023-09-25,14.920398841724653,15.004007801102635,14.730378479501974,14.775983366435423,
2023-09-26,14.631567891146185,14.821588253368866,14.631567891146185,14.684773592568536,
2023-09-27,14.669571963590727,14.798785809902142,14.616366262168372,14.631567891146185,
2023-09-28,14.631567891146185,14.745580108479794,14.540358117279302,14.62396707665728,
2023-10-02,14.798785809902142,14.798785809902142,14.228724723234114,14.327535311589903,
2023-10-03,14.28953123914537,14.403543456478971,14.251527166700832,14.327535311589903,
2023-10-04,14.304732868123182,14.859592325813402,14.28953123914537,14.775983366435423,
2023-10-05,14.783584180924327,14.93560047070247,14.555559746257114,14.608765447679465,
2023-10-06,14.715176850524166,14.745580108479794,14.487152415856952,14.563160560746024,
2023-10-09,14.44154752892351,14.730378479501974,14.380741013012251,14.540358117279302,
2023-10-10,14.616366262168372,14.813987438879957,14.51755567381258,14.654370334612905,
2023-10-11,14.631567891146185,14.813987438879957,14.631567891146185,14.730378479501974,
2023-10-12,14.639168705635091,14.783584180924327,14.60116463319056,14.661971149101815,
2023-10-13,14.67717277807963,15.262435493725478,14.67717277807963,15.20162897781422,
2023-10-16,15.391649340036901,15.482859113903787,14.859592325813402,15.209229792303132,
2023-10-17,15.20162897781422,15.20162897781422,15.04961268803608,15.06481431701389,
2023-10-18,15.06481431701389,15.110419203947334,14.745580108479794,14.775983366435423,
2023-10-19,14.753180922968703,14.973604543147008,14.631567891146185,14.844390696835584,
2023-10-20,14.920398841724653,15.30043956617001,14.897596398257935,15.209229792303132,
2023-10-23,15.353645267592361,15.353645267592361,14.9660037286581,14.981205357635911,
2023-10-24,15.156024090880775,15.20162897781422,14.859592325813402,15.087616760480614,
2023-10-25,15.125620832925147,15.22443142128094,14.958402914169191,15.186427348836409,
2023-10-26,15.254834679236566,15.520863186348322,14.707576036035256,14.775983366435423,
2023-10-27,14.775983366435423,14.93560047070247,14.259127981189737,14.836789882346679,
2023-10-30,14.821588253368866,14.889995583769027,14.646769520124,14.707576036035256,
2023-10-31,14.692374407057446,15.011608615591541,14.692374407057446,14.958402914169191,
2023-11-01,14.920398841724653,15.216830606792033,14.821588253368866,15.13322164741406,
2023-11-02,15.156024090880775,15.292838751681105,15.125620832925147,15.22443142128094,
2023-11-03,15.277637122703293,15.581669702259578,15.163624905369684,15.46765748492597,
2023-11-06,15.42965341248143,15.840097394882417,15.42965341248143,15.520863186348322,
2023-11-07,15.581669702259578,15.619673774704108,15.391649340036901,15.41445178350362,
2023-11-08,15.490459928392688,15.77169006448225,15.376447711059084,15.703282734082086,
2023-11-10,15.581669702259578,15.832496580393508,15.513262371859408,15.642476218170831,
2023-11-13,15.581669702259578,15.809694136926788,15.536064815326132,15.688081105104274,
2023-11-14,15.680480290615366,15.688081105104274,15.102818389458427,15.186427348836409,
2023-11-15,15.194028163325314,15.46005667043706,15.110419203947334,15.186427348836409,
2023-11-16,15.110419203947334,15.31564119514782,14.93560047070247,14.9660037286581,
2023-11-17,15.011608615591541,15.026810244569354,14.51755567381258,14.585963004212743,
2023-11-20,14.806386624391047,14.806386624391047,14.525156488301485,14.578362189723837,
2023-11-21,14.578362189723837,14.806386624391047,14.578362189723837,14.783584180924327,
2023-11-22,14.950802099680292,15.247233864747656,14.821588253368866,15.13322164741406,
2023-11-23,15.163624905369684,15.878101467326953,15.01920943008045,15.786891693460065,
2023-11-24,15.74888762101553,15.961710426704931,15.581669702259578,15.77169006448225,
2023-11-27,15.832496580393508,16.660985359684386,15.688081105104274,16.32654952217247,
2023-11-28,16.32654952217247,17.32985703470821,16.24294056279449,17.269050518796952,
2023-11-29,17.276651333285862,17.86191404893171,17.025824455151927,17.223445631863516,
2023-11-30,17.481873324486358,17.580683912842147,17.101832600040996,17.200643188396793,
2023-12-01,17.28425214777477,17.459070881019635,17.109433414529907,17.35265947817493,
2023-12-04,17.44386925204181,17.656692057731213,17.3146554057304,17.580683912842147,
2023-12-05,17.671893686709033,17.968325451776405,17.481873324486358,17.595885541819953,
2023-12-06,17.588284727331054,17.899918121376245,17.588284727331054,17.687095315686847,
2023-12-07,17.747901831598103,19.009637036756683,17.69469613017575,19.002036222267773,
2023-12-08,19.176854955512642,20.324577943337605,19.10084681062357,20.210565726004003,
2023-12-11,20.066150250714763,20.324577943337605,19.572097308935806,19.693710340758326,
2023-12-12,19.693710340758326,19.860928259514274,19.39727857569094,19.496089164046737,
2023-12-13,19.480887535068923,20.142158395603843,18.819616674534004,19.19205658449045,
2023-12-14,19.12364925409029,19.30606880182406,18.72080608617821,18.95643133533433,
2023-12-15,19.002036222267773,19.762117671158485,19.002036222267773,19.708911969736135,
2023-12-18,19.79252092911411,19.952138033381164,18.9260280773787,19.19205658449045,
2023-12-19,18.96403214982324,19.184455770001545,18.62199549782242,18.743608529644934,
2023-12-20,18.439575950088646,18.812015860045097,17.78590590404263,18.439575950088646,
2023-12-21,18.5991930543557,18.62199549782242,18.05193441115438,18.37876943417739,
2023-12-22,18.523184909466625,18.583991425377885,18.05193441115438,18.12794255604346,
2023-12-26,18.05193441115438,18.181148257465807,16.949816310262857,17.2082440028857,
2023-12-27,16.91941305230723,18.044333596665478,16.91941305230723,17.86191404893171,
2023-12-28,17.671893686709033,18.872822375956353,17.671893686709033,18.59159223986679,
2023-12-29,18.62199549782242,18.62199549782242,18.371168619688486,18.43197513559974,
2024-01-01,18.583991425377885,19.009637036756683,18.523184909466625,18.69800364271149,
2024-01-02,18.812015860045097,18.99443540777887,18.454777579066462,18.53838653844444,
2024-01-03,18.62199549782242,18.80441504555619,18.43197513559974,18.56878979640007,
2024-01-04,18.705604457200405,18.713205271689304,18.43197513559974,18.614394683333515,
2024-01-05,18.77401178760056,19.002036222267773,18.43197513559974,18.834818303511817,
2024-01-08,19.07804436715685,19.268064729379528,18.62959631231132,18.72080608617821,
2024-01-09,18.796814231067284,18.99443540777887,18.530785723955532,18.65999957026696,
2024-01-10,18.62199549782242,18.90322563391198,18.439575950088646,18.5991930543557,
2024-01-11,18.583991425377885,18.62199549782242,18.393971063155206,18.469979208044283,
2024-01-12,18.62199549782242,18.73600771515602,18.43197513559974,18.62199549782242,
2024-01-15,18.62199549782242,18.758810158622747,18.302761289288316,18.37876943417739,
2024-01-16,18.35596699071067,18.62199549782242,18.24195477337706,18.59159223986679,
2024-01-17,18.469979208044283,18.888024004934167,18.469979208044283,18.682802013733674,
2024-01-18,18.561188981911165,18.80441504555619,18.2799588458216,18.530785723955532,
2024-01-19,18.62199549782242,18.75120934413384,18.31796291826614,18.416773506621926,
2024-01-22,18.492781651511,18.9260280773787,18.35596699071067,18.766410973111658,
2024-01-23,19.002036222267773,19.138850883068102,18.85001993248964,18.99443540777887,
2024-01-24,19.19205658449045,19.9901421058257,18.9260280773787,19.496089164046737,
2024-01-25,19.762117671158485,19.762117671158485,19.002036222267773,19.12364925409029,
2024-01-26,19.10084681062357,19.19205658449045,18.834818303511817,18.9260280773787,
2024-01-29,19.002036222267773,19.002036222267773,18.371168619688486,18.485180837022092,
2024-01-30,18.75120934413384,18.812015860045097,18.302761289288316,18.614394683333515,
2024-01-31,18.667600384755858,19.564496494446903,18.667600384755858,19.19205658449045,
2024-02-01,19.38207694671313,20.43098934618231,19.10084681062357,19.48848834955783,
2024-02-02,19.610101381380346,19.610101381380346,19.176854955512642,19.313669616312964,
2024-02-06,19.38207694671313,19.420081019157664,19.01723785124559,19.38207694671313,
2024-02-07,19.43528264813548,19.80012174360302,19.30606880182406,19.754516856669582,
2024-02-09,19.374476132224224,19.572097308935806,19.237661471423895,19.321270430801874,
2024-02-12,19.38967776120204,19.458085091602207,18.69800364271149,18.99443540777887,
2024-02-13,18.9260280773787,19.374476132224224,18.812015860045097,19.19965739897936,
2024-02-14,19.36687531773532,19.610101381380346,19.36687531773532,19.503689978535643,
2024-02-15,19.503689978535643,19.72411359871395,19.290867172846244,19.359274503246407,
2024-02-16,19.237661471423895,19.526492422002363,19.002036222267773,19.222459842446085,
2024-02-19,19.002036222267773,19.38207694671313,19.002036222267773,19.131250068579195,
2024-02-20,19.260463914890614,19.38207694671313,19.10084681062357,19.131250068579195,
2024-02-21,19.260463914890614,19.450484277113294,19.19205658449045,19.290867172846244,
2024-02-22,19.36687531773532,19.38207694671313,19.047641109201212,19.11604843960138,
2024-02-23,19.11604843960138,19.670907897291602,19.11604843960138,19.62530301035816,
2024-02-26,19.420081019157664,20.195364097026193,19.420081019157664,20.134557581114933,
2024-02-27,19.860928259514274,20.712219482271873,19.860928259514274,20.552602378004828,
2024-02-28,20.864235772050016,21.092260206717235,20.332178757826522,20.970647174894715,
2024-02-29,20.674215409827333,22.042362017830612,20.674215409827333,21.791535139696684,
2024-03-01,22.004357945386086,22.361596226364718,21.472300931162586,22.209579936586575,
2024-03-04,21.897946542541387,22.361596226364718,21.897946542541387,22.057563646808433,
2024-03-05,21.707926180318708,22.32359215392018,21.707926180318708,22.042362017830612,
2024-03-06,22.22478156556439,22.293188895964555,21.928349800497017,22.057563646808433,
2024-03-07,22.22478156556439,22.22478156556439,21.837140026630134,22.019559574363893,
2024-03-08,22.186777493119855,22.27038645249783,21.472300931162586,21.88274491356357,
2024-03-11,22.03476120334171,22.042362017830612,21.517905818096025,22.01195875987499,
2024-03-12,22.027160388852806,22.110769348230782,21.852341655607937,21.966353872941546,
2024-03-13,20.39298527373777,20.39298527373777,19.572097308935806,19.807722558091925,
2024-03-14,19.754516856669582,20.119355952137123,19.404879390179847,19.898932331958815,
2024-03-15,20.07375106520368,20.07375106520368,19.503689978535643,19.746916042180672,
2024-03-18,19.72411359871395,19.754516856669582,19.442883462624383,19.670907897291602,
2024-03-19,19.860928259514274,20.42338853169341,19.572097308935806,20.126956766626027,
2024-03-20,20.126956766626027,20.332178757826522,19.860928259514274,20.248569798448536,
2024-03-21,20.240968983959633,20.514598305560288,20.218166540492916,20.332178757826522,
2024-03-22,20.2029649115151,20.40058608822668,20.050948621736957,20.339779572315432,
2024-03-25,20.14975921009275,20.522199120049194,19.572097308935806,20.48419504760466,
2024-03-26,20.332178757826522,20.560203192493734,19.822924187069745,20.195364097026193,
2024-03-27,20.2029649115151,20.522199120049194,20.142158395603843,20.45379178964903,
2024-03-28,20.522199120049194,20.803429256138767,20.46139260413794,20.48419504760466,
2024-03-29,20.712219482271873,20.712219482271873,19.762117671158485,19.898932331958815,
2024-04-01,19.952138033381164,19.9901421058257,19.762117671158485,19.952138033381164,
2024-04-02,19.952138033381164,20.506997491071385,19.76971848564739,20.324577943337605,
2024-04-03,20.499396676582474,20.78822762716095,20.02814617827024,20.506997491071385,
2024-04-04,20.522199120049194,20.712219482271873,20.332178757826522,20.529799934538108,
2024-04-08,20.522199120049194,20.841433328583296,20.347380386804332,20.69701785329406,
2024-04-09,20.811030070627666,21.130264279161764,20.02814617827024,20.294174685381982,
2024-04-15,20.256170612937446,20.43098934618231,20.142158395603843,20.271372241915266,
2024-04-16,20.157360024581653,20.48419504760466,20.104154323159303,20.37018283027105,
2024-04-17,20.40058608822668,21.662321293385258,20.180162468048376,21.077058577739415,
2024-04-18,21.046655319783792,21.510305003607122,20.90223984449455,21.32788545587335,
2024-04-19,21.282280568939907,22.042362017830612,21.282280568939907,21.913148171519197,
2024-04-22,22.042362017830612,22.718834507343352,21.852341655607937,22.255184823520015,
2024-04-23,22.255184823520015,22.346394597386904,21.677522922363075,21.852341655607937,
2024-04-24,21.814337583163404,22.604822290009743,21.814337583163404,21.981555501919367,
2024-04-25,22.2323823800533,22.422402742275978,22.004357945386086,22.26278563800892,
2024-04-26,22.042362017830612,22.984863014455097,22.042362017830612,22.43760437125379,
2024-04-29,22.43760437125379,22.72643532183226,22.042362017830612,22.247584009031108,
2024-04-30,22.247584009031108,22.71123369285444,22.14117260618641,22.353995411875815,
2024-05-02,22.331192968409084,23.15968174769996,22.331192968409084,23.083673602810894,
2024-05-03,22.8930941614139,23.601128001457628,22.8930941614139,23.24711108143577,
2024-05-06,23.546058702787562,23.64046321479339,22.971764588085428,23.48312236145034,
2024-05-07,23.561792788121867,23.679798428129164,23.01896684408834,23.23137699610146,
2024-05-08,23.38871784944451,23.498856446784647,23.113371356094166,23.207775868100004,
2024-05-09,23.310047422772982,23.404451934778812,22.83015782007668,23.380850806777357,
2024-05-10,23.475255318783187,23.475255318783187,22.861625990745292,23.034700929422645,
2024-05-13,23.16844065476424,23.36511672144305,23.01109980142119,23.16844065476424,
2024-05-14,23.36511672144305,23.538191660120415,23.02683388675549,23.144839526762784,
2024-05-15,23.16057361209709,23.876474494807972,23.144839526762784,23.72700068413207,
2024-05-16,23.758468854800682,24.387832268172886,23.687665470796308,24.31702888416851,
2024-05-17,24.191156201494074,24.757583273529054,24.191156201494074,24.56090720685024,
2024-05-20,24.647444676188915,24.65531171885607,24.191156201494074,24.20689028682837,
2024-05-21,24.269826628165596,24.545173121515937,24.09675168948824,24.411433396174342,
2024-05-22,24.52157199351448,24.757583273529054,24.332762969502813,24.608109462853154,
2024-05-23,24.387832268172886,25.017195681545086,24.309161841501354,24.663178761523227,
2024-05-24,24.663178761523227,25.567888668245768,24.663178761523227,25.371212601566956,
2024-05-27,25.19027062022244,25.371212601566956,24.387832268172886,24.85985482820204,
2024-05-29,25.127334278885222,25.324010345564034,24.387832268172886,24.623843548187462,
2024-05-30,24.387832268172886,25.025062724212244,24.37996522550573,24.435034524175794,
2024-05-31,24.977860468209325,25.048663852213696,23.601128001457628,24.403566353507184,
2024-06-03,24.37996522550573,24.584508334851694,23.79780406813644,23.970879006813796,
2024-06-04,24.26195958549844,24.26195958549844,23.64046321479339,23.860740409473657,
2024-06-05,23.679798428129164,23.679798428129164,22.916695289415355,23.01109980142119,
2024-06-06,23.207775868100004,23.601128001457628,23.01109980142119,23.357249678775897,
2024-06-07,23.21564291076716,23.36511672144305,22.287331876043154,23.05043501475695,
2024-06-10,23.02683388675549,23.192041782765696,22.617747668063558,22.83015782007668,
2024-06-11,22.83015782007668,23.207775868100004,22.09065580936434,22.617747668063558,
2024-06-12,22.499742028056275,23.05043501475695,21.63436733466949,22.09065580936434,
2024-06-13,22.185060321370166,23.970879006813796,22.02771946802712,23.970879006813796,
2024-06-14,24.68677988952468,26.008443057606307,24.183289158826916,26.008443057606307,
2024-06-20,26.35459293496102,28.21908204707617,26.197252081617968,27.90440034039007,
2024-06-21,27.77066061504847,28.620301223100956,27.275036927017872,27.51891524969959,
2024-06-24,27.51104820703244,27.51104820703244,26.771546196320106,26.991823391000374,
2024-06-25,26.79514732432156,27.13343015900912,25.61509092424868,26.448997446966846,
2024-06-26,26.181517996283667,26.7400780256515,25.961240801603395,26.456864489634,
2024-06-27,26.54340195897268,27.13343015900912,26.488332660302618,26.88168479366025,
2024-06-28,26.968222262998918,27.141297201676277,26.669274641647117,26.755812110985797,
2024-07-01,26.55913604430698,27.526782292366747,26.55913604430698,27.086227903006204,
2024-07-02,27.416643695026618,28.31348655908201,27.117696073674814,27.455978908362376,
2024-07-03,27.77066061504847,28.518029668427964,27.34584031102224,27.652654975041187,
2024-07-04,28.203347961741873,28.27415134574624,27.337973268355086,27.471712993696684,
2024-07-05,27.72345835904556,27.920134425724378,26.850216622991628,27.03902564700329,
2024-07-08,27.023291561668984,27.605452719038272,26.913152964328848,27.479580036363828,
2024-07-09,27.34584031102224,27.526782292366747,26.747945068318646,26.763679153652955,
2024-07-10,27.046892689670443,27.046892689670443,26.378194062962475,26.54340195897268,
2024-07-11,26.7400780256515,26.7400780256515,25.961240801603395,26.35459293496102,
2024-07-12,26.165783910949354,26.921020006996002,25.788165862926036,26.527667873638375,
2024-07-15,26.755812110985797,27.157031287010586,26.755812110985797,26.944621134997462,
2024-07-18,26.79514732432156,27.03902564700329,26.747945068318646,26.952488177664613,
2024-07-19,27.03115860433614,27.03115860433614,25.76456473492458,26.094980526944983,
2024-07-22,25.61509092424868,26.3073906789581,25.11946723621807,25.591489796247224,
2024-07-23,26.33099180695956,26.456864489634,25.213871748223895,25.575755710912915,
2024-07-24,25.64655909491729,26.57487012964129,25.253206961559663,26.181517996283667,
2024-07-25,26.315257721625258,26.456864489634,25.567888668245768,25.61509092424868,
2024-07-26,25.76456473492458,26.315257721625258,25.3790796442341,26.22085320961942,
2024-07-29,26.34672589229387,26.35459293496102,25.575755710912915,25.969107844270546,
2024-07-30,26.3073906789581,26.315257721625258,25.48921824157424,25.66229318025159,
2024-07-31,26.134315740280748,26.134315740280748,25.17453653488814,25.3790796442341,
2024-08-01,25.528553454910003,25.528553454910003,24.104618732155394,24.442901566842952,
2024-08-02,24.76545031619621,25.17453653488814,23.99448013481526,24.403566353507184,
2024-08-05,24.57664129218454,25.127334278885222,23.404451934778812,23.782069982802142,
2024-08-06,24.340630012169967,24.387832268172886,23.79780406813644,24.002347177482413,
2024-08-07,23.99448013481526,24.183289158826916,23.782069982802142,23.94727787881234,
2024-08-08,24.191156201494074,24.324895926835666,23.99448013481526,24.175422116159766,
2024-08-09,24.718851766105402,25.101269815153113,23.799421137543874,24.5642572356393,
2024-08-12,24.409662705173204,25.01990427280254,24.00283499342032,24.17370263235653,
2024-08-13,24.368979933997917,24.368979933997917,23.799421137543874,24.00283499342032,
2024-08-15,24.141156415416305,24.34457027129275,23.596007281667426,23.7750114748387,
2024-08-16,23.89705978836457,23.89705978836457,23.47395896814157,23.677372824018008,
2024-08-19,23.718055595193295,23.799421137543874,23.530914847786974,23.58787072743237,
2024-08-20,23.954015668009973,23.96215222224503,23.51464173931685,23.596007281667426,
2024-08-21,23.791284583308816,24.409662705173204,23.522778293551916,24.14929296965136,
2024-08-22,24.20624884929676,24.515437910228957,23.90519634259962,24.385253042468026,
2024-08-23,24.368979933997917,24.613076561049645,24.00283499342032,24.133019861181243,
2024-08-26,24.00283499342032,24.409662705173204,23.596007281667426,23.709919040958237,
2024-08-27,23.709919040958237,23.799421137543874,23.417003088496156,23.596007281667426,
2024-08-28,23.888923234129507,24.328297162822626,23.254272003795005,23.579734173197316,
2024-08-29,23.579734173197316,23.799421137543874,23.392593425790984,23.726192149428357,
2024-08-30,23.93774255953986,23.93774255953986,23.294954774970293,23.43327619696628,
2024-09-02,23.392593425790984,23.880786679894452,22.831171183572003,23.16476990720937,
2024-09-03,23.18917956991454,23.596007281667426,22.578938002285216,22.66844009887085,
2024-09-04,23.18917956991454,23.270545112265122,22.790488412396716,23.197316124149598,
2024-09-05,23.31122788344041,23.392593425790984,22.985765714038102,23.18104301567949,
2024-09-06,23.530914847786974,24.00283499342032,23.18917956991454,23.677372824018008,
2024-09-09,23.90519634259962,23.90519634259962,23.392593425790984,23.45768585967145,
2024-09-10,23.48209552237662,24.857173188101378,23.229862341089838,24.743261428810573,
2024-09-11,24.816490416926094,24.816490416926094,24.051654318830664,24.44220892211344,
2024-09-12,24.808353862691032,24.816490416926094,24.27134128317722,24.42593581364332,
2024-09-13,24.336433717057684,25.01990427280254,24.312024054352506,24.816490416926094,
2024-09-16,24.857173188101378,24.954811838922073,24.653759332224936,24.816490416926094,
2024-09-18,24.954811838922073,24.954811838922073,24.409662705173204,24.629349669519762,
2024-09-19,24.409662705173204,25.630145840431865,24.409662705173204,25.23959123714909,
2024-09-20,25.329093333734725,26.036973552184755,25.01990427280254,26.02883699794969,
2024-09-23,25.914925238658885,26.036973552184755,25.22331812867898,25.402322321850246,
2024-09-24,25.22331812867898,25.34536644220484,24.531711018699067,24.69444210340023,
2024-09-25,24.49102824752379,25.304683671029558,24.49102824752379,24.979221501627247,
2024-09-26,25.141952586328397,25.711511382782444,24.979221501627247,25.443005093025533,
2024-09-27,25.42673198455542,25.42673198455542,24.42593581364332,24.718851766105402,
2024-09-30,25.003631164332422,25.011767718567476,24.21438540353182,24.678168994930104,
2024-10-01,24.401526150938146,24.808353862691032,23.596007281667426,23.750601812133528,
2024-10-02,23.90519634259962,24.775807645750803,23.392593425790984,24.409662705173204,
2024-10-03,24.775807645750803,25.231454682914034,24.531711018699067,25.207045020208867,
2024-10-04,25.207045020208867,25.622009286196803,24.613076561049645,25.613872731961752,
2024-10-07,25.613872731961752,26.451937818172695,25.377912659145075,26.305479841941654,
2024-10-08,26.451937818172695,27.916517580483088,26.451937818172695,27.867698255072742,
2024-10-09,27.867698255072742,29.283458691972793,26.858765529925584,27.265593241678463,
2024-10-10,27.46087054331985,27.599191965315843,27.05404283156697,27.249320133208357,
2024-10-11,27.58291885684572,27.85956170083768,26.858765529925584,27.60732851955089,
2024-10-14,27.664284399196298,28.07111211094919,27.078452494272145,27.70496717037159,
2024-10-15,27.78633271272216,27.973473460128492,27.46087054331985,27.892107917777917,
2024-10-16,27.713103724606643,28.07111211094919,27.05404283156697,27.566645748375606,
2024-10-17,27.949063797423317,28.43725705152679,27.257456687443412,27.3550953382641,
2024-10-18,27.656147844961247,27.9897465685986,27.257456687443412,27.713103724606643,
2024-10-21,27.965336905893434,27.973473460128492,27.3550953382641,27.639874736491127,
2024-10-22,27.639874736491127,27.696830616136527,27.542236085670435,27.58291885684572,
2024-10-23,27.469007097554908,27.745649941546876,27.322549121323874,27.58291885684572,
2024-10-24,27.322549121323874,27.688694061901472,27.322549121323874,27.509689868730202,
2024-10-25,27.30627601285376,27.85956170083768,27.15168148238766,27.38764155520433,
2024-10-28,27.46087054331985,28.26638941259057,27.46087054331985,27.851425146602626,
2024-10-29,28.389168314627092,28.514969651324105,27.877576212059214,28.112405373893655,
2024-10-30,28.506582895544312,28.506582895544312,27.71822785224299,27.885962967839017,
2024-10-31,27.785321898481403,28.08724510655425,27.181475482335713,27.475011934628757,
2024-11-01,27.256956284353926,28.716251790039333,27.047287389858898,28.355621291507884,
2024-11-04,28.22143319903106,28.59883720912212,28.07047159499464,28.17949942013206,
2024-11-05,28.095631862334045,28.30530075682907,27.785321898481403,28.120792129673447,
2024-11-06,28.095631862334045,28.514969651324105,28.095631862334045,28.095631862334045,
2024-11-07,28.506582895544312,28.69947827847973,27.785321898481403,27.961443769857233,
2024-11-08,28.10401861811384,28.489809383984703,27.785321898481403,28.322074268388686,
2024-11-11,28.514969651324105,28.514969651324105,28.095631862334045,28.17949942013206,
2024-11-12,28.355621291507884,28.355621291507884,27.67629407334399,28.095631862334045,
2024-11-13,28.30530075682907,28.30530075682907,27.785321898481403,28.08724510655425,
2024-11-14,27.67629407334399,28.514969651324105,27.67629407334399,28.12917888545325,
2024-11-15,28.506582895544312,28.716251790039333,28.028537816095636,28.120792129673447,
2024-11-18,28.506582895544312,28.506582895544312,28.095631862334045,28.10401861811384,
2024-11-19,28.30530075682907,28.4730358724251,28.10401861811384,28.196272931691656,
2024-11-20,28.30530075682907,28.431102093526093,28.095631862334045,28.095631862334045,
2024-11-21,28.095631862334045,28.30530075682907,27.68468082912379,28.020151060315833,
2024-11-22,28.431102093526093,30.821327490769438,28.095631862334045,30.620045352054202,
2024-11-25,30.812940734989642,32.86769590104093,29.8987843549913,31.156797721961485,
2024-11-26,31.156797721961485,34.268284116267736,30.611658596274406,31.769030893886978,
2024-11-27,31.89483223058399,34.37731194140515,31.89483223058399,34.36892518562535,
2024-11-28,34.603754347459784,35.4340431696601,32.716734297004514,32.89285616838034,
2024-11-29,32.70834754122471,34.59536759167998,32.70834754122471,34.335378162506146,
2024-12-02,34.805036486175005,35.38372263498128,33.54702311920483,34.880517288193225,
2024-12-03,35.22437427516507,36.24755848030081,33.75669201369986,35.610165041035934,
2024-12-04,35.643712064155125,36.272718747640226,35.26630805406408,36.071436608925,
2024-12-05,36.26433199186042,36.69205653663028,35.643712064155125,36.474000886355455,
2024-12-06,36.48238764213526,37.07784730250114,35.232761030944864,36.05466309736539,
2024-12-09,36.05466309736539,36.272718747640226,33.54702311920483,33.781852281039264,
2024-12-10,33.96636090819489,35.22437427516507,32.716734297004514,32.92640319149953,
2024-12-11,33.328967468929996,33.91604037351608,32.716734297004514,33.3038072015906,
2024-12-12,33.3457409804896,34.38569869718496,33.12768533021477,33.9831344197545,
2024-12-13,33.96636090819489,34.150869535350516,31.82773818434559,31.978699788382013,
2024-12-16,31.995473299941604,33.11929857443497,31.49226795315353,31.911605742143593,
2024-12-17,31.911605742143593,34.779876218835604,31.618069289850556,33.50508934030583,
2024-12-18,34.13409602379092,34.17602980268992,32.624479983426696,32.876082656820735,
2024-12-19,33.13607208599457,33.630890677002846,29.882010843431704,31.08970367572308,
2024-12-20,31.441947418474722,33.49670258452602,31.240665279759494,33.379288003608806,
2024-12-23,33.53863636342503,35.61855179681573,33.12768533021477,34.603754347459784,
2024-12-24,34.7043954168174,34.805036486175005,33.75669201369986,33.974747663974696,
2024-12-26,34.54504705700117,34.7043954168174,32.81737536636213,33.13607208599457,
2024-12-27,33.53863636342503,34.494726522322374,32.918016435719736,34.108935756451515,
2024-12-30,33.55540987498463,36.48238764213526,33.379288003608806,35.995955806906785,
2024-12-31,35.995955806906785,35.995955806906785,34.637301370578975,34.947611334431635,
2025-01-01,34.813423241954816,35.97918229534719,34.805036486175005,35.652098819934935,
2025-01-02,34.91406431131243,36.608188978832274,34.91406431131243,35.90370149332898,
2025-01-03,36.45722737479585,36.901725431125314,35.4340431696601,36.41529359589685,
2025-01-06,36.41529359589685,36.901725431125314,34.91406431131243,36.1217571436038,
2025-01-07,36.48238764213526,36.591415467272675,35.4340431696601,35.81983393553096,
2025-01-08,36.063049853145195,36.20562470140181,34.38569869718496,34.96438484599123,
2025-01-09,35.22437427516507,35.643712064155125,34.536660301221374,34.79664973039521,
2025-01-10,34.79664973039521,35.59339152947633,34.59536759167998,35.123733205807454,
2025-01-13,34.39408545296475,35.643712064155125,34.25989736048793,34.637301370578975,
2025-01-14,34.52827354544158,34.7547159514962,33.597343653883634,34.18441655846972,
2025-01-15,34.38569869718496,35.4340431696601,34.38569869718496,35.09018618268826,
2025-01-16,35.408882902320705,35.55145775057732,34.763102707276005,35.308241832963084,
2025-01-17,35.392109390761114,35.85338095865016,34.91406431131243,35.67725908727434,
2025-01-20,35.60177828525613,35.96240878378759,35.09857293846806,35.157280228926666,
2025-01-21,35.4340431696601,35.4340431696601,35.02309213644985,35.249534542504485,
2025-01-22,35.20760076360547,35.93724851644817,35.01470538067004,35.22437427516507,
2025-01-23,35.84499420287036,35.84499420287036,35.18244049626606,35.215987519385266,
2025-01-24,35.350175611862085,35.72757962195315,34.813423241954816,35.63532530837533,
2025-01-27,35.63532530837533,35.76951340085215,34.38569869718496,34.64568812635879,
2025-01-28,35.00631862489025,35.00631862489025,34.38569869718496,34.7547159514962,
2025-01-29,34.79664973039521,34.79664973039521,33.88249335039688,34.18441655846972,
2025-01-30,34.59536759167998,34.97277160177104,33.54702311920483,33.9579741524151,
2025-01-31,34.34376491828594,34.34376491828594,33.88249335039688,34.0082946870939,
2025-02-03,33.55540987498463,33.96636090819489,33.54702311920483,33.630890677002846,
2025-02-04,33.630890677002846,33.89926686195648,33.08575155131576,33.16961910911377,
2025-02-06,33.87410659461708,33.92442712929589,32.49867864672968,33.00188399351775,
2025-02-07,33.49670258452602,33.54702311920483,32.918016435719736,33.077364795535956,
2025-02-10,33.50508934030583,33.50508934030583,31.89483223058399,32.918016435719736,
2025-02-11,33.53863636342503,33.53863636342503,33.02704426085716,33.077364795535956,
2025-02-12,33.12768533021477,33.50508934030583,32.28900975223465,32.38965082159227,
2025-02-13,32.66641376232571,32.89285616838034,32.28900975223465,32.750281320123705,
2025-02-14,32.6077064718671,33.463155561406815,32.52383891406909,33.23671315535219,
2025-02-17,33.42122178250781,33.630890677002846,32.70834754122471,33.00188399351775,
2025-02-18,33.479929072966414,33.54702311920483,32.90962967993994,33.42960853828762,
2025-02-19,33.50508934030583,33.630890677002846,33.12768533021477,33.53863636342503,
2025-02-20,33.54702311920483,33.54702311920483,32.88446941260054,32.98511048195815,
2025-02-21,33.12768533021477,33.12768533021477,32.35610379847306,32.47351837939028,
2025-02-24,32.47351837939028,33.12768533021477,32.47351837939028,32.641253494986294,
2025-02-25,33.06059128397636,33.12768533021477,32.29739650801446,32.69996078544491,
2025-02-26,32.77544158746311,32.918016435719736,32.35610379847306,32.43158460049127,
2025-02-27,32.95995021461874,33.08575155131576,32.25546272911544,32.29739650801446,
2025-02-28,32.29739650801446,32.69157402966511,32.28900975223465,32.31417001957406,
2025-03-03,32.918016435719736,32.918016435719736,32.31417001957406,32.330943531133656,
2025-03-04,32.37287731003267,32.89285616838034,32.238689217555844,32.716734297004514,
2025-03-05,32.716734297004514,32.716734297004514,32.28900975223465,32.32255677535385,
2025-03-06,32.330943531133656,32.69996078544491,32.221915705996246,32.39803757737207,
2025-03-07,32.6077064718671,32.95995021461874,32.49867864672968,32.6077064718671,
2025-03-10,33.60377517307386,33.60377517307386,32.51978242555535,32.9620514665429,
2025-03-11,32.736580975059056,33.378304681590016,32.51978242555535,32.58048601941639,
2025-03-12,32.953379524562756,33.274241377828226,32.08618532654794,32.814628452880385,
2025-03-13,32.953379524562756,33.16150613208631,32.51978242555535,32.545798251495796,
2025-03-14,33.11814642218557,33.2135377839672,32.736580975059056,32.788612626939944,
2025-03-17,32.94470758258261,33.09213059624512,32.56314213545608,32.745252917039195,
2025-03-18,32.91001981466202,33.386976623570156,32.91001981466202,33.25689749386793,
2025-03-19,33.49103992733194,33.81190178059742,32.953379524562756,33.56908740515327,
2025-03-20,33.56908740515327,33.820573722577564,33.32627302970912,33.35228885564956,
2025-03-21,33.69049459287534,33.69049459287534,32.823300394860524,32.94470758258261,
2025-03-24,33.386976623570156,33.49971186931209,32.56314213545608,32.93603564060245,
2025-03-25,33.439008275451044,33.439008275451044,32.70189320713846,32.76259680099949,
2025-03-26,33.378304681590016,33.378304681590016,31.435789678036834,32.03415367466705,
2025-03-27,32.511110483575195,32.511110483575195,31.002192579029437,31.704619879421433,
2025-04-03,32.077513384567794,32.51978242555535,31.739307647342017,32.2943119340715,
2025-04-04,32.51978242555535,33.820573722577564,32.13821697842883,32.250952224170746,
2025-04-07,31.982122022786164,32.17290474634943,30.351796930518322,31.843370951103797,
2025-04-08,32.129545036448675,33.02275506040393,32.129545036448675,32.649861555257566,
2025-04-09,32.4937665996149,32.4937665996149,31.76532347328246,31.895402602984685,
2025-04-10,32.727909033078895,33.06611477030469,32.17290474634943,32.45040688971417,
2025-04-11,32.433063005753866,32.433063005753866,31.878058719024384,32.094857268528095,
2025-04-14,32.476422715654614,32.476422715654614,31.626572401600097,31.982122022786164,
2025-04-15,32.30298387605164,32.58915796139653,32.094857268528095,32.216264456250165,
2025-04-16,32.476422715654614,32.83197233684068,32.08618532654794,32.433063005753866,
2025-04-17,32.51978242555535,33.170178074066456,32.08618532654794,32.311655818031795,
2025-04-18,32.2943119340715,32.693221265158314,31.86938677704424,32.554470193475936,
2025-04-21,32.736580975059056,33.49971186931209,32.736580975059056,33.23955360990764,
2025-04-22,33.34361691366942,33.34361691366942,32.51978242555535,32.77994068495979,
2025-04-23,32.866660104761266,32.99673923446349,32.511110483575195,32.56314213545608,
2025-04-24,32.311655818031795,32.51978242555535,31.435789678036834,31.860714835064098,
2025-04-25,32.30298387605164,32.30298387605164,31.695947937441282,32.14688892040898,
2025-04-28,32.760161685337145,32.760161685337145,31.897342612143078,31.978231900255018,
2025-04-29,31.960256502896815,32.54445691703863,31.69062554252367,32.20292436723264,
2025-04-30,32.21191206591175,32.21191206591175,31.447957678187834,31.73556403591919,
2025-05-02,31.681637843844562,33.02979264571029,31.681637843844562,32.55344461571773,
2025-05-05,32.58040771175504,32.88598946684462,32.023170393650545,32.12203507912071,
2025-05-06,32.059121188366966,32.47255532760579,31.510871568941578,31.91531800950128,
2025-05-07,30.99857274423259,32.301789052702794,30.791855674613185,31.079462032344534,
2025-05-08,31.367068390075893,31.86139181742666,28.086558372202624,30.324495343299734,
2025-05-09,30.099802876322112,31.672650145165452,30.099802876322112,31.52884696629978,
2025-05-12,34.67454150398647,34.67454150398647,33.32638670212075,34.50377522908348,
2025-05-13,34.1532549805984,34.1532549805984,33.434239086270004,33.55107916909837,
2025-05-14,33.506140675702845,33.63196845721032,32.805100178732665,32.91295256288193,
2025-05-15,32.921940261561026,33.2544851126879,32.921940261561026,32.99384185099387,
2025-05-16,33.434239086270004,33.703870046643154,32.98485415231476,33.64994385456853,
2025-05-19,33.64994385456853,33.69488234796404,33.14663272853865,33.55107916909837,
2025-05-20,33.64994385456853,33.65893155324763,32.62534620515057,32.91295256288193,
2025-05-21,33.14663272853865,33.65893155324763,32.814087877411765,33.46120218230732,
2025-05-22,33.69488234796404,33.703870046643154,32.98485415231476,33.06574344042671,
2025-05-23,33.21853431797149,33.479177579665524,33.002829549672974,33.2544851126879,
2025-05-26,33.2544851126879,33.2544851126879,33.02979264571029,33.16460812589686,
2025-05-27,33.2454974140088,33.2454974140088,32.921940261561026,33.16460812589686,
2025-05-29,32.921940261561026,33.45221448362821,32.921940261561026,33.02979264571029,
2025-05-30,33.2454974140088,33.2544851126879,32.921940261561026,33.083718837784915,
2025-06-02,33.14663272853865,33.344362099478964,33.02979264571029,33.0567557417476,
2025-06-03,32.95789105627745,33.79374703343421,32.95789105627745,33.59601766249389,
2025-06-04,33.69488234796404,35.39355739831486,33.69488234796404,34.7374553947402,
2025-06-05,34.93518476568052,35.16886493133725,34.37794744757601,34.81834468285215,
2025-06-10,34.85429547756858,35.71711455076263,34.51276292776258,35.56432367321785,
2025-06-11,35.72610224944174,36.310302663583556,35.72610224944174,36.13953638868056,
2025-06-12,36.13953638868056,36.624872117352226,34.7374553947402,34.998098656434244,
2025-06-13,34.61162761323274,35.04303714982977,34.1532549805984,34.45883673568795,
2025-06-16,34.82733238153126,34.82733238153126,33.937550212299875,34.43187363965065,
2025-06-17,34.80036928549394,34.998098656434244,34.243131967389445,34.51276292776258,
2025-06-18,34.602639914553635,34.710492298702896,33.82071012947152,34.243131967389445,
2025-06-19,34.593652215874535,35.05202484850888,33.389300592874484,33.703870046643154,
2025-06-20,34.3509843515387,34.3509843515387,33.48816527834464,33.77577163607599,
2025-06-23,33.56905456645658,34.09932878852376,33.02979264571029,33.42525138759089,
2025-06-24,33.71285774532226,35.94180701774026,33.71285774532226,35.07898794454619,
2025-06-25,35.501409782464115,35.87889312698652,35.09696334190439,35.74407764679995,
2025-06-26,35.94180701774026,35.95079471641936,34.602639914553635,34.962147861717824,
2025-06-27,35.20481572605366,36.17548718339699,34.94417246435962,35.690151454725324,
2025-06-30,35.07898794454619,36.32827806094176,35.07898794454619,36.058647100568606,
2025-07-01,36.400179650374604,37.29894951828508,36.06763479924773,37.22704792885225,
2025-07-02,37.35287571035972,38.044928508650784,37.254011024889564,37.883149932426896,
2025-07-03,37.97302691921795,38.197719386195566,37.43376499847166,37.58655587601644,
2025-07-04,37.52364198526271,38.63811662147171,37.29894951828508,38.350510263740354,
2025-07-07,38.86280908844933,40.84010279785239,38.64710432015082,39.986271423337435,
2025-07-08,39.99525912201654,40.19298849295684,39.321181721083676,39.950320628621014,
2025-07-09,39.77056665503892,39.99525912201654,39.28523092636725,39.90538213522549,
2025-07-10,39.77056665503892,41.56810639085988,39.77056665503892,41.127709155583744,
2025-07-11,41.61304488425541,42.60169173895694,40.57945953615835,41.14568455294195,
2025-07-14,41.23556153973301,42.46687625877037,41.20859844369569,42.29610998386738,
2025-07-15,42.24218379179275,43.54540010026295,41.38835241727779,41.88267584462856,
2025-07-16,41.88267584462856,42.19724529839723,40.6693365229494,41.01985677143449,
2025-07-17,41.118721456904645,41.496204801427055,40.57945953615835,41.199610745016585,
2025-07-18,41.118721456904645,41.34341392388227,40.84010279785239,41.109733758225545,
2025-07-21,41.109733758225545,41.55911869218079,40.90301668860612,41.29847543048675,
2025-07-22,41.29847543048675,41.54114329482256,41.073782963509124,41.14568455294195,
2025-07-23,41.783811159158404,41.783811159158404,41.23556153973301,41.33442622520317,
2025-07-24,41.56810639085988,41.783811159158404,41.046819867471804,41.17264764897928,
2025-07-25,41.56810639085988,41.56810639085988,41.046819867471804,41.31645082784495,
2025-07-28,41.53215559614347,41.56810639085988,39.90538213522549,40.08513610880759,
2025-07-29,40.35476706918073,40.78617660577777,40.022222218053855,40.37274246653894,
2025-07-30,40.8490904965315,40.8490904965315,39.99525912201654,40.50755794672551,
2025-07-31,40.56148413880015,41.79279885783751,39.447009502591136,39.563849585419504,
2025-08-01,39.15041544618069,39.68068966824787,39.15041544618069,39.33016941976278,
2025-08-04,39.5368864893822,39.99525912201654,39.34814481712099,39.5548618867404,
2025-08-05,39.57283728409862,39.99525912201654,39.438021803912044,39.5458741880613,
2025-08-06,39.68068966824787,40.8490904965315,39.447009502591136,40.4895825493673,
2025-08-07,40.57945953615835,41.20859844369569,40.22893928767326,41.0288444701136,
2025-08-08,41.01836961329842,41.57329682339942,40.60217420572267,40.95362810545331,
2025-08-11,41.564048036564394,41.91550193629503,40.491188763702475,41.29583321834892,
2025-08-12,41.29583321834892,44.227698645049166,41.29583321834892,43.469298124577804,
2025-08-13,43.69126900861821,44.85661614983029,43.12709301168219,43.92248867949361,
2025-08-15,43.93173746632863,44.255445005554215,43.82075202430843,44.024225334678796,
2025-08-18,44.024225334678796,45.78149483333194,43.79300566380339,45.6427630308067,
2025-08-19,45.78149483333194,46.21618781457772,45.27281155740604,46.11445115939254,
2025-08-20,46.24393417508277,48.417399081311665,46.24393417508277,47.649749774005286,
2025-08-21,47.649749774005286,48.186179410436246,47.03008105605918,47.61275462666522,
2025-08-22,47.58500826616018,49.00932143875272,47.16881285858443,48.07519396841605,
2025-08-25,48.10294032892109,48.99082386508268,47.862471871210666,48.879838423062495,
2025-08-26,49.018570225587744,49.018570225587744,48.56537967067193,48.815096915217374,
2025-08-27,48.8335944888874,49.018570225587744,48.324911212961496,48.574628457506954,
2025-08-28,48.55613088383691,48.99082386508268,48.093691542086084,48.528384523331866,
2025-08-29,48.92608235723757,48.92608235723757,48.352657573466544,48.59312603117698,
2025-09-01,48.59312603117698,48.78735055471232,47.97345731323087,48.12143790259114,
2025-09-02,48.093691542086084,49.93420012225438,47.78848157653054,49.749224385554044,
2025-09-03,49.749224385554044,49.94344890908939,48.97232629141266,49.02781901242276,
2025-09-04,49.04631658609279,49.481009567338575,48.093691542086084,48.56537967067193,
2025-09-05,48.55613088383691,48.99082386508268,48.093691542086084,48.48214058915678,
2025-09-08,48.96307750457764,48.99082386508268,48.10294032892109,48.90758478356754,
2025-09-09,48.90758478356754,49.1110580939379,47.862471871210666,48.815096915217374,
2025-09-10,48.55613088383691,49.42551684632846,48.05669639474602,48.528384523331866,
2025-09-11,48.78735055471232,48.815096915217374,47.908715805385754,48.10294032892109,
2025-09-12,48.093691542086084,48.5468820970019,47.40003252945984,47.52026675831506,
2025-09-15,47.52026675831506,47.72374006868542,46.7063735168336,47.35378859528476,
2025-09-16,47.35378859528476,47.862471871210666,46.67862715632855,46.99308590871912,
2025-09-17,46.99308590871912,47.85322308437566,46.71562230366862,47.03008105605918,
2025-09-18,47.01158348238914,47.78848157653054,47.01158348238914,47.437027676799914,
2025-09-19,47.437027676799914,48.093691542086084,47.21505679275951,47.6589985608403,
2025-09-22,47.668247347675326,48.093691542086084,46.85435410619386,46.97458833504908,
2025-09-23,46.97458833504908,47.622003413500245,45.79074362016696,46.36416840393799,
2025-09-24,46.36416840393799,47.21505679275951,46.290178109257845,47.067076203399246,
2025-09-25,47.16881285858443,47.16881285858443,45.79074362016696,46.39191476444304,
2025-09-26,46.61388564848343,49.26828747013319,46.484402632793206,48.852092062557446,
2025-09-29,48.84284327572242,50.03593677743957,48.84284327572242,49.79546831972913,
2025-09-30,49.94344890908939,51.74696234191762,49.832463467069196,50.5631176270355,
2025-10-01,50.41513703767523,51.2845230001668,48.55613088383691,50.35039552983012,
2025-10-02,50.40588825084022,53.041792498819945,49.94344890908939,52.48686528871895,
2025-10-03,52.90306069629469,53.64296364309601,51.793206276092704,52.59785073073914,
2025-10-06,52.59785073073914,53.64296364309601,49.952697695924414,50.859078805756035,
2025-10-07,50.63710792171563,51.74696234191762,49.71222923821398,50.60936156121059,
2025-10-08,51.192035131816624,55.21525740504883,49.06481415976282,52.66259223858426,
2025-10-09,52.66259223858426,52.89381190945967,50.868327592591044,51.071800902961414,
2025-10-10,50.859078805756035,50.859078805756035,49.490258354173584,50.137673432624744,
2025-10-13,50.137673432624744,50.137673432624744,46.93759318770901,48.29716485245645,
2025-10-14,49.481009567338575,52.14466017582333,49.481009567338575,51.839450210267785,
2025-10-15,51.88569414444287,55.12276953669867,51.839450210267785,53.670710003601066,
2025-10-16,52.37587984669875,55.0302816683485,51.931938078617954,52.089167454813236,
2025-10-17,52.94930463046977,52.94930463046977,51.09954726346646,51.84869899710281,
2025-10-20,51.950435652287986,54.281129934712155,51.12729362397152,53.92042724814651,
2025-10-21,54.33662265572226,55.44647707592424,53.18052430134519,53.40249518538558,
2025-10-22,53.189773088180196,54.01291511649667,52.283391978348575,52.72733374642937,
2025-10-23,49.73997559871903,51.34001572117689,49.73997559871903,50.82208365841596,
2025-10-24,50.868327592591044,50.868327592591044,49.018570225587744,49.30528261747325,
2025-10-27,49.018570225587744,49.68448287770893,48.093691542086084,49.2775362569682,
2025-10-28,49.481009567338575,49.93420012225438,48.232423344611334,48.59312603117698,
2025-10-29,48.5468820970019,49.832463467069196,48.5468820970019,49.00932143875272,
2025-10-30,49.610492583028794,49.61974136986381,47.16881285858443,47.492520397810004,
2025-10-31,48.324911212961496,51.74696234191762,48.324911212961496,51.43250358952706,
2025-11-03,51.599435519518956,52.30951949455821,50.65265688613329,51.16391734816155,
2025-11-04,51.978146972873226,51.978146972873226,49.69641046641377,49.89523397942475,
2025-11-05,49.89523397942475,50.056186347100315,48.99579427770836,49.26089229505636,
2025-11-06,49.70587825274762,50.1035252787696,49.04313320937765,49.232488936054786,
2025-11-07,49.70587825274762,50.51064009112544,48.88218084170209,49.77215275708461,
2025-11-10,50.3875588687853,50.3875588687853,49.4691835944012,49.66800710741219,
2025-11-11,49.327166799393346,49.94257291109403,48.29517808900297,48.53187274734938,
2025-11-12,48.75909961936195,49.459715808067344,48.380388166007684,48.73069626036038,
2025-11-13,49.327166799393346,49.70587825274762,48.78750297836352,49.156746645383926,
2025-11-14,49.65853932107834,49.70587825274762,48.78750297836352,49.22302114972093,
2025-11-17,49.327166799393346,49.885766193090895,48.99579427770836,49.17568221805164,
2025-11-18,49.1851500043855,49.70587825274762,48.7496318330281,48.78750297836352,
2025-11-19,48.80643855103123,49.39344130373035,48.05848343065656,48.27624251633526,
2025-11-20,48.88218084170209,48.88218084170209,48.049015644322694,48.162629080328976,
2025-11-21,48.7496318330281,48.75909961936195,48.285710302669116,48.35198480700611,
2025-11-24,48.36145259333996,48.75909961936195,47.95433778098413,48.30464587533683,
2025-11-25,48.31411366167068,49.67747489374605,48.285710302669116,49.16621443171778,
2025-11-26,49.232488936054786,49.61120038940905,48.408791525009256,48.683357328691095,
2025-11-27,49.21355336338707,49.327166799393346,48.683357328691095,49.20408557705321,
2025-11-28,49.22302114972093,50.13192863777117,48.75909961936195,49.56386145773977,
2025-12-01,49.56386145773977,50.08458970610188,49.1188755000485,49.232488936054786,
2025-12-02,49.94257291109403,50.8893515444797,49.232488936054786,49.81949168875389,
2025-12-03,49.95204069742789,50.747334749471854,49.22302114972093,49.412376876398056,
2025-12-04,50.1697997831066,50.1697997831066,49.232488936054786,49.49758695340277,
2025-12-05,50.150864210438876,50.179267569440455,49.13781107271621,49.970976270095605,
2025-12-08,49.374505731062634,50.179267569440455,49.374505731062634,49.810023902420035,
2025-12-09,50.179267569440455,50.40649444145301,49.47865138073505,49.98991184276331,
2025-12-10,49.885766193090895,50.273945432779016,49.59226481674134,49.800556116086184,
2025-12-11,50.59585016813014,50.59585016813014,49.279827867724066,49.58279703040748,
2025-12-12,50.056186347100315,50.056186347100315,49.47865138073505,49.64907153474447,
2025-12-15,49.715346039081474,50.03725077443261,49.241956722388636,49.51652252607048,
2025-12-16,49.51652252607048,50.55797902279472,49.1851500043855,49.81949168875389,
2025-12-17,49.89523397942475,50.747334749471854,49.22302114972093,50.3212843644483,
2025-12-18,50.70946360413643,51.722516741859096,50.70946360413643,51.24912742516626,
2025-12-19,51.3059341431694,51.35327307483868,49.86683062042319,50.1035252787696,
2025-12-22,50.1697997831066,50.605317954464006,49.70587825274762,49.76268497075076,
2025-12-23,50.150864210438876,50.41596222778687,49.800556116086184,50.179267569440455,
2025-12-24,50.41596222778687,50.41596222778687,49.73428161174919,49.970976270095605,
2025-12-26,50.3212843644483,50.8893515444797,49.76268497075076,50.359155509783726,
2025-12-29,50.614785740797856,50.84201261281043,50.02778298809875,50.662124672467144,
2025-12-30,50.98402940781828,51.77932345986223,50.65265688613329,50.87988375814585,
2025-12-31,51.11657841649227,51.83613017786537,50.8893515444797,51.62783887852053,
2026-01-01,51.7414523145268,52.546214152904625,51.599435519518956,52.23377720388736,
2026-01-02,52.53674636657077,53.966382102983125,49.73428161174919,53.0764101876006,
2026-01-05,53.20895919627459,55.121452035713645,53.0764101876006,54.58178821468381,
2026-01-06,53.97584988931698,56.3333286864473,53.786494162639855,56.03982731009774,
2026-01-07,56.30492532744572,57.50733419184553,55.39601783939549,56.664701208132286,
2026-01-08,56.664701208132286,57.04341266148655,55.670583643077336,56.14397295977016,
2026-01-09,56.14397295977016,56.77831464413856,55.38655005306163,56.068230669099314,
2026-01-12,55.85993936975447,55.85993936975447,53.966382102983125,54.79954730036252,
2026-01-13,55.85993936975447,55.85993936975447,54.2788190520004,55.62324471140805,
2026-01-14,55.85993936975447,56.020891737430034,54.92262852270265,55.39601783939549,
2026-01-15,55.14985539471521,55.812600438085184,54.913160736368795,55.20666211271836,
2026-01-16,55.61377692507419,56.797250216806276,55.05517753137665,56.34279647278116,
2026-01-19,56.57002334479372,58.49198397056663,56.57002334479372,58.02806244020765,
2026-01-20,58.27422488488792,59.1736645866043,57.72509327752423,58.946437714591745,
2026-01-21,59.410359244950726,59.64705390329714,58.690807483577615,59.04111557793031,
2026-01-22,59.1736645866043,59.64705390329714,58.113272517212366,59.05058336426416,
2026-01-23,59.221003518273584,59.59971497162786,57.7534966365258,59.33461695427987,
2026-01-26,59.29674580894445,59.590247185294004,58.23635373955249,59.00324443259488,
2026-01-27,59.59971497162786,60.83052719502923,59.457698176620006,60.24352444233012,
2026-01-28,60.59383253668281,61.0104151353725,59.53344046729086,59.8742807753097,
2026-01-29,59.893216347977415,60.58436475034895,59.1736645866043,59.523972680957,
2026-01-30,59.505037108289294,60.59383253668281,59.16419680027045,60.28139558766554,
2026-02-02,61.483804452065336,61.96666155509203,60.43288016900725,61.12402857137879,
2026-02-03,62.01400048676132,63.43416843683982,61.777305828414896,62.7808911798037,
2026-02-04,63.670863095186235,64.85433638691832,63.49097515484296,64.20105912988221,
2026-02-06,64.20105912988221,64.38094707022549,60.83052719502923,61.90038705075503,
2026-02-09,61.90985483708889,62.96077912014698,59.410359244950726,60.32873451933482,
2026-02-10,60.32873451933482,61.06722185337565,58.226885953218634,59.06005115059803,
2026-02-11,59.16419680027045,61.06722185337565,59.16419680027045,60.754784904358374,
2026-02-12,61.30391651172206,61.49327223839919,58.70027526991147,59.107390082267315,
2026-02-13,60.12044321998997,60.12044321998997,57.28957510616682,58.4541128252312,
2026-02-16,61.54061117006848,62.72408446180056,56.57002334479372,57.50733419184553,
2026-02-17,57.7534966365258,59.978426424982125,56.3333286864473,57.07181602048812,
2026-02-18,58.217418166884784,61.483804452065336,57.28957510616682,61.1618997167142,
2026-02-19,60.59383253668281,60.83052719502923,58.46358061156506,58.643468551908335,
2026-02-20,58.88016321025474,59.64705390329714,56.86352472114328,58.141675876213924,
2026-02-23,57.28957510616682,59.505037108289294,55.907278301423744,57.308510678834544,
2026-02-24,57.308510678834544,58.605597406572905,54.67646607802238,56.664701208132286,
2026-02-25,56.80671800314014,59.95949085231441,56.80671800314014,59.09792229593346,
2026-02-26,59.26834244994288,60.12044321998997,57.7534966365258,59.35355252694758,
2026-02-27,58.88016321025474,62.31696964944472,57.61147984151795,61.10509299871108,
2026-03-02,55.38655005306163,57.185429456494404,54.998370813373505,54.998370813373505,
2026-03-03,55.074113104044365,58.226885953218634,53.502460572624145,56.494281054122865,
2026-03-04,56.3333286864473,57.280107319832965,54.960499668038075,56.34279647278116,
2026-03-05,56.57002334479372,57.67775434585495,56.57002334479372,57.185429456494404,
2026-03-06,57.04341266148655,57.441059687508535,55.15932318104907,55.481227916400194,
2026-03-09,52.07282483621179,54.41136806067439,50.65265688613329,51.69411338285752,
2026-03-10,54.430303633342106,56.57002334479372,53.492992786290294,56.285989754778015,
2026-03-11,58.70027526991147,58.70027526991147,54.92262852270265,55.414953412063205,
2026-03-12,54.53444928301453,55.983020592094604,54.013721034652406,54.53444928301453,
2026-03-13,54.913160736368795,55.10251646304593,53.492992786290294,53.82436530797528,
2026-03-16,53.58393408856848,53.83723995880535,51.518516992790936,51.82053553038104,
2026-03-17,51.63542739443872,53.34037075180226,51.63542739443872,52.16152420185376,
2026-03-18,52.18100926879506,53.33062821833162,52.1712667353244,52.95066941297631,
2026-03-19,52.6096807415036,53.5059938208033,51.88873326467559,53.0870648815654,
2026-03-24,54.49973223480947,54.558187435633364,52.2297219361483,52.843501544799174,
2026-03-25,53.09680741503605,55.04531410916581,52.6096807415036,53.92492276004119,
2026-03-26,53.92492276004119,54.07106076210093,52.122554067971166,52.16152420185376,
2026-03-27,53.467023686920705,53.467023686920705,52.18100926879506,52.56096807415036,
2026-03-30,52.9701544799176,52.9701544799176,50.90473738414006,51.73285272914521,
2026-03-31,52.122554067971166,53.34037075180226,51.73285272914521,52.59993820803296,
2026-04-01,53.09680741503605,55.9026570545829,53.09680741503605,54.7043254376931,
2026-04-02,54.07106076210093,55.171967044284244,52.853244078269825,54.7238105046344,
2026-04-03,53.58393408856848,56.146220391349125,53.58393408856848,55.69806385169928,
2026-04-06,54.60690010298661,56.26313079299691,54.60690010298661,54.947888774459315,
2026-04-07,55.28887744593203,55.28887744593203,53.642389289392376,53.856725025746655,
2026-04-08,56.01956745623069,59.24434603501545,55.171967044284244,59.24434603501545,
2026-04-09,58.94232749742533,59.429454170957776,57.49069001029866,58.65979402677652,
2026-04-10,58.94232749742533,60.160144181256435,58.51365602471679,58.72799176107106,
2026-04-13,56.99382080329557,60.130916580844485,56.58463439752832,57.685540679711636,
2026-04-14,58.93258496395469,59.67301750772399,58.50391349124613,59.10795056642637,
2026-04-15,59.67301750772399,60.64727085478888,59.67301750772399,60.39396498455201,
2026-04-16,61.80663233779608,61.80663233779608,59.35151390319258,59.45868177136972,
2026-04-17,59.799670442842434,61.61178166838311,59.195633367662204,61.05645726055613,
2026-04-20,60.87134912461379,64.78784757981462,59.50739443872296,63.024449021627184,
2026-04-21,64.78784757981462,64.83656024716787,62.83934088568486,63.657713697219364,
2026-04-22,64.69042224510814,64.69042224510814,62.05993820803295,62.34247167868177,
2026-04-23,62.829598352214205,63.11213182286303,58.94232749742533,59.6925025746653,
2026-04-24,59.429454170957776,60.40370751802266,56.49695159629248,59.64378990731205,
2026-04-27,59.91658084449021,60.58881565396498,58.844902162718846,59.14692070030896,
2026-04-28,59.81915550978373,59.86786817713698,58.89361483007209,59.14692070030896,
2026-04-29,59.33202883625128,59.67301750772399,57.480947476828014,57.96807415036045,
2026-04-30,57.480947476828014,58.425973223480945,56.40926879505664,58.026529351184344,
2026-05-04,59.185890834191554,59.624304840370755,57.96807415036045,58.40648815653965,
2026-05-05,58.95,58.95,57.01,58.26,
2026-05-06,59.01,61.01,58.53,60.46,
2026-05-07,60.4,60.9,59.5,59.82,
2026-05-08,59.3,59.95,58.8,59.08,
2026-05-11,59.0,60.14,58.9,59.75,
2026-05-12,60.13,60.13,59.2,59.42,
2026-05-13,59.9,59.9,58.3,58.87,
2026-05-14,58.88,59.74,56.9,57.38,
2026-05-15,57.84,58.15,56.9,57.78,
2026-05-18,57.8,58.2,56.02,56.4,
2026-05-19,56.9,57.95,56.01,56.35,
2026-05-20,56.87,57.65,56.25,56.56,
2026-05-21,57.0,58.0,57.0,57.57,
2026-05-22,57.9,57.9,57.0,57.18,
2026-05-25,58.0,59.9,57.8,59.32,
2026-05-29,59.5,59.85,58.74,59.43,
2026-06-01,59.43,59.6,58.91,59.03,
2026-06-02,59.0,59.3,59.0,59.02,
2026-06-03,59.0,59.0,58.08,58.44,
2026-06-04,58.44,58.91,58.35,58.45,
2026-06-05,58.46,58.69,58.12,58.35,
