Date,open,high,low,Price,Change %
2015-01-01,22.500885900465683,23.30087774651713,22.500885900465683,22.988613271292596,
2015-01-02,22.732853796346767,23.303851693900214,22.732853796346767,23.134336693064046,
2015-01-05,22.87560327073514,23.158128272128767,22.85181169167041,22.872629323352037,
2015-01-06,22.87560327073514,23.22058116717368,22.83396800737187,23.003483008208025,
2015-01-07,23.018352745123497,23.161102219511864,22.848837744287312,22.96184774484477,
2015-01-08,22.96184774484477,23.20571143025823,22.872629323352037,23.107571166616232,
2015-01-09,23.161102219511864,23.161102219511864,23.018352745123497,23.021326692506587,
2015-01-12,23.018352745123497,23.735074064448405,23.018352745123497,23.56555906361222,
2015-01-13,23.735074064448405,24.047338539672943,23.461470905204052,23.964068012946402,
2015-01-14,24.02057301322513,25.049558807774577,24.02057301322513,24.594544858161676,
2015-01-15,24.87706985955531,24.87706985955531,24.306071962001862,24.54101380526604,
2015-01-16,24.44882143639022,24.44882143639022,23.735074064448405,24.07410406612078,
2015-01-19,23.79157906472713,24.163322487613502,23.56258511622913,23.687490906318953,
2015-01-20,23.877823538836765,23.93432853911551,23.592324590060034,23.601246432209305,
2015-01-21,23.592324590060034,23.946224328647858,23.592324590060034,23.800500906876408,
2015-01-22,23.94919827603094,24.520196173584395,23.80644880164259,24.306071962001862,
2015-01-23,24.30309801461876,24.40718617302695,23.892693275752222,23.993807486777314,
2015-01-26,24.764059858997843,24.87706985955531,24.16629643499659,24.314993804151122,
2015-01-27,24.306071962001862,24.573727226480027,24.062208276588407,24.487482752370408,
2015-01-28,24.306071962001862,24.306071962001862,24.09194775041932,24.237671172190762,
2015-01-29,24.12168722425022,24.306071962001862,23.883771433602952,24.047338539672943,
2015-01-30,23.93135459173242,24.419081962559297,23.93135459173242,24.05923432920531,
2015-02-02,24.09194775041932,24.520196173584395,23.93432853911551,24.481534857604217,
2015-02-03,24.50532643666894,24.56183143694767,24.02057301322513,24.439899594240945,
2015-02-04,24.16629643499659,24.44882143639022,24.163322487613502,24.368524857046758,
2015-02-06,24.44882143639022,24.85922617525675,24.306071962001862,24.734320385166946,
2015-02-09,24.835434596192037,25.162568808332043,24.734320385166946,24.76703380638095,
2015-02-10,24.764059858997843,25.162568808332043,24.419081962559297,24.9127572281524,
2015-02-11,24.77000775376404,24.978184070580394,24.734320385166946,24.781903543296398,
2015-02-12,24.59157091077858,24.665919595355845,24.288228277703308,24.338785383215864,
2015-02-13,24.317967751534223,24.520196173584395,24.27633248817094,24.487482752370408,
2015-02-16,24.50532643666894,24.874095912172212,24.178192224528946,24.48450880498731,
2015-02-17,25.56107775766621,25.56107775766621,24.99602775487895,25.436171967576396,
2015-02-18,25.31126617748658,25.70382723205457,25.25476117720784,25.510520652153666,
2015-02-19,25.46293749402422,25.465911441407297,24.978184070580394,25.070376439456204,
2015-02-20,24.96926222843112,25.150673018799672,24.737294332550036,24.92465301768476,
2015-02-23,25.01981933394367,25.662191968691296,25.01981933394367,25.617582757944945,
2015-02-24,25.65029617915894,25.9923001282144,25.65029617915894,25.83765486429367,
2015-02-25,25.864420390741483,25.950664864851117,25.736540653268577,25.739514600651663,
2015-02-26,25.84955065382603,25.89415986457239,25.233943545526223,25.308292230103486,
2015-02-27,25.335057756551304,25.52241644168604,25.162568808332043,25.39751065159621,
2015-03-02,25.451041704491843,25.534312231218383,25.106063808053307,25.225021703376935,
2015-03-03,25.165542755715112,25.382640914680767,25.120933544968764,25.308292230103486,
2015-03-04,25.19230828216293,25.706801179437655,25.19230828216293,25.665165916074397,
2015-03-05,25.7930456535473,25.96553460176657,25.62353065271112,25.80494144307965,
2015-03-06,25.843602759059845,26.078544602324037,25.736540653268577,26.0220396020453,
2015-03-09,26.0220396020453,26.0220396020453,25.65029617915894,25.70085328467149,
2015-03-10,25.593791178880213,25.671113810840584,25.195282229546034,25.44509380972567,
2015-03-11,25.308292230103486,25.93579512793566,24.99602775487895,25.840628811676748,
2015-03-12,26.007169865129836,26.007169865129836,25.74546249541785,25.89713381195548,
2015-03-13,26.26536105560857,26.505754827304965,25.862623438091223,26.334044990378978,
2015-03-16,26.56507277097033,26.702440640511128,26.26536105560857,26.683708658301015,
2015-03-17,26.986542370697777,27.017762341047973,26.146725168277875,26.977176379592724,
2015-03-18,26.986542370697777,27.00215235587288,26.53697479765517,26.605658732425567,
2015-03-19,26.56507277097033,26.71805062568621,26.41521691328946,26.699318643476115,
2015-03-20,26.714928628651183,26.89600445668226,26.671220670160945,26.852296498192,
2015-03-24,27.077080284713315,27.077080284713315,26.2528730674685,26.362142963694126,
2015-03-25,26.655610684985845,26.655610684985845,26.121749191997722,26.28097104078366,
2015-03-26,26.28097104078366,26.28097104078366,25.366225909523322,25.722133571515396,
2015-03-27,25.669059621920077,26.115505197927696,25.547301737554378,25.694035598200223,
2015-03-30,25.665937624885068,25.665937624885068,24.41089481680773,24.41089481680773,
2015-03-31,24.167379048076302,25.62847366046484,24.167379048076302,25.62847366046484,
2015-04-01,25.516081767204195,26.112383200892673,25.456763823538854,25.840769458846076,
2015-04-02,25.96564934024682,26.26536105560857,25.847013452916112,26.190433126768134,
2015-04-03,26.3558989696241,26.387118939974293,26.206043111943227,26.26536105560857,
2015-04-06,26.490144842129894,26.683708658301015,25.875111426231285,26.359020966659127,
2015-04-07,26.190433126768134,26.3558989696241,26.087407224612534,26.206043111943227,
2015-04-08,26.221653097118313,26.71805062568621,26.118627194962713,26.64000069981077,
2015-04-09,26.446436883639617,26.596292741320507,26.115505197927696,26.558828776900285,
2015-04-10,26.490144842129894,27.648405742121657,26.490144842129894,27.39240198525015,
2015-04-13,27.317474056409722,27.49854988444079,26.733660610861303,26.877272474472147,
2015-04-14,26.752392593071413,26.861662489297068,26.56507277097033,26.730538613826297,
2015-04-15,26.76175858417647,26.955322400347608,26.643122696845776,26.646244693880806,
2015-04-16,26.71805062568621,27.573477813281222,26.71805062568621,27.13327623134365,
2015-04-17,27.317474056409722,27.617185771771478,27.095812266923417,27.507915875545834,
2015-04-20,27.857579543467875,28.066753344814103,27.317474056409722,27.545379839966056,
2015-04-21,27.620307768806494,27.73582165910218,26.805466542666718,27.49542788740574,
2015-04-22,27.617185771771478,28.263439158020237,27.467329914090605,28.097973315164296,
2015-04-23,27.991825415973643,28.36646506017586,27.991825415973643,28.269683152090295,
2015-04-24,28.36646506017586,29.26872220329613,28.307147116510492,28.93466852054918,
2015-04-27,29.103256360440167,29.193794274455698,28.516320917856728,28.713006731062872,
2015-04-28,28.519442914891755,28.713006731062872,27.916897487133234,28.204121214354913,
2015-04-29,28.04802136260399,28.41329501570114,28.038655371498933,28.282171140230375,
2015-04-30,28.282171140230375,29.41857806097701,28.338367086860686,29.228136241840893,
2015-05-04,29.265600206261105,29.26872220329613,28.69739674588779,28.84100860949863,
2015-05-05,28.744226701413062,29.043938416774818,28.54754088820692,28.82852062135856,
2015-05-06,29.26872220329613,29.26872220329613,28.713006731062872,28.90032655316397,
2015-05-07,28.597492840767206,29.415456063941978,28.597492840767206,29.168818298175545,
2015-05-08,29.41857806097701,29.490383992782423,29.11886634561525,29.371748105451726,
2015-05-11,28.89408255909395,29.11886634561525,27.901287501958123,27.913775490098214,
2015-05-12,28.21660920249498,28.36646506017586,27.52664785775595,28.023045386323847,
2015-05-13,28.60685883187226,28.60685883187226,28.113583300339375,28.466368965296464,
2015-05-14,28.36646506017586,29.115744348580233,28.36646506017586,28.66305477850259,
2015-05-15,28.803544645078407,28.969010487934394,28.550662885241934,28.647444793327498,
2015-05-18,29.08764637526507,28.666176775537608,28.45700297419139,28.516320917856728,
2015-05-19,28.578760858557093,28.578760858557093,27.916897487133234,28.101095312199305,
2015-05-20,27.976215430798568,28.213487205459977,27.632795756946567,27.913775490098214,
2015-05-21,27.913775490098214,28.066753344814103,27.773285623522376,27.913775490098214,
2015-05-22,28.066753344814103,28.204121214354913,27.916897487133234,28.00431340411374,
2015-05-25,28.219731199529996,29.40296807580192,28.219731199529996,29.274966197366176,
2015-05-26,29.26872220329613,29.41857806097701,28.716128728097907,28.856618594673716,
2015-05-27,28.969010487934394,29.65897183267341,28.819154630253497,29.218770250735833,
2015-05-28,28.922180532409097,29.146964318930422,28.819154630253497,29.040816419739794,
2015-05-29,28.819154630253497,29.71828977633876,28.819154630253497,29.128232336720313,
2015-06-01,29.11886634561525,29.193794274455698,28.906570547234026,29.109500354510196,
2015-06-02,29.259356212191072,29.41857806097701,29.11886634561525,29.121988342650276,
2015-06-03,29.193794274455698,29.328040146961467,29.043938416774818,29.097012366370134,
2015-06-04,29.11886634561525,29.29682017661129,28.969010487934394,29.10637835747519,
2015-06-05,29.20940425963078,29.265600206261105,28.969010487934394,29.128232336720313,
2015-06-08,28.819154630253497,29.41857806097701,28.819154630253497,29.121988342650276,
2015-06-09,29.387358090626826,29.387358090626826,29.11886634561525,29.156330310035464,
2015-06-10,29.121988342650276,29.162574304105522,28.60685883187226,28.981498476074457,
2015-06-11,28.67242076960764,29.415456063941978,28.67242076960764,29.131354333755333,
2015-06-12,29.41857806097701,29.49350598981744,29.028328431599725,29.115744348580233,
2015-06-15,29.11886634561525,29.11886634561525,28.463246968261426,28.516320917856728,
2015-06-16,28.516320917856728,28.647444793327498,28.188511229179806,28.560028876346983,
2015-06-17,28.263439158020237,29.121988342650276,28.36646506017586,29.065792396019948,
2015-06-18,28.819154630253497,29.11886634561525,28.819154630253497,29.0595484019499,
2015-06-19,29.012718446424632,29.012718446424632,28.54754088820692,28.691152751817746,
2015-06-22,28.66929877257262,28.819154630253497,28.36646506017586,28.691152751817746,
2015-06-23,28.691152751817746,28.756714689553146,28.516320917856728,28.58188285559212,
2015-06-24,28.519442914891755,28.66929877257262,28.516320917856728,28.5288089059968,
2015-06-25,28.66929877257262,28.681786760712697,27.920019484168243,28.260317160985228,
2015-06-26,28.45700297419139,28.45700297419139,27.916897487133234,28.063631347779083,
2015-06-29,28.263439158020237,28.353977072035786,28.066753344814103,28.291537131335428,
2015-06-30,28.66929877257262,28.66929877257262,27.93562946934334,28.08860732405923,
2015-07-01,28.210365208424946,29.11886634561525,28.210365208424946,28.82852062135856,
2015-07-02,29.11886634561525,29.71828977633876,28.969010487934394,29.652727838603358,
2015-07-03,29.868145634019626,29.868145634019626,29.41857806097701,29.577799909762938,
2015-07-06,29.56531192162287,29.71828977633876,29.26872220329613,29.646483844533346,
2015-07-07,29.568433918657885,29.568433918657885,29.26872220329613,29.41857806097701,
2015-07-08,29.41857806097701,29.41857806097701,28.819154630253497,29.168818298175545,
2015-07-09,29.043938416774818,29.40296807580192,29.043938416774818,29.168818298175545,
2015-07-10,29.71828977633876,29.71828977633876,29.11886634561525,29.253112218121036,
2015-07-13,29.11886634561525,29.41233406690696,28.972132484969393,29.221892247770857,
2015-07-14,28.853496597638706,29.40296807580192,28.853496597638706,29.234380235910933,
2015-07-15,29.237502232945953,29.868145634019626,29.26872220329613,29.712045782268728,
2015-07-16,29.840047660704485,30.617424922424014,29.715167779303734,30.064831447225785,
2015-07-22,30.317713207062262,30.317713207062262,29.605897883078107,29.67145982081347,
2015-07-23,29.537213948307713,30.018001491700513,29.49350598981744,29.968049539140218,
2015-07-24,29.71828977633876,30.018001491700513,29.72141177337377,29.74950974668894,
2015-07-27,30.014879494665482,30.014879494665482,29.415456063941978,29.77136372593406,
2015-07-28,28.98462047310947,29.868145634019626,28.98462047310947,29.421700058012014,
2015-07-29,29.477896004642357,29.98990351838536,29.449798031327187,29.833803666634438,
2015-07-30,29.424822055047038,29.958683548035165,29.424822055047038,29.855657645879567,
2015-07-31,29.868145634019626,30.011757497630477,29.41857806097701,29.97117153617525,
2015-08-03,30.018001491700513,30.018001491700513,29.568433918657885,29.968049539140218,
2015-08-04,29.71828977633876,30.014879494665482,29.71828977633876,29.880633622159706,
2015-08-05,29.958683548035165,30.04922146205069,29.727655767443824,29.868145634019626,
2015-08-06,30.014879494665482,30.018001491700513,29.568433918657885,29.646483844533346,
2015-08-07,29.449798031327187,29.868145634019626,29.449798031327187,29.724533770408794,
2015-08-10,29.71828977633876,29.71828977633876,29.49350598981744,29.643361847498326,
2015-08-11,29.71828977633876,29.71828977633876,29.406090072836932,29.518481966097603,
2015-08-12,29.312430161786395,29.40296807580192,29.11886634561525,29.27184420033116,
2015-08-13,29.146964318930422,29.537213948307713,29.146964318930422,29.281210191436198,
2015-08-17,29.146964318930422,29.643361847498326,29.11886634561525,29.29682017661129,
2015-08-18,29.56531192162287,29.790095708144182,29.42794405208206,29.59340989493802,
2015-08-19,29.715167779303734,29.927463577684975,29.612141877148144,29.865023636984603,
2015-08-20,29.568433918657885,31.35733821972334,29.568433918657885,31.30738626716305,
2015-08-21,31.519682065544277,31.519682065544277,30.289615233747096,30.579960958003795,
2015-08-24,29.777607720004106,30.31146921299222,29.27184420033116,29.41233406690696,
2015-08-25,29.715167779303734,30.770402777139893,29.568433918657885,30.545618990618586,
2015-08-26,30.620546919459024,31.145042421342104,30.317713207062262,30.72669481864965,
2015-08-27,30.889038664470608,30.90152665261068,30.63303490759911,30.78289076528,
2015-08-28,30.85781869412044,30.889038664470608,30.317713207062262,30.620546919459024,
2015-08-31,30.620546919459024,30.889038664470608,30.20219931676659,30.648644892774207,
2015-09-01,30.620546919459024,30.904648649645686,30.32395720113232,30.620546919459024,
2015-09-02,30.32707919816733,30.889038664470608,30.32707919816733,30.48942304398827,
2015-09-03,30.620546919459024,31.897443706781495,30.467569064743138,31.120066445061962,
2015-09-04,31.441632139668844,31.519682065544277,30.979576578486142,31.032650528081458,
2015-09-07,30.923380631855814,30.99518656366122,30.04922146205069,30.330201195202328,
2015-09-08,30.19907731973157,30.767280780104894,30.183467334556482,30.501911032128337,
2015-09-09,31.160652406517208,31.160652406517208,30.62366891649405,30.97645458145112,
2015-09-10,30.92025863482079,31.073236489536683,30.814110735630155,31.070114492501645,
2015-09-11,30.99518656366122,32.390719238314375,31.10445645988685,31.50719407740421,
2015-09-14,31.685147908400253,32.04417756742735,31.685147908400253,31.94427366230678,
2015-09-15,31.89432170974649,32.84028681135701,31.70075789357535,31.956761650446854,
2015-09-16,31.969249638586927,32.12222749330282,31.819393780906037,31.972371635621943,
2015-09-17,31.897443706781495,32.71540692995629,31.694513899505306,31.819393780906037,
2015-09-18,30.746250395169632,32.177695612403504,30.746250395169632,31.52824361569553,
2015-09-21,31.22671233150968,31.700547206658864,30.911926924942048,31.69060661487254,
2015-09-22,31.85959667524042,31.85959667524042,31.415583575450277,31.4520324120002,
2015-09-23,31.09417110769174,31.223398800914246,30.908613394346613,31.09417110769174,
2015-09-28,31.0643493323327,31.955689062508437,31.0643493323327,31.862910205835856,
2015-09-29,31.38244826949579,31.700547206658864,30.905299863751154,31.259847637464187,
2015-09-30,31.30292353520501,31.700547206658864,31.14387406662348,31.299610004609566,
2015-10-01,31.223398800914246,31.541497738077332,31.0643493323327,31.47522712616836,
2015-10-02,31.62102247236812,31.85959667524042,31.62102247236812,31.852969614049524,
2015-10-05,31.780071940949657,32.177695612403504,31.780071940949657,32.01201908263107,
2015-10-06,32.01864614382196,32.465972774207565,32.01201908263107,32.343372142175944,
2015-10-07,32.42952393765762,33.294355423069746,32.42952393765762,33.078975934365594,
2015-10-08,33.45340489165129,33.45671842224676,33.14524654627457,33.254593055924374,
2015-10-09,33.10217064853373,33.10217064853373,32.65815754874357,32.79732583375244,
2015-10-12,32.81720701732513,33.072348873174704,32.6714116711254,32.80726642553877,
2015-10-13,32.65815754874357,32.96962942471578,32.56206516147557,32.71117403827077,
2015-10-14,32.58525987564372,32.78407171137064,32.49910808016203,32.49910808016203,
2015-10-15,32.87685056804321,32.880164098638666,32.49910808016203,32.65815754874357,
2015-10-16,32.50242161075749,33.055781220197446,32.50242161075749,32.85034232327961,
2015-10-19,32.81720701732513,33.072348873174704,32.687979324102635,32.81720701732513,
2015-10-20,32.81720701732513,32.896731751615896,32.75093640541617,32.78075818077521,
2015-10-21,32.81720701732513,32.81720701732513,32.57863281445282,32.65815754874357,
2015-10-22,32.50242161075749,32.78407171137064,32.4825404271848,32.71780109946166,
2015-10-26,33.1353059544882,33.16512772984727,32.97625648590665,33.02595944483842,
2015-10-27,32.65815754874357,33.10217064853373,32.65815754874357,32.75756346660706,
2015-10-28,32.81720701732513,33.45340489165129,32.81389348672968,33.16512772984727,
2015-10-29,33.23139834175625,33.373880157360524,33.006078261265706,33.30760954545155,
2015-10-30,33.416956055101366,33.416956055101366,33.1353059544882,33.21814421937442,
2015-11-02,33.13861948508366,33.77481735940983,33.1353059544882,33.76156323702804,
2015-11-03,33.61245436023285,33.99351037870946,33.45671842224676,33.74830911464624,
2015-11-04,33.90073152203691,34.056467460022986,33.77150382881438,33.920612705609585,
2015-11-05,33.77150382881438,33.980256256327664,33.62902201321008,33.7648767676235,
2015-11-06,33.93055329739594,34.09291629657294,33.93055329739594,34.07966217419113,
2015-11-09,34.05978099061843,34.41432876433146,33.80463913476888,33.93386682799139,
2015-11-10,33.93386682799139,34.1393057249092,33.93386682799139,34.089602765977475,
2015-11-11,34.089602765977475,34.096229827168386,33.93055329739594,33.93718035858684,
2015-11-12,33.950434480968624,34.16912750026826,33.950434480968624,34.1393057249092,
2015-11-13,34.1393057249092,34.24865223455902,33.93055329739594,34.010078031686696,
2015-11-16,34.089602765977475,34.3215499076589,33.94380741977772,34.17575456145914,
2015-11-17,34.31492284646801,34.3215499076589,34.16912750026826,34.25196576515447,
2015-11-18,33.980256256327664,34.202262806222734,33.8675962160824,33.91398564441867,
2015-11-19,34.12273807193197,34.089602765977475,33.61245436023285,33.68203850273728,
2015-11-20,33.77150382881438,33.77150382881438,33.46997254462855,33.61908142142375,
2015-11-23,33.77150382881438,34.026645684663954,33.26122011711527,33.34074485140605,
2015-11-24,33.41364252450594,33.51636197296484,33.41364252450594,33.44346429986495,
2015-11-25,33.294355423069746,33.294355423069746,32.73768228303435,32.900045282211344,
2015-11-26,32.91329940459313,33.06903534257923,32.724428160652565,32.77081758898885,
2015-11-27,32.65815754874357,34.089602765977475,32.01864614382196,32.73436875243891,
2015-11-30,32.81720701732513,33.294355423069746,32.2174579795489,32.32017742800782,
2015-12-01,32.36988038693954,32.84702879268418,32.01864614382196,32.177695612403504,
2015-12-02,32.65815754874357,32.896731751615896,32.18100914299896,32.6714116711254,
2015-12-03,32.49910808016203,33.2910418924743,32.49910808016203,33.16512772984727,
2015-12-04,33.2910418924743,33.373880157360524,33.1353059544882,33.224771280565335,
2015-12-07,33.16512772984727,33.450091361055854,33.1353059544882,33.337431320810595,
2015-12-08,33.294355423069746,33.294355423069746,32.57863281445282,32.78407171137064,
2015-12-09,33.055781220197446,33.1353059544882,32.91329940459313,33.115424770915524,
2015-12-10,32.97625648590665,33.09885711793828,32.97625648590665,33.0127053224566,
2015-12-11,33.13199242389276,33.45340489165129,32.97625648590665,32.99282413888391,
2015-12-14,32.82052054792059,32.943121179952186,32.33674508098505,32.83377467030237,
2015-12-15,33.1353059544882,33.1353059544882,32.36988038693954,32.50242161075749,
2015-12-16,33.10217064853373,32.73768228303435,32.49910808016203,32.53224338611654,
2015-12-17,32.56206516147557,32.78407171137064,32.4494051212303,32.674725201720854,
2015-12-18,32.509048671948385,32.78407171137064,32.29035565264876,32.41958334587126,
2015-12-21,32.33674508098505,33.072348873174704,32.33674508098505,32.81057995613424,
2015-12-22,32.56537869207103,32.900045282211344,32.49910808016203,32.52230279433019,
2015-12-23,32.65815754874357,32.687979324102635,32.177695612403504,32.253906816098834,
2015-12-28,32.257220346694275,32.47922689658936,32.257220346694275,32.333431550389605,
2015-12-29,32.49910808016203,32.75093640541617,32.40301569289403,32.65815754874357,
2015-12-30,32.65815754874357,33.12867889329733,32.65484401814814,32.96962942471578,
2015-12-31,32.909985873997684,33.1353059544882,32.65815754874357,32.687979324102635,
2016-01-01,32.73768228303435,33.1353059544882,32.73768228303435,33.006078261265706,
2016-01-04,33.1353059544882,33.2976689536652,32.83377467030237,33.0392135672202,
2016-01-05,32.49910808016203,32.78407171137064,32.40301569289403,32.625022242789086,
2016-01-06,32.53224338611654,32.75093640541617,32.49910808016203,32.60514105921641,
2016-01-07,32.33674508098505,32.65484401814814,32.33674508098505,32.465972774207565,
2016-01-08,32.33674508098505,32.4825404271848,32.257220346694275,32.3665668563441,
2016-01-11,32.27378799967153,32.57863281445282,32.24396622431247,32.56869222266648,
2016-01-12,32.6117681204073,33.2910418924743,32.49910808016203,32.72774169124799,
2016-01-13,32.694606385293525,32.95968883292943,32.72774169124799,32.81057995613424,
2016-01-14,32.49910808016203,32.81720701732513,32.41958334587126,32.51898926373474,
2016-01-15,32.422896876466716,32.81389348672968,32.36988038693954,32.4891674883757,
2016-01-18,30.984824598041936,32.49248101897114,30.984824598041936,31.90267257298126,
2016-01-19,31.896045511790376,32.43283746825305,31.85959667524042,32.18100914299896,
2016-01-20,32.177695612403504,32.177695612403504,31.637590125345355,31.660784839513486,
2016-01-21,31.541497738077332,31.829774899881393,31.4785406567638,31.541497738077332,
2016-01-22,31.85959667524042,31.85959667524042,31.38244826949579,31.4785406567638,
2016-01-25,31.700547206658864,31.85959667524042,31.541497738077332,31.852969614049524,
2016-01-26,32.177695612403504,32.177695612403504,31.750250165590604,31.852969614049524,
2016-01-27,31.85959667524042,32.09817087811275,31.7833854715451,31.85959667524042,
2016-01-28,31.98882436846293,32.144560306449016,31.780071940949657,31.862910205835856,
2016-01-29,31.98882436846293,32.65484401814814,31.98882436846293,32.48585395778025,
2016-02-01,32.49910808016203,33.006078261265706,32.49910808016203,32.71780109946166,
2016-02-02,32.51567573313928,33.1353059544882,32.51567573313928,32.71780109946166,
2016-02-03,32.56206516147557,32.81720701732513,32.52892985552109,32.707860507675306,
2016-02-04,32.97294295531122,33.390447810337776,32.81720701732513,33.14524654627457,
2016-02-08,33.1353059544882,33.53292962594208,33.10217064853373,33.241338933542586,
2016-02-09,33.1353059544882,33.373880157360524,33.1353059544882,33.254593055924374,
2016-02-10,33.26122011711527,33.45340489165129,32.97625648590665,33.082289464961036,
2016-02-11,32.85034232327961,33.13861948508366,32.687979324102635,32.90667234340224,
2016-02-12,32.81720701732513,33.08560299555648,32.81720701732513,32.97294295531122,
2016-02-15,33.24796599473348,33.53292962594208,32.99282413888391,33.393761340933224,
2016-02-16,33.23139834175625,33.373880157360524,32.97625648590665,33.0392135672202,
2016-02-17,33.13199242389276,33.1353059544882,32.75093640541617,32.79069877256154,
2016-02-18,32.81720701732513,33.055781220197446,32.56206516147557,32.58194634504826,
2016-02-19,32.56206516147557,32.82052054792059,32.49910808016203,32.64821695695724,
2016-02-22,32.49910808016203,32.896731751615896,32.49910808016203,32.72111463005711,
2016-02-23,32.72111463005711,32.84702879268418,32.535556916711975,32.628335773384535,
2016-02-24,32.80063936434787,32.896731751615896,32.65815754874357,32.70454697707986,
2016-02-25,32.744309344225236,32.83377467030237,32.57863281445282,32.69129285469808,
2016-02-26,32.65815754874357,32.81720701732513,32.65815754874357,32.701233446484416,
2016-02-29,32.49910808016203,33.77150382881438,32.49910808016203,33.69197909452362,
2016-03-01,33.33080425961969,33.45340489165129,33.21814421937442,33.367253096169634,
2016-03-02,33.45340489165129,33.69197909452362,33.373880157360524,33.61576789082831,
2016-03-03,33.725114400478105,34.089602765977475,33.33080425961969,34.08297570478658,
2016-03-04,33.88416386905964,34.16912750026826,33.88416386905964,34.06309452121389,
2016-03-07,34.16581396967281,34.52036174338583,34.086289235382026,34.447464070285946,
2016-03-08,34.40770170314057,34.57006470231756,34.05978099061843,34.41764229492692,
2016-03-09,34.16912750026826,34.55349704934032,34.21883045919998,34.53361586576762,
2016-03-10,34.40770170314057,34.57006470231756,34.106170418954726,34.35799874420883,
2016-03-11,34.995352264512405,35.518757394459065,34.062928556196866,35.4009045837426,
2016-03-14,34.763112902218225,35.49449358048804,35.134002630061204,35.30731558699716,
2016-03-15,35.32811314182948,35.66087401914657,35.32811314182948,35.501426098765485,
2016-03-16,35.66087401914657,35.99363489646365,35.49795983962676,35.730199201920954,
2016-03-17,35.827254457805104,35.99363489646365,35.16173270317096,35.31078184613592,
2016-03-18,35.0612111881481,35.29345055044231,34.662591387195334,34.839370603270055,
2016-03-21,35.32464688269077,35.32464688269077,34.70418649685996,34.84976938068619,
2016-03-22,34.86363441724107,34.995352264512405,34.7457816065246,34.995352264512405,
2016-03-24,34.59673246355969,34.929493340876746,34.59673246355969,34.718051533414865,
2016-03-25,34.565536131311205,34.96068967312524,34.565536131311205,34.86710067637979,
2016-03-28,34.662591387195334,34.81164053016029,34.53433979906271,34.65219260977918,
2016-03-29,34.82897182585387,35.158266444032236,34.69378771944383,35.00921730106729,
2016-03-30,34.82897182585387,35.31078184613592,34.728450310831015,34.995352264512405,
2016-03-31,34.995352264512405,35.12707011178376,34.77004542049565,34.84283686240875,
2016-04-01,34.669523905472786,35.92777597282796,34.669523905472786,35.40437084288133,
2016-04-04,35.577683799817294,35.577683799817294,35.16173270317096,35.29691680958101,
2016-04-05,35.16173270317096,35.5603525041237,35.16173270317096,35.33504566010694,
2016-04-06,35.32811314182948,35.556886244984995,35.19639529455815,35.22412536766792,
2016-04-07,35.11320507522888,35.39397206546517,35.095873779535296,35.283051773026145,
2016-04-08,35.491027321349314,35.491027321349314,35.0473461515932,35.1548001848935,
2016-04-11,35.49449358048804,35.49449358048804,34.912162045183145,34.998818523651146,
2016-04-12,34.995352264512405,35.22759162680663,34.995352264512405,35.17559773972584,
2016-04-13,35.32811314182948,35.32811314182948,34.662591387195334,34.80124175274414,
2016-04-14,34.82897182585387,35.16173270317096,34.763112902218225,34.995352264512405,
2016-04-15,34.995352264512405,34.995352264512405,34.662591387195334,34.797775493605414,
2016-04-18,34.69725397858252,34.984953487096256,34.69725397858252,34.82897182585387,
2016-04-19,34.69725397858252,34.84630312154747,34.69725397858252,34.783910457050524,
2016-04-20,34.7457816065246,35.32811314182948,34.7457816065246,34.839370603270055,
2016-04-21,34.832438084992596,35.32811314182948,34.7457816065246,34.83590434413133,
2016-04-22,34.77004542049565,35.24492292250022,34.763112902218225,35.17559773972584,
2016-04-25,34.84630312154747,35.22412536766792,34.7457816065246,35.16519896230969,
2016-04-26,34.89829700862826,35.24492292250022,34.89829700862826,35.14786766661608,
2016-04-27,34.894830749489564,35.49449358048804,34.894830749489564,35.26225421819382,
2016-04-28,35.29691680958101,36.77700946181425,35.01961607848346,36.43038354794229,
2016-04-29,36.6591566510978,36.991917528414874,36.03176374698956,36.205076703925535,
2016-05-02,36.395720956555124,36.32986203291944,35.834186976082535,36.28480066411609,
2016-05-03,35.99363489646365,36.32986203291944,36.08029137493164,36.18774540823194,
2016-05-04,36.49624247157798,36.59676398660085,36.11148770718011,36.305598218948404,
2016-05-05,36.32986203291944,36.912193568224325,36.32986203291944,36.69728550162371,
2016-05-06,36.74581312956579,37.07857400688287,36.62796031884931,36.70421801990115,
2016-05-09,36.72848183387219,37.17909552190572,36.693819242485,37.116702857408775,
2016-05-10,37.127101634824925,37.64357424649414,36.82900334889506,37.57078280458103,
2016-05-11,37.959003828117645,38.6279918418905,37.66090554218774,38.23977081835391,
2016-05-12,38.29523096457342,38.29523096457342,37.67823683788135,37.803022166875245,
2016-05-13,37.66090554218774,38.496273994619145,37.32814466487066,38.06645786141792,
2016-05-16,37.99366641950482,38.160046858163355,37.667838060465186,37.816887203430106,
2016-05-17,37.830752239984996,37.97980138294992,36.912193568224325,37.00924882410847,
2016-05-18,37.16176422621213,37.484126326113035,37.116702857408775,37.22069063157035,
2016-05-19,37.32814466487066,38.326427296821876,37.168696744489566,38.062991602279205,
2016-05-20,38.062991602279205,38.610660546196904,38.010997715198414,38.29523096457342,
2016-05-23,38.65918817413897,39.82731750388746,38.496273994619145,39.404433888963666,
2016-05-24,39.328176187911836,39.328176187911836,38.395752479596254,38.4338813301222,
2016-05-25,38.46507766237068,39.12713315786612,38.46507766237068,39.04394293853683,
2016-05-26,38.74931091174568,39.165262008392034,38.51360529031273,38.572531695670975,
2016-05-27,38.846366167629796,38.99541531059475,38.66612069241639,38.8082373171039,
2016-05-30,38.69385076552616,38.99541531059475,38.160046858163355,38.30562974198958,
2016-05-31,38.361089888209094,38.575997954809694,38.07685663883409,38.347224851654204,
2016-06-01,38.475476439786824,38.74584465260695,38.26750089146367,38.652255655861545,
2016-06-02,38.66265443327768,39.286581078247195,38.66265443327768,39.17219452666945,
2016-06-03,39.71693859854347,41.168863420352274,39.28422208761031,40.72541840088357,
2016-06-06,40.249787855808265,40.746875417954655,40.2426355167846,40.489391213101854,
2016-06-07,40.19614531313062,40.6789281972296,40.19614531313062,40.28197338141488,
2016-06-08,40.23190700824905,40.23905934727276,40.09243639728713,40.18184063508323,
2016-06-09,40.23190700824905,40.23190700824905,40.06740321070423,40.121045753381864,
2016-06-10,40.59310012894535,40.59310012894535,38.894419610819284,39.09826127299439,
2016-06-13,38.994552357150916,39.509520766856504,38.34011333648339,39.24488422298002,
2016-06-14,40.539457586267666,40.57521928138612,39.52740161441571,40.246211686296434,
2016-06-15,42.25601895195297,42.25601895195297,41.64449396542757,42.252442782441136,
2016-06-16,42.277475969024046,42.46701295315179,40.746875417954655,41.14383023376938,
2016-06-17,40.918531554523184,40.922107724035044,40.43932483993603,40.718266061859886,
2016-06-20,40.918531554523184,41.26184382766024,40.750451587466486,41.251115319124686,
2016-06-21,41.40131443862216,41.6051561007973,40.8148226386797,41.20820128498258,
2016-06-22,41.26184382766024,41.33336721789714,40.57521928138612,40.60740480699271,
2016-06-23,40.32131124604515,40.97217409720084,40.32131124604515,40.90422687647581,
2016-06-24,40.475086535054494,40.475086535054494,39.88144239608831,40.22833083873721,
2016-06-27,40.57521928138612,40.74329924844281,40.22833083873721,40.28554955092673,
2016-06-28,40.39998697530574,41.05084982646142,40.23190700824905,40.61098097650456,
2016-06-29,40.918531554523184,41.57297057519069,40.918531554523184,41.21892979351813,
2016-06-30,41.60157993128546,41.6051561007973,40.9364124020824,41.28330084473129,
2016-07-04,41.26184382766024,41.96634922149356,41.26184382766024,41.6051561007973,
2016-07-11,41.6051561007973,43.1214519738193,41.26541999717208,42.44913210559257,
2016-07-12,42.63866908972033,43.96185180910274,42.552841021436045,43.54701614572878,
2016-07-13,43.66860590913149,44.9596031029073,43.3789361786721,44.122779437135705,
2016-07-14,44.18715048834893,45.83576463330916,43.66860590913149,45.50675703821949,
2016-07-15,45.560399580897155,46.04318246499613,44.19430282737262,44.36953513345299,
2016-07-18,44.702118898054515,45.38516727481679,43.943970961543506,45.274306019949606,
2016-07-19,45.04543117119157,45.19920646020087,44.69854272854267,45.034702662656045,
2016-07-20,45.38874344432862,45.38874344432862,44.53046276148598,45.00251713704945,
2016-07-21,45.04543117119157,45.34940557969835,44.87377503462304,45.02039798460864,
2016-07-22,45.04543117119157,45.38874344432862,44.80582781389799,44.998940967537614,
2016-07-25,44.998940967537614,45.04543117119157,44.53046276148598,44.74503293219663,
2016-07-26,44.702118898054515,45.38874344432862,44.702118898054515,44.87377503462304,
2016-07-27,45.04543117119157,45.35298174921019,44.74503293219663,45.15271625654689,
2016-07-28,44.9596031029073,45.90371185403424,44.9596031029073,45.11695456142845,
2016-07-29,45.23496815531932,45.68198934429987,45.213511138248265,45.39589578335231,
2016-08-01,45.38874344432862,45.42450513944707,44.54476743953335,44.69139038951898,
2016-08-02,45.00966947607313,45.00966947607313,44.53046276148598,44.55549594806891,
2016-08-03,44.37311130296483,45.04543117119157,43.66860590913149,44.10489858957651,
2016-08-04,44.34807811638191,44.66278103342422,43.926090113984266,43.990461165197495,
2016-08-05,44.047679877387,45.69629402234723,44.115627098112036,44.60556232123472,
2016-08-08,44.702118898054515,44.702118898054515,44.18715048834893,44.36595896394115,
2016-08-09,44.52688659197413,44.702118898054515,44.30874025175162,44.44105852368987,
2016-08-10,44.37311130296483,44.598409982211024,44.05125604689885,44.31231642126347,
2016-08-11,44.34807811638191,44.35880662491746,44.065560724946224,44.122779437135705,
2016-08-12,44.34807811638191,44.355230455405604,43.79019567253419,43.83668587618818,
2016-08-15,44.00476584324487,44.2729785566332,43.840262045700015,44.16569347127786,
2016-08-16,44.35880662491746,44.35880662491746,42.98198136285737,43.07853793967716,
2016-08-17,43.507678281098485,43.507678281098485,42.98198136285737,42.98913370188106,
2016-08-18,43.153637499425905,43.22158472015095,42.46701295315179,42.58145037753081,
2016-08-19,42.46701295315179,42.72449715800458,42.12727684952659,42.2667474604885,
2016-08-22,42.29535681658326,42.63866908972033,42.63866908972033,42.49919847875838,
2016-08-23,42.63866908972033,42.94621966773892,42.29535681658326,42.43125125803334,
2016-08-24,42.63866908972033,42.72449715800458,42.27389979951219,42.534960173876826,
2016-08-25,42.74237800556381,42.896153294573104,42.22740959585822,42.63509292020849,
2016-08-26,42.63866908972033,43.66860590913149,42.63866908972033,43.59350634938274,
2016-08-29,43.66860590913149,43.86171906277109,43.496949772562964,43.69363909571441,
2016-08-30,43.840262045700015,43.840262045700015,43.20728004210357,43.285955771364144,
2016-08-31,43.23946556771018,43.32529363599441,42.552841021436045,42.78529203970594,
2016-09-01,42.538536343388664,42.97840519334553,42.46701295315179,42.745954175075646,
2016-09-02,42.774563531170394,42.788868209217775,42.44913210559257,42.52065549582945,
2016-09-05,42.29535681658326,42.29535681658326,41.64091779591573,41.869792644673765,
2016-09-06,41.94489220442252,42.63866908972033,41.64449396542757,42.49562230924654,
2016-09-07,42.58860271655449,43.293108110387834,42.2989329860951,43.13933282137852,
2016-09-08,41.96992539100541,43.32529363599441,41.96992539100541,43.00343837992845,
2016-09-09,42.98198136285737,43.135756651866686,42.120124510502905,42.14873386659763,
2016-09-15,42.01999176417124,42.29535681658326,41.59085142274993,41.64807013493942,
2016-09-16,41.952044543446206,41.952044543446206,40.95786941915346,41.11522087767462,
2016-09-19,41.6051561007973,41.952044543446206,40.922107724035044,40.97575026671269,
2016-09-20,41.26184382766024,41.42634762520508,40.58594778992165,40.746875417954655,
2016-09-21,41.090187691091714,41.229658302053636,40.578795450897985,40.922107724035044,
2016-09-22,40.918531554523184,41.95562071295804,40.918531554523184,41.39058593008663,
2016-09-23,41.33336721789714,41.3476718959445,40.75760392649018,40.850584333798146,
2016-09-26,41.176015759375964,41.43349996422876,41.02224047036667,41.26184382766024,
2016-09-27,41.43349996422876,41.6051561007973,41.176015759375964,41.40131443862216,
2016-09-28,41.26541999717208,41.6051561007973,41.176015759375964,41.251115319124686,
2016-09-29,41.3476718959445,41.74105054224738,40.918531554523184,41.24753914961285,
2016-09-30,41.15455874230489,41.56581823616701,40.87561752038104,40.97575026671269,
2016-10-03,41.2582676581484,41.26184382766024,40.57521928138612,40.62886182406378,
2016-10-04,40.6789281972296,40.79336562160862,40.060250871680545,40.47151036554262,
2016-10-05,40.746875417954655,41.08661152157987,40.47151036554262,40.86131284233368,
2016-10-06,41.32710475607725,41.635735339248534,41.15809277005491,41.32343058246808,
2016-10-07,41.334453103295616,41.334453103295616,40.80537210357343,40.94131652711317,
2016-10-10,40.981732436814156,40.981732436814156,40.448977263482796,40.636360117551064,
2016-10-13,40.62901177033271,41.15809277005491,40.36079709686244,40.67677602725207,
2016-10-14,40.62901177033271,40.981732436814156,40.445303089873605,40.87885557575708,
2016-10-17,40.673101853642876,41.85985992940863,40.673101853642876,41.389565707433356,
2016-10-18,41.01479999929679,41.018474172905975,39.96398634707079,40.34977457603488,
2016-10-19,40.27261693024207,40.27261693024207,39.38714109042925,39.39448943764762,
2016-10-20,39.56717559727916,40.62901177033271,39.56717559727916,39.9235704373698,
2016-10-21,39.91989626376061,39.91989626376061,39.221803278016054,39.57452394449752,
2016-10-24,39.39081526403843,40.27261693024207,39.03809459755698,40.03746981925443,
2016-10-25,39.42755700013025,40.37916796490835,39.39448943764762,39.63331072224443,
2016-10-26,39.83171609714025,40.09625659700134,38.182012146617595,38.571474549190874,
2016-10-27,38.56045202836334,38.86173426431626,37.97625842450342,38.288563181283884,
2016-10-28,37.97625842450342,38.32897909098488,37.79989809126269,37.91012329953818,
2016-10-31,38.32897909098488,38.32897909098488,37.44717742478123,37.70436957742397,
2016-11-01,37.836639827354524,39.03809459755698,37.5574026330567,38.86173426431626,
2016-11-02,39.21445493079771,39.56717559727916,38.79192496574179,39.09320720169473,
2016-11-03,39.56717559727916,39.743535930519876,38.968285298982515,39.06013963921206,
2016-11-04,39.126274764177346,39.126274764177346,38.509013597834794,38.56780037558171,
2016-11-07,38.82131835461525,38.82131835461525,38.049741896687074,38.09015780638807,
2016-11-08,38.509013597834794,38.67435141024798,37.627211931631166,37.74845966073415,
2016-11-09,37.5169867233557,38.0019776397677,37.270817091540515,37.79989809126269,
2016-11-10,37.87338156344633,38.15261875774416,37.79989809126269,37.95788755645752,
2016-11-11,37.80357226487189,38.15261875774416,37.80357226487189,37.96523590367587,
2016-11-14,37.97625842450342,38.15261875774416,37.09813093190897,37.421458209516956,
2016-11-15,37.62353775802198,37.66027949411378,36.74173609181832,36.914422251449864,
2016-11-16,36.987905723633524,37.09445675829977,36.65355592519797,36.74173609181832,
2016-11-17,36.56904993218678,36.74173609181832,36.39636377255523,36.44045385586542,
2016-11-18,36.49556646000314,36.91809642505905,36.407386293382785,36.660904272416325,
2016-11-21,36.70499435572651,37.67865036215969,36.70499435572651,37.50963837613734,
2016-11-22,37.72641461907907,38.505339424225625,37.62353775802198,38.156292931353335,
2016-11-23,38.4024625631685,38.509013597834794,37.97625842450342,38.237124750755335,
2016-11-24,37.80357226487189,38.47227186174297,37.71171792464233,37.770504702389246,
2016-11-25,37.79989809126269,37.818268959308604,37.270817091540515,37.4361549039537,
2016-11-28,37.48391916087306,37.465548292827144,36.91809642505905,37.061389195817156,
2016-11-29,37.09445675829977,37.73008879268824,37.031995806943684,37.45085159839042,
2016-11-30,37.44717742478123,38.11587702165233,37.30755882763233,37.469222466436335,
2016-12-01,37.81994021930116,38.752016821709,37.816211912891525,38.51713351790224,
2016-12-02,38.35681634228807,38.86013770758832,38.35681634228807,38.75574512811864,
2016-12-05,39.07265117293733,39.88169366382734,39.068922866527686,39.620712215153134,
2016-12-06,39.97862963047775,40.59752849447656,39.82949737409248,40.433483012452804,
2016-12-07,40.3999282547661,40.865966555970026,40.06065237148965,40.81004195982554,
2016-12-08,40.53041897910319,40.921891152114505,40.33281873939274,40.70192107394626,
2016-12-09,41.05611018286123,41.05611018286123,40.50804914064541,40.716834299584775,
2016-12-13,41.0300120379938,42.44304016724413,40.5192340598743,41.611627837896314,
2016-12-14,41.9434471083535,42.83824064666506,41.764488400691214,42.62945548772568,
2016-12-15,42.748761292833876,43.6621963631936,42.12240581601582,42.25662484676254,
2016-12-16,42.15968888011212,44.370574581023575,42.15968888011212,43.9604608759641,
2016-12-19,44.810514737360066,45.43687021417815,44.27363861437315,44.5159785309992,
2016-12-20,44.59427296560144,46.5665470562965,44.45259732203547,46.14897673841776,
2016-12-21,46.842441730609195,46.842441730609195,43.9940156336508,45.008114977070534,
2016-12-22,44.99320175143201,45.34366255393738,44.277366920782775,44.57190312714365,
2016-12-23,44.989473445022384,44.989473445022384,43.73676249138623,44.254997082325,
2016-12-26,44.448869015625846,45.347390860347,44.09467990671084,45.01929989629944,
2016-12-27,45.00065836425128,45.06031126680538,44.27363861437315,44.39667272589098,
2016-12-28,44.627827723288135,45.310107796250676,44.27363861437315,44.86271102709494,
2016-12-29,44.989473445022384,45.13487739499801,44.448869015625846,44.590544659191806,
2016-12-30,44.560718207914775,44.75831844762523,44.09467990671084,44.26618200155389,
2017-01-02,44.45259732203547,44.579359739962925,43.73676249138623,44.07976668107232,
2017-01-03,43.919449505458175,44.810514737360066,43.73676249138623,44.471238854083616,
2017-01-04,44.80678643095044,45.47042497186482,44.184159260541996,45.02302820270906,
2017-01-05,44.89999409119123,45.515164648780406,44.45259732203547,44.676295706613345,
2017-01-06,44.48988038613176,44.80678643095044,44.27363861437315,44.58681635278218,
2017-01-09,44.45259732203547,44.769503366854124,44.45259732203547,44.60918619123998,
2017-01-10,44.463782241264354,44.810514737360066,44.46005393485471,44.76204675403488,
2017-01-11,44.63155602969777,46.279467462754845,44.26245369514423,45.910365128201335,
2017-01-12,47.31966495104201,48.03549978169125,47.159347775427875,47.789431558655586,
2017-01-13,47.67758236636662,48.001945024004556,46.611286733212054,46.94683431007887,
2017-01-16,46.9617475357174,46.9617475357174,45.79478762950275,46.24591270506818,
2017-01-17,45.97747464357471,46.42114310632084,44.8477978014564,46.197444721742954,
2017-01-18,46.06695399740587,46.514350766561634,45.347390860347,45.62701384106936,
2017-01-19,45.373489005214424,46.24591270506818,45.373489005214424,46.044584158948076,
2017-01-20,46.424871412730475,47.13697793697009,45.921550047430244,46.820071892151404,
2017-01-23,47.01021551904262,48.07278284578756,46.603830120392786,47.69249559200517,
2017-01-24,47.714865430462936,48.21445848935356,47.31966495104201,47.979575185546786,
2017-01-25,47.98330349195642,48.378503971377334,47.431514143330965,47.91619397658303,
2017-01-26,48.21445848935356,49.61257339296534,48.21445848935356,49.470897749399356,
2017-01-27,49.47462605580897,51.04797136067345,49.47462605580897,50.41788757744574,
2017-01-30,50.41788757744574,50.90629571710744,48.40087380983513,48.975032996918365,
2017-01-31,48.43442856752181,50.23147225696416,47.53590672280065,49.59766016732683,
2017-02-01,49.81763024549509,51.980047963081304,49.64985645706166,51.484183210600314,
2017-02-02,51.80481756182862,52.334237071996284,51.65941361185298,52.13290852587617,
2017-02-03,52.00241780153908,52.00241780153908,51.26421313243207,51.56247764520258,
2017-02-06,51.3164094221669,51.62585885416632,51.2679414388417,51.484183210600314,
2017-02-07,51.603489015708526,51.603489015708526,50.567019833831004,51.21574514910686,
2017-02-08,51.25302821320316,51.603489015708526,50.913752329926716,51.24929990679356,
2017-02-09,51.1038959568179,51.15609224655278,49.832543471133576,50.09725322621742,
2017-02-10,50.175547660819696,50.175547660819696,49.11670864048436,49.38887500838746,
2017-02-13,50.365691287710895,50.365691287710895,49.5230940391342,49.80271701985654,
2017-02-14,49.470897749399356,50.00404556597664,48.75506291875013,49.54173557118234,
2017-02-15,49.12416525330364,49.64985645706166,48.78861767643681,49.00485944819543,
2017-02-16,49.291939041737045,49.82508685831433,48.40460211624476,48.90419517513538,
2017-02-17,49.14653509176142,50.00404556597664,48.60965896877448,48.94520654564132,
2017-02-20,49.61257339296534,50.895110797878544,47.804344784294095,47.946020427860105,
2017-02-21,47.86026938043858,48.57610421108782,47.681310672776256,48.48289655084703,
2017-02-22,49.07569726997844,49.07569726997844,48.03549978169125,48.195816957305404,
2017-02-23,48.69913832260565,48.69913832260565,47.22645729080122,47.640299302270314,
2017-02-24,47.67758236636662,47.890095831715634,47.31220833822276,47.79315986506522,
2017-02-27,48.39341719701588,48.39341719701588,47.051226889548566,47.25255543566865,
2017-02-28,46.98038906776557,47.85281276761932,46.78278882805509,46.92446447162109,
2017-03-01,46.9617475357174,47.67758236636662,46.424871412730475,46.67466794217579,
2017-03-02,46.99903059981372,47.640299302270314,46.9617475357174,47.33084987027092,
2017-03-03,47.17798930747602,47.856541074028975,47.17798930747602,47.83417123557115,
2017-03-06,47.856541074028975,48.43070026111219,47.822986316342266,48.32257937523288,
2017-03-07,48.03549978169125,48.397145503425506,47.21154406516271,48.32257937523288,
2017-03-08,48.218186795763195,48.397145503425506,47.931107202221575,48.02804316887199,
2017-03-09,48.03549978169125,48.419515341883304,47.31966495104201,47.92737889581195,
2017-03-10,47.67758236636662,48.75506291875013,46.9617475357174,48.08396776501648,
2017-03-13,48.0765111521972,48.39341719701588,47.31966495104201,47.70368051123404,
2017-03-14,47.05495519595818,48.03177147528164,47.05495519595818,47.31966495104201,
2017-03-15,47.144434549789345,47.84162784839041,46.137791819188855,46.75669068318767,
2017-03-16,45.88799528974355,46.77906052164547,45.52634956800931,46.05204077176734,
2017-03-17,45.891723596153184,48.352405826509916,45.891723596153184,47.55081994843918,
2017-03-20,48.22937171499209,48.397145503425506,47.013943825452245,48.367319052148446,
2017-03-21,48.397145503425506,49.112980334074734,48.397145503425506,48.68049679055747,
2017-03-22,48.75506291875013,48.915380094364274,48.47171163161813,48.68795340337677,
2017-03-24,49.112980334074734,49.112980334074734,47.498623658704325,47.67385405995703,
2017-03-27,47.65894083431849,47.65894083431849,47.144434549789345,47.271196967716826,
2017-03-28,47.05868350236783,47.65894083431849,47.05868350236783,47.55827656125843,
2017-03-29,48.02058655605274,48.32257937523288,47.51726519075249,47.84908446120969,
2017-03-30,47.69622389841479,47.98330349195642,46.78278882805509,46.954290922898146,
2017-03-31,46.9617475357174,47.31966495104201,46.279467462754845,46.98411737417521,
2017-04-03,47.3047517254035,47.67758236636662,46.92446447162109,47.32339325745166,
2017-04-04,47.31966495104201,47.576918093306595,47.17798930747602,47.45015567537912,
2017-04-05,47.74763419165226,47.891020480516076,47.17031571280583,47.44199499696886,
2017-04-06,47.52878143496538,47.53632808174768,47.16654238941467,47.50614149461846,
2017-04-07,47.52878143496538,47.52878143496538,46.98542286663932,47.151449095850055,
2017-04-10,47.34766191219003,47.34766191219003,46.8571298713401,47.03824939411548,
2017-04-11,47.03824939411548,47.16654238941467,46.72883687604091,46.838263254384344,
2017-04-12,46.80807666725514,47.15522241924122,46.623183821088624,46.781663403517044,
2017-04-13,46.44206429831326,46.98542286663932,46.11755848667409,46.39678441761941,
2017-04-14,46.44206429831326,46.98542286663932,45.67985297330033,45.7628660879057,
2017-04-17,45.804372645208375,46.404331064401745,45.532693361045354,46.07227860598025,
2017-04-18,46.06473195919794,46.58545058717709,45.894932406596055,46.07605192937141,
2017-04-19,44.9968814395016,46.98542286663932,44.9968814395016,46.29113136266716,
2017-04-20,46.2949046860583,48.60417860144403,46.2949046860583,48.377779197974846,
2017-04-21,48.581538661097106,49.758815559136906,48.581538661097106,49.55128277262347,
2017-04-24,49.70598903166076,49.70598903166076,48.294766083369474,48.62304521839982,
2017-04-25,48.69096503944056,48.69096503944056,47.16276906602353,47.41180840983963,
2017-04-26,47.17031571280583,48.70605833300517,46.44206429831326,47.611794549570746,
2017-04-27,47.35143523558117,47.891020480516076,46.27603806910254,47.40426176305732,
2017-04-28,47.51746146479193,47.89479380390725,46.80430334386398,47.06843598124469,
2017-05-02,46.257171452146764,46.94768963272781,45.94398561068105,46.44206429831326,
2017-05-03,46.47602420883366,47.16654238941467,45.894932406596055,46.38546444744598,
2017-05-04,46.623183821088624,46.770343433343605,46.11378516328294,46.328864596578676,
2017-05-05,46.44206429831326,46.44206429831326,45.604386505477265,45.947758934072205,
2017-05-08,46.25339812875561,46.94768963272781,46.07605192937141,46.72883687604091,
2017-05-09,47.09862256837392,48.21929961554642,47.09862256837392,47.84574059982226,
2017-05-10,47.891020480516076,48.25325952606678,47.52878143496538,48.124966530767594,
2017-05-11,48.25325952606678,48.434379048842175,47.819327336084164,48.13251317754989,
2017-05-12,48.07214000329144,48.98151094055936,48.07214000329144,48.77397815404593,
2017-05-15,49.162630463334715,49.6154292702731,48.7211516265698,49.00415088090629,
2017-05-16,49.162630463334715,49.162630463334715,47.70612763434959,48.34004596406333,
2017-05-17,48.24193955589333,48.573992014314804,47.709900957740736,47.77782077878151,
2017-05-18,47.78159410217265,47.78159410217265,45.894932406596055,45.99681213815718,
2017-05-19,46.07605192937141,46.42697100474865,44.623322423777445,45.14781437514773,
2017-05-22,45.494960127133815,46.223211541626384,42.90646028080274,46.02322540189526,
2017-05-23,46.404331064401745,47.16654238941467,46.07227860598025,47.04202271750661,
2017-05-24,47.709900957740736,48.430605725450995,47.16654238941467,47.589154609223826,
2017-05-25,47.709900957740736,48.52116548683866,47.17408903619699,48.257032849457936,
2017-05-26,48.426832402059844,48.57021869092366,47.54764805192116,48.109873237202976,
2017-05-29,46.257171452146764,48.61549857161749,46.257171452146764,48.36268590441022,
2017-05-30,48.25325952606678,48.3249526704987,46.80053002047282,46.99674283681278,
2017-05-31,46.99674283681278,48.97773761716821,46.07605192937141,48.07968665007375,
2017-06-01,47.891020480516076,47.98158024190376,45.67985297330033,46.08737189954488,
2017-06-02,45.24492620512005,47.22077094315419,44.634908120950286,46.53018443277333,
2017-06-05,46.66062855140084,47.22077094315419,46.66062855140084,47.0404511321103,
2017-06-06,46.852458137617724,47.73487423421553,46.357537805178104,46.5071648824273,
2017-06-07,47.03277794866163,47.17089525073781,45.05309661890314,45.75519290445702,
2017-06-08,46.11199593482046,46.461125781735234,45.55952672651577,46.077466609301425,
2017-06-09,46.20407413620459,46.445779414837894,45.55952672651577,46.065956834128414,
2017-06-12,45.74751972100833,45.74751972100833,43.7640017995255,44.10929505471595,
2017-06-13,43.77934816642286,45.007057518211084,43.77934816642286,44.46226149335506,
2017-06-14,44.82290111544285,44.96485500924336,43.52996970434088,43.6527406395197,
2017-06-15,44.232065989894764,44.232065989894764,43.02353959672824,43.56066243813557,
2017-06-16,43.52996970434088,44.232065989894764,42.425031287731485,42.908441844998094,
2017-06-19,42.904605253273765,43.898282509877355,41.87639867115112,43.49927697054618,
2017-06-20,44.082438912645586,44.082438912645586,42.34829945324472,42.632207240845744,
2017-06-21,42.60918769049971,44.761515647853436,41.868725487702456,44.26275872368947,
2017-06-22,44.232065989894764,45.18354073753064,43.52996970434088,44.56584946991219,
2017-06-29,44.45075171818204,45.37920691547188,44.27426849886248,44.903469541653955,
2017-06-30,44.65409107957196,44.82290111544285,42.9775004960362,43.31895715950227,
2017-07-03,42.76648795119759,42.76648795119759,41.15511942697555,41.38147833871151,
2017-07-04,41.38147833871151,42.86623933603038,45.39455328236924,42.38666537048811,
2017-07-05,41.868725487702456,44.50446400232278,41.868725487702456,44.50446400232278,
2017-07-06,44.634908120950286,45.88947361480884,42.88542229465207,43.487767195373166,
2017-07-07,43.51845992916786,44.26659531541382,42.86623933603038,43.898282509877355,
2017-07-10,43.22304236639383,45.57870968513747,43.22304236639383,44.98787455958938,
2017-07-11,43.211532591220816,43.714126107109124,42.739631809127225,42.739631809127225,
2017-07-12,41.92627436356753,42.51710948911558,40.61415999384388,41.32776605457077,
2017-07-13,41.68456908493422,41.68456908493422,40.58730385177352,41.03618508352106,
2017-07-14,41.31241968767341,42.23703829323891,40.57579407660049,42.00684278977863,
2017-07-17,42.05288189047069,43.16165689880442,41.50041268216598,42.739631809127225,
2017-07-18,42.425031287731485,44.07860232092125,42.425031287731485,43.94048501884506,
2017-07-19,43.6028649471033,44.26659531541382,43.15782030708007,43.2805912422589,
2017-07-20,44.26659531541382,44.26659531541382,42.425031287731485,42.61686087394838,
2017-07-21,42.9391345787928,42.9391345787928,42.07206484909238,42.509436305666924,
2017-07-24,42.75497817602457,42.965990720863175,42.38666537048811,42.459560613250545,
2017-07-25,42.7473049925759,42.79334409326795,42.34829945324472,42.41352151255847,
2017-07-26,42.425031287731485,42.49792653049389,42.1641430504765,42.252384660136265,
2017-07-27,42.367482411866426,43.622047905725,42.114267358060104,43.000520046382235,
2017-07-28,42.425031287731485,45.149011412011575,41.68456908493422,44.93799886717297,
2017-07-31,45.74368312928402,47.182405025910825,45.294801897536445,45.551853543067104,
2017-08-01,46.092812976198765,46.66062855140084,45.118318678216895,46.43810623138922,
2017-08-02,46.48414533208126,46.66446514312516,46.019917733436344,46.357537805178104,
2017-08-03,46.48030874035692,46.48030874035692,45.893310206533194,46.25778642034531,
2017-08-04,46.11199593482046,46.48030874035692,45.40989964926657,46.08513979275011,
2017-08-07,46.11199593482046,46.11199593482046,45.264109163741736,45.36002395685019,
2017-08-08,45.37920691547188,45.55952672651577,44.634908120950286,44.85359384923755,
2017-08-09,44.086275504369915,45.924002940327895,44.086275504369915,44.907306133378285,
2017-08-10,44.82290111544285,45.283292122363434,43.97117775263978,44.258922131965136,
2017-08-11,44.258922131965136,44.26659531541382,43.83306045056361,43.99803389471015,
2017-08-15,43.714126107109124,44.193700072651396,41.96080368908657,42.524782672564285,
2017-08-16,42.425031287731485,43.39952558571338,42.425031287731485,42.74346840085155,
2017-08-17,42.79334409326795,43.16165689880442,40.947943473861294,41.80734002011304,
2017-08-18,41.20499511939195,42.425031287731485,41.059204633867104,42.045208707022,
2017-08-21,42.41735810428281,42.41735810428281,41.132099876629525,41.34694901319247,
2017-08-22,41.316256279397756,41.496576090441636,39.839168465527564,40.809826171785105,
2017-08-23,41.082224184213125,42.05288189047069,40.85586527247718,41.81501320356173,
2017-08-24,41.81501320356173,42.77416113464626,41.81501320356173,42.0759014408167,
2017-08-25,42.60918769049971,42.60918769049971,41.68456908493422,42.33295308634736,
2017-08-28,41.868725487702456,42.41735810428281,41.54261519113371,42.221691926341556,
2017-08-29,42.425031287731485,42.425031287731485,41.32776605457077,41.68456908493422,
2017-08-30,41.68456908493422,42.14112350013047,41.50041268216598,41.8035034283887,
2017-08-31,42.12961372495745,42.144960091854806,41.496576090441636,41.71909841045327,
2017-09-05,41.71909841045327,42.367482411866426,41.71909841045327,42.17181623392516,
2017-09-06,42.60918769049971,42.79334409326795,41.99916960632995,42.16797964220083,
2017-09-07,42.23703829323891,42.38666537048811,41.868725487702456,42.144960091854806,
2017-09-08,42.23703829323891,42.425031287731485,42.07206484909238,42.202508967719886,
2017-09-11,42.221691926341556,42.329116494623015,41.94545732218921,42.00300619805431,
2017-09-12,41.96080368908657,42.40584832910979,41.77664728631834,42.279240802206644,
2017-09-13,42.221691926341556,42.79334409326795,42.05288189047069,42.61302428222405,
2017-09-14,42.77032454292192,44.082438912645586,42.24087488496326,43.33046693467529,
2017-09-15,43.38417921881602,43.43789150295677,42.9775004960362,43.22687895811817,
2017-09-18,42.84705637740869,43.3419767098483,42.24471147668759,42.52094608083994,
2017-09-19,43.898282509877355,43.898282509877355,42.425031287731485,42.7588147677489,
2017-09-20,42.83938319396,42.9775004960362,42.53245585601295,42.785670909819274,
2017-09-21,42.79334409326795,42.9775004960362,42.23703829323891,42.47490698014788,
2017-09-22,42.34829945324472,42.79334409326795,42.148796683579135,42.632207240845744,
2017-09-25,42.9698273125875,42.9698273125875,42.23703829323891,42.53245585601295,
2017-09-26,43.043573604814604,43.043573604814604,42.4898701217128,42.65480307412612,
2017-09-27,41.92045873838115,42.851151826999086,41.92045873838115,42.10895354113923,
2017-09-28,42.10895354113923,42.38384179516138,41.79872251159992,42.03041403999003,
2017-09-29,41.91260478826624,42.662657024241014,41.91260478826624,42.21890884274809,
2017-10-02,42.63124122378135,42.63124122378135,41.535615182750135,41.61808165895678,
2017-10-03,41.74374486079547,41.74374486079547,40.891591273326746,41.237165078383185,
2017-10-04,41.158625577234,41.461002656658394,40.420354266431595,41.146844652061624,
2017-10-05,41.15469860217655,41.158625577234,40.4399891417189,40.769855046545494,
2017-10-06,40.77770899666042,41.90082386309387,40.77770899666042,41.53168820769266,
2017-10-09,41.25287297861302,41.535615182750135,40.97013077447594,41.398171055739034,
2017-10-10,41.158625577234,41.51990728252028,40.671680670109,40.773782021602955,
2017-10-11,40.77770899666042,40.97013077447594,40.58921419390235,40.77770899666042,
2017-10-12,40.77770899666042,40.77770899666042,39.83523498287012,40.03943768585801,
2017-10-13,40.03943768585801,40.21222458838624,39.49751512792859,40.01980281057071,
2017-10-16,40.40071939114429,40.77770899666042,40.066926511260235,40.77770899666042,
2017-10-17,40.7894899218328,41.49241845711807,39.64674018011205,39.92162843413423,
2017-10-18,39.98838701011104,40.004094910340896,39.57605462907778,39.74884153160599,
2017-10-19,39.64674018011205,40.39679241608684,39.6428132050546,40.28291013942052,
2017-10-20,41.158625577234,41.496345432175524,40.40071939114429,41.158625577234,
2017-10-23,40.78163597171788,41.158625577234,40.58921419390235,40.61670301930458,
2017-10-24,40.494966792523336,40.773782021602955,39.650667155169515,40.0787074364326,
2017-10-25,39.87450473344471,40.69916949551122,39.87450473344471,40.40071939114429,
2017-10-26,40.40464636620177,41.158625577234,40.21615156344371,40.77770899666042,
2017-10-27,40.40464636620177,41.535615182750135,39.45824537735399,40.71880437079852,
2017-10-30,40.77770899666042,40.78163597171788,38.93595769471188,39.39541377643464,
2017-10-31,39.40326772654957,39.54463882861811,38.51577136356369,38.74353591689636,
2017-11-01,38.95559256999917,40.02372978562816,38.95559256999917,39.65459413022697,
2017-11-02,39.45824537735399,39.83523498287012,39.08125577183786,39.54463882861811,
2017-11-03,39.27367754965339,40.381084515857,39.08125577183786,40.0119488604558,
2017-11-06,40.02372978562816,40.459624017006185,39.2933124249407,40.310398964822724,
2017-11-07,40.066926511260235,40.53423654309792,39.87450473344471,39.95697120965137,
2017-11-08,39.64674018011205,40.02372978562816,39.48573420275623,40.00802188539833,
2017-11-09,40.02372978562816,40.36537661562715,39.8548698581574,40.062999536202774,
2017-11-10,39.83523498287012,40.39679241608684,39.65459413022697,40.02765676068564,
2017-11-13,40.208297613328774,40.21222458838624,39.46217235241146,39.52893092838827,
2017-11-14,39.64674018011205,39.83523498287012,39.387559826319716,39.59961647942256,
2017-11-15,39.309020325170515,39.64674018011205,39.309020325170515,39.473953277583824,
2017-11-16,39.98446003505359,39.98446003505359,39.363997975974954,39.45824537735399,
2017-11-17,39.57212765402032,39.6231783297673,39.269750574595925,39.45431840229653,
2017-11-20,39.87057775838725,39.866650783329796,39.363997975974954,39.42290260183687,
2017-11-21,40.070853486317695,40.070853486317695,39.363997975974954,39.40326772654957,
2017-11-22,39.41897562677941,39.552492778733026,38.460793712759255,38.69248524114938,
2017-11-23,38.77887869241348,38.884907018964896,36.81539116368369,37.62434802552037,
2017-11-24,37.56937037471592,38.664996415747154,37.56937037471592,38.445085812529406,
2017-11-27,37.757865177473995,38.13092780793264,37.188453794142355,37.298409095751204,
2017-11-28,37.38087557195787,37.38087557195787,37.00388596644174,37.14918404356776,
2017-11-29,37.09813336782077,37.35731372161311,36.43840155816758,36.556210809891375,
2017-11-30,36.8424336936199,38.334967294293,36.64688784754242,37.4689785473784,
2017-12-04,37.98777364921663,37.98777364921663,36.45134200146493,36.507212243201366,
2017-12-05,35.7250288588914,36.355564444202486,35.717047395786196,36.17598152433542,
2017-12-06,36.09217616173076,37.177655144038475,35.9205747049689,36.431388343701926,
2017-12-07,36.33561078643949,36.33561078643949,34.72734597074095,35.2860483881052,
2017-12-08,34.34822647324377,36.75463759946267,34.34822647324377,36.09616689328337,
2017-12-11,35.67714008026019,36.5870268742534,35.302011314315614,35.6970937380232,
2017-12-12,34.91890108526584,37.217562459564476,34.91890108526584,36.77858198877828,
2017-12-13,36.47528639078055,37.22155319111708,36.45134200146493,36.88633174069853,
2017-12-14,36.45134200146493,36.838442962067305,35.68911227491799,35.93254689962671,
2017-12-15,35.377835213815054,36.16400932967761,35.377835213815054,35.97644494670534,
2017-12-18,36.064241040862576,36.06823177241516,35.709065932681,35.796862026838234,
2017-12-19,35.68512154336539,35.68512154336539,34.72734597074095,35.06256742115951,
2017-12-20,35.47361277107749,35.47361277107749,34.15268062716628,34.49588354069004,
2017-12-21,34.53180012466346,34.89096596439762,34.11277331164027,34.50785573534785,
2017-12-22,34.57170744018948,35.68512154336539,34.54377231932126,35.07054888426472,
2017-12-26,34.91890108526584,35.2820576565526,34.15268062716628,34.78321621247738,
2017-12-27,34.72734597074095,35.493566428840495,34.72734597074095,35.154354246869346,
2017-12-28,34.91890108526584,35.302011314315614,34.731336702293554,35.20623375705316,
2017-12-29,35.30600204586821,35.417742529341055,34.731336702293554,34.91890108526584,
2018-01-01,34.75129036005656,35.22219668326358,34.55574451397908,34.65152207124153,
2018-01-02,34.535790856216074,35.60929764386595,34.535790856216074,35.106465468238135,
2018-01-03,35.226187414816174,35.56539959678733,35.014678642528274,35.357881556052035,
2018-01-04,35.493566428840495,35.681130811812785,35.34191862984163,35.47361277107749,
2018-01-05,35.85672300012725,36.06823177241516,35.44168691865667,35.83277861081165,
2018-01-08,36.06025030930996,36.64289711598982,35.7250288588914,36.17199079278281,
2018-01-09,36.355564444202486,36.355564444202486,35.48957569728789,35.621269838523766,
2018-01-10,35.67314934870758,36.42739761214932,35.45764984486708,36.108139087941176,
2018-01-11,36.06823177241516,36.60698053201641,35.110456199790725,35.23815960947398,
2018-01-12,34.99472498476528,35.649204959391966,34.92289181681845,35.12641912600114,
2018-01-15,35.110456199790725,35.110456199790725,34.72734597074095,34.831104991108596,
2018-01-16,35.07054888426472,36.06025030930996,35.07054888426472,35.90461177875848,
2018-01-17,35.99240787291573,36.12809274570418,35.493566428840495,36.07621323552037,
2018-01-18,36.355564444202486,36.838442962067305,35.88066738944287,36.45134200146493,
2018-01-19,36.45134200146493,37.06192392901301,36.1839629874406,36.8424336936199,
2018-01-22,37.065914660565625,38.370883878266405,36.838442962067305,38.29106924721437,
2018-01-23,38.334967294293,38.370883878266405,37.83612585021777,38.35093022050339,
2018-01-24,38.3589116836086,39.23687262518099,38.3589116836086,39.02536385289311,
2018-01-25,38.84179020147341,38.85376239613122,38.334967294293,38.55445752968609,
2018-01-26,38.84977166457862,38.84977166457862,37.79621853469173,37.955847796795815,
2018-01-29,37.911949749717195,38.08355120647909,37.79621853469173,38.007727306979625,
2018-01-30,37.80419999779694,38.75399410731617,37.80419999779694,38.20327315305713,
2018-01-31,38.3589116836086,38.370883878266405,37.79621853469173,37.90396828661198,
2018-02-01,38.370883878266405,39.14508579947115,37.99176438076922,38.63826289229071,
2018-02-02,38.56243899279129,38.56243899279129,37.42108976874718,37.60067268861425,
2018-02-06,37.54879317843043,37.54879317843043,36.74266540480486,37.06192392901301,
2018-02-07,37.60466342016685,38.239189737030536,37.60067268861425,38.03965315940046,
2018-02-08,38.02768096474265,38.17932876374151,37.50888586290442,37.947866333690605,
2018-02-09,37.41310830564197,37.8919960919542,37.22155319111708,37.84809804487557,
2018-02-12,37.648561467245486,38.103504864242076,37.433061963404974,37.72438536674491,
2018-02-13,37.64457073569288,38.007727306979625,37.60466342016685,37.98777364921663,
2018-02-14,37.98777364921663,38.103504864242076,37.64457073569288,37.98378291766402,
2018-02-15,37.83612585021777,37.98777364921663,37.22554392266969,37.257469775090506,
2018-02-16,37.257469775090506,37.975801454558834,36.06823177241516,37.82016292400734,
2018-02-19,38.143412179768106,38.35492095205599,37.60466342016685,38.09951413268948,
2018-02-20,38.35093022050339,38.35093022050339,37.125775633854644,37.27742343285351,
2018-02-21,37.59269122550906,37.77227414537613,36.64688784754242,36.890322472251135,
2018-02-22,36.838442962067305,37.41310830564197,36.838442962067305,37.317330748379526,
2018-02-23,37.0299980765922,37.58470976240385,36.65087857909502,37.29338635906391,
2018-02-26,37.22155319111708,37.22155319111708,36.682804431515834,36.8025263780939,
2018-02-27,36.45134200146493,37.83612585021777,36.45134200146493,37.07389612367082,
2018-02-28,36.950183445540176,37.98777364921663,37.373200990115954,37.62461707792986,
2018-03-01,38.17932876374151,38.17932876374151,37.41310830564197,37.60466342016685,
2018-03-02,37.70044097742929,38.143412179768106,37.41310830564197,37.95185706524321,
2018-03-05,37.98777364921663,38.15937510597851,37.60466342016685,38.02768096474265,
2018-03-06,38.17932876374151,38.370883878266405,37.32531221148473,37.98378291766402,
2018-03-07,38.05578161174137,39.17101391600704,37.96250763720277,38.15311097647728,
2018-03-08,38.404545168711714,38.72086560410342,37.43530691154993,37.53263627628586,
2018-03-09,37.775959688125624,37.99900614897875,37.43530691154993,37.824624370493574,
2018-03-12,37.471805423325904,38.15311097647728,37.471805423325904,37.930064515624146,
2018-03-13,37.824624370493574,38.59920389818353,37.81651359009893,38.50187453344763,
2018-03-14,38.21799721963453,38.50187453344763,37.840845931282885,37.96656302740011,
2018-03-15,37.96656302740011,38.1693325372666,37.824624370493574,37.98683997838677,
2018-03-16,37.84490132148021,38.21394182943722,37.53263627628586,38.080113952925345,
2018-03-19,38.20988643923989,38.21394182943722,37.824624370493574,37.938175296018805,
2018-03-20,37.921953735229486,39.576552935739976,37.921953735229486,39.2237339885723,
2018-03-21,39.34539569449219,39.576552935739976,38.607314678578184,38.86685965120729,
2018-03-22,38.6640901413408,39.47516818080674,38.6235362393675,39.27239867094026,
2018-03-26,38.91552433357525,39.576552935739976,38.60325928838086,39.2521217199536,
2018-03-27,38.79791801785268,39.560331374950664,38.79791801785268,38.95607823554856,
2018-03-28,38.87902582179928,38.972299796337865,38.66003475114347,38.83847191982599,
2018-03-29,38.79791801785268,39.69415925146253,38.6235362393675,39.43055888863612,
2018-03-30,39.46300201021474,39.5806083259373,39.0331306492978,39.18723547679634,
2018-04-02,38.99663213752182,39.576552935739976,38.99663213752182,39.17101391600704,
2018-04-03,39.46300201021474,39.730657763238504,38.99257674732451,39.55222059455599,
2018-04-04,39.4021711572548,40.05103358882755,38.9358012845619,39.016909088508484,
2018-04-05,39.18723547679634,40.124030612379485,39.110183063047074,39.9618150044863,
2018-04-06,40.16458451435278,41.137878161711896,40.16052912415545,40.6187882164537,
2018-04-09,40.36329863402193,40.898610140069444,40.18486146533943,40.69178524000564,
2018-04-10,40.90266553026678,41.11760121072525,40.16458451435278,40.38763097520591,
2018-04-11,40.5498465830991,40.94321943224006,40.45657260856052,40.59445587526971,
2018-04-12,40.35924324382459,40.89455474987213,40.493071120336474,40.61067743605904,
2018-04-13,40.55390197329641,40.94321943224006,40.35924324382459,40.89455474987213,
2018-04-16,40.28219083007533,40.768837653754886,40.28219083007533,40.73639453217627,
2018-04-17,40.61067743605904,41.09732425973859,40.35924324382459,40.57823431448041,
2018-04-18,40.841834677306835,40.841834677306835,40.35924324382459,40.39574175560057,
2018-04-19,40.37952019481124,40.55390197329641,40.103753661392815,40.428184877179206,
2018-04-20,40.55390197329641,40.55390197329641,39.7712116652118,39.95370422409162,
2018-04-23,39.79554400639578,40.35113246342994,39.79554400639578,39.840153298566406,
2018-04-24,39.872596420145044,40.74450531257091,39.775267055409124,40.37952019481124,
2018-04-25,40.35924324382459,40.47684955954717,39.96992578488095,40.16458451435278,
2018-04-26,40.16458451435278,40.16458451435278,39.779322445606454,39.779322445606454,
2018-04-27,39.88476259073703,40.16458451435278,39.73471315343585,39.92937188290765,
2018-04-30,40.04697819863021,40.55390197329641,40.04697819863021,40.18486146533943,
2018-05-02,40.04697819863021,40.04697819863021,39.62116222791061,39.840153298566406,
2018-05-03,39.872596420145044,40.391686365403245,39.576552935739976,39.576552935739976,
2018-05-04,39.576552935739976,39.96587039468363,39.4021711572548,39.799599396593116,
2018-05-07,39.775267055409124,39.775267055409124,39.18723547679634,39.38189420626815,
2018-05-08,39.576552935739976,39.576552935739976,39.18723547679634,39.20751242778299,
2018-05-09,39.20751242778299,39.73471315343585,38.79791801785268,39.045296819889806,
2018-05-10,39.775267055409124,39.775267055409124,38.76141950607673,38.789807237458035,
2018-05-11,38.79791801785268,38.99257674732451,37.629965641021755,37.8813998332562,
2018-05-14,38.0192830999654,38.20583104904256,37.60563329983776,37.800292029309595,
2018-05-15,37.82867976069091,38.31127119417312,37.01354633102764,37.84490132148021,
2018-05-16,37.824624370493574,38.13688941568797,37.471805423325904,37.64213181161374,
2018-05-17,37.43530691154993,37.46369464293124,37.04193406240895,37.15548498793418,
2018-05-18,37.15954037813152,37.24064818207811,36.5552872387294,36.85133072313447,
2018-05-21,36.944604697673036,36.944604697673036,36.22680063274569,36.28357609550831,
2018-05-22,36.45795787399348,38.0192830999654,36.45795787399348,37.97467380779478,
2018-05-23,38.21394182943722,38.99257674732451,38.03956005095204,38.696533262919445,
2018-05-24,38.59514850798622,39.18318008659901,38.0192830999654,38.78575184726072,
2018-05-25,38.81819496883932,38.83847191982599,38.20583104904256,38.226108000029214,
2018-05-28,38.0192830999654,38.79791801785268,38.0192830999654,38.6640901413408,
2018-05-29,38.60325928838086,38.988521357127176,38.60325928838086,38.883081211996604,
2018-05-30,38.99257674732451,38.99257674732451,38.526206874631605,38.59920389818353,
2018-05-31,38.79791801785268,38.99257674732451,38.21394182943722,38.53026226482895,
2018-06-01,39.076576220803105,39.274620319483134,38.482443924763025,38.61859924260555,
2018-06-04,38.503073518375516,38.779510072783076,38.08635572740297,38.23076288269049,
2018-06-05,38.40405146903551,38.482443924763025,37.888311628722946,38.201881451633,
2018-06-06,38.284399826083,38.38342187542302,37.888311628722946,38.08635572740297,
2018-06-07,38.284399826083,38.48656984348553,37.946074490837944,38.189503695465476,
2018-06-11,38.48656984348553,39.468538499440655,38.48656984348553,38.86615436595559,
2018-06-12,38.680488023443054,39.076576220803105,38.680488023443054,38.948672740405605,
2018-06-13,38.837272934898074,38.87853212212308,38.50719943709804,38.668110267275544,
2018-06-14,38.87853212212308,39.274620319483134,38.482443924763025,38.936294984238096,
2018-06-19,38.87853212212308,39.47266441816316,38.87853212212308,39.24986480714813,
2018-06-20,39.266368482038146,39.45203482455067,38.48656984348553,39.0353170335781,
2018-06-21,38.87853212212308,38.87853212212308,38.284399826083,38.560836380490535,
2018-06-22,38.60209556771554,38.829021097453065,36.8939652166003,37.22816463312285,
2018-06-25,36.70417295536526,37.23229055184535,36.101788821880184,36.38647721373273,
2018-06-26,36.654661930695276,36.654661930695276,35.98213717892766,36.29983292056021,
2018-06-27,36.49787701924024,36.8939652166003,36.1801812776077,36.49787701924024,
2018-06-28,35.907870641922656,37.133268502505345,35.907870641922656,36.75780989875778,
2018-06-29,36.8939652166003,36.8939652166003,36.49787701924024,36.55976580007774,
2018-07-02,36.32046251417271,36.67529152430777,36.32046251417271,36.374099457565215,
2018-07-03,36.39885496990023,36.8857133791553,35.734582055577654,35.796470836415146,
2018-07-04,35.74283389302263,35.89961880447766,34.905272392355016,35.11156832848003,
2018-07-05,35.30961242716007,35.30961242716007,34.513310113717466,34.591702569444976,
2018-07-06,34.909398311077524,35.705700624520134,34.612332163057474,35.29310875227007,
2018-07-09,35.00842036041753,35.705700624520134,33.56022288881983,35.11569424720254,
2018-07-10,34.513310113717466,35.623182250070116,33.72938555644235,35.08268689742254,
2018-07-11,34.57519889455497,35.705700624520134,34.31526601503742,34.93827974213503,
2018-07-12,35.445767745002584,35.70157470579763,35.12807200337005,35.60667857518011,
2018-07-13,35.69744878707512,35.705700624520134,35.21059037782006,35.60255265645761,
2018-07-16,35.88311512958766,36.00276677254017,35.31373834588257,35.52003428200761,
2018-07-17,36.101788821880184,36.101788821880184,35.30961242716007,35.31786426460507,
2018-07-18,35.903744723200155,36.49787701924024,35.82535226747265,36.10591474060269,
2018-07-19,36.49787701924024,37.68614161132041,36.49787701924024,37.13739442122784,
2018-07-20,36.8939652166003,37.488097512640394,36.695921117920264,37.013616859552805,
2018-07-23,36.8939652166003,36.8939652166003,35.30961242716007,36.03577412232018,
2018-07-24,36.8939652166003,36.8939652166003,36.101788821880184,36.33284027034022,
2018-07-26,37.08375747783533,37.28592749523787,35.903744723200155,36.33696618906269,
2018-07-27,36.101788821880184,37.68614161132041,36.06052963465518,37.587119561980394,
2018-07-30,37.33543851990786,38.680488023443054,37.33543851990786,38.40405146903551,
2018-07-31,38.40405146903551,38.680488023443054,37.72740079854542,38.03684470273296,
2018-08-01,37.98733367806295,38.08635572740297,37.68201569259791,37.842926522775436,
2018-08-02,37.84705244149794,38.97755417146309,37.84705244149794,38.87440620340058,
2018-08-03,39.076576220803105,39.076576220803105,38.680488023443054,38.87440620340058,
2018-08-06,39.07245030208061,39.076576220803105,38.73825088555807,38.91153947190308,
2018-08-07,38.680488023443054,38.70111761705555,38.329784932030506,38.59384373027055,
2018-08-08,38.482443924763025,38.680488023443054,38.32153309458551,38.39992555031301,
2018-08-09,38.36691820053301,39.076576220803105,38.36691820053301,38.92804314679308,
2018-08-10,38.87853212212308,38.9569245778506,38.24314063885798,38.37517003797801,
2018-08-13,38.284399826083,38.680488023443054,38.07397797123548,38.08635572740297,
2018-08-15,38.284399826083,38.482443924763025,37.488097512640394,37.67788977387541,
2018-08-16,37.68614161132041,38.680488023443054,37.29005341396036,37.98733367806295,
2018-08-17,38.46181433115053,38.63922883621805,37.98733367806295,38.23901472013549,
2018-08-20,38.482443924763025,38.680488023443054,38.23901472013549,38.2802739073605,
2018-08-24,38.87853212212308,38.87853212212308,38.08635572740297,38.60209556771554,
2018-08-27,38.47006616859552,38.482443924763025,38.189503695465476,38.37517003797801,
2018-08-28,38.284399826083,38.362792281810506,38.08635572740297,38.185377776742996,
2018-08-29,37.68614161132041,38.12348899590548,37.49222343136289,37.628378749205396,
2018-08-30,37.68614161132041,37.70677120493291,36.976483591050325,37.479845675195385,
2018-08-31,37.68614161132041,37.68614161132041,36.35759578267522,36.65053601197277,
2018-09-03,36.49375110051774,36.52675845029774,35.30961242716007,36.48962518179523,
2018-09-04,36.49787701924024,36.8609578668203,36.49375110051774,36.71655071153277,
2018-09-05,36.8898392978778,36.8939652166003,36.10591474060269,36.40710680734522,
2018-09-06,36.101788821880184,36.44011415712523,35.705700624520134,35.854233698530145,
2018-09-07,35.746959811745135,36.48962518179523,35.5076565258401,35.557167550510094,
2018-09-10,35.11156832848003,35.586048981567615,34.92590198596751,35.251849565045056,
2018-09-11,36.53501028774275,36.53501028774275,35.705700624520134,36.2049367899427,
2018-09-12,35.12807200337005,36.101788821880184,35.30961242716007,35.93262615425767,
2018-09-13,35.705700624520134,36.695921117920264,35.705700624520134,36.52675845029774,
2018-09-14,36.49787701924024,36.49787701924024,35.903744723200155,36.04402595976518,
2018-09-17,36.07703330954517,36.22144046483271,35.5241602007301,35.81297451130514,
2018-09-18,35.82535226747265,36.49787701924024,35.705700624520134,36.08115922826767,
2018-09-19,36.101788821880184,36.49787701924024,35.98626309765016,36.374099457565215,
2018-09-24,36.49375110051774,37.09200931528032,35.903744723200155,36.04815187848768,
2018-09-25,37.08375747783533,37.08375747783533,36.101788821880184,36.25857373333522,
2018-09-26,35.30961242716007,35.940877991702656,34.71135421239749,35.18583486548506,
2018-09-27,35.30548650843755,35.70157470579763,34.513310113717466,35.18583486548506,
2018-09-28,35.40863447650009,35.40863447650009,34.467925007769956,34.69897645622999,
2018-10-01,34.67422094389499,34.67422094389499,33.96868884234738,34.26988090908993,
2018-10-02,34.23687355930991,35.15282751570506,34.23687355930991,34.76499115578999,
2018-10-03,35.40450855777758,35.40450855777758,34.85163544896251,34.88051688002002,
2018-10-04,34.89289463618751,34.89289463618751,34.12547375380239,34.68247278133999,
2018-10-05,34.694850537507484,34.71135421239749,34.50918419499495,34.525687869884955,
2018-10-08,34.71135421239749,34.71135421239749,32.928957324277235,33.49420818925982,
2018-10-09,33.72113371899735,34.909398311077524,33.42406757097731,34.61645808177997,
2018-10-10,34.61645808177997,35.10331649103503,34.1172219163574,34.777368911957495,
2018-10-11,34.909398311077524,34.909398311077524,34.01819986701738,34.33589560864993,
2018-10-12,33.72525963771984,33.73351147516484,32.6236393388122,32.7515428192097,
2018-10-15,32.73503914431969,33.325045521637286,31.117679005099475,32.26055849123213,
2018-10-16,32.21517338528463,32.52461728947218,31.70355946369455,31.88097396876207,
2018-10-17,32.13265501083462,32.86706854343972,32.13265501083462,32.796927925157206,
2018-10-18,32.924831405554734,33.36217879013978,32.33482502823714,33.14350509784727,
2018-10-19,33.14350509784727,33.72113371899735,32.669024444759685,33.325045521637286,
2018-10-22,34.10897007891239,34.10897007891239,33.131127341679765,33.23427530974227,
2018-10-23,33.325045521637286,33.52308962031733,32.788676087712204,33.23840122846478,
2018-10-24,34.55456930094246,34.89702055491001,34.31526601503742,34.88464279874252,
2018-10-25,35.70157470579763,36.06052963465518,34.1172219163574,35.495278769672595,
2018-10-26,35.107442409757546,35.26835323993506,34.35652520226243,34.60820624433496,
2018-10-29,35.107442409757546,36.101788821880184,34.99191668552752,35.96150758531516,
2018-10-30,36.29983292056021,37.09200931528032,35.705700624520134,36.98473542849531,
2018-10-31,36.8939652166003,37.06725380294532,36.49787701924024,36.71242479281027,
2018-11-01,36.85683194809779,37.29005341396036,36.695921117920264,37.29005341396036,
2018-11-02,36.976483591050325,38.08635572740297,36.976483591050325,37.83054876660793,
2018-11-05,37.68614161132041,37.70677120493291,36.79494316726028,37.479845675195385,
2018-11-06,37.27354973907036,37.64900834281789,36.9929872659403,37.26117198290285,
2018-11-07,37.29005341396036,37.607749155592906,36.9352244038253,37.27354973907036,
2018-11-08,37.488097512640394,37.68614161132041,37.153898096117835,37.67788977387541,
2018-11-09,37.607749155592906,37.69439344876541,36.99711318466281,37.27354973907036,
2018-11-12,36.9145948102128,37.29005341396036,36.79494316726028,36.90634297276781,
2018-11-13,37.09200931528032,37.09200931528032,35.38800488288759,36.74543214259028,
2018-11-14,36.49787701924024,37.29417933268285,36.49787701924024,37.22403871440034,
2018-11-15,37.29005341396036,37.68201569259791,36.8939652166003,37.31068300757286,
2018-11-16,38.05747429634546,38.082229808680474,37.343690357352855,37.842926522775436,
2018-11-19,37.45509016286038,37.888311628722946,36.9352244038253,37.06725380294532,
2018-11-20,36.90221705404529,37.789289579382924,36.77431357364779,37.450964244137865,
2018-11-22,37.29830525140537,37.888311628722946,37.29830525140537,37.748030392157915,
2018-11-23,37.68614161132041,37.98320775934046,37.37257178841036,37.81404509171794,
2018-11-26,37.888311628722946,38.08635572740297,37.842926522775436,37.946074490837944,
2018-11-27,37.72327487982291,37.86355611638793,37.314808926295356,37.86355611638793,
2018-11-28,38.07397797123548,39.75322689129319,37.587119561980394,37.68614161132041,
2018-11-29,38.441184737538016,38.441184737538016,37.37257178841036,37.66551201770791,
2018-11-30,37.69439344876541,37.98320775934046,36.97235767232781,37.5953713994254,
2018-12-03,36.90634297276781,36.90634297276781,35.72220429941014,35.92437431681265,
2018-12-04,35.940877991702656,37.715023042377915,35.940877991702656,37.496349350085374,
2018-12-05,37.29830525140537,37.29830525140537,36.50200293796274,36.8980911353228,
2018-12-06,36.85683194809779,37.29005341396036,35.14870159698254,36.00276677254017,
2018-12-07,35.70982654324263,35.903744723200155,34.905272392355016,35.78409308024764,
2018-12-10,35.936752072980156,36.49787701924024,35.903744723200155,36.11004065932518,
2018-12-11,36.101788821880184,36.02339636615267,35.11982016592504,35.31373834588257,
2018-12-12,35.42513815139008,35.66444143729512,34.731983806009985,35.445767745002584,
2018-12-13,35.11156832848003,35.38800488288759,34.1172219163574,34.740235643454994,
2018-12-14,34.901146473632515,35.705700624520134,34.901146473632515,35.52828611945261,
2018-12-17,35.11156832848003,35.5076565258401,34.909398311077524,35.30136058971508,
2018-12-18,35.24772364632256,35.60667857518011,34.23687355930991,35.34674569566258,
2018-12-19,35.30136058971508,35.903744723200155,35.297234670992566,35.71395246196512,
2018-12-20,35.54891571306511,35.76346348663513,34.909398311077524,35.586048981567615,
2018-12-21,35.51178244456259,36.101788821880184,35.288982833547564,35.5241602007301,
2018-12-24,35.5241602007301,35.5241602007301,34.513310113717466,35.31373834588257,
2018-12-26,35.31373834588257,35.705700624520134,34.62883583794747,34.901146473632515,
2018-12-27,35.107442409757546,35.30961242716007,34.55456930094246,34.89289463618751,
2018-12-28,35.21059037782006,35.288982833547564,33.72113371899735,34.06771089168738,
2018-12-31,33.72525963771984,34.06771089168738,33.325045521637286,34.03470354190738,
2019-01-01,34.31526601503742,34.909398311077524,34.31526601503742,34.76911707451249,
2019-01-02,34.43079173926744,35.30961242716007,34.31526601503742,34.909398311077524,
2019-01-03,34.909398311077524,35.26835323993506,34.03882946062989,34.212118046974915,
2019-01-04,34.41428806437744,34.773242993234994,33.547845132652306,33.960437004902374,
2019-01-07,34.1172219163574,35.623182250070116,34.1172219163574,35.474649176060105,
2019-01-08,35.474649176060105,36.20081087122019,35.474649176060105,36.13067025293769,
2019-01-09,36.101788821880184,36.101788821880184,35.71395246196512,35.98626309765016,
2019-01-10,35.76758940535763,36.00276677254017,35.445767745002584,35.705700624520134,
2019-01-11,35.623182250070116,35.705700624520134,34.909398311077524,35.222968133987564,
2019-01-14,35.30548650843755,35.705700624520134,35.30548650843755,35.64793776240512,
2019-01-15,35.51590836328509,36.097662903157676,35.5076565258401,35.67681919346263,
2019-01-16,35.705700624520134,35.705700624520134,34.950657498302505,35.181708946762555,
2019-01-17,35.181708946762555,35.5076565258401,34.905272392355016,35.23947180887755,
2019-01-18,34.917650148522505,35.61080449390262,34.872265042575016,35.44164182628009,
2019-01-21,35.31373834588257,35.89961880447766,35.297234670992566,35.45401958244759,
2019-01-22,35.45814550117009,36.49787701924024,35.45401958244759,36.07703330954517,
2019-01-23,36.291581083115204,36.695921117920264,36.291581083115204,36.49375110051774,
2019-01-24,36.8733356229878,36.8733356229878,36.00276677254017,36.50200293796274,
2019-01-25,36.695921117920264,36.8939652166003,35.705700624520134,36.71242479281027,
2019-01-28,36.85683194809779,36.8939652166003,36.638158255805266,36.77431357364779,
2019-01-29,36.70417295536526,37.133268502505345,36.48962518179523,37.06312788422283,
2019-01-30,36.918720728935305,37.25292014545784,36.71655071153277,36.8898392978778,
2019-01-31,36.8939652166003,37.09200931528032,36.71655071153277,36.90221705404529,
2019-02-01,36.8939652166003,37.09200931528032,36.77843949237029,36.94347624127031,
2019-02-04,36.8939652166003,37.52935669986538,36.8939652166003,37.467467919027875,
2019-02-06,37.450964244137865,37.66963793643041,37.199283202065324,37.63250466792789,
2019-02-07,37.488097512640394,37.607749155592906,37.09613523400282,37.43858648797039,
2019-02-08,37.30243117012787,37.30243117012787,36.69179519919776,36.75780989875778,
2019-02-11,36.8939652166003,37.09200931528032,36.81557276087278,36.98473542849531,
2019-02-12,36.8980911353228,37.66963793643041,36.8980911353228,37.281801576515356,
2019-02-13,37.281801576515356,37.38907546330038,37.19103136462034,37.20340912078783,
2019-02-14,36.9393503225478,37.09200931528032,36.836202354485295,37.05075012805531,
2019-02-15,36.8939652166003,37.025994615720315,36.57626947496776,36.69179519919776,
2019-02-18,36.695921117920264,36.695921117920264,35.903744723200155,36.47312150690522,
2019-02-19,36.20081087122019,36.45661783201524,36.2049367899427,36.35346986395271,
2019-02-20,36.101788821880184,36.85683194809779,35.940877991702656,36.52675845029774,
2019-02-21,36.30808475800521,36.49787701924024,34.69897645622999,35.00016852297253,
2019-02-22,34.731983806009985,35.38800488288759,34.31526601503742,35.30548650843755,
2019-02-25,35.30961242716007,35.00842036041753,34.591702569444976,34.665969106449985,
2019-02-26,34.31939193375993,35.00842036041753,34.137851509969906,34.620584000502475,
2019-02-27,34.513310113717466,35.30961242716007,33.040357129784745,34.67834686261748,
2019-02-28,34.612332163057474,34.67834686261748,34.31526601503742,34.45967317032495,
2019-03-01,34.434917657989935,35.30136058971508,34.434917657989935,34.71135421239749,
2019-03-04,34.822754017905005,35.09093873486754,34.513310113717466,34.62883583794747,
2019-03-05,35.06205730381003,35.06618322253253,34.22036988441991,34.50505827627246,
2019-03-06,34.513310113717466,34.75261339962249,34.1172219163574,34.40603622693244,
2019-03-07,34.23687355930991,34.23687355930991,33.67987453177233,33.73351147516484,
2019-03-08,33.76239290622235,33.76239290622235,32.93308324299974,33.036231211062244,
2019-03-11,33.325045521637286,33.325045521637286,32.7309132255972,32.93720916172223,
2019-03-12,32.96609059277973,33.246653065909776,32.53286912691716,32.924831405554734,
2019-03-13,32.846438949827224,33.52308962031733,32.846438949827224,33.32917144035978,
2019-03-14,33.131127341679765,33.325045521637286,33.007349780004745,33.04448304850725,
2019-03-15,32.81755751876971,32.928957324277235,32.528743208194676,32.61538750136719,
2019-03-18,33.325045521637286,33.717007800274835,33.12700142295726,33.31266776546979,
2019-03-19,33.325045521637286,33.325045521637286,32.429721158854655,32.52461728947218,
2019-03-20,32.52461728947218,32.491609939692175,31.468382096512027,31.588033739464542,
2019-03-21,31.150686354879472,31.699433544972052,30.783479588576917,30.923760825141947,
2019-03-22,31.332226778669504,31.332226778669504,29.558081727994242,30.17284361764683,
2019-03-25,30.17284361764683,30.35025812271435,29.747873989229277,30.00780686874682,
2019-03-26,30.15221402403433,30.15221402403433,29.954169925354304,29.991303193856805,
2019-03-27,29.991303193856805,30.342006285269363,29.954169925354304,30.057317893416812,
2019-03-28,30.15221402403433,30.15221402403433,29.751999907951777,29.809762770066783,
2019-03-29,30.944390418754445,30.944390418754445,28.922690244729147,29.09185291235168,
2019-04-01,29.001082700456664,30.544176302671886,28.76590533327414,30.544176302671886,
2019-04-02,31.340478616114506,32.0666403112746,29.954169925354304,30.08619932447432,
2019-04-03,30.11095483680933,30.568931815006888,29.760251745396765,29.974799518966815,
2019-04-04,29.751999907951777,30.11095483680933,28.642127771599117,28.902060651116653,
2019-04-05,28.902060651116653,29.15786761191169,28.62149817798661,28.922690244729147,
2019-04-08,28.959823513231658,29.35591171059172,28.95569759450915,29.25688966125171,
2019-04-09,29.35591171059172,30.548302221394383,29.351785791869215,30.486413440556873,
2019-04-10,30.362635878881854,30.746346320074412,29.99955503130181,30.449280172054372,
2019-04-11,30.15221402403433,30.944390418754445,30.15221402403433,30.890753475361944,
2019-04-12,30.6679538643469,31.538522714794524,29.35591171059172,30.593687327341893,
2019-04-15,30.585435489896884,30.944390418754445,30.544176302671886,30.771101832409407,
2019-04-16,30.936138581309443,31.022782874481955,30.6266946771219,30.919634906419443,
2019-04-17,30.944390418754445,31.142434517434477,30.090325243196826,30.156339942756833,
2019-04-18,30.053191974694318,30.882501637916935,30.053191974694318,30.754598157519418,
2019-04-19,30.57305773372938,31.765448244532053,30.531798546504383,31.356982291004506,
2019-04-22,31.356982291004506,31.51789312118202,30.944390418754445,31.068167980429465,
2019-04-23,30.746346320074412,30.944390418754445,29.520948459491734,30.746346320074412,
2019-04-24,30.57305773372938,31.769574163254564,30.57305773372938,31.53027087734953,
2019-04-25,32.12852909211211,32.12852909211211,30.490539359279378,30.865997963026928,
2019-04-26,30.944390418754445,31.307471266334495,30.944390418754445,31.179567785936978,
2019-04-29,31.006279199591948,31.460130259067014,31.006279199591948,31.15893819232448,
2019-04-30,31.191945542104477,31.64579660157955,30.32550261037936,30.498791196724387,
2019-05-02,30.11920667425432,30.733968563906913,29.706614802004264,29.818014607511785,
2019-05-03,29.706614802004264,30.11920667425432,29.520948459491734,29.66535561477926,
2019-05-06,29.376541304204224,29.393044979094224,28.88143105750414,28.992830863011662,
2019-05-07,28.88143105750414,28.88143105750414,28.510098372479096,28.679261040101625,
2019-05-08,28.592616746929103,28.592616746929103,28.15939528106654,28.402824485694076,
2019-05-09,28.068625069171528,28.98457902556667,28.068625069171528,28.836045951556642,
2019-05-10,28.88143105750414,28.94331983834165,28.695764714991615,28.889682894949146,
2019-05-13,29.08772699362918,29.706614802004264,28.80303860177664,29.13311209957669,
2019-05-14,29.29402292975421,29.912910738129305,29.08772699362918,29.702488883281767,
2019-05-15,30.11920667425432,30.717464889016917,30.036688299804318,30.585435489896884,
2019-05-16,30.903131231529432,31.356982291004506,29.908784819406794,31.15893819232448,
2019-05-17,31.352856372282,31.352856372282,30.222354642316848,30.6473242707344,
2019-05-20,30.948516337476956,30.952642256199454,29.706614802004264,30.6679538643469,
2019-05-21,30.531798546504383,30.948516337476956,30.449280172054372,30.824738775801936,
2019-05-22,31.315723103779508,32.36370645929465,30.940264500031933,32.36370645929465,
2019-05-23,32.59475790775468,33.787148418557344,32.08726990488711,32.65252076986969,
2019-05-24,32.796927925157206,32.8010538438797,31.769574163254564,32.640143013702186,
2019-05-27,32.19454379167213,32.796927925157206,31.9799960181021,32.40909156524215,
2019-05-28,32.40909156524215,32.40909156524215,31.612789251799548,31.893351724929595,
2019-05-29,32.429721158854655,33.485956351814814,32.429721158854655,33.485956351814814,
2019-05-30,34.245125396754915,35.15695343442755,32.18216603550462,32.82168343749221,
2019-06-03,32.924831405554734,32.924831405554734,32.18216603550462,32.557624639252175,
2019-06-10,31.37761188461701,33.83253352450487,31.37761188461701,31.872722131317083,
2019-06-11,31.56327822712953,32.38846197162966,31.559152308407032,31.86859621259457,
2019-06-12,31.86859621259457,32.20279562911713,30.758724076241915,31.191945542104477,
2019-06-13,31.769574163254564,32.59063198903218,31.769574163254564,32.079018067442114,
2019-06-14,31.996499692992096,32.57412831414217,31.588033739464542,31.913981318542067,
2019-06-17,32.16153644189212,32.17804011678211,31.765448244532053,31.872722131317083,
2019-06-18,31.769574163254564,32.51223953330466,31.56327822712953,31.831462944092074,
2019-06-19,32.18629195422712,32.18216603550462,31.233204729329483,31.654048439024542,
2019-06-20,31.761322325809555,32.28531400356714,31.761322325809555,32.0418847989396,
2019-06-21,32.09964766105461,33.64274126326984,32.09964766105461,33.63448942582483,
2019-06-24,33.68812636921734,34.65771726900497,32.59888382647718,33.38693430247479,
2019-06-25,33.23427530974227,33.4199416522548,32.59475790775468,32.77217241282221,
2019-06-26,32.99909794255974,34.195614372084904,32.38846197162966,33.20126795996229,
2019-06-27,33.04860896722974,33.66749677560483,32.22755114145213,32.59888382647718,
2019-06-28,32.59888382647718,32.99909794255974,32.18216603550462,32.491609939692175,
2019-07-01,33.007349780004745,33.007349780004745,32.18216603550462,32.561750557974676,
2019-07-02,32.396713809074654,33.007349780004745,32.190417872949624,32.7556687379322,
2019-07-03,32.603009745199685,33.21777163485228,32.26468440995464,32.957838755334734,
2019-07-04,33.01147569872724,33.62211166965732,32.924831405554734,33.4199416522548,
2019-07-05,33.42406757097731,33.42406757097731,33.007349780004745,33.07749039828724,
2019-07-08,33.246653065909776,33.33742327780479,32.18216603550462,32.640143013702186,
2019-07-09,33.007349780004745,33.007349780004745,32.45035075246716,32.59475790775468,
2019-07-10,32.396713809074654,32.553498720529674,32.18216603550462,32.20279562911713,
2019-07-11,32.22342522272962,32.47098034607967,31.835588862814568,32.281188084844636,
2019-07-12,31.988247855547087,32.36370645929465,31.934610912154586,31.971744180657087,
2019-07-15,31.56327822712953,31.56327822712953,30.84124245069193,30.940264500031933,
2019-07-16,30.531798546504383,31.765448244532053,29.974799518966815,31.01040511831446,
2019-07-17,31.538522714794524,31.769574163254564,31.352856372282,31.431248828009508,
2019-07-18,31.356982291004506,31.769574163254564,30.861872044304437,30.960894093644452,
2019-07-19,30.944390418754445,30.948516337476956,29.912910738129305,30.552428140116895,
2019-07-22,31.27446391655449,31.27446391655449,30.40802098482937,30.53592446522688,
2019-07-23,30.903131231529432,30.948516337476956,30.205850967426844,30.391517309939367,
2019-07-24,30.11920667425432,30.11920667425432,29.50031886587923,29.706614802004264,
2019-07-25,30.469909765666873,30.469909765666873,29.50857070332424,30.218228723594336,
2019-07-26,29.912910738129305,30.09857708064182,29.496192947156732,29.61171867138675,
2019-07-29,29.69836296455927,29.69836296455927,28.468839185254097,28.83192003283414,
2019-07-30,28.477091022699096,29.29402292975421,28.468839185254097,28.935068000896653,
2019-07-31,28.88143105750414,29.2733933361417,28.662757365211615,29.029964131514166,
2019-08-01,28.88143105750414,29.29402292975421,28.716394308604126,28.877305138781647,
2019-08-02,28.73702390221663,29.25276374252921,28.510098372479096,29.104230668519175,
2019-08-05,29.079475156184177,29.079475156184177,27.849951376879005,28.369817135914083,
2019-08-06,28.056247313004025,28.464713266531586,27.730299733926483,27.862329133046497,
2019-08-07,27.697292384146483,27.697292384146483,26.71532372819134,26.855604964756353,
2019-08-08,26.381124311668785,26.381124311668785,25.630207104173685,26.00566570792124,
2019-08-09,26.40175390528129,26.612175760128817,25.832377121576208,25.89426590241372,
2019-08-16,25.687969966288687,26.199583887878763,24.904045409013577,25.0443266455786,
2019-08-19,24.351172300198495,25.89013998369122,24.351172300198495,25.7869920156287,
2019-08-20,25.848880796466204,27.074278657048897,25.848880796466204,27.074278657048897,
2019-08-21,28.42757999802909,28.42757999802909,28.09750650022903,28.42757999802909,
2019-08-22,29.65710377733426,29.84689603856929,29.211504555304195,29.413674572706725,
2019-08-23,29.08772699362918,29.39717089781672,27.94484750749652,28.19240263084654,
2019-08-26,28.468839185254097,28.468839185254097,27.024767632378882,27.288826430618915,
2019-08-27,27.33421153656643,28.62149817798661,26.71532372819134,28.510098372479096,
2019-08-28,28.877305138781647,29.29402292975421,28.369817135914083,28.588490828206602,
2019-08-29,28.633875934154112,28.633875934154112,27.849951376879005,28.22540998062655,
2019-08-30,28.221284061904058,28.262543249129063,26.905115989426363,27.1196637629964,
2019-09-02,27.849951376879005,27.849951376879005,27.231063568503917,27.42085582973894,
2019-09-03,27.23931540594891,27.437359504628944,26.612175760128817,26.740079240526338,
2019-09-04,26.740079240526338,27.623025847141466,26.282102262328774,27.016515794933873,
2019-09-05,27.210433974891412,28.20065446829155,27.024767632378882,27.89946240154901,
2019-09-06,27.849951376879005,29.079475156184177,27.231063568503917,28.819542276666628,
2019-09-11,28.88555697622666,30.25948791081935,28.88143105750414,30.082073405751814,
2019-09-12,30.284243423154344,31.253834322941994,29.08772699362918,30.597813246064394,
2019-09-13,30.597813246064394,30.903131231529432,29.706614802004264,29.921162575574293,
2019-09-16,30.944390418754445,30.944390418754445,28.798912683054134,29.438430085041727,
2019-09-17,29.702488883281767,29.78913317645428,28.88143105750414,29.100104749796685,
2019-09-18,29.25276374252921,29.29402292975421,28.757653495829132,28.811290439221633,
2019-09-19,28.675135121379125,30.251236073374333,28.675135121379125,30.168717698924343,
2019-09-20,30.379139553771857,30.428650578441882,29.995429112579306,30.280117504431853,
2019-09-23,30.11920667425432,30.531798546504383,30.016058706191814,30.205850967426844,
2019-09-24,29.02583821279167,30.34613220399186,29.005208619179164,30.016058706191814,
2019-09-25,29.842770119846776,29.995429112579306,28.947445757064152,29.13311209957669,
2019-09-26,29.09597883107418,29.277519254864195,28.328557948689074,28.42757999802909,
2019-09-27,28.662757365211615,29.61997050883176,28.46058734780909,29.186749042969193,
2019-09-30,29.29402292975421,29.863399713459287,29.08772699362918,29.190874961691705,
2019-10-01,29.29402292975421,29.785007257731774,29.199126799136693,29.566333565439244,
2019-10-02,29.45905967865423,29.58283724032925,29.25276374252921,29.467311516099226,
2019-10-03,29.53332621565924,29.954169925354304,29.45905967865423,29.76437766411927,
2019-10-04,29.72724439561677,30.52767262778187,29.516822540769244,30.19759912998184,
2019-10-07,30.222354642316848,30.861872044304437,30.016058706191814,30.313124854211857,
2019-10-08,30.32550261037936,30.531798546504383,29.706614802004264,29.921162575574293,
2019-10-09,29.751999907951777,30.515294871614373,29.706614802004264,30.445154253331875,
2019-10-10,30.21410280487184,31.088797574041962,30.21410280487184,31.035160630649454,
2019-10-11,30.948516337476956,31.97587009937959,30.944390418754445,31.670552113914546,
2019-10-14,31.72831497602955,32.961964674057235,31.418871071842016,31.827337025369577,
2019-10-15,31.955240505767087,31.971744180657087,30.940264500031933,31.035160630649454,
2019-10-16,31.105301248931966,31.295093510166996,30.6390724332894,30.79173142602192,
2019-10-17,30.762849994964427,30.762849994964427,30.37501363504936,30.53592446522688,
2019-10-18,30.40802098482937,30.936138581309443,30.32550261037936,30.556554058839385,
2019-10-21,30.729842645184416,30.733968563906913,29.60346683394175,29.66535561477926,
2019-10-22,29.87165155090429,30.329628529101857,29.706614802004264,30.003680950024307,
2019-10-23,30.16046586147933,30.317250772934354,29.912910738129305,30.11920667425432,
2019-10-24,30.222354642316848,30.34613220399186,29.954169925354304,30.300747098044344,
2019-10-25,30.16046586147933,30.280117504431853,29.714866639449276,29.743748070506772,
2019-10-28,29.85102195729179,30.11920667425432,28.93094208217416,29.908784819406794,
2019-10-29,30.10682891808683,30.11920667425432,29.50031886587923,29.863399713459287,
2019-10-30,30.077947487029316,30.20172504870434,29.504444784601745,29.71074072072678,
2019-10-31,29.867525632181792,30.11920667425432,29.78913317645428,29.863399713459287,
2019-11-01,29.756125826674275,30.79998326346692,29.706614802004264,30.618442839676902,
2019-11-04,30.84124245069193,32.14915868572462,30.738094482629418,32.029507042772096,
2019-11-05,32.017129286604586,32.48748402096967,31.026908793204452,31.196071460826982,
2019-11-06,31.356982291004506,32.28531400356714,31.150686354879472,31.262086160386982,
2019-11-07,31.36110820972701,31.748944569642056,30.944390418754445,31.633418845412038,
2019-11-08,31.761322325809555,31.769574163254564,30.985649605979443,31.117679005099475,
2019-11-11,31.344604534837003,32.6731503634822,31.191945542104477,32.6731503634822,
2019-11-12,33.791274337279845,34.302888258869935,33.58497840115482,33.77889658111235,
2019-11-13,33.4199416522548,34.61645808177997,33.007349780004745,34.212118046974915,
2019-11-14,34.23687355930991,34.65359135028247,33.70463004410734,34.1048441601899,
2019-11-15,34.03882946062989,34.245125396754915,33.83253352450487,34.1172219163574,
2019-11-18,35.48290101350509,35.82122634875014,35.074435059977546,35.82122634875014,
2019-11-19,36.12241841549269,37.6118750743154,36.12241841549269,37.6118750743154,
2019-11-20,37.95845224700546,38.24726655758049,37.133268502505345,37.40970505691286,
2019-11-21,37.339564438630354,37.339564438630354,35.89549288575515,36.09353698443518,
2019-11-22,35.920248398090166,36.72067663025528,35.66444143729512,36.64641009325026,
2019-11-25,36.59689906858024,37.07137972166782,36.101788821880184,36.29570700183772,
2019-11-26,36.30808475800521,36.82382459831779,34.740235643454994,34.87639096129752,
2019-11-27,35.17345710931754,35.689196949630116,34.89289463618751,35.44989366372509,
2019-11-28,35.5241602007301,37.21991279567784,35.070309141255045,36.74543214259028,
2019-11-29,37.05075012805531,37.95020040956045,36.39060313245524,37.45921608158287,
2019-12-02,37.752156310880416,38.67636210472055,37.133268502505345,38.43705881881553,
2019-12-03,38.284399826083,38.38342187542302,37.587119561980394,38.115237158460474,
2019-12-04,38.115237158460474,38.779510072783076,37.21578687695534,38.42055514392551,
2019-12-05,38.779510072783076,38.98993192763059,38.362792281810506,38.38342187542302,
2019-12-06,38.67636210472055,39.154968676530636,38.47419208731804,38.88265804084557,
2019-12-09,38.57734005538054,39.07245030208061,38.02034102784297,38.317407175863,
2019-12-10,37.97908184061795,38.26789615119299,37.87593387255544,38.13586675207298,
2019-12-11,38.16474818313047,38.45356249370552,37.339564438630354,37.59949731814789,
2019-12-12,37.133268502505345,38.16474818313047,37.133268502505345,37.339564438630354,
2019-12-13,37.38082362585536,37.87180795383295,37.05075012805531,37.496349350085374,
2019-12-16,37.71089712365542,38.05747429634546,37.50872710625288,37.59949731814789,
2019-12-17,37.67376385515292,37.748030392157915,36.51438069413025,36.90221705404529,
2019-12-18,36.14717392782769,38.16062226440798,36.14717392782769,37.71089712365542,
2019-12-19,37.87593387255544,37.95845224700546,36.32046251417271,36.68766928047527,
2019-12-20,36.9888613472178,37.09200931528032,36.30808475800521,36.90221705404529,
2019-12-23,36.72067663025528,36.72067663025528,35.79234491769263,35.87073737342015,
2019-12-24,36.101788821880184,36.617528662192754,35.586048981567615,36.402980888622736,
2019-12-26,36.51438069413025,37.42208281308038,36.51438069413025,37.07550564039032,
2019-12-27,37.12914258378282,38.16474818313047,36.80319500470528,37.95845224700546,
2019-12-30,38.16474818313047,38.88265804084557,38.12348899590548,38.37929595670051,
2019-12-31,38.57734005538054,38.78363599150558,38.04097062145545,38.515451274543025,
2020-01-01,38.55671046176803,38.55671046176803,37.760408148325425,38.34216268819801,
2020-01-02,38.16474818313047,40.25658897543827,38.16474818313047,40.25658897543827,
2020-01-03,40.80533616553086,41.05289128888089,40.14518916993076,40.59078839196082,
2020-01-06,39.650078923230694,40.14518916993076,39.19622786375563,39.34888685648816,
2020-01-07,39.61707157345069,40.207077950768266,39.36951645010065,40.01728568953325,
2020-01-08,39.200353782478146,39.98015242103074,38.88678395956808,39.20860561992313,
2020-01-09,40.021411608255754,40.82596575914337,39.82336750957571,40.714565953635855,
2020-01-10,40.85072127147836,42.74864388382864,40.55778104218082,42.58360713492862,
2020-01-13,42.90955471400618,43.52844252238123,41.67177909725598,42.03485994483603,
2020-01-14,42.08437096950604,42.78577715233114,42.001852595056036,42.476333248143604,
2020-01-15,42.09674872567354,42.41444446730609,41.568631129193456,41.812060333821,
2020-01-16,41.50674234835596,42.48871100431111,41.50674234835596,41.8079344150985,
2020-01-17,41.87807503338103,42.08437096950604,41.21792803778093,41.70478644703599,
2020-01-20,41.67177909725598,42.49696284175611,40.94974332081838,41.60989031641847,
2020-01-21,42.212274449903575,42.49283692303359,41.59751256025098,42.12975607545355,
2020-01-22,42.04311178228104,42.16688934395606,41.675905015978486,41.97297116399852,
2020-01-23,42.18751893756855,42.60011080981861,41.66352725981098,41.71716420320348,
2020-01-24,42.04311178228104,42.29066690563107,41.67177909725598,42.001852595056036,
2020-01-27,41.8161862525435,42.080245050783546,41.263313143728425,41.411846217738436,
2020-01-28,41.25918722500591,41.46548316113096,40.86309902764587,41.27981681861843,
2020-01-29,41.34170559945594,41.58100888536097,40.64029941663083,40.80533616553086,
2020-01-30,40.84659535275586,41.05289128888089,39.6583307606757,40.22770754438079,
2020-01-31,40.47526266773081,41.21792803778093,39.93889323380574,40.16994468226577,
2020-02-03,39.62944932961819,39.815115672130716,38.98993192763059,39.66245667939819,
2020-02-04,40.021411608255754,41.25093538756092,39.485042174330665,40.96624699570838,
2020-02-06,40.94974332081838,41.1519133382209,39.52630136155568,39.78623424107324,
2020-02-07,39.01468743996559,39.83574526574323,38.98993192763059,39.21273153864563,
2020-02-10,39.27874623820563,39.27874623820563,38.47419208731804,38.65160659238554,
2020-02-11,38.985806008908085,40.94974332081838,38.779510072783076,40.31847775627578,
2020-02-12,40.434003480505815,41.62639399130847,39.84399710318821,41.18079476927842,
2020-02-13,41.36233519306843,41.67177909725598,40.434003480505815,40.908484133593376,
2020-02-14,40.537151448568316,41.46548316113096,40.22770754438079,40.81771392169838,
2020-02-17,40.277218569050795,41.25506130628342,39.60881973600569,39.89350812785823,
2020-02-18,40.021411608255754,40.84659535275586,39.21685745736812,39.749100972570716,
2020-02-19,39.71609362279071,40.434003480505815,39.60881973600569,40.21120386949077,
2020-02-20,40.021411608255754,40.22770754438079,39.612945654728186,40.09980406398326,
2020-02-21,40.01315977081074,40.97037291443088,39.815115672130716,40.55778104218082,
2020-02-24,40.12455957631825,40.47526266773081,38.98993192763059,39.24986480714813,
2020-02-25,39.19622786375563,39.19622786375563,38.38342187542302,38.74237680428057,
2020-02-26,38.37104411925551,38.37104411925551,36.76606173620278,37.516978943697886,
2020-02-27,36.51438069413025,38.98993192763059,35.28485691482507,37.66963793643041,
2020-02-28,37.541734456032884,37.95845224700546,36.82382459831779,37.269423820347846,
2020-03-02,37.21578687695534,38.907413553180575,36.84445419193028,38.68873986088806,
2020-03-03,38.779510072783076,39.11370948930562,37.64900834281789,37.97908184061795,
2020-03-04,37.54586037475539,38.14411858951797,36.55563988135525,37.10438707144783,
2020-03-05,37.133268502505345,38.515451274543025,37.133268502505345,38.16887410185298,
2020-03-06,37.752156310880416,37.752156310880416,36.00689269126267,36.27095148950269,
2020-03-09,33.73351147516484,35.89136696703265,33.73351147516484,34.99604260425002,
2020-03-10,35.070309141255045,36.2255663835552,35.070309141255045,35.474649176060105,
2020-03-11,35.474649176060105,36.382351295010224,35.19408670293006,35.67681919346263,
2020-03-12,34.707228293674966,35.27247915865757,33.4199416522548,34.09246640402238,
2020-03-13,33.007349780004745,34.245125396754915,31.77782600069957,34.0800886478549,
2020-03-16,33.62623758837983,33.62623758837983,31.52614495862703,31.654048439024542,
2020-03-17,30.903131231529432,33.007349780004745,30.490539359279378,30.907257150251937,
2020-03-18,30.284243423154344,30.32137669165686,28.592616746929103,28.592616746929103,
2020-03-19,26.451264929951293,27.643655440753975,26.451264929951293,26.777212509028853,
2020-03-20,27.643655440753975,28.262543249129063,26.756582915416338,27.664285034366475,
2020-03-24,25.593073835671174,25.593073835671174,25.593073835671174,25.593073835671174,
2020-03-25,25.99328795175374,26.158324700653758,23.674521629708405,23.682773467153403,
2020-03-26,23.43521834380337,25.436288924216154,23.43521834380337,24.149002282795962,
2020-03-27,24.03347655856595,25.956154683251224,24.03347655856595,25.956154683251224,
2020-03-30,25.99328795175374,26.694694134578835,24.507957211653522,26.57091657290382,
2020-03-31,26.612175760128817,28.468839185254097,26.100561838538752,28.167647118511542,
2020-04-01,28.056247313004025,28.666883283934126,27.276448674451412,27.981980775999013,
2020-04-02,27.953099344941517,29.68598520839176,27.664285034366475,29.31877844208921,
2020-04-03,29.706614802004264,31.513767202459523,29.706614802004264,31.513767202459523,
2020-04-06,31.97587009937959,31.97587009937959,29.912910738129305,30.317250772934354,
2020-04-07,30.32550261037936,31.765448244532053,29.706614802004264,31.687055788804553,
2020-04-08,31.687055788804553,31.934610912154586,30.944390418754445,31.687055788804553,
2020-04-09,32.17804011678211,33.39931205864231,31.97587009937959,32.22755114145213,
2020-04-10,31.769574163254564,32.69377995709469,31.480759852679526,32.495735858414655,
2020-04-13,31.72831497602955,31.72831497602955,30.061443812139313,30.061443812139313,
2020-04-14,28.906186569839146,30.061443812139313,28.262543249129063,29.644726021166754,
2020-04-15,29.71074072072678,30.733968563906913,29.31877844208921,29.438430085041727,
2020-04-16,29.029964131514166,29.912910738129305,28.98457902556667,29.61171867138675,
2020-04-17,31.831462944092074,31.831462944092074,31.831462944092074,31.831462944092074,
2020-04-20,33.007349780004745,33.56022288881983,31.97587009937959,32.722661388152204,
2020-04-21,31.87684805003958,32.8010538438797,30.27186566698685,30.531798546504383,
2020-04-22,28.94331983834165,30.593687327341893,28.94331983834165,29.87165155090429,
2020-04-23,30.507043034169385,30.738094482629418,29.520948459491734,30.57718365245189,
2020-04-24,30.531798546504383,31.352856372282,30.531798546504383,30.944390418754445,
2020-04-27,30.531798546504383,30.655576108179407,29.714866639449276,29.983051356411803,
2020-04-28,30.12333259297683,31.72831497602955,30.12333259297683,30.944390418754445,
2020-04-29,31.352856372282,33.26315674079978,31.026908793204452,33.168260610182266,
2020-04-30,33.007349780004745,34.96716117319251,33.007349780004745,34.74436156217749,
2020-05-04,34.45142133287995,34.55456930094246,33.089868154454756,33.292038171857286,
2020-05-05,33.4199416522548,33.99757027340488,33.01147569872724,33.353926952694806,
2020-05-06,33.193016122517264,33.316793684192284,32.45035075246716,32.66077260731469,
2020-05-07,32.45035075246716,32.75979465665471,31.56327822712953,31.839714781537065,
2020-05-08,32.017129286604586,32.796927925157206,31.971744180657087,32.36370645929465,
2020-05-11,31.847966618982067,31.97587009937959,31.150686354879472,31.85209253770458,
2020-05-12,32.09964766105461,32.38846197162966,31.480759852679526,32.079018067442114,
2020-05-13,32.18216603550462,32.38846197162966,30.738094482629418,31.501389446292006,
2020-05-14,31.769574163254564,32.26468440995464,30.952642256199454,30.989775524701948,
2020-05-15,31.01040511831446,32.50398769585968,30.985649605979443,32.429721158854655,
2020-05-18,32.78042425026722,32.78042425026722,31.402367396952016,31.955240505767087,
2020-05-19,32.347202784404644,32.90420181194222,31.769574163254564,31.97587009937959,
2020-05-20,32.18216603550462,32.88357221832972,31.97587009937959,32.079018067442114,
2020-05-21,32.392587890352154,32.392587890352154,31.369360047172012,32.079018067442114,
2020-05-28,31.79020375686707,32.367832378017155,31.480759852679526,31.484885771402023,
2020-05-29,31.64167068285704,32.38846197162966,31.64167068285704,32.18216603550462,
2020-06-01,32.47098034607967,32.47098034607967,31.150686354879472,31.765448244532053,
2020-06-02,31.872722131317083,32.037758880217105,31.418871071842016,31.967618261934604,
2020-06-03,31.575655983297047,32.57412831414217,31.575655983297047,32.18216603550462,
2020-06-04,32.18629195422712,32.24405481634213,31.295093510166996,31.64992252030204,
2020-06-05,31.559152308407032,31.93048499343209,31.171315948491973,31.64992252030204,
2020-06-08,31.72831497602955,31.934610912154586,31.150686354879472,31.356982291004506,
2020-06-09,31.315723103779508,31.315723103779508,30.861872044304437,31.084671655319465,
2020-06-10,31.006279199591948,31.18369370465946,30.79998326346692,30.944390418754445,
2020-06-11,30.84124245069193,31.418871071842016,30.84124245069193,30.944390418754445,
2020-06-12,30.738094482629418,30.738094482629418,30.082073405751814,30.32550261037936,
2020-06-15,30.12333259297683,30.42452465971937,29.43430416631923,29.706614802004264,
2020-06-16,29.706614802004264,30.11920667425432,29.58283724032925,29.991303193856805,
2020-06-17,29.954169925354304,30.469909765666873,29.954169925354304,30.11920667425432,
2020-06-18,30.16046586147933,30.164591780201828,29.25276374252921,29.50031886587923,
2020-06-19,29.50031886587923,29.50031886587923,28.88143105750414,29.170245368079197,
2020-06-22,29.09597883107418,30.11920667425432,28.798912683054134,29.830392363679277,
2020-06-23,29.60346683394175,30.32550261037936,29.69836296455927,30.21410280487184,
2020-06-24,30.127458511699334,30.490539359279378,29.706614802004264,29.912910738129305,
2020-06-25,29.714866639449276,29.72724439561677,29.09185291235168,29.281645173586703,
2020-06-26,29.912910738129305,30.19759912998184,29.62409642755425,29.87165155090429,
2020-06-29,29.954169925354304,30.11920667425432,29.30640068592172,29.706614802004264,
2020-06-30,29.706614802004264,30.20172504870434,29.50031886587923,29.71074072072678,
2020-07-01,29.747873989229277,31.559152308407032,29.706614802004264,31.047538386816964,
2020-07-02,31.418871071842016,31.60453741435454,30.531798546504383,30.65145018945691,
2020-07-03,30.738094482629418,30.944390418754445,30.263613829541846,30.490539359279378,
2020-07-06,30.40802098482937,30.40802098482937,28.88143105750414,29.62409642755425,
2020-07-07,29.66535561477926,29.706614802004264,29.108356587241666,29.190874961691705,
2020-07-08,29.281645173586703,29.29814884847671,28.95569759450915,28.963949431954166,
2020-07-09,29.13311209957669,30.115080755531817,29.13311209957669,29.78913317645428,
2020-07-10,29.912910738129305,30.614316920954398,29.62409642755425,29.702488883281767,
2020-07-13,29.912910738129305,30.366761797604358,29.62409642755425,29.706614802004264,
2020-07-14,29.751999907951777,29.830392363679277,29.29402292975421,29.496192947156732,
2020-07-15,29.520948459491734,29.954169925354304,29.520948459491734,29.85514787601428,
2020-07-16,29.9335403317418,30.20172504870434,29.793259095176776,30.016058706191814,
2020-07-17,29.921162575574293,30.903131231529432,29.921162575574293,30.70921305157191,
2020-07-20,30.84124245069193,32.140906848279606,30.84124245069193,32.037758880217105,
2020-07-21,31.934610912154586,34.03882946062989,31.501389446292006,33.708755962829834,
2020-07-22,33.811903930892356,34.100718241467405,32.8010538438797,32.924831405554734,
2020-07-23,33.25077898463228,33.25490490335477,32.211047466562135,32.38846197162966,
2020-07-24,32.8010538438797,32.8010538438797,31.588033739464542,31.80670743175707,
2020-07-27,31.85209253770458,32.491609939692175,31.356982291004506,32.017129286604586,
2020-07-28,32.079018067442114,32.51223953330466,31.872722131317083,32.09964766105461,
2020-07-29,32.38021013418466,33.16413469145976,31.97587009937959,32.98672018639224,
2020-07-30,32.99084610511473,33.605607994767325,32.553498720529674,33.605607994767325,
2020-08-03,33.52308962031733,34.1419774286924,33.39931205864231,33.50246002670482,
2020-08-04,33.605607994767325,34.740235643454994,33.27553449696727,33.62623758837983,
2020-08-05,33.820155768337344,34.203866209529906,33.42406757097731,33.68812636921734,
2020-08-06,33.87379271172986,34.447295414157445,33.21364571612976,33.4199416522548,
2020-08-07,33.42406757097731,33.77064474366735,32.59888382647718,32.86706854343972,
2020-08-10,32.945460999167224,33.58910431987732,32.90420181194222,33.21364571612976,
2020-08-11,34.1295996725249,35.788218998970144,33.976940679792364,35.788218998970144,
2020-08-12,37.12914258378282,38.26789615119299,36.1430480091052,36.510254775407745,
2020-08-13,36.82382459831779,37.85530427894294,35.79234491769263,37.38082362585536,
2020-08-17,37.54586037475539,37.54586037475539,34.28225866525742,34.67834686261748,
2020-08-18,35.06618322253253,35.503530607117604,34.822754017905005,34.93827974213503,
2020-08-19,35.06618322253253,35.40038263905508,34.38953255204244,34.45967317032495,
2020-08-20,34.67009502517247,35.06618322253253,33.72938555644235,33.72938555644235,
2020-08-21,33.83253352450487,33.976940679792364,32.640143013702186,33.25077898463228,
2020-08-24,33.21364571612976,33.68812636921734,33.04860896722974,33.17238652890477,
2020-08-25,33.41168981480979,34.410162145654944,33.41168981480979,34.203866209529906,
2020-08-26,34.245125396754915,34.61645808177997,33.72938555644235,34.40603622693244,
2020-08-27,34.45142133287995,35.379753045442584,34.45142133287995,35.02904995403002,
2020-08-28,35.06205730381003,35.26835323993506,34.65771726900497,34.94653157958002,
2020-08-31,34.983664848082526,35.4787750947826,34.86401320513,35.132197922092544,
2020-09-01,35.437515907557575,36.097662903157676,34.86813912385251,35.60667857518011,
2020-09-02,35.73045613685514,35.854233698530145,35.28485691482507,35.297234670992566,
2020-09-03,35.379753045442584,35.379753045442584,34.70310237495248,34.8021244242925,
2020-09-04,34.665969106449985,34.665969106449985,33.66749677560483,33.83253352450487,
2020-09-07,34.0800886478549,34.61645808177997,33.85728903683987,34.28638458397993,
2020-09-08,34.245125396754915,34.61645808177997,33.956311086179866,33.964562923624875,
2020-09-09,34.03882946062989,34.03882946062989,33.4199416522548,33.791274337279845,
2020-09-10,33.84078536194986,35.123946084647535,33.84078536194986,34.731983806009985,
2020-09-11,34.777368911957495,35.4787750947826,34.245125396754915,35.165205271872544,
2020-09-14,35.26835323993506,35.689196949630116,34.98779076680503,35.68507103090762,
2020-09-15,35.49115285095011,35.89549288575515,35.070309141255045,35.297234670992566,
2020-09-16,35.276605077380076,35.48290101350509,34.65771726900497,34.92590198596751,
2020-09-17,35.132197922092544,35.48702693222759,34.86401320513,34.905272392355016,
2020-09-18,34.872265042575016,35.276605077380076,34.45142133287995,35.276605077380076,
2020-09-21,34.86401320513,35.11156832848003,34.57519889455497,34.57519889455497,
2020-09-22,34.61645808177997,34.61645808177997,33.72938555644235,33.791274337279845,
2020-09-23,34.03470354190738,34.03882946062989,33.42406757097731,33.83253352450487,
2020-09-24,33.811903930892356,33.811903930892356,33.02797937361724,33.811903930892356,
2020-09-25,33.82428168705985,34.1213478350799,33.316793684192284,33.62623758837983,
2020-09-28,33.62623758837983,34.23687355930991,32.59475790775468,33.007349780004745,
2020-09-29,33.007349780004745,33.62623758837983,32.28531400356714,33.62623758837983,
2020-09-30,33.4199416522548,33.708755962829834,32.18216603550462,32.796927925157206,
2020-10-01,31.97587009937959,32.73916506304219,31.77782600069957,32.281188084844636,
2020-10-02,32.153284604447116,32.90420181194222,31.97587009937959,32.09964766105461,
2020-10-05,32.18216603550462,32.18216603550462,30.738094482629418,31.150686354879472,
2020-10-06,31.10117533020946,31.56327822712953,30.6390724332894,31.171315948491973,
2020-10-07,31.621041089244542,31.765448244532053,30.915508987696946,31.56327822712953,
2020-10-08,31.971744180657087,32.09964766105461,31.567404145852038,31.802581513034568,
2020-10-09,31.963492343212092,32.871194462162215,31.765448244532053,32.8010538438797,
2020-10-12,32.347202784404644,33.00322386128224,31.831462944092074,31.97587009937959,
2020-10-13,31.773700081977065,32.16978827933712,31.16306411104698,31.356982291004506,
2020-10-14,31.707685382417054,31.765448244532053,31.154812273601976,31.56327822712953,
2020-10-15,31.72831497602955,32.59475790775468,31.3652341284495,31.55502638968454,
2020-10-16,31.56327822712953,31.847966618982067,31.150686354879472,31.480759852679526,
2020-10-19,31.72418905730706,31.72418905730706,31.150686354879472,31.356982291004506,
2020-10-20,31.60453741435454,33.54371921392981,31.460130259067014,32.96609059277973,
2020-10-21,33.11049774806726,33.68812636921734,32.59475790775468,33.50246002670482,
2020-10-22,33.564348807542316,33.787148418557344,32.017129286604586,32.18216603550462,
2020-10-23,32.553498720529674,32.553498720529674,31.352856372282,31.78607783814458,
2020-10-26,32.17804011678211,32.553498720529674,31.893351724929595,32.38021013418466,
2020-10-27,32.429721158854655,33.21364571612976,32.079018067442114,32.96609059277973,
2020-10-28,33.3580528714173,35.474649176060105,32.93308324299974,34.69897645622999,
2020-10-29,34.61645808177997,34.65771726900497,33.01147569872724,33.82840760578236,
2020-11-02,33.708755962829834,33.73763739388735,32.75979465665471,33.4199416522548,
2020-11-03,33.83665944322736,34.0800886478549,33.33742327780479,33.99757027340488,
2020-11-04,34.245125396754915,34.40603622693244,33.007349780004745,33.25490490335477,
2020-11-05,33.52308962031733,34.203866209529906,33.4199416522548,33.83253352450487,
2020-11-06,34.0965923227449,34.0842145665774,33.58497840115482,33.66749677560483,
2020-11-09,33.630363507102345,34.03057762318489,33.481830433092306,33.58085248243231,
2020-11-10,34.03882946062989,34.170858859749906,33.47770451436981,33.62623758837983,
2020-11-11,33.69225228793984,33.72938555644235,33.33742327780479,33.605607994767325,
2020-11-12,33.54371921392981,33.54371921392981,32.75979465665471,33.00322386128224,
2020-11-13,32.82168343749221,33.791274337279845,32.73916506304219,33.25490490335477,
2020-11-16,33.316793684192284,33.66749677560483,33.22189755357477,33.25490490335477,
2020-11-17,33.4199416522548,33.807778012169855,33.007349780004745,33.151756935292255,
2020-11-18,33.040357129784745,33.16413469145976,32.57412831414217,33.16413469145976,
2020-11-19,33.17238652890477,33.3580528714173,32.86294262471723,33.09399407317725,
2020-11-20,33.23014939101977,33.23014939101977,32.636017094979685,32.84231303110471,
2020-11-23,32.718535469429696,33.007349780004745,31.897477643652085,32.82168343749221,
2020-11-24,33.168260610182266,33.168260610182266,32.59475790775468,32.6979058758172,
2020-11-25,32.887698137052226,33.00322386128224,32.19454379167213,32.23167706017463,
2020-11-26,32.367832378017155,33.04448304850725,32.367832378017155,32.8010538438797,
2020-11-27,32.8010538438797,33.04860896722974,32.491609939692175,32.553498720529674,
2020-11-30,32.59888382647718,32.79280200643471,32.347202784404644,32.38846197162966,
2020-12-01,32.45035075246716,34.905272392355016,32.45035075246716,34.859887286407485,
2020-12-02,34.57519889455497,35.15282751570506,34.16260702230491,34.65771726900497,
2020-12-03,35.02492403530753,35.19408670293006,34.71960604984249,35.02904995403002,
2020-12-04,34.86401320513,35.09919057231254,34.785620749402504,35.04967954764253,
2020-12-07,35.06618322253253,35.074435059977546,34.822754017905005,34.86401320513,
2020-12-08,34.94653157958002,34.94653157958002,34.45554725160245,34.818628099182504,
2020-12-09,34.59582848816747,35.02904995403002,34.340021527372436,34.45142133287995,
2020-12-10,33.007349780004745,33.316793684192284,32.640143013702186,32.6979058758172,
2020-12-11,32.718535469429696,34.203866209529906,32.718535469429696,33.16413469145976,
2020-12-14,33.50246002670482,33.894422305342374,33.17238652890477,33.77064474366735,
2020-12-15,33.82840760578236,33.83253352450487,32.80517976260222,32.86706854343972,
2020-12-16,33.00322386128224,33.10637182934475,32.6979058758172,32.8010538438797,
2020-12-17,32.80930568132472,32.98672018639224,32.47098034607967,32.677276282204694,
2020-12-18,32.83818711238222,32.94133508044474,32.28531400356714,32.37608421546215,
2020-12-21,32.59475790775468,32.59475790775468,32.079018067442114,32.19454379167213,
2020-12-22,32.140906848279606,32.367832378017155,31.97587009937959,32.17804011678211,
2020-12-23,32.08314398616461,32.59475790775468,32.017129286604586,32.145032767002114,
2020-12-24,32.367832378017155,32.48748402096967,32.09964766105461,32.18629195422712,
2020-12-28,32.491609939692175,32.7556687379322,32.367832378017155,32.59475790775468,
2020-12-29,32.59475790775468,32.78042425026722,31.72831497602955,31.765448244532053,
2020-12-30,31.9799960181021,32.26468440995464,31.707685382417054,32.05838847382961,
2020-12-31,32.17391419805962,33.11049774806726,31.97587009937959,32.59475790775468,
2021-01-01,32.82168343749221,35.181708946762555,32.561750557974676,35.181708946762555,
2021-01-04,37.81817101044044,37.81817101044044,36.51438069413025,37.133268502505345,
2021-01-05,36.72067663025528,36.82382459831779,35.42101223266757,35.689196949630116,
2021-01-06,35.751085730467636,35.751085730467636,34.99191668552752,35.40450855777758,
2021-01-07,35.276605077380076,35.89549288575515,35.04967954764253,35.06618322253253,
2021-01-08,35.23534589015505,35.544789794342606,34.96716117319251,35.123946084647535,
2021-01-11,35.89549288575515,36.22144046483271,34.7608652370675,35.42101223266757,
2021-01-12,35.503530607117604,35.76758940535763,35.070309141255045,35.19408670293006,
2021-01-13,35.21471629654257,35.689196949630116,35.15282751570506,35.21471629654257,
2021-01-14,35.276605077380076,35.379753045442584,34.740235643454994,34.89702055491001,
2021-01-15,35.070309141255045,35.81297451130514,35.02492403530753,35.34674569566258,
2021-01-18,35.25597548376756,35.25597548376756,34.66184318772748,34.72373196856498,
2021-01-19,34.65771726900497,36.30808475800521,34.32764377120493,36.08528514699018,
2021-01-20,36.08528514699018,36.08528514699018,35.276605077380076,35.466397338615096,
2021-01-21,35.668567356017626,35.89549288575515,35.31786426460507,35.499404688395096,
2021-01-22,35.48290101350509,36.18430719633019,35.276605077380076,35.586048981567615,
2021-01-25,35.73045613685514,36.2049367899427,35.689196949630116,35.89961880447766,
2021-01-26,36.101788821880184,36.72067663025528,35.581923062845114,35.80059675513763,
2021-01-27,35.89549288575515,36.26682557078021,35.668567356017626,35.907870641922656,
2021-01-28,35.89549288575515,36.551513962632754,35.70982654324263,35.91199656064516,
2021-01-29,36.101788821880184,36.9929872659403,36.00276677254017,36.13479617166019,
2021-02-01,36.59689906858024,36.72067663025528,35.689196949630116,35.81297451130514,
2021-02-02,36.56389171880025,38.37104411925551,36.55563988135525,37.748030392157915,
2021-02-03,37.95845224700546,37.999711434230456,37.58299364325789,37.628378749205396,
2021-02-04,37.95020040956045,37.99558551550796,37.05075012805531,37.66963793643041,
2021-02-08,37.587119561980394,37.78103774193791,37.153898096117835,37.52523078114289,
2021-02-09,37.95845224700546,38.214259207800495,37.42208281308038,37.566489968367904,
2021-02-10,37.83054876660793,37.89656346616795,37.09200931528032,37.36019403224287,
2021-02-11,37.36019403224287,37.644882424095414,36.8857133791553,36.93109848510279,
2021-02-12,37.133268502505345,37.46334200030538,36.1430480091052,36.43186231968023,
2021-02-15,36.74130622386778,36.9269725663803,35.940877991702656,36.72067663025528,
2021-02-16,36.30808475800521,36.51438069413025,35.89549288575515,36.019270447430166,
2021-02-17,36.30808475800521,36.411232726067716,35.689196949630116,35.689196949630116,
2021-02-18,35.89549288575515,35.99864085381767,35.02904995403002,35.27247915865757,
2021-02-19,35.33849385821758,35.48290101350509,35.033175872752516,35.05380546636503,
2021-02-22,35.276605077380076,35.276605077380076,34.70310237495248,34.98779076680503,
2021-02-23,34.94653157958002,35.15282751570506,34.822754017905005,35.06618322253253,
2021-02-24,35.06618322253253,35.26835323993506,34.45142133287995,34.740235643454994,
2021-02-25,35.04967954764253,35.23534589015505,34.71960604984249,35.086812816145034,
2021-02-26,35.074435059977546,36.26682557078021,35.070309141255045,35.243597727600076,
2021-03-01,35.243597727600076,35.56541938795511,34.36890295842993,34.98779076680503,
2021-03-02,34.78149483067998,35.89549288575515,34.78149483067998,35.751085730467636,
2021-03-03,35.62730816879261,36.262699652057705,35.60667857518011,35.79234491769263,
2021-03-04,34.65771726900497,35.35912345183007,34.45142133287995,35.09506465359004,
2021-03-05,34.909398311077524,36.18430719633019,34.47205092649245,35.553041631787615,
2021-03-08,35.89549288575515,35.89549288575515,34.410162145654944,34.45554725160245,
2021-03-09,34.58345073199997,35.379753045442584,33.75001515005485,34.65359135028247,
2021-03-10,34.55456930094246,34.78149483067998,33.791274337279845,33.83253352450487,
2021-03-11,33.83253352450487,34.34827336481744,33.13525326040226,33.33742327780479,
2021-03-12,33.481830433092306,34.645339512837474,33.4612008394798,34.32764377120493,
2021-03-15,34.86401320513,35.689196949630116,34.25337723419993,35.32611610205008,
2021-03-16,35.276605077380076,35.689196949630116,34.45967317032495,34.492680520104955,
2021-03-17,34.8433836115175,34.98779076680503,34.40603622693244,34.40603622693244,
2021-03-18,34.61645808177997,34.7608652370675,33.79540025600236,33.894422305342374,
2021-03-19,34.059459054242396,34.963035254470014,33.960437004902374,34.45142133287995,
2021-03-22,34.16260702230491,35.796470836415146,34.0800886478549,35.02904995403002,
2021-03-24,35.02904995403002,35.639685924960126,34.859887286407485,35.17345710931754,
2021-03-25,35.276605077380076,35.48290101350509,34.905272392355016,35.02904995403002,
2021-03-26,35.06618322253253,35.276605077380076,34.70310237495248,35.00429444169504,
2021-03-29,34.785620749402504,34.785620749402504,34.04708129807489,34.14610334741491,
2021-03-30,34.06358497296488,34.34827336481744,33.52308962031733,33.894422305342374,
2021-03-31,33.976940679792364,34.203866209529906,33.007349780004745,33.33742327780479,
2021-04-01,33.58497840115482,34.25337723419993,33.193016122517264,33.708755962829834,
2021-04-02,33.82840760578236,33.82840760578236,33.62623758837983,33.72938555644235,
2021-04-05,33.83253352450487,34.22862172186491,32.85469078727221,33.114623666789754,
2021-04-06,33.193016122517264,34.059459054242396,33.193016122517264,34.03882946062989,
2021-04-07,34.24925131547742,34.45142133287995,33.33742327780479,33.4158157335323,
2021-04-08,32.466854427357156,32.78042425026722,32.1202772546671,32.66077260731469,
2021-04-09,32.73916506304219,33.490082270537314,32.367832378017155,33.10637182934475,
2021-04-12,33.05273488595225,33.06098672339724,32.64426893242469,33.007349780004745,
2021-04-13,32.685528119649696,33.02797937361724,32.553498720529674,32.6979058758172,
2021-04-14,32.8010538438797,32.88357221832972,32.53286912691716,32.59475790775468,
2021-04-15,32.6979058758172,32.6979058758172,32.429721158854655,32.47098034607967,
2021-04-16,32.59475790775468,32.84231303110471,32.51223953330466,32.65252076986969,
2021-04-19,32.59063198903218,32.59063198903218,31.9799960181021,32.140906848279606,
2021-04-20,32.28531400356714,32.59475790775468,31.85209253770458,32.05838847382961,
2021-04-21,32.08314398616461,32.491609939692175,31.955240505767087,32.140906848279606,
2021-04-22,31.831462944092074,32.037758880217105,31.522019039904517,31.559152308407032,
2021-04-23,31.323974941224492,31.715937219862052,30.948516337476956,31.154812273601976,
2021-04-26,30.989775524701948,32.924831405554734,30.985649605979443,32.59475790775468,
2021-04-27,32.636017094979685,33.21364571612976,31.814959269202063,31.913981318542067,
2021-04-28,32.347202784404644,32.88357221832972,31.62929292668954,31.831462944092074,
2021-04-29,31.810833350479566,31.97587009937959,31.406493315674513,31.56327822712953,
2021-04-30,31.480759852679526,31.56327822712953,30.738094482629418,31.150686354879472,
2021-05-03,31.348730453559504,31.348730453559504,30.32550261037936,30.32550261037936,
2021-05-04,30.634946514566902,31.105301248931966,30.490539359279378,30.610191002231893,
2021-05-05,31.56327822712953,32.871194462162215,31.43950066545452,32.59475790775468,
2021-05-06,33.007349780004745,33.21364571612976,32.18216603550462,32.211047466562135,
2021-05-17,32.65664668859219,33.04860896722974,31.769574163254564,32.59475790775468,
2021-05-18,32.59063198903218,32.96609059277973,32.429721158854655,32.59475790775468,
2021-05-19,32.88357221832972,32.88357221832972,32.18216603550462,32.20692154783963,
2021-05-20,32.36370645929465,32.36370645929465,31.91810723726457,32.05838847382961,
2021-05-21,32.1202772546671,32.32657319079213,31.97587009937959,32.18216603550462,
2021-05-24,32.32657319079213,32.59475790775468,31.85621845642707,32.0336329614946,
2021-05-25,32.1202772546671,32.18216603550462,31.56327822712953,31.748944569642056,
2021-05-26,31.575655983297047,32.28531400356714,31.575655983297047,31.938736830877083,
2021-05-27,32.16978827933712,32.20279562911713,31.398241478229505,31.97587009937959,
2021-05-28,32.09964766105461,32.8010538438797,31.85621845642707,32.145032767002114,
2021-05-31,32.30594359717964,32.8010538438797,32.30594359717964,32.59475790775468,
2021-06-01,32.75979465665471,33.151756935292255,32.59888382647718,32.924831405554734,
2021-06-02,33.007349780004745,33.007349780004745,32.53286912691716,32.636017094979685,
2021-06-03,33.04860896722974,33.20951979740727,32.6979058758172,32.76804649409971,
2021-06-04,32.846438949827224,33.4158157335323,32.59475790775468,32.84231303110471,
2021-06-07,33.87379271172986,33.87379271172986,32.846438949827224,33.007349780004745,
2021-06-08,33.02797937361724,33.4199416522548,32.8010538438797,32.924831405554734,
2021-06-09,33.01560161744975,33.25490490335477,32.59475790775468,32.636017094979685,
2021-06-10,32.41321748396466,32.640143013702186,32.18216603550462,32.59475790775468,
2021-06-11,32.51223953330466,32.6979058758172,32.30594359717964,32.30594359717964,
2021-06-14,32.8010538438797,32.8010538438797,32.28531400356714,32.38846197162966,
2021-06-15,32.38846197162966,33.52308962031733,32.26468440995464,33.52308962031733,
2021-06-16,33.62623758837983,34.33176968992743,33.32917144035978,33.68812636921734,
2021-06-17,33.52308962031733,33.62623758837983,33.131127341679765,33.21364571612976,
2021-06-18,33.11049774806726,33.52308962031733,32.90420181194222,33.20539387868479,
2021-06-21,33.21364571612976,33.62623758837983,32.924831405554734,33.21364571612976,
2021-06-22,33.308541846747275,33.4612008394798,33.131127341679765,33.21364571612976,
2021-06-23,33.21364571612976,33.4199416522548,33.151756935292255,33.21364571612976,
2021-06-24,33.33742327780479,34.24099947803242,33.22189755357477,34.03470354190738,
2021-06-25,33.894422305342374,34.03882946062989,33.52308962031733,34.03470354190738,
2021-06-28,33.77064474366735,34.03882946062989,33.27553449696727,33.296164090579786,
2021-06-29,33.62211166965732,33.64274126326984,32.51223953330466,32.59475790775468,
2021-06-30,32.59475790775468,33.17238652890477,32.347202784404644,33.04860896722974,
2021-07-01,32.924831405554734,33.605607994767325,32.924831405554734,33.11049774806726,
2021-07-02,33.39931205864231,33.58497840115482,32.59475790775468,32.84231303110471,
2021-07-05,32.8010538438797,33.25490490335477,32.8010538438797,33.25490490335477,
2021-07-06,33.39518613991979,33.66749677560483,31.9799960181021,32.367832378017155,
2021-07-07,32.429721158854655,32.69377995709469,32.23167706017463,32.38846197162966,
2021-07-08,32.53286912691716,33.3580528714173,32.47098034607967,32.90007589321972,
2021-07-09,33.17238652890477,33.17238652890477,32.47098034607967,32.570002395419664,
2021-07-12,32.59475790775468,32.59888382647718,32.28531400356714,32.45035075246716,
2021-07-13,32.582380151587174,32.582380151587174,32.28531400356714,32.47098034607967,
2021-07-14,32.429721158854655,33.007349780004745,32.30594359717964,32.404965646519656,
2021-07-15,32.51223953330466,32.88357221832972,32.347202784404644,32.528743208194676,
2021-07-16,32.392587890352154,32.718535469429696,32.392587890352154,32.454476671189674,
2021-07-19,32.45035075246716,32.59063198903218,32.32657319079213,32.38433605290715,
2021-07-23,32.45035075246716,32.59475790775468,32.392587890352154,32.582380151587174,
2021-07-26,32.45035075246716,32.51223953330466,32.22755114145213,32.281188084844636,
2021-07-27,32.22755114145213,32.30181767845714,32.140906848279606,32.22342522272962,
2021-07-28,32.21929930400712,32.22342522272962,31.810833350479566,31.85209253770458,
2021-07-29,31.769574163254564,32.079018067442114,31.56327822712953,31.769574163254564,
2021-07-30,31.773700081977065,32.18629195422712,31.522019039904517,31.62929292668954,
2021-08-02,31.748944569642056,32.140906848279606,31.699433544972052,31.97587009937959,
2021-08-03,31.97587009937959,32.140906848279606,31.769574163254564,32.037758880217105,
2021-08-04,32.017129286604586,32.59063198903218,31.819085187924568,31.819085187924568,
2021-08-05,32.037758880217105,32.140906848279606,31.66642619519205,31.66642619519205,
2021-08-06,31.765448244532053,31.765448244532053,31.49726352756953,31.542648633517036,
2021-08-09,31.707685382417054,31.707685382417054,30.944390418754445,31.233204729329483,
2021-08-10,31.150686354879472,31.150686354879472,30.696835295404405,30.738094482629418,
2021-08-11,30.944390418754445,31.43950066545452,30.845368369414427,31.336352697391987,
2021-08-12,31.253834322941994,31.356982291004506,30.725716726461904,31.047538386816964,
2021-08-13,30.944390418754445,31.191945542104477,30.894879394084427,30.973271849811944,
2021-08-16,31.088797574041962,31.088797574041962,30.531798546504383,30.676205701791908,
2021-08-17,30.729842645184416,32.38846197162966,30.655576108179407,32.18216603550462,
2021-08-20,32.1202772546671,32.429721158854655,31.934610912154586,32.08726990488711,
2021-08-23,31.955240505767087,32.0913958236096,31.588033739464542,31.72831497602955,
2021-08-24,31.769574163254564,32.22342522272962,31.315723103779508,32.06251439255211,
2021-08-25,32.13678092955712,32.26468440995464,31.934610912154586,32.140906848279606,
2021-08-26,32.140906848279606,32.21517338528463,31.85209253770458,31.934610912154586,
2021-08-27,32.18216603550462,32.18216603550462,31.398241478229505,31.707685382417054,
2021-08-30,31.769574163254564,33.296164090579786,31.769574163254564,33.01147569872724,
2021-08-31,33.007349780004745,33.17238652890477,32.80930568132472,32.98672018639224,
2021-09-01,33.089868154454756,33.11049774806726,32.80517976260222,32.88357221832972,
2021-09-02,33.00322386128224,33.007349780004745,32.6979058758172,32.924831405554734,
2021-09-03,32.994972023837235,33.62623758837983,32.84231303110471,33.17651244762726,
2021-09-06,33.316793684192284,33.50246002670482,33.131127341679765,33.17238652890477,
2021-09-07,33.316793684192284,33.341549196527296,33.007349780004745,33.04860896722974,
2021-09-08,33.02797937361724,33.21364571612976,32.347202784404644,32.59475790775468,
2021-09-09,32.718535469429696,33.089868154454756,32.396713809074654,32.96609059277973,
2021-09-10,33.007349780004745,33.37868246502979,32.59475790775468,32.6896540383722,
2021-09-13,32.8010538438797,33.25490490335477,32.65664668859219,32.97021651150222,
2021-09-14,33.21364571612976,33.296164090579786,32.90420181194222,33.131127341679765,
2021-09-15,33.151756935292255,33.168260610182266,32.90420181194222,33.11049774806726,
2021-09-16,33.193016122517264,33.193016122517264,32.924831405554734,32.99909794255974,
2021-09-17,33.089868154454756,33.11049774806726,32.557624639252175,32.71440955070721,
2021-09-20,32.796927925157206,32.88357221832972,32.40909156524215,32.86294262471723,
2021-09-21,32.61538750136719,32.86294262471723,32.59888382647718,32.75979465665471,
2021-09-22,32.722661388152204,32.73916506304219,31.583907820742034,32.53286912691716,
2021-09-23,30.857746125581944,30.857746125581944,30.366761797604358,30.552428140116895,
2021-09-24,30.593687327341893,31.039286549371965,30.54005038394939,30.820612857079432,
2021-09-27,30.84124245069193,31.13005676126698,30.655576108179407,30.944390418754445,
2021-09-28,31.068167980429465,31.315723103779508,30.717464889016917,30.944390418754445,
2021-09-29,30.944390418754445,31.068167980429465,30.32550261037936,30.333754447824354,
2021-09-30,30.515294871614373,30.531798546504383,29.99955503130181,30.12333259297683,
2021-10-01,30.531798546504383,30.531798546504383,30.127458511699334,30.42452465971937,
2021-10-04,30.531798546504383,30.531798546504383,30.333754447824354,30.531798546504383,
2021-10-05,30.531798546504383,30.923760825141947,30.449280172054372,30.79998326346692,
2021-10-06,30.53592446522688,31.13005676126698,30.53592446522688,30.696835295404405,
2021-10-07,30.944390418754445,30.944390418754445,30.655576108179407,30.738094482629418,
2021-10-08,30.696835295404405,30.812361019634423,30.18109545509183,30.52354670905939,
2021-10-11,30.717464889016917,31.233204729329483,30.387391391216863,30.531798546504383,
2021-10-12,30.531798546504383,30.696835295404405,29.995429112579306,30.11920667425432,
2021-10-13,30.317250772934354,30.738094482629418,30.036688299804318,30.387391391216863,
2021-10-14,30.366761797604358,30.944390418754445,30.164591780201828,30.738094482629418,
2021-10-15,30.531798546504383,30.944390418754445,30.531798546504383,30.944390418754445,
2021-10-18,30.738094482629418,30.944390418754445,30.366761797604358,30.84124245069193,
2021-10-20,30.738094482629418,31.97587009937959,30.738094482629418,31.52614495862703,
2021-10-21,31.97587009937959,32.22342522272962,31.460130259067014,31.971744180657087,
2021-10-22,32.17391419805962,32.17391419805962,31.356982291004506,31.74069273219707,
2021-10-25,31.97587009937959,32.079018067442114,31.567404145852038,31.769574163254564,
2021-10-26,31.60453741435454,32.18216603550462,31.60453741435454,32.18216603550462,
2021-10-27,32.18216603550462,32.29769175973464,32.09964766105461,32.09964766105461,
2021-10-28,32.34307686568214,32.553498720529674,31.97587009937959,32.09964766105461,
2021-10-29,31.77782600069957,32.18216603550462,31.253834322941994,31.356982291004506,
2021-11-01,31.356982291004506,31.769574163254564,31.356982291004506,31.66642619519205,
2021-11-02,31.765448244532053,31.97587009937959,31.56327822712953,31.761322325809555,
2021-11-03,32.140906848279606,32.51223953330466,31.336352697391987,31.37761188461701,
2021-11-04,31.670552113914546,31.687055788804553,31.233204729329483,31.241456566774488,
2021-11-05,31.05166430553946,31.748944569642056,31.05166430553946,31.21670105443948,
2021-11-08,31.336352697391987,31.522019039904517,30.936138581309443,30.944390418754445,
2021-11-09,31.088797574041962,31.150686354879472,30.164591780201828,30.32137669165686,
2021-11-10,31.13005676126698,31.13005676126698,30.20172504870434,30.692709376681908,
2021-11-11,30.692709376681908,30.779353669854416,30.32550261037936,30.630820595844398,
2021-11-12,30.531798546504383,30.622568758399385,30.10270299936431,30.15221402403433,
2021-11-15,30.164591780201828,30.32550261037936,30.061443812139313,30.12333259297683,
2021-11-16,30.263613829541846,31.356982291004506,30.263613829541846,31.146560436156975,
2021-11-17,30.944390418754445,31.150686354879472,30.655576108179407,30.861872044304437,
2021-11-18,30.597813246064394,31.332226778669504,30.552428140116895,30.552428140116895,
2021-11-19,30.738094482629418,30.965020012366942,30.333754447824354,30.387391391216863,
2021-11-22,30.717464889016917,30.717464889016917,30.077947487029316,30.20172504870434,
2021-11-23,30.511168952891875,30.531798546504383,29.917036656851803,30.11920667425432,
2021-11-24,30.263613829541846,30.511168952891875,29.72724439561677,29.912910738129305,
2021-11-25,30.016058706191814,30.016058706191814,28.716394308604126,28.77828308944164,
2021-11-26,28.77828308944164,30.20172504870434,28.675135121379125,29.974799518966815,
2021-11-29,29.912910738129305,30.729842645184416,29.50031886587923,30.721590807739414,
2021-11-30,30.903131231529432,31.299219428889494,29.954169925354304,30.581309571174394,
2021-12-01,30.861872044304437,30.944390418754445,30.304873016766855,30.923760825141947,
2021-12-02,30.634946514566902,30.696835295404405,28.761779414551633,29.046467806404173,
2021-12-03,29.61584459010927,29.912910738129305,29.08772699362918,29.50031886587923,
2021-12-06,29.87165155090429,29.912910738129305,29.29402292975421,29.706614802004264,
2021-12-07,29.706614802004264,30.11920667425432,29.706614802004264,29.912910738129305,
2021-12-08,29.912910738129305,30.32550261037936,29.29402292975421,30.11920667425432,
2021-12-09,30.03256238108182,30.32137669165686,29.62409642755425,29.9005329819618,
2021-12-10,29.71074072072678,29.830392363679277,29.62409642755425,29.71074072072678,
2021-12-13,29.84689603856929,29.888155225794304,29.62409642755425,29.644726021166754,
2021-12-14,29.706614802004264,30.036688299804318,29.376541304204224,30.016058706191814,
2021-12-15,30.09857708064182,30.40802098482937,29.29402292975421,29.768503582841774,
2021-12-16,29.89228114451678,29.912910738129305,29.50031886587923,29.50031886587923,
2021-12-17,29.706614802004264,29.785007257731774,29.492067028434242,29.50031886587923,
2021-12-20,29.58283724032925,29.809762770066783,29.39717089781672,29.768503582841774,
2021-12-21,29.805636851344275,30.263613829541846,29.805636851344275,29.912910738129305,
2021-12-22,30.03256238108182,30.03256238108182,29.71074072072678,29.72724439561677,
2021-12-23,29.72724439561677,30.09857708064182,29.72724439561677,29.89228114451678,
2021-12-24,30.057317893416812,30.17696953636933,29.830392363679277,30.11095483680933,
2021-12-27,30.115080755531817,30.16046586147933,29.50031886587923,29.50031886587923,
2021-12-28,29.809762770066783,29.809762770066783,29.41780049142923,29.45905967865423,
2021-12-29,29.50031886587923,29.706614802004264,29.35591171059172,29.496192947156732,
2021-12-30,29.50031886587923,29.68598520839176,29.29402292975421,29.405422735261716,
2021-12-31,29.29402292975421,29.71074072072678,29.29402292975421,29.43430416631923,
2022-01-03,29.50031886587923,29.69423704583676,29.46318559737673,29.50031886587923,
2022-01-04,29.60346683394175,30.07382156830682,29.50031886587923,30.036688299804318,
2022-01-05,30.094451161919324,30.696835295404405,29.83451828240179,30.655576108179407,
2022-01-06,30.622568758399385,32.079018067442114,30.54005038394939,31.56327822712953,
2022-01-07,31.418871071842016,32.47098034607967,31.37761188461701,32.28531400356714,
2022-01-10,32.29356584101213,33.877918630452356,32.18216603550462,33.38280838375229,
2022-01-11,33.62623758837983,34.1419774286924,33.06923856084226,33.25903082207727,
2022-01-12,33.292038171857286,33.58497840115482,33.21364571612976,33.42406757097731,
2022-01-13,33.4281934896998,33.58497840115482,33.21364571612976,33.296164090579786,
2022-01-14,33.58085248243231,33.77064474366735,32.84231303110471,33.05686080467474,
2022-01-17,33.27553449696727,33.75001515005485,32.90420181194222,33.21364571612976,
2022-01-18,33.4199416522548,33.745889231332356,32.59888382647718,32.88357221832972,
2022-01-19,33.05273488595225,33.11049774806726,32.45035075246716,32.454476671189674,
2022-01-20,32.59475790775468,32.81755751876971,32.18629195422712,32.78042425026722,
2022-01-21,32.73916506304219,33.131127341679765,32.73916506304219,32.90832773066472,
2022-01-24,32.945460999167224,33.20126795996229,32.75979465665471,33.17238652890477,
2022-01-25,33.131127341679765,33.50246002670482,33.007349780004745,33.27553449696727,
2022-01-26,33.17238652890477,33.52308962031733,32.8010538438797,33.481830433092306,
2022-01-27,33.51896370159481,33.91917781767737,33.296164090579786,33.869666793007354,
2022-01-28,34.03057762318489,34.03882946062989,33.72938555644235,33.787148418557344,
2022-01-31,34.26124039814208,34.53663052388811,33.90910220456517,34.085171301353625,
2022-02-01,34.085171301353625,34.13031722360707,33.633712078819144,33.76914984557949,
2022-02-02,33.81429576783293,33.97230649572001,33.520847273185524,33.9226459812412,
2022-02-03,34.07614211690294,34.085171301353625,33.63822667104449,33.642741263269826,
2022-02-04,33.85492709786103,33.94973353459328,33.453128389805336,33.79623739893156,
2022-02-07,33.63822667104449,34.17094855363518,33.63822667104449,33.99939404907208,
2022-02-08,34.26124039814208,34.53663052388811,33.904587612339824,34.21609447588864,
2022-02-09,34.22060906811397,34.98357515419725,34.13483181583242,34.75784554293,
2022-02-10,34.654009921747075,34.762360135155355,34.089685893578974,34.28832795149413,
2022-02-11,33.97230649572001,34.667553698423106,33.97230649572001,34.17546314586052,
2022-02-14,34.401192757127774,34.401192757127774,33.91361679679053,34.01745241797345,
2022-02-15,34.31090091262087,34.31090091262087,32.73079363375018,33.272544700791556,
2022-02-16,33.096475604003096,33.85492709786103,32.888804361637234,33.38540950642517,
2022-02-17,33.36283654529845,33.76914984557949,32.55020994473638,32.812056293806386,
2022-02-18,32.77593955600362,33.2273987785381,32.77593955600362,32.89331895386258,
2022-02-21,32.73982281820086,32.95652324501741,32.55020994473638,32.68564771149672,
2022-02-22,32.667589342595335,32.95652324501741,32.008458877695006,32.31545114901844,
2022-02-23,32.500549430257585,32.68564771149672,31.895594072061375,32.414772177976026,
2022-02-24,32.053604799948445,32.45991810022948,31.380930558372068,31.65180609189275,
2022-02-25,32.053604799948445,32.27933441121568,31.606660169639316,31.805302227554478,
2022-02-28,32.053604799948445,32.68564771149672,31.65180609189275,32.50506402248293,
2022-03-01,32.617928828116554,33.00166916727086,32.27933441121568,32.77593955600362,
2022-03-02,32.532151575834995,32.59535586698983,32.053604799948445,32.31996574124378,
2022-03-03,32.40574299352536,32.95652324501741,32.32448033346914,32.90234813831327,
2022-03-04,32.92943569166535,32.942979468341385,32.27933441121568,32.301907372342406,
2022-03-07,32.07617776107515,32.112294498877915,30.51864344333119,31.015248588119135,
2022-03-08,30.74437305459843,31.015248588119135,30.1574760653036,30.243253317585157,
2022-03-09,30.256797094261195,30.41932241437359,30.067184220796708,30.067184220796708,
2022-03-10,30.65408121009154,30.685683355668953,30.360632715444126,30.60442069561274,
2022-03-11,30.527672627781886,30.541216404457924,29.69698765831843,29.97237778406447,
2022-03-14,29.796308687276024,30.29291383206394,29.344849464741532,29.525433153755333,
2022-03-15,29.480287231501887,31.367386781696037,29.480287231501887,31.195832277132922,
2022-03-16,31.28160952941447,31.489280771780344,30.79403356907723,31.060394510372568,
2022-03-17,30.748887646823782,31.240978199386365,30.65408121009154,30.721800093471714,
2022-03-18,30.699227132344983,30.97913185031637,29.845969201754805,30.64505202564084,
2022-03-21,30.911412966936194,30.911412966936194,29.796308687276024,30.473497521077753,
2022-03-22,30.360632715444126,30.857237860232058,30.067184220796708,30.703741724570342,
2022-03-24,30.924956743612235,31.240978199386365,30.47801211330309,31.101025840400677,
2022-03-25,31.150686354879483,31.466707810653617,30.717285501246366,31.046850733696548,
2022-03-28,31.150686354879483,31.48476617955499,30.65408121009154,31.32675545166793,
2022-03-29,31.376415966146723,32.617928828116554,31.26806575273845,32.166469605582066,
2022-03-30,32.143896644455346,32.50506402248293,31.715010383047588,32.45540350800414,
2022-03-31,32.36511166349724,32.50506402248293,32.06714857662449,32.31545114901844,
2022-04-01,32.500549430257585,32.77593955600362,32.053604799948445,32.32899492569448,
2022-04-04,31.602145577413953,32.04006102327241,31.195832277132922,31.59311639296327,
2022-04-05,31.47122240287896,32.27933441121568,31.150686354879483,31.489280771780344,
2022-04-06,31.597630985188616,31.98588591656827,31.597630985188616,31.940739994314836,
2022-04-07,31.918167033188105,31.922681625413443,31.150686354879483,31.331270043893266,
2022-04-08,31.376415966146723,31.782729266427754,31.060394510372568,31.150686354879483,
2022-04-11,32.50506402248293,33.272544700791556,32.10326531442723,32.721764449299485,
2022-04-12,32.50506402248293,32.82108547825707,32.17098419780741,32.59535586698983,
2022-04-13,32.50957861470829,33.159679895157936,32.50506402248293,32.757881187102235,
2022-04-14,32.59535586698983,33.159679895157936,32.59535586698983,32.96555242946811,
2022-04-15,33.12807774958051,33.18225285628466,32.32899492569448,32.36962625572259,
2022-04-18,32.33350951791983,33.850412505635695,32.32899492569448,32.87074599273586,
2022-04-19,32.95652324501741,33.168709079608625,32.053604799948445,32.43734513910275,
2022-04-20,32.70822067262343,32.70822067262343,31.940739994314836,31.96782754766689,
2022-04-21,32.008458877695006,32.38768462462396,31.827875188681205,31.990400508793616,
2022-04-22,31.96331295544155,32.166469605582066,31.70146660637154,31.805302227554478,
2022-04-25,32.03103183882172,32.83011466270776,32.03103183882172,32.617928828116554,
2022-04-26,32.73079363375018,32.77593955600362,31.96331295544155,32.03103183882172,
2022-04-27,32.053604799948445,32.18904256670879,31.51636832513241,31.69243742192086,
2022-04-28,31.245492791611717,31.597630985188616,30.748887646823782,30.924956743612235,
2022-05-06,30.699227132344983,31.2635511605131,30.252282502035847,30.541216404457924,
2022-05-09,30.45092455995102,30.550245588908606,29.71053143499446,30.085242589698098,
2022-05-10,29.88660053178292,30.31548679319068,29.796308687276024,30.193592803106363,
2022-05-11,30.22519494868378,30.35160353099344,29.299703542488093,29.344849464741532,
2022-05-12,29.344849464741532,29.773735726149297,28.852758912178942,29.254557620234642,
2022-05-13,29.44417049369912,29.86402757065619,29.25907221245998,29.86402757065619,
2022-05-16,29.660870920515677,29.84145460952947,29.20941169798119,29.344849464741532,
2022-05-17,29.435141309248433,29.45771427037515,28.983682086713944,29.055915562319463,
2022-05-18,29.087517707896886,29.660870920515677,28.9385361644605,29.538976930431364,
2022-05-19,29.412568348121706,30.01752370631792,29.349364056966884,29.751162765022563,
2022-05-20,29.49834560040326,30.338059754317406,29.371937018093607,29.656356328290332,
2022-05-23,29.435141309248433,29.999465337416538,28.532222864179463,28.9385361644605,
2022-05-24,28.55479582530619,29.331305688065495,28.401299689644457,28.532222864179463,
2022-05-25,28.52770827195411,28.870817281080324,27.543527166828945,28.387755912968423,
2022-05-26,28.52319367972876,28.8482443199536,28.44193101967257,28.622514708686356,
2022-05-27,29.32227650361481,29.660870920515677,28.672175223165148,28.8888756499817,
2022-05-30,29.119119853474285,29.344849464741532,28.8482443199536,28.98819667893929,
2022-05-31,29.299703542488093,30.473497521077753,29.299703542488093,30.360632715444126,
2022-06-01,29.88660053178292,30.01752370631792,29.07848852344619,29.119119853474285,
2022-06-02,29.03334260119274,29.299703542488093,28.49610612637669,29.18232414462912,
2022-06-03,29.32227650361481,29.796308687276024,27.539012574603586,28.4554747963486,
2022-06-06,28.581883378658258,29.15523659127705,28.035617719391524,28.89339024220705,
2022-06-07,28.89339024220705,29.119119853474285,28.56833960198222,28.7579524754467,
2022-06-08,28.55931041753153,29.344849464741532,28.532222864179463,29.344849464741532,
2022-06-09,29.123634445699643,29.796308687276024,29.123634445699643,29.57509366823412,
2022-06-10,29.254557620234642,30.01752370631792,29.254557620234642,29.84145460952947,
2022-06-13,29.82339624062809,30.1574760653036,28.8482443199536,29.00625504784067,
2022-06-14,28.902419426657737,29.20941169798119,28.410328874095153,29.00625504784067,
2022-06-15,29.119119853474285,29.97237778406447,28.92047779555912,29.570579076008777,
2022-06-16,29.602181221586186,30.717285501246366,29.602181221586186,30.41029322992292,
2022-06-17,30.65408121009154,31.150686354879483,30.383205676570846,30.812091937978607,
2022-06-20,30.789518976851884,31.082967471499305,29.796308687276024,29.976892376289815,
2022-06-21,30.22519494868378,30.29291383206394,29.683443881642397,30.243253317585157,
2022-06-22,30.24776790981051,30.60893528783809,30.16199065752896,30.202621987557052,
2022-06-23,31.150686354879483,31.489280771780344,31.015248588119135,31.03782154924585,
2022-06-24,31.150686354879483,31.218405238259646,28.825671358826877,29.751162765022563,
2022-06-27,29.57509366823412,30.24776790981051,29.570579076008777,30.24776790981051,
2022-06-28,30.44640996772568,30.58636232671137,30.02655289076861,30.107815550824814,
2022-06-29,30.13941769640223,30.360632715444126,30.022038298543265,30.198107395331707,
2022-06-30,30.24776790981051,32.23418848896224,30.02655289076861,30.65408121009154,
2022-07-01,31.060394510372568,31.367386781696037,30.500585074429807,30.93398592806293,
2022-07-04,31.010733995893787,31.218405238259646,30.595391511162052,30.83466489910533,
2022-07-05,31.015248588119135,31.015248588119135,30.60893528783809,30.699227132344983,
2022-07-06,30.866267044682743,30.98816103476706,30.60893528783809,30.83917949133068,
2022-07-07,30.857237860232058,31.03782154924585,30.482526705528443,30.60893528783809,
2022-07-13,30.626993656739472,31.060394510372568,30.473497521077753,30.924956743612235,
2022-07-14,31.082967471499305,31.51185373290706,30.83917949133068,31.277094937189126,
2022-07-15,31.37190137392137,31.457678626202924,31.01976318034447,31.195832277132922,
2022-07-18,30.730829277922403,30.879810821358788,30.202621987557052,30.60442069561274,
2022-07-19,30.62247906451412,30.62247906451412,29.073973931220845,29.566064483783425,
2022-07-20,29.570579076008777,29.796308687276024,28.961109125587218,29.57509366823412,
2022-07-21,29.58863744491016,29.728589803895844,29.164265775727735,29.570579076008777,
2022-07-22,29.651841736064984,29.877571347332225,29.231984659107916,29.796308687276024,
2022-07-25,29.389995386994972,29.484801823727217,29.20941169798119,29.254557620234642,
2022-07-26,29.263586804685325,29.43062671702308,28.622514708686356,28.961109125587218,
2022-07-27,29.00625504784067,29.20941169798119,28.667660630939807,28.816642174376177,
2022-07-28,28.86178809662964,30.198107395331707,28.812127582150843,29.037857193418073,
2022-07-29,29.141692814601015,29.277130581361355,28.780525436573424,29.114605261248943,
2022-08-01,29.344849464741532,29.344849464741532,28.89339024220705,29.073973931220845,
2022-08-02,29.073973931220845,29.164265775727735,28.672175223165148,29.051400970094118,
2022-08-03,29.09654689234757,29.570579076008777,28.99271127116463,29.52091856152998,
2022-08-04,29.660870920515677,30.24776790981051,29.403539163671013,29.796308687276024,
2022-08-05,29.84145460952947,30.29291383206394,29.570579076008777,30.207136579782404,
2022-08-10,30.27034087093723,31.421561888400166,30.1574760653036,31.055879918147234,
2022-08-11,31.32224085944258,31.32224085944258,30.699227132344983,30.875296229133443,
2022-08-12,31.03782154924585,31.466707810653617,30.798548161302577,31.141657170428786,
2022-08-15,31.35384300501999,31.6472914996674,30.888840005809474,31.18228850045688,
2022-08-16,31.308697082766546,32.18904256670879,31.15971553933017,31.602145577413953,
2022-08-17,31.606660169639316,32.04006102327241,31.556999655160517,31.782729266427754,
2022-08-18,31.93622540208948,32.00394428546965,31.52539750958309,31.918167033188105,
2022-08-19,31.602145577413953,31.606660169639316,31.110055024851363,31.376415966146723,
2022-08-22,31.060394510372568,31.240978199386365,30.83466489910533,31.128113393752745,
2022-08-23,31.150686354879483,31.873021110934637,31.150686354879483,31.769185489751724,
2022-08-24,31.715010383047588,32.82108547825707,31.602145577413953,32.3605970712719,
2022-08-25,32.34253870237051,32.726279041524826,29.86402757065619,29.86402757065619,
2022-08-26,28.446445611897914,29.61572499826222,28.446445611897914,29.299703542488093,
2022-08-29,28.983682086713944,29.5028601926286,28.983682086713944,29.335820280290843,
2022-08-30,29.79179409505067,29.796308687276024,29.186838736854465,29.299703542488093,
2022-08-31,29.412568348121706,30.08072799747274,29.00625504784067,30.022038298543265,
2022-09-01,30.022038298543265,30.180049026430325,29.751162765022563,29.800823279501362,
2022-09-02,29.99495074519119,29.99495074519119,29.45771427037515,29.751162765022563,
2022-09-05,29.728589803895844,29.728589803895844,29.119119853474285,29.119119853474285,
2022-09-06,29.20941169798119,29.277130581361355,28.762467067672052,29.0288280089674,
2022-09-07,29.254557620234642,29.254557620234642,28.92047779555912,28.983682086713944,
2022-09-08,28.870817281080324,29.173294960178435,28.870817281080324,28.970138310037907,
2022-09-09,29.09654689234757,29.09654689234757,28.672175223165148,28.73086492209464,
2022-09-12,28.89339024220705,28.89339024220705,28.65411685426377,28.825671358826877,
2022-09-13,28.89339024220705,29.254557620234642,28.884361057756355,29.150721999051697,
2022-09-14,29.046886377868777,30.24776790981051,29.00625504784067,29.990436152965856,
2022-09-15,30.202621987557052,30.29291383206394,29.412568348121706,29.45771427037515,
2022-09-16,29.570579076008777,29.904658900684293,29.119119853474285,29.79179409505067,
2022-09-19,29.796308687276024,30.008494521867224,29.570579076008777,29.836940017304126,
2022-09-20,29.773735726149297,29.79179409505067,29.394509979220327,29.706016842769117,
2022-09-21,29.277130581361355,29.84145460952947,29.277130581361355,29.796308687276024,
2022-09-22,29.796308687276024,29.796308687276024,29.09654689234757,29.389995386994972,
2022-09-23,29.566064483783425,29.57509366823412,28.897904834432396,28.897904834432396,
2022-09-26,29.051400970094118,30.924956743612235,29.00625504784067,30.789518976851884,
2022-09-27,30.721800093471714,31.195832277132922,30.617964472288776,30.970102665865674,
2022-09-28,31.006219403668442,31.669864460794127,30.857237860232058,31.150686354879483,
2022-09-29,31.209376053808953,31.37190137392137,30.924956743612235,31.060394510372568,
2022-09-30,30.924956743612235,31.737583344174304,30.924956743612235,31.561514247385844,
2022-10-03,31.4260764806255,33.92716057346655,31.421561888400166,33.92716057346655,
2022-10-04,34.988089746422595,35.54789918236536,34.8075060574088,34.988089746422595,
2022-10-05,35.028721076450694,35.34925712445019,34.78944768850742,34.988089746422595,
2022-10-06,35.055808629802776,35.985814628223814,34.988089746422595,35.6427056190976,
2022-10-07,35.353771716675524,36.13931076388553,35.317654978872774,35.760085016956566,
2022-10-10,36.02644595825192,36.27474853064587,35.57498673571742,35.66076398799898,
2022-10-11,38.68458594735947,39.22021867586137,37.80971915747305,38.208467966468895,
2022-10-12,38.208467966468895,38.208467966468895,37.69068966225038,37.97040897602361,
2022-10-13,37.88113685460662,38.089438471246254,37.565708692266604,37.64307786416134,
2022-10-14,37.97040897602361,38.00016634982927,37.52404836893869,37.92279717793455,
2022-10-17,38.00016634982927,38.01206929935153,37.73234998557832,37.86328243032323,
2022-10-18,37.99421487506813,38.05968109744059,37.851379480800965,37.97040897602361,
2022-10-19,38.02992372363493,38.68458594735947,37.88113685460662,38.44652695691418,
2022-10-20,38.62507119974816,39.452326191545524,38.47628433071985,39.279733423472706,
2022-10-21,39.101189180638734,39.874880899585925,39.10714065539987,39.71419108103536,
2022-10-24,40.70808736614444,40.87472865945614,40.023667768614224,40.23196938525385,
2022-10-25,40.416465102848946,41.36274958986898,40.178406112403664,40.952097831350855,
2022-10-26,40.7378447399501,40.7378447399501,39.57730716152931,39.57730716152931,
2022-10-27,39.57730716152931,39.90463827339158,38.38701220930285,39.0416744330274,
2022-10-28,38.982159685416086,39.160703928250044,38.42272105786966,38.53579907833117,
2022-10-31,38.44652695691418,39.38090849441194,38.44652695691418,39.279733423472706,
2022-11-01,39.428520292501005,39.874880899585925,39.34519964584514,39.815366151974594,
2022-11-02,39.88083237434705,41.06517585181238,39.874880899585925,40.94614635658971,
2022-11-03,40.83306833612822,41.06517585181238,40.41051362808782,40.535494598071594,
2022-11-04,40.11293989003121,40.76760211375576,39.874880899585925,40.47002837569914,
2022-11-07,40.52359164854932,40.886631608978405,40.350998880476496,40.35695035523763,
2022-11-08,40.50573722426593,41.053272902290104,40.47002837569914,40.76760211375576,
2022-11-10,41.14254502370708,41.95194559122107,41.094933225618014,41.58295415603087,
2022-11-11,41.654371853164456,41.9578970659822,41.30323484225765,41.41631286271917,
2022-11-14,41.51153645889729,41.51153645889729,40.94019488182859,41.27347746845199,
2022-11-15,41.4222643374803,41.4222643374803,40.80331096232254,41.02351552848444,
2022-11-16,40.999709629439906,41.56509973174748,40.94614635658971,41.36274958986898,
2022-11-17,41.39250696367463,42.4935297944841,41.29133189273539,41.481779085091624,
2022-11-18,41.63056595411992,41.63056595411992,41.184205347035004,41.37465253939123,
2022-11-21,41.481779085091624,41.64842037840332,41.06517585181238,41.36274958986898,
2022-11-22,41.452021711285965,41.60080858031427,40.922340457545204,41.16635092275161,
2022-11-23,41.350846640346724,41.350846640346724,39.428520292501005,39.69633665675196,
2022-11-24,39.75585140436327,40.148648738598,39.69633665675196,39.84512352578026,
2022-11-25,39.815366151974594,39.815366151974594,38.53579907833117,38.67863447259834,
2022-11-28,38.089438471246254,39.13094655444439,37.85733095556209,38.85717871543231,
2022-11-29,38.53579907833117,40.41051362808782,38.44652695691418,39.63682190914063,
2022-11-30,39.71419108103536,40.07723104146441,39.279733423472706,39.416617342978746,
2022-12-01,39.51779241391799,40.07723104146441,39.48803504011231,39.57730716152931,
2022-12-02,39.874880899585925,40.17245463764254,39.51779241391799,40.06532809194214,
2022-12-05,40.29148413286518,40.29148413286518,39.422568817739865,39.69633665675196,
2022-12-06,39.57730716152931,39.72609403055762,39.01191705922174,39.416617342978746,
2022-12-07,39.33329669632289,39.72609403055762,38.994062634938345,39.630870434379496,
2022-12-08,39.57730716152931,39.84512352578026,39.07143180683307,39.19046130205571,
2022-12-09,39.78560877816893,39.78560877816893,38.71434332116514,38.91669346304363,
2022-12-12,38.946450836849294,39.48803504011231,38.59531382594248,38.68458594735947,
2022-12-13,38.83337281638777,38.982159685416086,38.47628433071985,38.982159685416086,
2022-12-14,38.83337281638777,38.892887563999096,38.54770202785342,38.68458594735947,
2022-12-15,38.56555645213684,38.57150792689796,37.43477624752171,37.46453362132737,
2022-12-16,37.51214541941643,38.22632239075229,37.196717257076415,37.34550412610472,
2022-12-19,37.33955265134359,37.488339520371895,36.0123737796111,36.10759737578921,
2022-12-20,36.303996042906576,36.42302553812923,35.2922453335141,35.61957644537638,
2022-12-21,35.70289709203224,36.28019014386206,35.23273058590278,35.351760081125434,
2022-12-22,35.70884856679337,36.29804456814546,35.59577054633185,36.21472392148961,
2022-12-23,35.82787806201601,38.79171249305985,35.70884856679337,37.42882477276057,
2022-12-26,37.8751853798455,38.05968109744059,36.42302553812923,36.64918157905225,
2022-12-27,36.42302553812923,36.839628771408485,36.12545180007262,36.29209309338431,
2022-12-28,36.44087996241262,37.64307786416134,36.303996042906576,36.839628771408485,
2022-12-29,36.82772582188622,37.851379480800965,36.54205503335188,36.80987139760282,
2022-12-30,36.89914351901981,38.089438471246254,36.89914351901981,37.541902793222086,
2023-01-02,37.73234998557832,37.8751853798455,36.89914351901981,37.077687761853774,
2023-01-03,37.16695988327076,37.494290995133035,36.45278291193489,36.57776388191867,
2023-01-04,36.51229765954621,36.887240569497536,36.244481295295266,36.303996042906576,
2023-01-05,36.33375341671224,36.69084190238018,36.33375341671224,36.601569780963196,
2023-01-06,36.69084190238018,37.137202509465084,36.34565636623451,36.5301520838296,
2023-01-09,36.393268164323565,36.601569780963196,35.798120688210346,35.994519355327704,
2023-01-10,36.45278291193489,36.786065498558294,36.04213115341676,36.22662687101187,
2023-01-11,36.33375341671224,36.51229765954621,35.76836331440468,35.946907557238646,
2023-01-12,36.00642230484998,36.750356649991495,35.82787806201601,36.05403410293902,
2023-01-13,35.82787806201601,36.42302553812923,35.5898190715707,36.12545180007262,
2023-01-16,36.03617967865562,36.23257834577299,35.61957644537638,35.70289709203224,
2023-01-17,35.71480004155449,35.94095608247752,33.953163512259344,34.524505089328045,
2023-01-18,34.63758310978955,35.5303043239594,34.37571822029974,35.2922453335141,
2023-01-19,35.17321583829146,35.85763543582166,35.11370109068014,35.20297321209712,
2023-01-20,34.9946715954575,35.60172202109299,34.84588472642918,35.05418634306882,
2023-01-23,35.11370109068014,35.5303043239594,34.697097857400884,35.470789576348075,
2023-01-24,35.64933381918204,36.03617967865562,35.38746892969222,35.70884856679337,
2023-01-25,35.88144133486619,36.45278291193489,35.6433823444209,35.946907557238646,
2023-01-26,35.976664931044304,37.40501887371604,35.976664931044304,37.077687761853774,
2023-01-27,36.952706791869986,38.62507119974816,36.89914351901981,37.61927196511681,
2023-01-30,37.79186473318964,38.375109259780594,36.244481295295266,36.86938614521414,
2023-01-31,37.077687761853774,38.61911972498703,36.80987139760282,38.119195845051905,
2023-02-01,38.160856168379844,38.976208210654946,38.14895321885758,38.208467966468895,
2023-02-02,38.29774008788588,39.279733423472706,37.97040897602361,39.160703928250044,
2023-02-03,39.01191705922174,40.1665031628814,38.994062634938345,39.89273532386932,
2023-02-06,40.1665031628814,40.55930049711613,39.66062780818517,40.535494598071594,
2023-02-07,40.76760211375576,41.72578955029804,40.350998880476496,40.48193132522141,
2023-02-08,40.529543123310454,41.4222643374803,39.69633665675196,40.44027100189349,
2023-02-09,40.47002837569914,40.76760211375576,39.57730716152931,39.815366151974594,
2023-02-10,39.279733423472706,40.142697263836865,37.762107359383975,38.137050269335305,
2023-02-13,38.27988566360247,40.13674578907574,38.089438471246254,39.279733423472706,
2023-02-14,39.31544227203949,39.50588946439571,38.42272105786966,38.80361544258212,
2023-02-15,38.708391846404005,40.17245463764254,38.57150792689796,39.93439564719723,
2023-02-16,40.17245463764254,40.29148413286518,39.36900554488968,39.60706453533496,
2023-02-17,39.30949079727835,39.78560877816893,39.30949079727835,39.54159831296251,
2023-02-20,39.51779241391799,39.6665792829463,38.98811116017722,39.04762590778855,
2023-02-21,39.22021867586137,39.96415302100291,39.10714065539987,39.6665792829463,
2023-02-22,39.72609403055762,41.0354184780067,39.33924817108402,40.76760211375576,
2023-02-23,40.475979850460284,41.588905630792,40.214114960970456,41.350846640346724,
2023-02-24,41.66032332792558,42.3447429254558,41.34489516558558,41.63056595411992,
2023-02-27,41.77935282314824,43.088677270597316,40.60096082044405,42.25547080403881,
2023-02-28,42.37450029926146,42.48757831972297,41.66032332792558,41.838867570759554,
2023-03-01,41.79720724743162,42.45186947115617,40.952097831350855,42.017411813593505,
2023-03-02,42.10668393501052,43.088677270597316,41.928139692176536,42.85061828015203,
2023-03-03,42.55899601685657,43.35649363484826,42.404257673067114,43.148192018208654,
2023-03-06,43.43981428150411,43.749290969083006,42.91013302776336,43.43981428150411,
2023-03-07,43.148192018208654,43.445765756265246,42.85061828015203,43.26722151343129,
2023-03-08,43.29697888723695,44.63010923373056,43.11843464440297,44.15994272760113,
2023-03-09,44.33253549567395,45.46331570028907,44.33253549567395,45.231208184604924,
2023-03-10,45.9546973008033,46.50563513868316,45.306535138591684,45.565800003476326,
2023-03-13,45.40375946292342,46.49267189543894,45.21579243588207,45.3519064899465,
2023-03-14,45.63061621969749,46.265815138664856,45.112086489928195,45.63061621969749,
2023-03-15,45.727840544029206,46.34359459813025,45.37783297643497,45.825064868360975,
2023-03-16,46.41489243597354,46.47322703057259,45.24171892237052,45.306535138591684,
2023-03-17,45.17690270614936,45.37135135481284,44.62596486826949,44.930601084508936,
2023-03-20,45.01486216559645,45.16393946290513,44.40558973311755,44.52874054393775,
2023-03-21,44.431516219606,44.65837297638008,44.01021081416846,44.39910811149543,
2023-03-22,44.43799784122812,44.78800540882239,43.99076594930211,43.99076594930211,
2023-03-24,44.06206378714539,44.07502703038961,43.64075838170784,43.68612973306265,
2023-03-27,43.95835784119152,43.95835784119152,43.45927297628859,43.56297892224244,
2023-03-28,43.68612973306265,43.70557459792901,43.31667730060202,43.504644327643405,
2023-03-29,43.43334648980012,43.68612973306265,43.29723243573568,43.42686486817801,
2023-03-30,43.712056219551116,43.91298648983671,43.37501189520108,43.56946054386456,
2023-03-31,43.452791354666466,43.977802706057865,43.42686486817801,43.556497300620336,
2023-04-03,44.01021081416846,44.07502703038961,43.57594216548668,43.88057838172614,
2023-04-04,44.01021081416846,44.01021081416846,43.102783787072205,43.58890540873091,
2023-04-05,43.71853784117322,43.94539459794729,43.51760757088762,43.80279892226074,
2023-04-06,43.815762165504964,45.33894324670226,43.815762165504964,44.72318919260124,
2023-04-07,44.88522973315414,45.37135135481284,43.91298648983671,44.237067570942514,
2023-04-10,44.25003081418675,44.52874054393775,43.71853784117322,43.744464327661696,
2023-04-11,44.04910054390115,44.07502703038961,43.42686486817801,43.73798270603958,
2023-04-12,43.58890540873091,44.33429189527427,43.43982811142224,44.01021081416846,
2023-04-13,44.06206378714539,44.5546670304262,44.06206378714539,44.463924327716576,
2023-04-17,44.463924327716576,45.306535138591684,44.463924327716576,44.65837297638008,
2023-04-18,45.01486216559645,45.36486973319072,44.66485459800217,45.24171892237052,
2023-04-19,45.13801297641666,45.306535138591684,44.8657848682878,45.07319676019549,
2023-04-20,44.76207892233393,46.66767567923606,44.76207892233393,46.01951351702445,
2023-04-26,46.0843297332456,46.926940544120704,45.89636270620424,46.21396216568794,
2023-04-27,46.29822324677545,46.66119405761395,45.825064868360975,46.525080003549526,
2023-04-28,46.49267189543894,46.73249189545723,46.35007621975239,46.576932976526436,
2023-05-02,46.89453243601013,46.98527513871976,46.53156162517163,46.63526757112548,
2023-05-03,46.7649000035678,46.87508757114377,46.19451730082158,46.68712054410242,
2023-05-04,46.70656540896876,46.73249189545723,46.311186490019686,46.311186490019686,
2023-05-05,46.53156162517163,47.951036760415064,46.40841081435142,47.75658811175157,
2023-05-08,48.59821570167367,48.9286781731394,47.55287523071068,47.64729307970088,
2023-05-09,47.8833377021764,48.22054430571284,47.04032119333527,47.471945645861915,
2023-05-10,47.377527796871725,47.5124104382863,46.608696740808604,47.43822498550829,
2023-05-11,47.24264515545713,47.519154570357024,47.14148317439621,47.41124845722536,
2023-05-12,47.47868977793266,47.68101374005453,47.20218036303276,47.20892449510349,
2023-05-15,47.47868977793266,48.20031190950066,46.871717891567044,47.68101374005453,
2023-05-16,47.86984943803495,47.8833377021764,47.54613109863995,47.68101374005453,
2023-05-17,47.86984943803495,47.8833377021764,47.41124845722536,47.53264283449849,
2023-05-18,47.64729307970088,47.74845506076181,46.871717891567044,47.07404185368891,
2023-05-19,47.27636581581077,47.296598212022964,46.601952608737875,46.73683525015245,
2023-05-22,47.10101838197183,47.10101838197183,45.90056287338204,46.18381642035268,
2023-05-23,46.52776715595985,46.52776715595985,45.69149477918945,45.833121552674754,
2023-05-24,46.12311923171612,46.26474600520142,45.468938420855395,45.53637974156269,
2023-05-25,45.72521543954309,45.99498072237226,45.42172949636028,45.58358866605778,
2023-05-26,45.82637742060404,46.08265443929172,45.45545015671394,45.99498072237226,
2023-05-29,46.129863363786846,46.39288451454527,45.79265676025039,46.048933778938085,
2023-05-30,45.9342835337357,46.129863363786846,45.79265676025039,45.95451592994789,
2023-05-31,46.0287013827259,46.06242204307954,45.59707693019924,45.59707693019924,
2023-06-01,45.85335394888695,46.16358402414049,45.72521543954309,45.79265676025039,
2023-06-02,46.129863363786846,46.73683525015245,45.698238911260184,46.26474600520142,
2023-06-05,46.29846666555507,46.9324150802036,46.197304684494135,46.80427657085975,
2023-06-06,46.92567094813287,46.94590334434505,46.2377694769185,46.50753475974766,
2023-06-07,46.54125542010133,46.80427657085975,46.26474600520142,46.33218732590872,
2023-06-08,46.52776715595985,46.53451128803059,46.129863363786846,46.197304684494135,
2023-06-09,46.20404881656487,46.71660285394026,46.197304684494135,46.3052107976258,
2023-06-12,46.26474600520142,46.43334930696965,45.85335394888695,46.01521311858446,
2023-06-13,45.86009808095768,46.16358402414049,45.624053458482166,45.69149477918945,
2023-06-14,45.812889156462575,45.941027665806416,45.185684873884775,45.32056751529936,
2023-06-15,45.246382062521334,45.280102722874965,44.90243132691414,45.17894074181404,
2023-06-16,44.92940785519708,45.354288175653,44.585457119589876,44.84173413827759,
2023-06-19,44.96987264762145,44.96987264762145,43.16918938473678,43.49290772413177,
2023-06-20,43.769417139031674,44.16732093120467,43.418722271353744,43.964996969082804,
2023-06-21,43.90429978044624,44.27522704433635,43.16244525266605,43.22988657337334,
2023-06-22,43.50639598827324,44.16732093120467,43.49290772413177,43.641278629687804,
2023-06-23,43.668255157970734,43.83011432766823,43.18267764887825,43.48616359206104,
2023-06-26,43.836858459738956,46.682882193586636,43.836858459738956,44.0796472142852,
2023-06-27,47.20218036303276,47.53938696656922,46.399628646615994,46.730091118081724,
2023-07-03,50.44610788905345,50.44610788905345,50.44610788905345,50.44610788905345,
2023-07-04,53.95305656583256,53.95305656583256,51.32284505824821,51.79493430319926,
2023-07-05,51.92981694461385,54.087939207247146,51.9230728125431,52.13214090673573,
2023-07-06,52.590741887545285,53.60236169815466,51.963537604967485,53.28538749083038,
2023-07-07,53.58212930194247,53.58212930194247,52.26702354815029,52.590741887545285,
2023-07-10,52.428882717847785,52.77283345345498,52.22655875572592,52.26702354815029,
2023-07-11,52.45585924613071,52.934692623152465,52.13214090673573,52.60423015168675,
2023-07-12,52.44237098198925,53.95305656583256,52.09842024638208,53.94631243376183,
2023-07-13,53.95305656583256,55.03211769714921,53.27864335875965,53.615849962296096,
2023-07-14,53.48771145295226,54.087939207247146,53.27864335875965,53.89235937719598,
2023-07-17,53.811429792347255,54.30375143351047,53.480967320881525,53.615849962296096,
2023-07-18,53.622594094366846,53.878871113054544,53.07631939663779,53.818173924417984,
2023-07-19,53.95305656583256,54.24979837694463,53.615849962296096,54.09468333931786,
2023-07-20,54.12165986760079,54.54654018805673,53.78445326406433,54.39142515042994,
2023-07-21,54.290263169369005,55.227697527200334,53.94631243376183,54.37793688628849,
2023-07-24,54.620725640834735,55.03211769714921,54.027242018610586,54.96467637644192,
2023-07-25,54.70165522568348,55.1670003385638,54.45886647113724,54.82979373502734,
2023-07-26,55.140023810280866,55.83466941356596,54.63421390497621,55.45025388553441,
2023-07-27,55.807692885283046,58.16813911003823,55.67281024386848,57.59488788402625,
2023-07-31,57.99953580827,58.6739490153429,57.66907333680428,58.6739490153429,
2023-08-01,58.30302175145282,58.3704630721601,56.98791599766064,57.23070475220689,
2023-08-02,57.318378469126365,57.318378469126365,56.31350279058774,56.63722112998274,
2023-08-03,56.64396526205345,59.112317599940305,56.64396526205345,57.96581514791636,
2023-08-04,56.98791599766064,58.30302175145282,56.853033356246044,56.927218809024076,
2023-08-07,56.98791599766064,57.83093250650179,56.31350279058774,56.41466477164869,
2023-08-08,56.41466477164869,57.318378469126365,55.36932430068566,55.50420694210023,
2023-08-09,55.976296187051275,59.75301014665956,55.47048628174661,59.13929412822322,
2023-08-10,59.34836222241581,59.483244863830414,56.650709394124185,57.83093250650179,
2023-08-11,57.66232920473356,60.49486467443974,53.27864335875965,57.86465316685542,
2023-08-15,58.33674241180645,58.613251826706346,57.76349118579449,58.080465393118764,
2023-08-16,58.080465393118764,58.269301091099166,57.21047235599471,57.561167223672626,
2023-08-17,57.32512260119711,57.992791676199275,56.853033356246044,57.932094487562715,
2023-08-18,57.99953580827,58.667204883272184,57.905117959279785,57.99953580827,
2023-08-21,58.16813911003823,58.16813911003823,56.98791599766064,57.12279863907522,
2023-08-22,56.650709394124185,57.32512260119711,56.32024692265847,56.71815071483149,
2023-08-23,56.650709394124185,57.304890204984915,56.650709394124185,57.19023995978252,
2023-08-24,57.32512260119711,58.16813911003823,57.32512260119711,57.66232920473356,
2023-08-25,57.66232920473356,58.16813911003823,57.2576812804898,57.76349118579449,
2023-08-28,57.655585072662824,57.81744424236032,56.98791599766064,57.318378469126365,
2023-08-29,57.32512260119711,57.4600052426117,55.713275036292856,55.969552054980554,
2023-08-30,56.39443237543648,56.44838543200232,53.966544829974026,54.087939207247146,
2023-08-31,54.290263169369005,54.41165754664215,51.99725826532113,53.17748137769871,
2023-09-01,52.74585692517205,53.939568301691104,52.199582227442995,53.93282416962036,
2023-09-04,54.53979605598598,55.03211769714921,53.690035415074135,54.96467637644192,
2023-09-05,55.173744470634524,55.47048628174661,53.683291283003385,54.02049788653984,
2023-09-06,53.9598006979033,54.60723737669329,53.45399079259861,54.371192754217766,
2023-09-07,54.357704490076294,54.79607307467371,53.986777226186206,54.12165986760079,
2023-09-08,54.155380527954435,55.173744470634524,54.155380527954435,55.086070753715035,
2023-09-11,55.57164826280754,55.57164826280754,54.70839935775422,54.89049092366389,
2023-09-12,55.1670003385638,56.21234080952681,54.69491109361276,55.133279678210165,
2023-09-13,55.47048628174661,55.70653090422213,55.0051411688663,55.31537124411984,
2023-09-14,55.57164826280754,55.612113055231916,55.207465130988155,55.28165058376617,
2023-09-15,55.63908958351483,56.29327039437555,55.24118579134182,56.17862014917314,
2023-09-18,56.17862014917314,56.650709394124185,55.841413545636705,56.40117650750721,
2023-09-19,56.421408903719396,56.650709394124185,56.14489948881951,56.32024692265847,
2023-09-20,56.32024692265847,57.318378469126365,56.32024692265847,57.15651929942885,
2023-09-21,57.15651929942885,57.28465780877271,56.51582675270961,57.19023995978252,
2023-09-22,57.32512260119711,59.44952420347678,57.32512260119711,58.667204883272184,
2023-09-25,58.94371429817208,59.31464156206216,58.54581050599905,58.680693147413656,
2023-09-26,58.50534571357467,59.21347958100122,58.00627994034073,59.112317599940305,
2023-09-27,59.07859693958667,59.28092090170853,58.7413903360502,59.17975892064759,
2023-09-28,59.27417676963779,60.02277542948873,58.84255231711113,59.38208288276947,
2023-10-02,59.685568825952274,60.42742335373248,59.685568825952274,60.02277542948873,
2023-10-03,60.02277542948873,60.27905244817643,59.685568825952274,59.901381052215605,
2023-10-04,60.14416980676184,61.00067457974444,60.03626369363016,60.60951491964217,
2023-10-05,60.3937026933788,60.676956240349426,59.51696552418402,59.65859229766935,
2023-10-06,60.50362868827201,61.46204450332684,60.409239251940846,61.22970127543475,
2023-10-09,61.35313361525242,63.306268874720224,61.28052635653614,63.13927217967275,
2023-10-10,63.168315083159285,64.03960218775461,62.841582418936056,63.5676550060988,
2023-10-11,63.168315083159285,65.27392558593127,63.168315083159285,64.75841404904573,
2023-10-12,64.60593880574154,66.3630344666754,63.974255654909925,65.9927374472224,
2023-10-13,66.72607076025676,66.72607076025676,65.49174736208009,65.9201301885061,
2023-10-16,65.36105429639079,66.21781994924284,65.1287110684987,65.45544373272199,
2023-10-17,64.80197840427549,65.77491567107357,64.61319953161316,64.62046025748481,
2023-10-18,64.62046025748481,64.65676388684294,63.531351376740666,63.553133554355554,
2023-10-19,63.531351376740666,66.0726054318103,63.52409065086903,66.0726054318103,
2023-10-20,66.14521269052656,70.35643369607052,65.81848002630335,68.90428852174503,
2023-10-23,69.70296836762405,71.51814983553092,68.96963505458967,69.48514659147521,
2023-10-24,69.70296836762405,71.11154918671978,68.25082319329856,70.17491554927985,
2023-10-25,70.67590563442214,71.55445346488906,68.43960206596087,70.06600466120543,
2023-10-26,70.25478353386775,71.37293531809837,69.95709377313099,70.31286934084076,
2023-10-27,71.009899024517,71.009899024517,69.99339740248917,70.27656571148262,
2023-10-30,70.50164821350306,72.59999799040341,70.29108716322588,71.87392540324066,
2023-10-31,71.8811861291123,75.14125204547304,71.8811861291123,73.68910687114754,
2023-11-01,74.05940389060055,75.8673246326358,73.69636759701919,75.51154906492607,
2023-11-02,75.51154906492607,77.31946980696131,75.14851277134467,77.23960182237339,
2023-11-03,78.56633979817602,79.51981479572667,77.49844780091925,79.2528417964125,
2023-11-06,79.97748279455101,82.31158958855507,78.2612277989598,81.81578258982873,
2023-11-07,81.632715390299,82.30396178857468,79.33674759619697,80.96146899202331,
2023-11-08,80.47328979327736,82.38023978837873,80.43515079337537,81.61745979033819,
2023-11-10,82.38023978837873,87.49086577525037,82.38023978837873,86.4153459780132,
2023-11-13,87.71969977466253,91.53359976486527,87.42221557542673,91.41918276515916,
2023-11-14,92.30400756288621,95.15680475555784,92.30400756288621,93.81431195900649,
2023-11-15,93.8219397589869,95.33987195508757,90.39705756778484,91.52597196488486,
2023-11-16,91.26662676555107,93.05153196096593,90.3131517680004,90.92337576643283,
2023-11-17,89.24525977074364,91.44969396508078,87.8341167743686,88.02481177387875,
2023-11-20,88.55875777250711,89.42069917029296,86.75096917715105,88.1010897736828,
2023-11-21,88.17736777348686,91.06830396606053,87.72732757464296,90.67928616705984,
2023-11-22,90.77081976682472,92.90660376133823,89.93176176898011,90.00803976878417,
2023-11-23,90.73268076692267,90.96151476633484,89.25288757072404,89.32916557052809,
2023-11-24,89.25288757072404,90.8852367665308,88.86386977172336,89.4740937701558,
2023-11-27,89.85548376917608,90.38942976780443,88.2155067733889,89.28339877064565,
2023-11-28,89.92413396899971,94.49318615726257,89.74106676946998,91.76243376427742,
2023-11-29,92.29637976290581,93.13543776075039,89.44358257023417,91.1598375658254,
2023-11-30,92.1438237632977,94.66099775683149,91.15220976584499,93.2879937603585,
2023-12-01,92.9828817611423,94.05077375839905,92.11331256337606,93.05915976094634,
2023-12-04,94.05077375839905,95.98823495342205,93.05915976094634,94.43216375741933,
2023-12-05,93.93635675869297,96.4916697521288,93.05915976094634,93.36427176016257,
2023-12-06,93.7075227592808,95.04238775585176,93.04390416098555,94.01263475849703,
2023-12-07,94.58471975702743,95.78991215393148,92.90660376133823,93.44054975996661,
2023-12-08,93.8219397589869,94.77541475653759,93.05915976094634,93.6770115593592,
2023-12-11,93.8219397589869,94.95085415608688,90.46570776760849,91.15220976584499,
2023-12-12,91.190348765747,93.05153196096593,90.77081976682472,91.83871176408148,
2023-12-13,92.2887519629254,95.33224415510716,91.91498976388552,92.60149176212202,
2023-12-14,93.05915976094634,93.58547795959433,91.15220976584499,91.91498976388552,
2023-12-15,92.30400756288621,93.44054975996661,91.38104376525716,91.90736196390512,
2023-12-18,92.37265776270985,93.44054975996661,90.86235336658957,91.14458196586457,
2023-12-19,91.53359976486527,91.53359976486527,87.87225577427066,90.00803976878417,
2023-12-20,90.38942976780443,91.53359976486527,87.64342177485848,90.77081976682472,
2023-12-21,91.53359976486527,91.53359976486527,88.86386977172336,90.3512907679024,
2023-12-22,89.93176176898011,90.46570776760849,88.1010897736828,88.86386977172336,
2023-12-26,88.48247977270309,88.48247977270309,83.14301978641929,83.90579978445982,
2023-12-27,83.5854321852828,88.63503577231121,83.52440978543954,88.48247977270309,
2023-12-28,88.4977353726639,91.68615576447337,88.17736777348686,90.38942976780443,
2023-12-29,91.15220976584499,91.15220976584499,88.64266357229161,89.24525977074364,
2024-01-01,89.35967677044971,93.40241076006458,89.35967677044971,92.90660376133823,
2024-01-02,93.05915976094634,93.44054975996661,90.82421436668756,91.68615576447337,
2024-01-03,91.4573217650612,93.39478296008419,90.77081976682472,91.53359976486527,
2024-01-04,91.91498976388552,92.67014196194566,91.15220976584499,92.44893576251393,
2024-01-05,92.66251416196528,93.40241076006458,90.00803976878417,91.68615576447337,
2024-01-08,92.10568476339567,93.8219397589869,91.41918276515916,91.91498976388552,
2024-01-09,92.29637976290581,92.91423156131864,91.4573217650612,91.53359976486527,
2024-01-10,92.1819627631997,92.90660376133823,91.15220976584499,91.53359976486527,
2024-01-11,91.68615576447337,92.82269796155379,90.69454176702065,92.29637976290581,
2024-01-12,92.63963076202404,93.24985476045649,90.73268076692267,91.52597196488486,
2024-01-15,91.72429476437541,95.15680475555784,91.57173876476729,92.53284156229836,
2024-01-16,92.67014196194566,92.94474276124025,90.3131517680004,91.03779276613889,
2024-01-17,90.77081976682472,91.53359976486527,87.58239937501523,89.24525977074364,
2024-01-18,89.24525977074364,89.24525977074364,87.33830977564226,88.63503577231121,
2024-01-19,89.19949297086119,89.68004436962673,88.41382957287942,88.650291372272,
2024-01-22,88.86386977172336,90.73268076692267,87.9180225741531,90.72505296694227,
2024-01-23,90.77081976682472,91.06830396606053,89.4740937701558,89.77920576937201,
2024-01-24,90.67928616705984,90.69454176702065,89.24525977074364,89.42832697027336,
2024-01-25,89.74106676946998,89.74106676946998,88.1010897736828,88.32992377309499,
2024-01-26,88.25364577329091,88.6274079723308,87.26203177583821,87.65104957483888,
2024-01-29,88.09346197370239,88.09346197370239,85.81274977956119,86.10260617881659,
2024-01-30,86.57552977760172,88.40620177289902,85.47712658042333,86.5373907776997,
2024-01-31,86.3848347780916,87.5290047751524,86.3848347780916,86.80436377701389,
2024-02-01,87.10184797624969,87.18575377603415,85.66019377995306,86.956919776622,
2024-02-02,87.33068197566186,87.60528277495645,86.57552977760172,86.89589737677873,
2024-02-06,86.9416641766612,87.71969977466253,86.3848347780916,86.956919776622,
2024-02-07,87.64342177485848,90.00041196880376,87.11710357621051,89.6647887696659,
2024-02-09,86.17888417862065,89.06982037119428,84.32532878338209,88.63503577231121,
2024-02-12,86.96454757660241,88.09346197370239,84.86690258199093,86.8196193769747,
2024-02-13,86.37720697811118,88.86386977172336,84.29481758346051,87.87225577427066,
2024-02-14,88.56638557248752,89.55037176995984,86.01107257905171,86.72808577720983,
2024-02-15,87.33830977564226,87.33830977564226,84.43211798310779,85.08810878142265,
2024-02-16,83.94393878436183,85.04996978152063,82.38023978837873,82.49465678808481,
2024-02-19,81.61745979033819,84.98131958169698,81.61745979033819,84.66857978250036,
2024-02-20,85.42373198056049,87.07133677632808,84.05835578406794,86.46111277789564,
2024-02-21,86.9416641766612,87.71207197468212,86.72808577720983,87.56714377505442,
2024-02-22,86.995058776524,89.24525977074364,86.995058776524,87.91039477417269,
2024-02-23,87.81410669615433,88.59724304089076,86.23201307042413,88.54978023211885,
2024-02-26,88.59724304089076,89.7838132601884,88.54978023211885,88.99276644732332,
2024-02-27,89.38828985375586,89.5464992163289,88.05142074001384,88.59724304089076,
2024-02-28,88.63679538153401,89.18261768241092,87.82201716428298,89.15097580989634,
2024-02-29,88.59724304089076,90.97038347948605,88.59724304089076,90.49575539176699,
2024-03-01,90.2188890072642,90.97038347948605,89.94993309089007,90.55112866866754,
2024-03-04,90.97038347948605,92.54456663708758,90.61441241369674,91.85635590989496,
2024-03-05,92.14904323065504,92.47337242392973,90.97038347948605,91.37381735404726,
2024-03-06,91.06530909702987,92.94800051164879,91.06530909702987,91.64277327042137,
2024-03-07,91.8009826329944,92.63158178650274,90.83590552129898,92.55247710521625,
2024-03-08,92.55247710521625,92.94800051164879,91.84844544176629,92.39426774264322,
2024-03-11,92.1569536987837,93.34352391808135,91.99874433621069,93.0271051929353,
2024-03-12,93.19322502363697,93.33561344995269,91.8009826329944,92.1569536987837,
2024-03-13,91.91963965492418,92.47337242392973,90.77262177626977,91.56366858913488,
2024-03-14,91.56366858913488,92.46546195580109,91.37381735404726,92.43382008328648,
2024-03-15,92.70277599966062,92.75023880843251,91.16814518270233,91.67441514293598,
2024-03-18,91.76143029235115,92.94800051164879,91.36590688591859,92.1569536987837,
2024-03-19,92.2360583800702,93.65994264322738,92.1569536987837,92.43382008328648,
2024-03-20,92.63158178650274,93.26441923679482,91.99874433621069,92.172774635041,
2024-03-21,92.53665616895894,93.25650876866618,91.84053497363763,92.1569536987837,
2024-03-22,92.41008867890052,92.41008867890052,91.00993582012931,91.36590688591859,
2024-03-25,91.74560935609385,93.65994264322738,91.43710109907646,93.42262859936783,
2024-03-26,93.60456936632681,93.73113685638522,92.47337242392973,93.05874706544991,
2024-03-27,92.98755285229203,97.29875798240683,92.63158178650274,96.3495018069687,
2024-03-28,96.58681585082823,98.32711883913143,96.50771116954172,96.74502521340125,
2024-03-29,96.86368223533101,96.86368223533101,95.71666435667665,96.23084478503894,
2024-04-01,96.50771116954172,96.94278691661752,95.17084205579971,96.49980070141306,
2024-04-02,96.66592053211474,97.06935440667593,95.80367950609178,96.03308308182267,
2024-04-03,95.72457482480529,96.50771116954172,95.32114095024407,95.98562027305076,
2024-04-04,96.4602483607698,96.7212938090153,95.67711201603336,96.42860648825521,
2024-04-08,96.49980070141306,99.86966012421838,96.42860648825521,99.67980888913077,
2024-04-09,100.4629452338672,102.05294932772604,100.36801961632338,101.05623034351602,
2024-04-15,101.64951545316485,105.99236245579424,100.85846864029975,103.50847546339783,
2024-04-16,104.41026883006404,105.59683904936168,103.07339971632203,103.38981844146804,
2024-04-17,102.915190353749,104.43400023444997,101.72862013445136,102.44056226602994,
2024-04-18,103.3028032920529,103.3028032920529,101.3330967280188,102.24280056281366,
2024-04-19,102.67787630988948,105.90534730637906,101.25399204673231,104.81370270462523,
2024-04-22,104.89280738591174,105.44654015491732,103.86444652918713,103.98310355111687,
2024-04-23,104.40235836193537,105.0431062803561,103.23160907889503,104.57638866076569,
2024-04-24,104.73459802333873,109.55998358181583,104.4181792981927,106.79131973678798,
2024-04-25,106.87042441807446,108.04908416924347,105.76295888006332,106.54609522479979,
2024-04-26,106.78340926865934,109.32266953795627,105.60474951749033,109.04580315345348,
2024-04-29,109.1723706435119,112.32864742684365,104.06220823240339,104.81370270462523,
2024-04-30,104.4181792981927,106.19803462713917,104.22041759497641,104.9640015990696,
2024-05-02,105.62057045374765,106.15848228649587,104.43400023444997,105.13012142977128,
2024-05-03,105.08265862099935,108.21520399994516,105.08265862099935,107.97788995608562,
2024-05-06,108.32595055374625,110.30356758590901,107.2738582926357,108.9192356633951,
2024-05-07,109.56789404994446,112.32864742684365,109.05371362158216,111.14207720754602,
2024-05-08,112.66879755637564,113.49939670988398,109.59953592245905,110.74655380111345,
2024-05-09,111.60054119733876,112.68842285389452,108.87680786462877,109.75517157251451,
2024-05-10,109.95663113854337,111.89064297242028,108.98962522160492,109.82769701628493,
2024-05-13,110.3192583573953,111.39908163130993,109.51342009327995,110.0049814343903,
2024-05-14,110.48042601021837,111.29432265697493,109.91633922533761,110.68188557624721,
2024-05-15,110.80276131586454,111.04451279509917,109.51342009327995,110.27896644418952,
2024-05-16,110.19032423513683,110.3192583573953,109.11050096122226,109.465069797433,
2024-05-17,109.35225244045682,110.68188557624721,108.95739169104034,110.48042601021837,
2024-05-20,110.2870248268307,110.79470293322336,109.57788715440915,110.03721496495494,
2024-05-21,110.38372541852453,110.38372541852453,109.35225244045682,109.51342009327995,
2024-05-22,109.59400391969146,110.69800234152953,109.07020904801644,109.43283626686839,
2024-05-23,109.91633922533761,110.99616249925221,109.61012068497378,110.722177489453,
2024-05-24,110.722177489453,113.62319524026836,110.65771042832375,112.57560549691833,
2024-05-27,112.81735697615298,113.42173567423951,111.37490648338645,112.1323944516549,
2024-05-29,112.57560549691833,112.73677314974144,111.21373883056336,112.32579563504257,
2024-05-30,112.17268636486067,113.62319524026836,111.9954019467553,112.9382327157703,
2024-05-31,112.42249622673644,116.7659644703183,112.42249622673644,115.96012620620294,
2024-06-03,115.96012620620294,117.61209464763947,114.71107689682408,115.09787926359951,
2024-06-04,115.63779090055681,115.83925046658564,112.81735697615298,113.7843628930914,
2024-06-05,113.22027610821068,114.63049307041258,112.21297827806647,113.21221772556952,
2024-06-06,114.0180559896849,114.02611437232608,112.09210253844913,113.26056802141643,
2024-06-07,112.05986900788454,113.58290332706257,109.59400391969146,113.45396920480412,
2024-06-10,113.62319524026836,113.62319524026836,110.80276131586454,111.39908163130993,
2024-06-11,112.45472975730104,112.81735697615298,109.99692305174915,110.76246940265875,
2024-06-12,111.20568044792222,111.9954019467553,109.8357553989261,110.80276131586454,
2024-06-13,112.81735697615298,117.65238656084523,112.17268636486067,116.85460667937099,
2024-06-14,117.24946742878758,119.94902561357407,115.63779090055681,117.41063508161062,
2024-06-20,117.49121890802216,119.14318734945871,117.05606624539983,117.37034316840486,
2024-06-21,117.89413804007985,127.55613882682324,117.16888360237601,127.55613882682324,
2024-06-24,134.96179247404353,136.9119210732028,131.3516370508067,133.12448123186053,
2024-06-25,134.09148714879896,135.38082837138356,131.56921338211785,132.06883310586934,
2024-06-26,132.15747531492207,136.7507534203797,131.3516370508067,133.2453569714778,
2024-06-27,132.80214592621437,133.7691518431528,131.3516370508067,132.6006863601855,
2024-06-28,132.93913843111397,132.96331357903745,131.1824110153424,131.51280470362974,
2024-07-01,131.5530966168355,133.48710845071244,131.23076131118938,131.88349030512282,
2024-07-02,131.91572383568743,133.16477314506625,131.51280470362974,132.15747531492207,
2024-07-03,132.72156209980278,135.05849306573742,132.2380591413336,134.89732541291434,
2024-07-04,135.36471160610125,136.34783428832205,132.72156209980278,132.75379563036742,
2024-07-05,133.358174328454,133.358174328454,131.44833764250052,131.91572383568743,
2024-07-08,132.56039444697976,132.96331357903745,131.3516370508067,132.87467136998472,
2024-07-09,132.56039444697976,132.95525519639628,129.1355818244894,131.03736012780172,
2024-07-10,130.5457987866913,131.34357866816552,127.32244573022979,127.68507294908166,
2024-07-11,127.72536486228749,133.48710845071244,125.025806677501,131.91572383568743,
2024-07-12,132.80214592621437,133.3662327110951,127.64478103587595,129.3209246252359,
2024-07-15,131.3516370508067,133.48710845071244,130.46521496027978,132.0768914885105,
2024-07-18,132.1494169322809,132.15747531492207,130.52968202140897,130.7069664395144,
2024-07-19,131.01318497987825,131.01318497987825,123.29325440965287,123.69617354171059,
2024-07-22,124.61482916280208,124.61482916280208,119.36076368076982,120.96438182635943,
2024-07-23,121.68157788142213,125.29173330465903,121.46400155011099,123.5350058888875,
2024-07-24,123.69617354171059,123.69617354171059,121.68157788142213,122.48741614553752,
2024-07-25,122.49547452817863,122.49547452817863,118.62745086042486,119.10289543625292,
2024-07-26,118.46628320760178,121.68157788142213,117.24946742878758,119.74756604754525,
2024-07-29,119.66698222113371,121.72186979462792,117.65238656084523,118.53075026873101,
2024-07-30,118.45016644231946,120.54534592901945,117.65238656084523,119.46552265510483,
2024-07-31,118.86114395701834,119.42523074189904,117.65238656084523,118.86114395701834,
2024-08-01,118.46628320760178,118.69997630419523,117.49927729066331,117.89413804007985,
2024-08-02,118.45822482496064,122.48741614553752,117.8538461268741,120.31165283242599,
2024-08-05,120.4728204852491,120.4728204852491,114.02611437232608,115.39603942132217,
2024-08-06,117.04800786275874,119.26406308907599,114.99312028926448,116.1615857722318,
2024-08-07,116.84654829672988,117.81355421366831,115.45244809981027,115.55720707414527,
2024-08-08,115.83925046658564,117.65238656084523,115.43633133452796,117.03994948011756,
2024-08-09,116.45168754731334,120.78709740825406,113.46202758744529,116.84654829672988,
2024-08-12,118.45016644231946,123.21267058324136,117.67656170876872,119.50581456831061,
2024-08-13,120.71457196448368,123.27713764437057,116.93519050578257,117.5718027344337,
2024-08-15,118.45822482496064,119.65086545585137,117.97472186649141,118.21647334572602,
2024-08-16,119.02231160984135,120.38417827619637,118.33734908534333,119.96514237885641,
2024-08-19,121.68157788142213,122.2456646663029,119.51387295095178,119.86844178716254,
2024-08-20,120.08601811847369,120.79515579089522,118.65162600834832,118.87726072230066,
2024-08-21,119.26406308907599,119.42523074189904,117.37034316840486,117.79743744838602,
2024-08-22,117.81355421366831,119.24794632379367,117.81355421366831,118.85308557437716,
2024-08-23,118.86114395701834,119.66698222113371,117.49121890802216,118.32929070270217,
2024-08-26,119.26406308907599,126.73418379742554,116.45168754731334,124.69541298921366,
2024-08-27,124.62288754544328,125.30785006994137,122.5277080587433,122.61635026779594,
2024-08-28,123.00315263457134,123.27713764437057,121.97167965650367,122.67275894628403,
2024-08-29,122.48741614553752,124.54230371903174,122.48741614553752,123.77675736812213,
2024-08-30,124.0990926737683,124.34084415300288,122.09255539612096,122.48741614553752,
2024-09-02,122.48741614553752,124.7034713718548,120.87573961730678,124.66317945864898,
2024-09-03,124.0990926737683,124.82434711147211,123.37383823606443,124.21996841338557,
2024-09-04,124.0990926737683,124.90493093788365,123.29325440965287,124.54230371903174,
2024-09-05,124.63900431072557,124.74376328506057,123.29325440965287,123.77675736812213,
2024-09-06,123.84928281189251,124.23608517866786,122.8903352775952,123.69617354171059,
2024-09-09,123.84928281189251,123.84928281189251,120.88379799994789,121.52846861124023,
2024-09-10,121.92332936065677,122.2456646663029,120.72263034712485,121.27865874936445,
2024-09-11,121.27865874936445,121.67351949878096,119.98931752677986,120.4728204852491,
2024-09-12,120.27136091922024,121.98779642178599,119.90873370036829,121.08525756597672,
2024-09-13,122.48741614553752,122.8903352775952,121.50429346331676,121.8427455342452,
2024-09-16,122.32624849271446,124.0990926737683,121.88303744745096,123.1723786700356,
2024-09-18,123.29325440965287,124.29249385715597,122.97897748664789,124.1474429696152,
2024-09-19,125.68640924224214,127.50051046496516,123.99210715686876,124.80502987459845,
2024-09-20,125.34412599267176,125.34412599267176,119.92749356822058,123.22196984533542,
2024-09-23,123.22196984533542,123.22196984533542,114.75045941846862,115.33234094273827,
2024-09-24,114.66488860607605,114.66488860607605,107.99892232069294,110.2237634429004,
2024-09-25,112.08920715305895,112.48283289006487,108.81184503842259,109.43651196888851,
2024-09-26,110.38634798644632,110.8142020484093,104.832802262167,105.55159708626476,
2024-09-27,104.39639111896474,109.10278580055743,102.87323065837657,106.27894899160182,
2024-09-30,106.09925028557737,106.09925028557737,101.06768651689285,101.91483755957951,
2024-10-01,103.8829662446092,109.53063986252039,102.72776027730917,109.39372656269225,
2024-10-02,108.65781757611593,110.21520636166115,105.46602627387219,106.01367947318475,
2024-10-03,106.09925028557737,108.24707767663148,105.06384345562698,105.8596520108781,
2024-10-04,105.93666574203145,107.8192236146685,104.18246408798326,107.39136955270554,
2024-10-07,107.64808198988332,107.64808198988332,99.4760694063906,104.25092073789733,
2024-10-08,99.2621423754091,100.11785049933506,93.95675200706827,94.9836017557794,
2024-10-09,95.75373906731275,100.87943072962914,93.3577563203201,97.29401369037944,
2024-10-10,95.83075279846608,102.1715499967573,95.1547433805646,96.26716394166831,
2024-10-11,94.12789363185345,94.61564726249124,86.82014625352593,92.33090657160899,
2024-10-14,91.78325337229639,91.78325337229639,82.37046400911105,83.00368802081624,
2024-10-15,83.64546911376068,85.02315919328146,79.58085552511248,84.30436436918365,
2024-10-16,84.50117723768662,88.0523659519793,83.85939614474218,87.06830160946446,
2024-10-17,87.28222864044592,87.7100827024089,82.24210779052214,83.17482964560142,
2024-10-18,85.57081239259405,88.80538910103411,83.87651030722068,87.04263036574667,
2024-10-21,87.96679513958668,89.84935301222377,85.35688536161257,88.77116077607705,
2024-10-22,89.08777278192967,91.36395639157267,89.08777278192967,90.36277788657931,
2024-10-23,90.69650405491045,92.19399327178083,90.32854956162228,91.56076926007565,
2024-10-24,91.64634007246823,94.02520865698234,91.13291519811264,93.04970139570678,
2024-10-25,93.27218550792753,93.44332713271271,89.00220196953708,90.01193755576969,
2024-10-28,90.27720707418672,91.81748169725341,88.1293796831326,88.68558996368448,
2024-10-29,88.52300542013856,90.44834869897193,87.32501404664222,90.27720707418672,
2024-10-30,90.91898816713118,91.8859383471675,87.4961556714274,88.35186379535335,
2024-10-31,88.73693245112003,90.36277788657931,87.9411238958689,88.98508780705855,
2024-11-01,89.66965430619932,89.76378219983117,88.16360800808964,89.30169981291115,
2024-11-04,89.42149895026078,91.90305250964603,89.02787321325486,91.21848601050526,
2024-11-05,92.0741941344312,94.53863353133792,92.03996580947417,93.10104388314232,
2024-11-06,93.27218550792753,94.47017688142385,92.33090657160899,92.84433144596454,
2024-11-07,93.27218550792753,95.27454251791421,92.89567393340009,94.68410391240533,
2024-11-08,95.42001289898164,97.55072612755721,94.72688931860162,97.13142914683351,
2024-11-11,97.12287206559425,97.29401369037944,93.87118119467569,94.59853310001272,
2024-11-12,94.18779320052828,95.78796739226979,93.91396660087197,94.64131850620902,
2024-11-13,95.73662490483423,95.73662490483423,93.28074258916678,93.717153732369,
2024-11-14,94.17067903804974,94.9836017557794,94.12789363185345,94.82101721223349,
2024-11-15,94.82101721223349,97.4480411526861,94.72688931860162,96.27572102290758,
2024-11-18,96.26716394166831,96.50676221636758,94.72688931860162,95.3857845740246,
2024-11-19,95.73662490483423,95.73662490483423,94.42739147522754,94.72688931860162,
2024-11-20,94.69266099364458,96.59233302876017,92.98124474579271,94.9836017557794,
2024-11-21,95.5740403612883,95.5740403612883,94.14500779433199,94.5643047750557,
2024-11-22,94.9836017557794,95.10340089312903,93.2978567516453,94.19635028176752,
2024-11-25,93.76849621980458,94.9664875933009,93.27218550792753,94.76967472479791,
2024-11-26,94.76111764355865,95.79652447350904,88.13793676437189,90.36277788657931,
2024-11-27,92.41647738400158,94.87235969966903,92.41647738400158,94.76967472479791,
2024-11-28,94.55574769381643,95.4028987365031,93.27218550792753,93.91396660087197,
2024-11-29,93.87118119467569,94.73544639984087,92.77587479605047,93.09248680190308,
2024-12-02,93.01547307074975,94.37604898779198,92.41647738400158,93.70003956989049,
2024-12-03,93.74282497608677,94.72688931860162,93.44332713271271,94.34182066283495,
2024-12-04,94.34182066283495,98.40643425148316,93.91396660087197,98.10693640810909,
2024-12-05,98.53479047007204,106.96351549074257,98.23529262669797,104.22524949417956,
2024-12-06,104.73867436853513,105.0809576181055,101.44419809142026,101.91483755957951,
2024-12-09,101.91483755957951,104.81568809968844,101.40141268522395,103.40376969521066,
2024-12-10,103.54924007627807,103.95997997576251,99.60442562497947,102.24856372791062,
2024-12-11,102.89034482085509,103.78883835097734,100.97355862326098,102.15443583427877,
2024-12-12,102.89890190209437,106.5356614287796,102.24000664667139,105.2520992428907,
2024-12-13,106.10780736681663,106.32173439779812,102.94168730829065,104.81568809968844,
2024-12-16,105.2520992428907,111.15648529797969,103.96853705700177,109.95849392448336,
2024-12-17,111.24205611037227,121.08269953552062,109.61621067491298,120.48370384877245,
2024-12-18,121.33941197269839,122.77700162089396,110.82275912964855,111.58433935994263,
2024-12-19,109.97560808696187,112.95347235822418,101.82926674718694,101.8378238284262,
2024-12-20,103.19839974546842,109.53063986252039,100.97355862326098,109.18835661295002,
2024-12-23,110.55748961123152,115.52059673000198,108.67493173859445,115.14408515547454,
2024-12-24,115.092742668039,116.28217696029604,111.04524324186931,112.09776423429823,
2024-12-26,111.84105179712041,111.84105179712041,107.5026116088159,108.80328795718333,
2024-12-27,108.58936092620185,110.34356258025002,107.8192236146685,108.15294978299963,
2024-12-30,109.31671283153891,112.08065007181968,108.24707767663148,111.24205611037227,
2024-12-31,112.09776423429823,112.95347235822418,109.62476775615227,111.49876854755007,
2025-01-01,111.92662260951303,117.7454378522094,110.83987329212708,115.47781132380567,
2025-01-02,115.82009457337602,116.20516322914274,112.10632131553747,113.71505258851822,
2025-01-03,113.37276933894788,113.80918048215011,110.60883209866707,112.17477796545155,
2025-01-06,112.17477796545155,113.89475129454267,109.83013770589446,112.4314904026293,
2025-01-07,113.90330837578196,115.46925424256641,109.5734252687167,113.37276933894788,
2025-01-08,113.80918048215011,114.23703454411307,109.95849392448336,110.48047588007819,
2025-01-09,111.61856768489967,111.61856768489967,108.25563475787075,108.92308709453299,
2025-01-10,108.67493173859445,109.2739274253426,106.96351549074257,107.86200902086482,
2025-01-13,108.38399097645961,109.87292311209076,107.43415495890183,109.29959866906039,
2025-01-14,109.53063986252039,109.96705100572261,108.41821930141667,109.36805531897446,
2025-01-15,110.28366301157521,113.79206631967158,109.95849392448336,112.25179169660488,
2025-01-16,112.93635819574563,114.49374698129085,111.75548098472785,112.69675992104635,
2025-01-17,112.69675992104635,118.77228760092056,112.09776423429823,117.57429622742424,
2025-01-20,119.27715539403682,122.34059047769173,117.94225072071238,118.25030564532572,
2025-01-21,118.5070180825035,118.5070180825035,114.11723540676344,114.69055984979381,
2025-01-22,115.07562850556049,116.37630485392792,112.26890585908339,112.73954532724268,
2025-01-23,112.95347235822418,115.04995726184269,112.5256182962612,113.44978307010119,
2025-01-24,113.44122598886193,115.07562850556049,113.12461398300933,113.46689723257971,
2025-01-27,113.42411182638344,114.10867832552415,110.8142020484093,111.12225697302267,
2025-01-28,110.83131621088782,112.1833350466908,109.61621067491298,110.06117889935449,
2025-01-29,110.38634798644632,110.72863123601671,107.86200902086482,108.73483130726925,
2025-01-30,109.11134288179669,111.87528012207748,108.76050255098706,111.38752649143966,
2025-01-31,111.84105179712041,112.84223030211378,111.19927070417594,111.56722519746414,
2025-02-03,111.68702433481377,112.01219342190561,109.40228364393148,109.59909651243447,
2025-02-04,109.95849392448336,110.6002750174278,108.46100470761296,108.74338838850852,
2025-02-06,109.01721498816482,109.53063986252039,107.09187170933146,108.52946135752705,
2025-02-07,108.67493173859445,109.18835661295002,106.96351549074257,108.17006394547813,
2025-02-10,108.29842016406704,111.04524324186931,108.29842016406704,110.64306042362412,
2025-02-11,111.41319773515745,113.80918048215011,111.32762692276486,112.89357278954932,
2025-02-12,114.01455043189233,114.57931779368346,110.8569874546056,111.82393763464192,
2025-02-13,112.4314904026293,112.92780111450637,111.0709144855871,111.37041232896118,
2025-02-14,111.66991017233524,112.95347235822418,110.90832994204118,112.00363634066636,
2025-02-17,112.95347235822418,114.49374698129085,112.27746294032268,112.72243116476415,
2025-02-18,112.95347235822418,115.26388429282417,112.09776423429823,115.01572893688568,
2025-02-19,115.52915381124122,115.73452376098346,113.03904317061672,113.38132642018712,
2025-02-20,113.79206631967158,113.80062340091084,111.24205611037227,111.7640380659671,
2025-02-21,112.1833350466908,112.1833350466908,111.24205611037227,111.31906984152562,
2025-02-24,111.24205611037227,115.52059673000198,110.6002750174278,114.20280621915605,
2025-02-25,115.52059673000198,116.37630485392792,112.5256182962612,112.88501570831008,
2025-02-26,112.95347235822418,116.82127307836942,111.33618400400412,112.80800197715675,
2025-02-27,112.5256182962612,113.5952534511686,111.33618400400412,112.15766380297302,
2025-02-28,112.61118910865376,113.6380388573649,111.45598314135374,112.27746294032268,
2025-03-03,112.53417537750043,114.23703454411307,111.6784672535745,112.7737736521997,
2025-03-04,112.9449152769849,115.07562850556049,112.61118910865376,114.57931779368346,
2025-03-05,114.8360302308612,115.7259666797442,114.09156416304566,114.34827660022344,
2025-03-06,114.34827660022344,115.52059673000198,114.27981995030937,115.10129974927825,
2025-03-07,118.28844608676873,118.28844608676873,115.70922432998955,117.43463474659353,
2025-03-10,117.665875317891,117.665875317891,115.66475498935544,115.82484461563827,
2025-03-11,115.6202856487213,117.39905927408627,114.59749081413645,116.6964436920671,
2025-03-12,116.8387455820963,118.28844608676873,116.29621962635997,116.93657813149136,
2025-03-13,116.95436586774503,118.73313949310996,116.59861114267201,118.37738476803695,
2025-03-14,118.68867015247581,119.66699564642657,117.85264654855429,118.50189892181253,
2025-03-17,118.51079278993933,119.08889421818296,116.86542718647677,117.46131635097402,
2025-03-18,117.46131635097402,120.9477126566893,117.39905927408627,120.14726452527508,
2025-03-19,120.9477126566893,126.29292740091097,119.84487300896303,125.91938493958433,
2025-03-20,127.18231421359341,130.5175147611527,124.71871274246298,127.37797931238357,
2025-03-21,127.53806893866644,127.6714769605688,124.95884718188728,125.46579766511627,
2025-03-24,124.51415377554602,125.4035405882285,122.95772685335172,123.60697922660991,
2025-03-25,121.93493201876684,126.90660430166187,121.93493201876684,126.09726230212081,
2025-03-26,127.08448166419835,128.96108783895838,126.7376208072522,128.03612555376864,
2025-03-27,128.02723168564177,131.17566100253774,127.22678355422758,130.13507843169924,
2025-04-03,129.85047465164084,131.18455487066458,128.0717010262759,130.65981665118187,
2025-04-04,130.73986146432333,130.73986146432333,125.93717267583796,126.57753118096936,
2025-04-07,124.51415377554602,124.52304764367284,113.92155683649779,120.31624801968475,
2025-04-08,121.19674096424042,124.42521509427777,120.07611358026047,121.28567964550865,
2025-04-09,120.5119131184749,121.84599333749861,117.6747691860178,119.18672676757801,
2025-04-10,122.7798494908152,124.73650047871666,122.07723390879603,123.5447221497221,
2025-04-11,122.69091080954695,123.45578346845387,121.84599333749861,122.53971505139094,
2025-04-14,123.62476696286355,128.2051090481783,123.59808535848306,127.84935432310529,
2025-04-15,128.95219397083153,128.95219397083153,126.29292740091097,126.71093920287171,
2025-04-16,127.63590148806148,128.4274557513489,125.69703823641372,126.18620098338907,
2025-04-17,126.29292740091097,128.33851707008066,125.4924792694967,127.5736444111737,
2025-04-18,127.98276234500764,128.827679817056,126.28403353278414,126.97775524667648,
2025-04-21,127.18231421359341,130.65092278305508,127.1111632685788,129.17454067400217,
2025-04-22,129.85047465164084,132.02947234271286,129.22790388276312,129.6548095528507,
2025-04-23,129.40578124529964,129.85047465164084,125.7592953133015,126.39075995030603,
2025-04-24,124.51415377554602,125.4924792694967,121.94382588689369,122.70869854580059,
2025-04-25,122.78874335894201,124.95884718188728,119.8004036683289,123.97162781980968,
2025-04-28,124.55862311618016,125.84823399456975,121.84599333749861,122.61975986453237,
2025-04-29,121.84599333749861,123.62476696286355,117.39905927408627,121.9527197550205,
2025-04-30,120.77872916227965,120.77872916227965,115.6202856487213,117.3456960653253,
2025-05-02,120.16505226152874,122.2017480625716,119.1778328994512,121.1700593598599,
2025-05-05,121.45466313991831,121.75705465623035,119.26677158071944,120.55638245910905,
2025-05-06,121.84599333749861,121.84599333749861,118.28844608676873,118.70645788872946,
2025-05-07,111.17335158530894,117.62140597725687,110.95100488213834,113.20115351822498,
2025-05-08,115.1222290336191,115.6202856487213,101.92372873341124,105.83703070921412,
2025-05-09,108.50519114726153,112.489644068079,106.28172411555535,111.85817943107445,
2025-05-12,123.04666553461995,123.04666553461995,119.40017960262182,123.04666553461995,
2025-05-13,124.42521509427777,124.51415377554602,120.13837065714824,123.36684478718564,
2025-05-14,123.18007355652233,125.0477858631555,121.94382588689369,122.70869854580059,
2025-05-15,123.18007355652233,126.7376208072522,123.18007355652233,125.7681891814283,
2025-05-16,126.28403353278414,127.4491302573982,124.6208801930679,125.16340614880421,
2025-05-19,126.29292740091097,126.29292740091097,124.52304764367284,124.9143778412531,
2025-05-20,124.95884718188728,126.11505003837449,123.62476696286355,125.06557359940915,
2025-05-21,125.84823399456975,126.42633542281335,124.95884718188728,125.7681891814283,
2025-05-22,125.89270333520385,127.17342034546661,123.62476696286355,124.52304764367284,
2025-05-23,123.76706885289273,124.60309245681425,122.73538015018107,123.98941555606335,
2025-05-26,124.0694603692048,124.18508065485348,121.84599333749861,123.27790610591741,
2025-05-27,123.35795091905881,123.75817498476593,121.94382588689369,122.26400513945934,
2025-05-29,121.84599333749861,123.98052168793654,121.84599333749861,122.22842966695207,
2025-05-30,122.73538015018107,124.82543915998487,121.93493201876684,124.18508065485348,
2025-06-02,124.33627641300954,126.11505003837449,123.45578346845387,123.88268913854145,
2025-06-03,123.18007355652233,126.70204533474491,123.18007355652233,124.63866792932154,
2025-06-04,125.21676935756518,125.4035405882285,124.07835423733161,124.46079056678509,
2025-06-05,124.51415377554602,124.8343330281117,123.17117968839548,123.41131412781975,
2025-06-10,123.89158300666828,123.98052168793654,122.76206175456156,122.93993911709804,
2025-06-11,124.51415377554602,125.84823399456975,123.00219619398581,124.54972924805331,
2025-06-12,124.95884718188728,125.84823399456975,122.73538015018107,123.197861292776,
2025-06-13,122.73538015018107,122.7798494908152,120.06721971213366,121.74816078810352,
2025-06-16,121.74816078810352,122.91325751271756,121.18784709611356,121.84599333749861,
2025-06-17,122.49524571075679,122.73538015018107,120.20062773403605,120.85877397542104,
2025-06-18,120.95660652481614,120.95660652481614,118.95548619628057,119.13336355881705,
2025-06-19,120.96550039294294,122.72648628205424,118.73313949310996,119.18672676757801,
2025-06-20,119.18672676757801,121.84599333749861,119.18672676757801,121.00107586545028,
2025-06-23,118.28844608676873,119.97828103086543,116.50967246140378,117.39016540595942,
2025-06-24,121.04554520608437,124.51415377554602,120.95660652481614,124.15839905047302,
2025-06-25,124.51415377554602,124.60309245681425,121.67700984308891,122.44188250199585,
2025-06-26,122.86878817208346,124.49636603929238,121.50802634867927,122.17506645819113,
2025-06-27,121.93493201876684,126.71983307099855,121.93493201876684,123.52693441346845,
2025-06-30,123.63366083099035,124.42521509427777,122.04165843628876,122.56639665577137,
2025-07-01,122.73538015018107,124.46968443491187,122.45967023824953,122.63754760078598,
2025-07-02,123.26901223779055,123.42910186407342,121.86378107375228,122.98440845773217,
2025-07-03,122.98440845773217,126.47080476344743,122.95772685335172,125.7592953133015,
2025-07-04,126.21288258776953,127.80488498247115,126.11505003837449,126.35518447779874,
2025-07-07,126.96886137854962,127.40466091676406,125.94606654396482,127.1645264773398,
2025-07-08,127.39576704863723,128.51639443261715,125.5458424782577,126.22177645589633,
2025-07-09,127.0933755323252,127.0933755323252,125.18119388505788,125.4035405882285,
2025-07-10,124.95884718188728,126.71983307099855,124.95884718188728,126.21288258776953,
2025-07-11,126.21288258776953,129.85047465164084,126.21288258776953,128.23179065255874,
2025-07-14,129.18343454212902,132.07394168334704,129.09449586086075,131.51362799135705,
2025-07-15,131.6381421451326,132.51863508968827,128.78321047642189,129.55697700345561,
2025-07-16,129.85047465164084,130.2951680579821,127.89382366373941,129.45914445406055,
2025-07-17,130.21512324484064,134.38634739632144,130.21512324484064,133.75488275931687,
2025-07-18,133.87050304496563,134.6976327807603,131.27349355193283,131.7537624307813,
2025-07-21,132.07394168334704,132.41190867216636,130.11729069544558,130.6153473105478,
2025-07-22,130.02835201417733,132.51863508968827,130.02835201417733,131.78933790328864,
2025-07-23,131.78933790328864,134.16400069315083,131.1400855300304,132.93664689164902,
2025-07-24,133.39023416611707,136.32521064796924,132.2518190458835,135.70263987909152,
2025-07-25,136.5208757467594,139.09120363541172,134.74210212139445,135.78268469223292,
2025-07-28,135.58701959344276,136.07618234041814,133.5058544517658,134.10174361626306,
2025-07-29,134.30630258318,134.68873891263348,130.2951680579821,130.82880014559157,
2025-07-30,131.6292482770058,131.6292482770058,129.5747647397093,129.92162559665545,
2025-07-31,131.53141572761066,131.53141572761066,128.0717010262759,130.48193928864538,
2025-08-01,130.48193928864538,137.757123416388,129.13896520149487,136.62760216428129,
2025-08-04,137.8549559657831,142.2129513479272,135.18679552773568,140.4608593269427,
2025-08-05,141.85719662285422,146.3041306862666,140.0873168656161,143.10233816060966,
2025-08-06,142.3908287104637,146.48200804880304,142.3908287104637,145.9839514337009,
2025-08-07,147.19351749894903,148.83888310241161,145.70824152176934,146.33081229064703,
2025-08-08,146.65099154321274,147.10457881768082,142.75547730366347,144.92558112660873,
2025-08-11,144.74770376407227,146.74882409260783,143.32468486378028,145.9128004886863,
2025-08-12,146.65099154321274,147.1757297626954,144.22296554458958,144.81885470908688,
2025-08-13,145.3880622692036,145.3880622692036,142.44419191922464,143.1823829737511,
2025-08-15,143.1912768418779,144.07176978643355,139.90054563495278,141.27909519461062,
2025-08-18,141.03006688705952,143.3691542044144,140.0873168656161,142.63096314988798,
2025-08-19,142.3908287104637,143.1912768418779,139.85607629431865,140.47864706319638,
2025-08-20,140.50532866757686,143.1823829737511,139.95390884371372,142.45308578735145,
2025-08-21,142.30189002919545,144.07176978643355,140.79882631576208,143.16459523749742,
2025-08-22,143.29800325939985,145.18350330228665,142.728795699283,143.8049537426288,
2025-08-25,144.0806636545604,144.9522627309892,143.1912768418779,143.4669867538095,
2025-08-26,144.1784962039555,149.27468264062603,144.1784962039555,146.23297974125197,
2025-08-27,146.74882409260783,148.30525101480214,145.68155991738882,146.04620851058866,
2025-08-28,146.08178398309596,147.63821090529026,144.52535706090165,144.83664244534052,
2025-08-29,144.52535706090165,147.13126042206127,144.52535706090165,146.0995717193496,
2025-09-01,146.3041306862666,147.19351749894903,145.19239717041347,145.79718020303758,
2025-09-02,146.0728901149691,146.21519200499833,144.39194903899926,145.17460943415983,
2025-09-03,145.41474387358411,159.09351305264047,145.41474387358411,156.95898470220257,
2025-09-04,157.8661592511387,162.31309331455103,156.09627949390057,158.07961208618252,
2025-09-05,158.31974652560677,167.64941419064587,158.07961208618252,165.48820423582748,
2025-09-08,167.64941419064587,180.10082956820048,167.42706748747528,175.0669002084177,
2025-09-09,175.3426101203493,179.56719748059103,172.5855110010336,173.89290961567684,
2025-09-10,172.80785770420422,178.5888719866403,171.74059352898527,175.27145917533468,
2025-09-11,176.48991910870964,177.25479176761658,173.43042847308197,174.02631763757918,
2025-09-12,173.4393223412088,174.14193792322794,169.1702656403329,170.97572087007833,
2025-09-15,171.20696144137577,176.09858891112935,169.6950038598156,173.58162423123795,
2025-09-16,174.32870915389125,176.8990370425436,174.05299924195967,175.86734833983195,
2025-09-17,176.09858891112935,176.7656290206412,172.71891902293598,173.57273036311116,
2025-09-18,175.19141436219323,177.78842385522609,174.05299924195967,175.8228789991978,
2025-09-19,176.09858891112935,185.41936270804163,176.09858891112935,183.80957257708639,
2025-09-22,185.41936270804163,190.94245481479985,184.1030702252716,187.24260567404073,
2025-09-23,188.1053108823427,188.72788165122043,184.8145796754176,186.70007971830444,
2025-09-24,187.43827077283086,193.79738648351056,186.8690632127141,191.8318416274823,
2025-09-25,192.99693835209632,206.20433252043105,192.20538408880896,203.9897593568517,
2025-09-26,206.3377405423334,211.31830669335525,205.53729241091918,207.06703772873303,
2025-09-29,207.22712735501588,210.33998119940452,204.12316737875403,209.55732080424394,
2025-09-30,209.58400240862443,217.81083042593727,209.58400240862443,212.83915814304228,
2025-10-01,213.4528350437932,215.9431181193041,208.11651416769837,208.9080684309857,
2025-10-02,209.08594579352223,209.8952877930633,204.86135843328051,207.48504953069377,
2025-10-03,209.0059009803808,213.55066759318825,206.3377405423334,210.6512665838434,
2025-10-06,213.21584586966148,213.21584586966148,203.99821759844028,207.95528024012617,
2025-10-07,209.02601483728824,209.02601483728824,199.2031887502798,200.1528837842844,
2025-10-08,200.1528837842844,204.74307644864,193.19776427054478,198.9517988883374,
2025-10-09,199.24974242841728,202.3688388636285,195.52544817741884,196.84757263652327,
2025-10-10,197.39690603854552,199.7152792097921,194.22194518956937,196.61480424583587,
2025-10-13,195.52544817741884,195.94443128065615,186.36368431996263,191.475278179458,
2025-10-14,194.59437461466922,203.71889552961545,194.59437461466922,202.52712136929594,
2025-10-15,203.06714403569066,208.56047805591342,200.9256748413666,203.0112796219257,
2025-10-16,204.6965227705025,207.6294044931638,200.78601380695414,204.03546054095028,
2025-10-17,204.81756233366,205.30172058628978,201.81019472597873,202.98334741504323,
2025-10-20,204.83618380491495,206.5959128385117,203.53268081706548,205.64621780450713,
2025-10-21,205.64621780450713,207.07076035551404,204.5661724717176,205.01308778183738,
2025-10-22,205.0317092530924,206.2327941490394,202.04296311666613,203.16956212759317,
2025-10-23,202.23848856484355,203.89579950653786,198.78420564704248,199.85494024420453,
2025-10-24,199.85494024420453,201.71708736970376,197.95555017619535,198.48626210696258,
2025-10-27,197.38759530291804,200.07839789926442,196.3447929126385,198.10452194623525,
2025-10-28,197.38759530291804,199.5290644972422,193.43053266123218,193.78434061507704,
2025-10-29,195.26474757984894,195.52544817741884,191.84770760455788,192.4529054203451,
2025-10-30,192.4529054203451,204.37064702354016,192.4529054203451,199.7152792097921,
2025-10-31,202.08951679480361,205.29240985066227,201.57742633529134,202.26642077172605,
2025-11-03,203.43026272516306,206.83799196482664,202.340906656746,205.29240985066227,
2025-11-04,205.2830991150348,206.18624047090188,201.8195054616062,202.64816093245338,
2025-11-05,202.49918916241344,203.51405934581052,200.69290645067917,202.00572017415615,
2025-11-06,202.04296311666613,202.97403667941575,199.99460127861698,202.79713270249331,
2025-11-07,202.78782196686583,205.30172058628978,201.58673707091882,203.90511024216534,
2025-11-10,205.39920365307378,206.35233220830847,204.50326281115315,205.9520182151099,
2025-11-11,205.94248692955753,205.94248692955753,199.08949261742018,199.90918317492202,
2025-11-12,199.8710580327126,201.58668943213502,197.28807964802664,198.24120820326132,
2025-11-13,198.26980205991836,202.30153584856103,198.26980205991836,201.06246872675595,
2025-11-14,200.82418658794728,205.86623664513877,200.15699659928302,203.8837292502506,
2025-11-17,204.72248237885714,205.76139250406294,201.1101251545177,202.15856656527583,
2025-11-18,202.2538794207993,202.3491922763228,200.25230945480646,201.04340615565127,
2025-11-19,201.11965644007003,203.82654153693653,200.34762231032994,202.32059841966574,
2025-11-20,203.8551353935936,206.73358363040234,201.96794085422894,205.77092378961527,
2025-11-21,208.6398407408717,208.92577930744207,205.39920365307378,205.8090489318247,
2025-11-24,205.87576793069113,207.30546076354315,204.0171672479835,206.22842549612793,
2025-11-25,207.21014790801968,207.21014790801968,203.96951082022176,205.07513994429397,
2025-11-26,205.11326508650336,207.49608647459004,202.5398179873697,206.7717087726117,
2025-11-27,206.8098339148211,208.25858931877784,204.93217066100877,207.7057747567417,
2025-11-28,209.66921958052515,212.90985666832304,208.92577930744207,211.06078727116778,
2025-12-01,213.4054835170451,219.8867576926409,211.1275062700342,218.71440956970227,
2025-12-02,221.11629352889366,221.12582481444602,214.50158135556498,215.38799091193323,
2025-12-03,215.40705348303794,215.40705348303794,211.69938340317503,212.1473538241353,
2025-12-04,213.02423209495123,213.11001366492235,210.16484642924718,211.9853219697454,
2025-12-05,213.88204779466244,214.45392492780326,211.68985211762265,213.03376338050356,
2025-12-08,212.5476678173339,213.94876679352885,211.8804778286696,213.4722025159115,
2025-12-09,215.40705348303794,216.77955860257586,212.55719910288622,215.88361776065528,
2025-12-10,216.40783846603435,218.07581343769505,213.02423209495123,213.76767236803425,
2025-12-11,215.75017976292241,215.75017976292241,211.0703185567201,211.81375882980316,
2025-12-12,211.81375882980316,214.43486235669855,211.5945392620992,214.04407964905232,
2025-12-15,214.07267350570936,214.45392492780326,211.5945392620992,212.29985439297286,
2025-12-16,213.49126508701622,214.1203299334711,211.5945392620992,212.08063482526887,
2025-12-17,212.1282912530306,212.91938795387537,209.68828215162983,211.52782026323277,
2025-12-18,211.68985211762265,212.5476678173339,209.78359500715328,210.6223481357598,
2025-12-19,211.45156997881398,212.44282367625803,209.7359385793916,210.22203414256126,
2025-12-22,210.64141070686452,212.08063482526887,208.73515359639515,209.25937430177424,
2025-12-23,209.25937430177424,210.93688055898724,209.11640501848905,209.7645324360486,
2025-12-24,210.65094199241685,210.68906713462627,208.74468488194748,209.38328101395473,
2025-12-26,209.38328101395473,211.11797498448186,208.73515359639515,210.4793788524746,
2025-12-29,210.88922413122552,211.56594540544214,209.70734472273455,210.3745347113988,
2025-12-30,211.35625712329053,213.02423209495123,210.68906713462627,212.42376110515337,
2025-12-31,213.03376338050356,213.63423437030139,210.58422299355044,211.0035995578537,
2026-01-01,211.5945392620992,213.07188852271295,210.64141070686452,211.62313311875624,
2026-01-02,212.5476678173339,217.0750284546986,211.97579068419307,215.05439591760108,
2026-01-05,215.40705348303794,220.17269625921134,215.40705348303794,217.27518545129792,
2026-01-06,218.12346986545674,219.79144483711747,215.88361776065528,218.49519000199828,
2026-01-07,219.60081912607052,230.56179751126936,219.60081912607052,227.60709899004183,
2026-01-08,228.27428897870612,231.51492606650405,224.93833903538473,226.69209557701654,
2026-01-09,227.51178613451836,227.51178613451836,221.2211376699695,222.10754722633772,
2026-01-12,221.98364051415723,221.98364051415723,218.2569078631896,218.93362913740623,
2026-01-13,219.31488055950012,220.36332197025826,215.40705348303794,218.83831628188275,
2026-01-14,221.12582481444602,221.12582481444602,214.55876906887906,215.37845962638087,
2026-01-15,215.40705348303794,216.8844027436517,211.61360183320392,214.1679863612328,
2026-01-16,215.40705348303794,221.5070762365399,211.60407054765153,220.93519910339907,
2026-01-19,223.98521048015004,228.41725826199132,223.27036406372406,226.81600228919703,
2026-01-20,227.60709899004183,228.7413219707711,224.6524004688143,224.98599546314648,
2026-01-21,225.41490331300207,232.08680319964483,223.31802049148578,225.02412060535585,
2026-01-22,225.40537202744972,228.75085325632347,223.51817748808503,228.17897612318265,
2026-01-23,228.75085325632347,235.42275314296623,228.27428897870612,232.76352447386148,
2026-01-26,234.46962458773154,238.27260752311793,228.85569739739927,230.63804779568812,
2026-01-27,228.7413219707711,230.66664165234513,225.08130831866993,225.8914675906194,
2026-01-28,225.8914675906194,228.75085325632347,223.5086462025327,223.96614790904536,
2026-01-29,223.5277087736374,224.7477133243378,215.40705348303794,217.77081230001994,
2026-01-30,219.26722413173837,223.41333334700926,217.3228418790596,219.6580068393846,
2026-02-02,220.54441639575282,223.0320819249154,217.79940615667695,222.3648919362511,
2026-02-03,222.3648919362511,225.8914675906194,222.3648919362511,223.5086462025327,
2026-02-04,223.55630263029445,224.17583619119696,221.12582481444602,223.5848964869515,
2026-02-06,223.0320819249154,223.5848964869515,215.88361776065528,218.14253243656145,
2026-02-09,219.21956770397665,220.64926053682868,212.4523549618104,214.4253310711462,
2026-02-10,214.83517634989713,216.83674631588994,214.45392492780326,215.30220934196208,
2026-02-11,216.3601820382726,218.7430034263593,214.94002049097293,217.09409102580332,
2026-02-12,217.31331059350728,217.88518772664807,211.5945392620992,212.98610695274184,
2026-02-13,213.02423209495123,214.07267350570936,210.1457838581425,211.64219568986093,
2026-02-16,212.5953242450956,212.64298067285733,204.90357680435173,206.57155177601243,
2026-02-17,207.7820250411605,208.73515359639515,204.11248010350695,206.47623892048895,
2026-02-18,207.31499204909548,215.87408647510293,207.31499204909548,215.2545529142004,
2026-02-19,215.88361776065528,216.3601820382726,207.7820250411605,209.17359273180313,
2026-02-20,209.69781343718216,211.5945392620992,207.3626484768572,209.66921958052515,
2026-02-23,209.2117178740125,211.92813425643132,202.06325370975236,204.19826167347807,
2026-02-24,204.35076224231562,205.87576793069113,196.82104665596162,201.16731286783178,
2026-02-25,203.01638226498704,206.1140500694998,199.194336758496,200.29996588256824,
2026-02-26,200.35715359588232,212.92891923942776,197.45964278796887,210.48891013802697,
2026-02-27,209.68828215162983,214.45392492780326,207.79155632671282,209.802657578258,
2026-03-02,188.8242980775427,201.1101251545177,188.8242980775427,189.05304893079898,
2026-03-03,190.72102390245968,199.01324233300141,190.72102390245968,197.2594857913696,
2026-03-04,196.82104665596162,197.72651878343459,193.00853243502291,194.70510126334065,
2026-03-05,196.34448237834428,209.68828215162983,195.49619796418546,208.63030945531932,
2026-03-06,209.0100265821014,209.0100265821014,201.30400270484543,202.49555519283683,
2026-03-09,190.45306160518584,190.45306160518584,182.24892972065476,184.71993610968613,
2026-03-10,199.24320291004057,203.18899967355313,193.38310870680408,202.30021871939562,
2026-03-11,202.30021871939562,205.05446299491675,198.75486172643753,199.92688056708482,
2026-03-12,197.2898381756284,199.14553467332,194.34025742666603,194.93603367066177,
2026-03-13,193.39287553047615,195.58064403301776,188.95873758336054,193.36357505945995,
2026-03-16,190.55072984190645,193.2854404700835,182.7372709042578,183.98742433428157,
2026-03-17,188.0015888634986,188.40202863405307,184.5832005782773,188.03088933451477,
2026-03-18,188.6950333442149,193.86168306673508,187.5230145035676,192.5333950473348,
2026-03-19,190.4432947815138,193.36357505945995,185.81382036095695,190.62886443128295,
2026-03-24,196.31315580842232,199.22366926269643,191.44927761973605,193.13893811500256,
2026-03-25,195.59041085668983,202.41742060346033,194.0277190691601,200.52265681108054,
2026-03-26,200.21988527724665,200.21988527724665,192.2110898661568,192.94360164156137,
2026-03-27,193.38310870680408,196.48895863451943,190.72653266800356,192.34782539756563,
2026-03-30,191.44927761973605,192.11342162943617,184.2608953970993,189.81821806650188,
2026-03-31,190.94140278878888,194.75046402089262,189.47637923797976,191.8887846849788,
2026-04-01,197.28007135195637,201.07936576038801,195.14113696777505,196.8698647577298,
2026-04-02,192.406426339598,192.79709928648046,186.5463321363615,191.12697243855803,
2026-04-03,188.0211225108427,193.87144989040712,188.01135568717064,190.65816490229912,
2026-04-06,191.91808515599496,196.31315580842232,187.91368745045003,193.79331530103062,
2026-04-07,193.87144989040712,194.88719955230144,190.55072984190645,194.06678636384834,
2026-04-08,213.47346500023318,213.47346500023318,208.1310124516159,213.47346500023318,
2026-04-09,211.94007368371965,211.94007368371965,205.6893065336007,208.6779545772513,
2026-04-10,209.87927388891478,211.84240544699904,208.52168539849836,209.15652893718232,
2026-04-13,203.1499323788649,206.06044583313903,200.47382269272023,201.68490882805577,
2026-04-14,204.614955929674,209.30303129226323,204.614955929674,207.97474327286295,
2026-04-15,212.90698922725366,219.50936202956677,211.07082637690624,216.13004103903373,
2026-04-16,217.80016788695613,223.40632467471903,217.80016788695613,220.8767173436553,
2026-04-17,222.57614466259383,227.0786503754139,220.73021498857437,225.11551881732967,
2026-04-20,221.80456559250104,224.6076439863825,214.3915464254069,219.74376579769623,
2026-04-21,220.73021498857437,222.0975703026629,217.80016788695613,219.13822273002845,
2026-04-22,218.7768502541622,225.41829035116356,215.1142913771394,222.68357972298654,
2026-04-23,222.5663778389218,224.14860327379566,218.9819535512755,221.15018840647298,
2026-04-24,220.73021498857437,222.92775031478806,218.09317259711796,222.1659380683673,
2026-04-27,221.70689735578046,222.1659380683673,219.7535326213683,220.23210698129927,
2026-04-28,218.7768502541622,220.73021498857437,218.5326796623607,219.26519143776525,
2026-04-29,219.7535326213683,220.73021498857437,217.03835564053537,217.72203329757963,
2026-04-30,215.35846196894093,216.6769831646691,211.2563960266754,215.34869514526886,
2026-05-04,217.32159352702513,220.73021498857437,216.62814904630883,217.59506458984285,
2026-05-05,216.75,216.89,212.51,214.43,
2026-05-06,216.92,221.99,216.0,220.57,
2026-05-07,221.49,221.75,215.6,217.62,
2026-05-08,216.0,218.24,215.0,216.53,
2026-05-11,216.01,216.39,214.0,215.49,
2026-05-12,215.0,216.47,213.0,213.81,
2026-05-13,213.2,215.95,210.8,211.43,
2026-05-14,212.4,213.55,210.1,210.75,
2026-05-15,210.74,211.3,208.89,209.82,
2026-05-18,209.0,209.0,203.86,204.29,
2026-05-19,205.9,207.47,205.01,206.62,
2026-05-20,207.01,210.0,206.63,209.68,
2026-05-21,211.12,216.98,211.12,215.99,
2026-05-22,217.0,218.49,214.74,215.42,
2026-05-25,218.85,221.0,215.91,219.5,
2026-05-29,218.0,222.0,217.5,221.26,
2026-06-01,220.9,220.9,214.5,214.95,
2026-06-02,215.0,217.1,215.0,215.95,
2026-06-03,215.0,217.4,213.45,214.38,
2026-06-04,214.3,216.0,214.25,215.4,
2026-06-05,215.97,217.5,213.5,214.12,
2026-06-08,212.0,213.0,210.6,212.37,
