"Date","Price","Open","High","Low","Vol.","Change %"
"06/08/2026","139.00","139.00","139.97","137.62","31.99K","-0.92%"
"06/05/2026","140.29","137.99","141.00","137.99","25.85K","2.17%"
"06/04/2026","137.31","138.00","138.00","136.99","44.99K","-0.01%"
"06/03/2026","137.32","139.01","141.00","135.04","46.56K","-1.87%"
"06/02/2026","139.94","142.15","143.25","138.80","101.32K","-1.53%"
"06/01/2026","142.12","140.00","142.94","140.00","24.78K","0.09%"
"05/29/2026","141.99","141.99","142.90","139.50","45.77K","0.70%"
"05/25/2026","141.00","140.63","143.00","140.62","267.74K","0.95%"
"05/22/2026","139.68","142.00","143.65","139.00","57.25K","-0.09%"
"05/21/2026","139.80","143.00","145.90","139.00","207.17K","-1.47%"
"05/20/2026","141.89","140.00","142.45","140.00","26.06K","1.33%"
"05/19/2026","140.03","139.90","142.00","139.00","24.96K","1.08%"
"05/18/2026","138.53","142.00","142.00","138.11","55.47K","-3.46%"
"05/15/2026","143.49","143.00","146.34","140.50","16.59K","0.41%"
"05/14/2026","142.90","144.00","144.80","141.90","54.45K","-0.76%"
"05/13/2026","143.99","144.90","145.99","143.01","6.01K","0.33%"
"05/12/2026","143.51","145.00","148.99","142.00","32.14K","-0.33%"
"05/11/2026","143.99","152.39","152.39","140.00","228.90K","-4.10%"
"05/08/2026","150.14","152.00","152.00","149.00","31.70K","-1.74%"
"05/07/2026","152.80","154.90","154.90","150.56","27.23K","-0.51%"
"05/06/2026","153.59","149.00","154.00","147.20","187.89K","3.64%"
"05/05/2026","148.19","148.00","149.99","140.10","42.97K","2.69%"
"05/04/2026","144.31","140.16","151.84","140.16","64.06K","1.84%"
"04/30/2026","141.70","148.00","148.00","135.15","76.45K","-4.74%"
"04/29/2026","148.75","150.00","153.00","147.00","78.63K","-1.27%"
"04/28/2026","150.67","152.99","155.40","145.10","50.16K","-1.52%"
"04/27/2026","153.00","152.00","156.00","151.00","43.57K","0.10%"
"04/24/2026","152.84","149.00","155.75","143.00","45.82K","1.90%"
"04/23/2026","149.99","153.50","153.50","148.50","19.94K","-1.97%"
"04/22/2026","153.00","153.63","153.90","150.00","90.62K","-0.41%"
"04/21/2026","153.63","157.90","159.99","152.00","62.03K","-0.92%"
"04/20/2026","155.05","163.48","163.48","150.00","132.72K","-5.42%"
"04/17/2026","163.94","156.00","164.89","156.00","163.21K","4.59%"
"04/16/2026","156.74","157.00","158.90","151.50","162.99K","1.34%"
"04/15/2026","154.67","147.00","155.00","147.00","109.66K","6.18%"
"04/14/2026","145.67","137.31","146.12","137.31","97.49K","4.93%"
"04/13/2026","138.82","140.00","141.00","132.00","117.00K","-3.60%"
"04/10/2026","144.01","140.00","147.00","140.00","91.64K","4.14%"
"04/09/2026","138.28","133.00","140.00","129.70","105.53K","6.00%"
"04/08/2026","130.45","130.45","130.45","130.45","52.65K","10.00%"
"04/07/2026","118.59","113.53","119.00","113.53","88.57K","1.16%"
"04/06/2026","117.23","117.00","118.00","110.03","114.96K","0.80%"
"04/03/2026","116.30","119.00","119.12","113.00","48.55K","-3.53%"
"04/02/2026","120.55","120.90","120.90","117.00","30.38K","-0.86%"
"04/01/2026","121.59","119.00","125.00","116.00","48.70K","2.78%"
"03/31/2026","118.30","116.94","121.00","116.94","15.54K","1.43%"
"03/30/2026","116.63","118.00","118.91","115.00","26.34K","-1.16%"
"03/27/2026","118.00","116.15","118.00","114.40","11.34K","0.73%"
"03/26/2026","117.15","119.00","119.90","116.12","20.27K","-1.93%"
"03/25/2026","119.45","117.00","119.90","117.00","12.90K","2.97%"
"03/24/2026","116.00","119.00","124.80","112.00","24.22K","-2.27%"
"03/19/2026","118.69","118.02","119.79","116.60","23.85K","0.45%"
"03/18/2026","118.16","116.00","119.00","116.00","14.69K","2.76%"
"03/17/2026","114.99","114.57","115.00","112.05","8.37K","0.37%"
"03/16/2026","114.57","120.65","120.65","110.11","60.19K","-4.96%"
"03/13/2026","120.55","119.00","123.00","112.50","15.24K","2.16%"
"03/12/2026","118.00","118.00","120.00","115.00","12.91K","-1.03%"
"03/11/2026","119.23","118.00","122.00","117.00","32.65K","1.40%"
"03/10/2026","117.58","120.00","124.49","117.00","179.19K","1.62%"
"03/09/2026","115.70","127.99","127.99","115.70","49.22K","-10.00%"
"03/06/2026","128.55","133.00","133.00","126.00","55.88K","-2.97%"
"03/05/2026","132.48","137.82","141.00","129.00","120.42K","-3.87%"
"03/04/2026","137.82","137.44","141.25","133.02","11.35K","0.28%"
"03/03/2026","137.44","130.00","139.40","130.00","14.46K","4.82%"
"03/02/2026","131.12","127.00","153.99","126.63","49.65K","-7.47%"
"02/27/2026","141.70","140.50","143.97","135.00","67.82K","-1.18%"
"02/26/2026","143.39","145.79","145.79","131.00","110.82K","0.03%"
"02/25/2026","143.34","149.75","152.00","142.00","47.67K","-2.68%"
"02/24/2026","147.29","141.50","149.00","135.01","81.95K","3.92%"
"02/23/2026","141.73","147.20","147.90","138.00","60.44K","-2.51%"
"02/20/2026","145.38","154.00","154.00","136.45","140.88K","-4.11%"
"02/19/2026","151.61","157.20","157.20","150.01","20.87K","-3.37%"
"02/18/2026","156.89","154.90","157.50","153.20","21.50K","1.45%"
"02/17/2026","154.64","154.00","155.75","153.89","35.80K","0.64%"
"02/16/2026","153.65","153.00","155.70","150.00","41.39K","0.96%"
"02/13/2026","152.19","153.00","156.00","150.10","51.35K","-0.38%"
"02/12/2026","152.77","156.92","156.92","150.00","125.90K","-2.65%"
"02/11/2026","156.93","156.00","157.97","154.00","76.18K","0.48%"
"02/10/2026","156.18","158.00","160.00","153.70","64.41K","-1.07%"
"02/09/2026","157.87","155.02","158.00","152.00","51.00K","1.98%"
"02/06/2026","154.81","155.99","155.99","152.30","74.33K","0.47%"
"02/04/2026","154.09","156.00","158.00","153.00","85.03K","-0.70%"
"02/03/2026","155.18","158.72","159.00","155.00","96.39K","-1.28%"
"02/02/2026","157.20","162.00","162.00","155.00","155.59K","-3.21%"
"01/30/2026","162.42","160.22","163.90","160.00","73.58K","0.35%"
"01/29/2026","161.85","163.11","166.00","160.15","103.10K","-2.02%"
"01/28/2026","165.18","164.95","166.00","163.01","54.51K","-0.43%"
"01/27/2026","165.89","166.00","166.70","163.00","39.65K","0.16%"
"01/26/2026","165.62","169.50","169.50","162.50","61.56K","-1.18%"
"01/23/2026","167.60","163.00","168.00","162.00","104.38K","2.45%"
"01/22/2026","163.59","162.00","164.46","161.00","83.50K","1.46%"
"01/21/2026","161.24","162.00","163.50","160.15","79.86K","-0.90%"
"01/20/2026","162.71","159.55","164.90","159.55","55.25K","-0.21%"
"01/19/2026","163.05","163.90","163.90","161.00","119.85K","0.00%"
"01/16/2026","163.05","162.00","164.60","160.00","363.49K","2.50%"
"01/15/2026","159.08","163.01","164.01","158.70","167.90K","-2.41%"
"01/14/2026","163.01","160.87","165.00","159.00","128.46K","1.33%"
"01/13/2026","160.87","157.00","161.86","157.00","60.88K","1.13%"
"01/12/2026","159.07","161.79","163.40","158.12","159.04K","-1.68%"
"01/09/2026","161.79","163.00","163.50","160.11","73.58K","-0.83%"
"01/08/2026","163.14","161.10","164.40","161.00","195.41K","2.29%"
"01/07/2026","159.49","157.00","160.75","156.50","345.10K","1.75%"
"01/06/2026","156.74","157.51","159.00","156.01","111.93K","-0.49%"
"01/05/2026","157.51","157.85","159.80","156.00","171.06K","0.61%"
"01/02/2026","156.55","158.00","158.00","155.05","244.78K","-1.20%"
"01/01/2026","158.45","158.20","164.79","154.20","225.85K","0.03%"
"12/31/2025","158.40","161.00","161.00","157.15","33.92K","-0.40%"
"12/30/2025","159.03","160.90","161.50","158.33","26.71K","0.45%"
"12/29/2025","158.32","159.68","164.00","155.50","63.63K","-0.38%"
"12/26/2025","158.93","156.05","159.80","156.00","49.68K","1.40%"
"12/24/2025","156.73","156.26","159.69","155.55","45.30K","0.30%"
"12/23/2025","156.26","159.20","161.90","155.90","95.57K","-2.25%"
"12/22/2025","159.85","160.07","161.00","156.00","45.68K","-0.14%"
"12/19/2025","160.07","162.20","163.50","159.20","113.46K","-1.60%"
"12/18/2025","162.68","163.99","164.90","161.02","137.26K","0.12%"
"12/17/2025","162.49","164.90","165.00","160.75","299.26K","-0.86%"
"12/16/2025","163.90","164.90","166.00","161.00","318.43K","-0.27%"
"12/15/2025","164.35","158.15","165.00","158.01","605.49K","3.99%"
"12/12/2025","158.04","157.20","160.01","155.01","142.91K","0.36%"
"12/11/2025","157.47","157.02","159.80","154.58","306.01K","0.29%"
"12/10/2025","157.02","159.04","166.08","155.50","677.37K","-1.27%"
"12/09/2025","159.04","158.60","160.63","155.00","263.54K","0.31%"
"12/08/2025","158.55","165.00","166.50","157.50","259.74K","-3.65%"
"12/05/2025","164.55","168.49","171.25","162.50","195.32K","0.46%"
"12/04/2025","163.79","162.99","176.00","154.00","980.25K","1.63%"
"12/03/2025","161.16","155.63","168.50","155.00","651.60K","5.00%"
"12/02/2025","153.49","152.35","155.75","151.50","117.10K","0.66%"
"12/01/2025","152.49","150.00","154.97","148.36","121.67K","2.47%"
"11/28/2025","148.81","152.39","153.50","147.30","101.49K","-1.59%"
"11/27/2025","151.22","149.50","152.50","141.54","159.08K","1.60%"
"11/26/2025","148.84","144.80","156.17","137.65","397.95K","4.84%"
"11/25/2025","141.97","144.10","146.49","141.00","166.78K","-1.65%"
"11/24/2025","144.35","152.52","152.52","137.51","334.33K","-5.25%"
"11/21/2025","152.35","157.80","157.80","148.78","126.29K","-0.92%"
"11/20/2025","153.77","154.84","158.84","147.50","412.18K","3.33%"
"11/19/2025","148.82","154.16","157.50","147.00","337.92K","-3.46%"
"11/18/2025","154.16","164.00","174.00","150.00","1.23M","-3.07%"
"11/17/2025","159.04","159.04","159.04","159.00","299.98K","10.00%"
"11/14/2025","144.58","131.51","144.58","128.31","803.82K","10.00%"
"11/13/2025","131.44","135.50","142.22","129.98","820.78K","-3.00%"
"11/12/2025","135.51","124.11","136.52","123.10","2.72M","9.19%"
"11/11/2025","124.11","126.00","131.44","123.92","498.31K","-2.04%"
"11/10/2025","126.70","130.00","130.50","123.75","364.22K","-0.23%"
"11/07/2025","126.99","130.99","131.94","126.00","170.06K","-2.32%"
"11/06/2025","130.00","131.80","131.80","127.21","158.21K","2.65%"
"11/05/2025","126.65","130.99","133.98","126.00","251.83K","-1.97%"
"11/04/2025","129.20","134.40","138.00","124.00","426.46K","-3.85%"
"11/03/2025","134.37","143.00","144.00","133.75","346.47K","-3.32%"
"10/31/2025","138.98","136.00","140.00","132.22","184.17K","6.34%"
"10/30/2025","130.70","135.00","148.75","129.00","441.97K","-3.35%"
"10/29/2025","135.23","149.20","151.00","134.34","313.80K","-9.40%"
"10/28/2025","149.26","148.98","151.00","147.00","77.86K","1.59%"
"10/27/2025","146.92","157.00","157.50","143.70","608.75K","-6.23%"
"10/24/2025","156.68","157.50","161.50","154.90","566.67K","-0.48%"
"10/23/2025","157.43","145.25","159.20","144.12","1.27M","8.77%"
"10/22/2025","144.73","147.20","149.00","143.90","188.75K","-0.75%"
"10/21/2025","145.82","142.99","146.25","141.00","163.94K","3.88%"
"10/20/2025","140.38","136.87","145.50","136.87","132.63K","2.55%"
"10/17/2025","136.89","140.26","140.26","134.95","41.06K","-2.14%"
"10/16/2025","139.88","148.02","150.00","138.50","257.19K","-3.55%"
"10/15/2025","145.03","134.90","145.13","130.00","636.25K","9.92%"
"10/14/2025","131.94","122.50","132.37","122.50","781.91K","8.57%"
"10/13/2025","121.52","127.79","127.79","120.00","183.68K","-4.91%"
"10/10/2025","127.79","126.00","128.74","122.50","86.68K","0.96%"
"10/09/2025","126.58","133.00","133.00","126.00","129.73K","-2.08%"
"10/08/2025","129.27","123.00","132.00","122.97","1.06M","5.12%"
"10/07/2025","122.97","124.01","130.01","120.11","747.37K","-0.72%"
"10/06/2025","123.86","115.00","124.64","115.00","579.33K","9.31%"
"10/03/2025","113.31","104.00","113.31","103.00","95.98K","10.00%"
"10/02/2025","103.01","103.02","104.00","102.90","77.25K","-0.19%"
"10/01/2025","103.21","104.01","105.45","102.05","71.05K","-0.65%"
"09/30/2025","103.89","102.11","104.00","101.01","92.83K","1.84%"
"09/29/2025","102.01","100.10","103.99","99.50","74.59K","1.08%"
"09/26/2025","100.92","101.88","103.00","99.00","35.23K","-0.94%"
"09/25/2025","101.88","104.90","104.90","101.06","13.35K","-1.59%"
"09/24/2025","103.53","106.00","107.00","102.02","20.84K","-1.48%"
"09/23/2025","105.09","112.44","112.44","104.00","122.60K","-4.71%"
"09/22/2025","110.29","114.20","114.20","110.00","42.35K","-3.33%"
"09/19/2025","114.09","119.00","119.99","113.00","80.76K","-4.85%"
"09/18/2025","119.90","120.00","120.50","118.00","36.58K","0.42%"
"09/17/2025","119.40","121.00","122.00","118.70","63.21K","-0.39%"
"09/16/2025","119.87","122.75","122.75","119.50","25.88K","-0.95%"
"09/15/2025","121.02","124.00","127.00","120.05","97.71K","-0.81%"
"09/12/2025","122.01","122.00","124.00","121.00","309.02K","0.13%"
"09/11/2025","121.85","122.25","128.00","121.05","206.13K","-2.32%"
"09/10/2025","124.74","122.05","126.50","122.00","72.50K","-0.02%"
"09/09/2025","124.77","119.00","128.00","117.00","244.61K","5.28%"
"09/08/2025","118.51","120.00","124.49","116.00","481.31K","2.14%"
"09/05/2025","116.03","104.00","116.03","103.00","392.22K","10.00%"
"09/04/2025","105.48","101.99","107.00","100.50","306.86K","4.29%"
"09/03/2025","101.14","93.00","101.34","93.00","328.58K","9.78%"
"09/02/2025","92.13","91.00","93.20","89.11","51.63K","2.37%"
"09/01/2025","90.00","91.11","91.11","89.21","13.18K","-1.24%"
"08/29/2025","91.13","90.00","91.78","89.65","14.29K","1.29%"
"08/28/2025","89.97","89.02","90.00","87.10","12.70K","0.53%"
"08/27/2025","89.50","88.68","91.50","88.68","34.13K","-0.56%"
"08/26/2025","90.00","89.90","91.50","89.00","58.22K","0.68%"
"08/25/2025","89.39","90.50","91.38","85.10","98.36K","-1.76%"
"08/22/2025","90.99","90.00","91.35","90.00","44.91K","1.10%"
"08/21/2025","90.00","91.01","91.38","88.81","22.48K","-0.66%"
"08/20/2025","90.60","92.00","92.00","88.62","24.23K","-0.83%"
"08/19/2025","91.36","93.38","93.38","90.81","29.13K","-1.77%"
"08/18/2025","93.01","92.00","93.25","91.00","66.62K","1.43%"
"08/15/2025","91.70","92.00","92.68","90.50","49.01K","-0.66%"
"08/13/2025","92.31","90.50","92.68","90.07","10.32K","0.46%"
"08/12/2025","91.89","89.15","92.00","89.00","66.43K","1.92%"
"08/11/2025","90.16","91.60","91.60","90.00","57.80K","-1.57%"
"08/08/2025","91.60","92.00","92.67","91.10","31.38K","-0.02%"
"08/07/2025","91.62","93.00","94.50","90.62","99.42K","-0.56%"
"08/06/2025","92.14","92.00","94.50","90.50","69.30K","1.99%"
"08/05/2025","90.34","90.00","92.00","89.10","45.29K","-0.79%"
"08/04/2025","91.06","90.04","92.50","90.00","24.18K","0.01%"
"08/01/2025","91.05","93.00","94.75","89.72","65.96K","-2.10%"
"07/31/2025","93.00","98.00","98.00","92.00","178.71K","-1.70%"
"07/30/2025","94.61","98.00","99.00","92.25","75.69K","-3.81%"
"07/29/2025","98.36","97.55","103.84","93.00","431.97K","3.30%"
"07/28/2025","95.22","86.56","95.22","86.56","522.94K","10.00%"
"07/25/2025","86.56","85.55","87.87","85.02","51.70K","2.44%"
"07/24/2025","84.50","83.00","85.94","83.00","74.73K","0.63%"
"07/23/2025","83.97","84.00","84.75","82.30","9.17K","0.78%"
"07/22/2025","83.32","85.38","88.00","82.06","56.71K","-1.54%"
"07/21/2025","84.62","82.10","85.00","81.10","27.92K","1.62%"
"07/18/2025","83.27","84.50","84.50","83.27","13.76K","0.02%"
"07/17/2025","83.25","83.88","86.00","82.50","15.07K","-2.02%"
"07/16/2025","84.97","83.01","86.81","83.01","77.43K","2.83%"
"07/15/2025","82.63","81.50","83.00","80.08","67.82K","2.53%"
"07/14/2025","80.59","80.74","82.00","80.00","112.19K","0.74%"
"07/11/2025","80.00","79.99","80.00","78.00","11.04K","1.04%"
"07/10/2025","79.18","80.10","80.32","79.13","5.98K","-1.42%"
"07/09/2025","80.32","80.01","81.70","79.30","40.38K","-0.56%"
"07/08/2025","80.77","81.00","81.00","79.50","15.64K","0.16%"
"07/07/2025","80.64","78.57","80.80","78.45","11.81K","2.65%"
"07/04/2025","78.56","79.00","82.50","78.10","4.62K","-0.56%"
"07/03/2025","79.00","78.00","79.80","78.00","16.72K","2.29%"
"07/02/2025","77.23","79.00","79.50","76.16","71.36K","-2.24%"
"07/01/2025","79.00","80.99","80.99","78.26","6.98K","1.27%"
"06/30/2025","78.01","82.20","82.20","77.90","63.80K","-2.69%"
"06/27/2025","80.17","81.50","82.50","78.22","4.58K","0.78%"
"06/26/2025","79.55","81.00","81.00","79.00","5.52K","-1.67%"
"06/25/2025","80.90","82.49","82.67","80.00","3.79K","-1.93%"
"06/24/2025","82.49","78.91","83.01","78.90","13.57K","7.31%"
"06/23/2025","76.87","78.08","79.90","76.11","58.47K","-3.91%"
"06/20/2025","80.00","80.00","80.20","79.15","4.83K","0.45%"
"06/19/2025","79.64","78.60","81.80","78.60","23.65K","-1.53%"
"06/18/2025","80.88","81.00","81.00","78.01","42.53K","-0.21%"
"06/17/2025","81.05","77.35","82.95","77.35","55.44K","1.05%"
"06/16/2025","80.21","79.88","80.99","77.62","53.32K","0.29%"
"06/13/2025","79.98","81.25","81.25","78.00","36.83K","-2.74%"
"06/12/2025","82.23","84.50","84.50","82.00","27.61K","-2.10%"
"06/11/2025","83.99","88.00","88.00","82.65","76.02K","-0.84%"
"06/10/2025","84.70","88.00","88.00","83.01","6.65K","-0.22%"
"06/05/2025","84.89","83.03","86.00","83.00","53.60K","3.36%"
"06/04/2025","82.13","82.50","84.90","82.00","16.78K","0.12%"
"06/03/2025","82.03","84.66","85.00","81.11","57.89K","-3.11%"
"06/02/2025","84.66","91.00","93.00","84.00","138.15K","-5.55%"
"05/30/2025","89.63","85.00","89.63","85.00","308.49K","10.00%"
"05/29/2025","81.48","74.88","81.48","74.88","219.31K","10.00%"
"05/27/2025","74.07","74.87","74.88","74.02","57.95K","0.43%"
"05/26/2025","73.75","74.25","75.00","73.00","132.15K","-0.34%"
"05/23/2025","74.00","73.10","74.10","73.10","11.55K","-0.18%"
"05/22/2025","74.13","74.25","74.90","73.00","47.52K","0.04%"
"05/21/2025","74.10","73.00","76.00","71.65","37.44K","2.14%"
"05/20/2025","72.55","73.05","75.51","72.55","49.79K","-0.62%"
"05/19/2025","73.00","73.13","75.00","72.99","19.96K","-0.11%"
"05/16/2025","73.08","72.00","75.40","72.00","8.27K","2.17%"
"05/15/2025","71.53","71.50","74.93","69.02","9.65K","-1.91%"
"05/14/2025","72.92","72.01","73.99","67.54","13.96K","-2.83%"
"05/13/2025","75.04","74.00","75.50","74.00","158.37K","1.45%"
"05/12/2025","73.97","69.26","73.98","65.05","84.23K","9.99%"
"05/09/2025","67.25","62.00","71.50","59.11","13.36K","3.45%"
"05/08/2025","65.01","68.00","71.89","62.00","15.43K","-4.87%"
"05/07/2025","68.34","71.00","71.00","67.01","7.48K","-3.75%"
"05/06/2025","71.00","71.01","72.00","70.60","18.24K","0.58%"
"05/05/2025","70.59","72.00","72.95","70.52","2.24K","0.80%"
"05/02/2025","70.03","69.00","72.50","69.00","0.23K","0.00%"
"04/30/2025","70.03","70.08","71.99","69.67","10.47K","-2.74%"
"04/29/2025","72.00","71.25","73.00","69.25","4.07K","-0.57%"
"04/28/2025","72.41","71.25","71.25","71.25","0.00K","0.00%"
"04/25/2025","72.41","72.70","72.70","72.70","0.33K","0.00%"
"04/24/2025","72.41","73.50","74.00","72.00","10.61K","-2.06%"
"04/23/2025","73.93","75.00","75.00","71.20","4.12K","-1.43%"
"04/22/2025","75.00","74.02","76.25","73.90","25.51K","1.32%"
"04/21/2025","74.02","75.00","75.01","74.00","5.44K","-0.60%"
"04/18/2025","74.47","75.00","75.00","74.28","0.73K","0.26%"
"04/17/2025","74.28","74.99","76.00","74.13","5.20K","-0.59%"
"04/16/2025","74.72","74.00","75.00","72.05","55.71K","2.13%"
"04/15/2025","73.16","72.50","72.50","72.50","0.00K","0.00%"
"04/14/2025","73.16","74.00","74.00","73.10","8.03K","-1.12%"
"04/11/2025","73.99","73.70","75.00","72.00","1.67K","1.34%"
"04/10/2025","73.01","73.54","75.00","72.06","26.50K","0.55%"
"04/09/2025","72.61","72.15","73.80","71.10","3.60K","-1.83%"
"04/08/2025","73.96","74.94","74.94","72.10","3.45K","0.63%"
"04/07/2025","73.50","71.15","77.99","70.00","17.79K","-0.65%"
"04/04/2025","73.98","72.02","75.00","72.02","4.72K","0.01%"
"04/03/2025","73.97","74.95","74.95","72.01","4.66K","-0.19%"
"03/27/2025","74.11","73.51","75.90","73.00","2.58K","-0.38%"
"03/26/2025","74.39","74.99","75.89","73.20","8.86K","0.18%"
"03/25/2025","74.26","72.00","75.75","71.10","5.98K","0.38%"
"03/24/2025","73.98","74.06","78.39","72.10","93.98K","-0.32%"
"03/21/2025","74.22","73.00","80.03","73.00","52.42K","2.02%"
"03/20/2025","72.75","71.06","73.00","71.06","80.29K","2.39%"
"03/19/2025","71.05","72.00","72.00","69.21","44.57K","0.06%"
"03/18/2025","71.01","71.00","72.90","71.00","52.79K","0.01%"
"03/17/2025","71.00","68.75","71.00","68.75","11.79K","3.27%"
"03/14/2025","68.75","68.00","69.25","67.96","50.50K","1.16%"
"03/13/2025","67.96","67.94","68.35","67.94","35.30K","0.03%"
"03/12/2025","67.94","69.00","69.00","67.00","57.97K","-1.96%"
"03/11/2025","69.30","70.25","70.25","69.00","10.38K","-1.35%"
"03/10/2025","70.25","71.00","71.00","70.25","42.32K","-0.35%"
"03/07/2025","70.50","71.00","71.00","70.01","8.75K","0.00%"
"03/06/2025","70.50","69.21","70.51","69.21","46.28K","-2.08%"
"03/05/2025","72.00","68.20","73.00","67.02","2.43K","1.57%"
"03/04/2025","70.89","68.12","71.99","68.11","24.56K","1.00%"
"03/03/2025","70.19","72.55","73.00","70.00","29.37K","-3.41%"
"02/28/2025","72.67","72.60","75.00","66.00","9.83K","-0.23%"
"02/27/2025","72.84","74.00","75.00","72.10","83.02K","-2.85%"
"02/26/2025","74.98","74.50","75.99","73.10","83.58K","0.77%"
"02/25/2025","74.41","75.39","76.39","72.50","6.40K","0.54%"
"02/24/2025","74.01","77.79","77.79","72.80","176.14K","-3.17%"
"02/21/2025","76.43","78.39","78.39","73.00","42.18K","1.84%"
"02/20/2025","75.05","75.00","75.90","73.55","71.27K","0.07%"
"02/19/2025","75.00","75.90","75.90","74.58","7.81K","0.56%"
"02/18/2025","74.58","73.30","74.99","73.30","30.29K","0.84%"
"02/17/2025","73.96","73.00","74.89","73.00","5.28K","1.04%"
"02/14/2025","73.20","74.50","75.64","73.00","8.62K","-1.74%"
"02/13/2025","74.50","68.51","74.70","68.51","1.91K","1.36%"
"02/12/2025","73.50","75.83","75.84","73.50","2.77K","-1.34%"
"02/11/2025","74.50","74.94","75.00","74.01","32.70K","0.53%"
"02/10/2025","74.11","74.70","74.70","73.15","34.41K","1.62%"
"02/07/2025","72.93","73.40","74.00","71.11","22.25K","-0.59%"
"02/06/2025","73.36","70.35","74.24","70.35","106.29K","1.12%"
"02/04/2025","72.55","71.22","73.99","71.22","0.70K","-1.13%"
"02/03/2025","73.38","73.99","73.99","71.32","9.16K","-0.84%"
"01/31/2025","74.00","73.51","74.60","73.50","20.24K","0.68%"
"01/30/2025","73.50","74.00","74.00","72.35","3.71K","-0.51%"
"01/29/2025","73.88","74.00","74.49","72.00","44.22K","-0.15%"
"01/28/2025","73.99","72.01","74.00","72.00","55.49K","0.46%"
"01/27/2025","73.65","72.66","74.50","70.15","118.13K","0.49%"
"01/24/2025","73.29","71.45","73.84","71.25","323.04K","3.24%"
"01/23/2025","70.99","70.22","71.50","70.03","3.23K","-0.32%"
"01/22/2025","71.22","72.34","72.34","70.00","48.03K","-1.56%"
"01/21/2025","72.35","70.10","73.00","70.00","121.36K","1.90%"
"01/20/2025","71.00","70.90","74.77","70.89","22.05K","0.16%"
"01/17/2025","70.89","76.00","76.00","70.01","32.15K","-1.20%"
"01/16/2025","71.75","71.27","73.75","71.00","13.71K","0.48%"
"01/15/2025","71.41","73.95","74.25","71.00","51.74K","-0.82%"
"01/14/2025","72.00","75.00","75.00","71.62","20.84K","-1.44%"
"01/13/2025","73.05","75.01","76.67","73.00","13.27K","-3.16%"
"01/10/2025","75.43","75.98","76.90","72.62","24.48K","-0.01%"
"01/09/2025","75.44","75.53","78.59","74.00","14.08K","-0.11%"
"01/08/2025","75.52","79.00","79.99","74.01","145.10K","-4.10%"
"01/07/2025","78.75","78.12","80.00","76.00","129.34K","0.96%"
"01/06/2025","78.00","83.00","83.00","76.00","208.43K","-2.50%"
"01/03/2025","80.00","81.20","82.25","73.04","151.04K","-0.99%"
"01/02/2025","80.80","80.00","83.42","80.00","228.53K","5.00%"
"01/01/2025","76.95","74.00","78.00","74.00","136.87K","4.00%"
"12/31/2024","73.99","75.90","79.00","73.00","139.74K","-2.57%"
"12/30/2024","75.94","66.80","75.94","66.80","175.53K","10.06%"
"12/27/2024","69.00","69.90","70.00","68.50","56.88K","1.10%"
"12/26/2024","68.25","70.00","70.33","68.00","68.20K","-3.87%"
"12/24/2024","71.00","73.50","73.50","70.00","137.01K","-2.67%"
"12/23/2024","72.95","69.80","74.00","69.80","281.81K","7.15%"
"12/20/2024","68.08","61.89","68.08","61.89","511.64K","11.61%"
"12/19/2024","61.00","65.01","65.01","60.18","114.54K","-6.87%"
"12/18/2024","65.50","65.20","67.99","65.20","59.65K","-2.24%"
"12/17/2024","67.00","69.60","69.60","66.51","36.67K","-1.47%"
"12/16/2024","68.00","70.99","71.48","68.00","173.27K","-4.56%"
"12/13/2024","71.25","71.00","71.70","68.80","33.14K","0.35%"
"12/12/2024","71.00","68.50","71.00","68.10","106.01K","3.20%"
"12/11/2024","68.80","68.49","70.00","68.00","72.92K","0.44%"
"12/10/2024","68.50","69.50","69.50","67.00","181.81K","0.85%"
"12/09/2024","67.92","68.60","70.00","67.00","44.66K","-0.12%"
"12/06/2024","68.00","68.01","71.49","66.46","28.02K","-0.66%"
"12/05/2024","68.45","66.10","71.00","66.10","404.46K","2.89%"
"12/04/2024","66.53","71.00","71.00","66.50","82.23K","-4.88%"
"12/03/2024","69.94","74.00","76.95","68.60","129.24K","-5.49%"
"12/02/2024","74.00","67.50","74.39","66.00","733.58K","8.20%"
"11/29/2024","68.39","67.50","68.45","66.50","203.84K","1.32%"
"11/28/2024","67.50","64.00","69.75","64.00","629.10K","4.01%"
"11/27/2024","64.90","66.45","67.00","63.00","912.45K","3.81%"
"11/26/2024","62.52","59.00","62.52","58.20","1.59M","9.99%"
"11/25/2024","56.84","52.50","56.84","52.01","489.09K","11.45%"
"11/22/2024","51.00","50.50","52.60","50.15","476.77K","2.00%"
"11/21/2024","50.00","48.35","50.15","48.30","52.85K","3.09%"
"11/20/2024","48.50","49.99","49.99","48.50","7.48K","-1.02%"
"11/19/2024","49.00","49.16","49.50","48.00","40.16K","0.00%"
"11/18/2024","49.00","50.00","50.20","49.00","28.20K","-2.00%"
"11/15/2024","50.00","50.00","50.50","49.50","13.89K","-1.96%"
"11/14/2024","51.00","49.05","51.80","49.01","93.33K","3.03%"
"11/13/2024","49.50","48.79","49.50","48.20","170.26K","1.43%"
"11/12/2024","48.80","47.75","49.00","47.00","66.00K","2.09%"
"11/11/2024","47.80","46.00","48.16","46.00","71.79K","3.91%"
"11/08/2024","46.00","45.99","46.15","45.99","18.75K","0.66%"
"11/07/2024","45.70","45.21","46.00","45.20","7.18K","-0.04%"
"11/06/2024","45.72","45.44","45.72","45.00","16.98K","2.70%"
"11/05/2024","44.52","44.50","45.00","44.50","4.06K","2.34%"
"11/04/2024","43.50","44.00","44.40","43.00","10.01K","-2.23%"
"11/01/2024","44.49","44.00","44.64","43.60","22.50K","0.04%"
"10/31/2024","44.47","44.69","44.69","44.01","11.55K","-0.04%"
"10/30/2024","44.49","44.00","44.90","44.00","41.82K","-1.13%"
"10/29/2024","45.00","46.10","46.96","45.00","166.52K","-2.17%"
"10/28/2024","46.00","46.60","47.45","45.95","166.45K","-2.13%"
"10/25/2024","47.00","47.40","48.10","46.60","157.75K","0.00%"
"10/24/2024","47.00","47.98","47.98","47.00","7.22K","0.97%"
"10/23/2024","46.55","47.39","47.39","46.51","2.66K","-2.00%"
"10/22/2024","47.50","45.55","47.60","45.25","91.25K","3.49%"
"10/21/2024","45.90","45.04","45.90","44.70","45.87K","2.91%"
"10/18/2024","44.60","45.02","45.03","44.60","21.49K","-4.35%"
"10/17/2024","46.63","45.25","46.63","45.00","1.13K","1.92%"
"10/16/2024","45.75","46.50","48.00","45.75","16.25K","-2.62%"
"10/15/2024","46.98","48.89","48.89","46.00","42.48K","-0.04%"
"10/14/2024","47.00","46.00","47.25","46.00","27.38K","2.17%"
"10/11/2024","46.00","46.01","46.45","46.00","30.99K","0.00%"
"10/10/2024","46.00","46.02","46.98","45.75","3.60K","-1.92%"
"10/09/2024","46.90","46.03","46.95","46.03","5.11K","1.89%"
"10/08/2024","46.03","46.56","47.00","46.03","56.00K","-2.06%"
"10/07/2024","47.00","47.00","47.50","46.50","28.85K","-0.84%"
"10/04/2024","47.40","46.75","48.05","46.75","30.44K","1.94%"
"10/03/2024","46.50","45.00","46.99","43.11","72.47K","1.86%"
"10/02/2024","45.65","42.01","46.00","42.00","212.24K","4.97%"
"10/01/2024","43.49","43.50","44.00","41.66","14.50K","-1.16%"
"09/30/2024","44.00","45.00","45.00","43.52","21.21K","-2.18%"
"09/27/2024","44.98","45.00","45.10","44.50","57.83K","0.49%"
"09/26/2024","44.76","46.00","47.00","44.50","94.03K","-2.38%"
"09/25/2024","45.85","45.23","45.99","45.00","5.93K","-0.35%"
"09/24/2024","46.01","46.01","46.01","46.01","0.01K","-0.20%"
"09/23/2024","46.10","46.80","46.80","45.00","20.11K","0.55%"
"09/20/2024","45.85","46.90","46.90","43.10","3.72K","1.21%"
"09/19/2024","45.30","46.01","46.01","45.00","15.72K","-1.52%"
"09/18/2024","46.00","47.00","47.35","45.87","10.56K","-2.13%"
"09/16/2024","47.00","45.00","47.25","45.00","5.01K","0.00%"
"09/13/2024","47.00","48.01","49.89","46.00","106.06K","-3.09%"
"09/12/2024","48.50","49.29","51.60","48.50","216.41K","0.00%"
"09/11/2024","48.50","47.80","49.99","47.80","122.13K","2.65%"
"09/10/2024","47.25","46.23","47.40","46.23","0.20K","-1.36%"
"09/09/2024","47.90","47.95","48.75","46.11","5.87K","-0.21%"
"09/06/2024","48.00","46.02","49.80","46.02","64.32K","4.21%"
"09/05/2024","46.06","47.00","47.65","46.06","34.31K","-2.00%"
"09/04/2024","47.00","46.19","49.45","45.26","212.47K","3.30%"
"09/03/2024","45.50","45.05","45.50","45.00","0.01K","-0.85%"
"09/02/2024","45.89","45.90","46.99","45.00","8.46K","-0.02%"
"08/30/2024","45.90","45.96","45.96","45.50","0.15K","-0.84%"
"08/29/2024","46.29","45.00","46.50","45.00","0.10K","1.83%"
"08/28/2024","45.46","47.00","47.00","45.06","15.36K","-1.54%"
"08/27/2024","46.17","44.10","46.94","44.10","0.06K","-1.03%"
"08/26/2024","46.65","45.01","46.65","45.00","6.16K","-0.11%"
"08/23/2024","46.70","46.50","46.70","46.10","3.66K","1.52%"
"08/22/2024","46.00","45.00","47.90","45.00","3.95K","2.22%"
"08/21/2024","45.00","45.00","45.01","45.00","0.01K","0.00%"
"08/20/2024","45.00","44.40","45.00","44.40","0.52K","0.00%"
"08/19/2024","45.00","44.10","45.00","44.10","2.86K","0.13%"
"08/16/2024","44.94","44.50","45.30","44.00","23.09K","0.42%"
"08/15/2024","44.75","45.00","45.49","44.75","5.95K","-0.11%"
"08/13/2024","44.80","45.80","45.80","44.80","11.26K","-1.90%"
"08/12/2024","45.67","46.24","46.24","44.30","6.45K","1.49%"
"08/09/2024","45.00","44.11","45.79","44.11","1.05K","0.00%"
"08/08/2024","45.00","45.05","45.05","45.00","2.00K","-0.11%"
"08/07/2024","45.05","44.90","45.50","44.75","10.35K","0.33%"
"08/06/2024","44.90","44.85","45.49","44.85","8.95K","-1.75%"
"08/05/2024","45.70","44.26","45.93","44.26","7.08K","0.00%"
"08/02/2024","45.70","45.79","45.80","45.50","1.75K","0.88%"
"08/01/2024","45.30","45.79","45.79","45.30","1.95K","-1.29%"
"07/31/2024","45.89","45.89","45.89","45.89","0.30K","1.86%"
"07/30/2024","45.05","45.75","46.00","44.60","66.28K","-1.31%"
"07/29/2024","45.65","45.52","46.00","45.20","275.58K","-0.76%"
"07/26/2024","46.00","45.01","46.50","41.15","80.90K","1.05%"
"07/25/2024","45.52","45.50","46.50","45.50","136.37K","0.04%"
"07/24/2024","45.50","45.99","46.34","45.00","49.54K","0.02%"
"07/23/2024","45.49","45.89","47.50","44.50","83.34K","2.92%"
"07/22/2024","44.20","45.60","45.60","44.15","8.25K","-3.89%"
"07/19/2024","45.99","46.76","46.76","44.18","14.08K","1.50%"
"07/18/2024","45.31","46.99","46.99","45.00","13.44K","-1.50%"
"07/15/2024","46.00","45.88","46.10","44.00","143.73K","2.47%"
"07/12/2024","44.89","46.25","46.25","42.60","11.66K","2.02%"
"07/11/2024","44.00","45.59","45.59","43.44","27.15K","0.69%"
"07/10/2024","43.70","44.18","44.70","43.70","8.75K","-1.13%"
"07/09/2024","44.20","43.36","46.00","43.36","37.84K","-1.67%"
"07/08/2024","44.95","43.51","45.00","43.51","0.24K","0.29%"
"07/05/2024","44.82","44.70","45.98","44.55","4.53K","-1.93%"
"07/04/2024","45.70","45.00","46.00","44.90","32.23K","-0.65%"
"07/03/2024","46.00","47.95","47.96","43.01","4.02K","0.00%"
"07/02/2024","46.00","46.93","46.93","45.25","9.26K","-0.86%"
"07/01/2024","46.40","46.00","46.95","46.00","9.82K","-2.32%"
"06/28/2024","47.50","47.50","48.00","45.57","66.20K","-3.85%"
"06/27/2024","49.40","44.49","49.40","44.49","66.31K","8.57%"
"06/26/2024","45.50","45.00","45.89","44.00","86.31K","1.11%"
"06/25/2024","45.00","45.06","45.74","44.50","4.84K","0.04%"
"06/24/2024","44.98","44.99","45.00","44.50","9.58K","1.90%"
"06/21/2024","44.14","45.12","46.15","43.66","17.57K","-0.81%"
"06/20/2024","44.50","44.50","45.00","44.50","7.86K","0.02%"
"06/14/2024","44.49","44.25","45.00","43.50","16.13K","-1.13%"
"06/13/2024","45.00","42.96","46.60","42.96","30.33K","4.65%"
"06/12/2024","43.00","42.71","44.61","42.70","5.01K","0.70%"
"06/11/2024","42.70","43.03","43.50","42.70","4.10K","0.23%"
"06/10/2024","42.60","43.49","43.50","42.60","8.67K","0.35%"
"06/07/2024","42.45","45.00","45.00","41.00","9.71K","-1.39%"
"06/06/2024","43.05","42.05","43.05","42.05","2.56K","-0.23%"
"06/05/2024","43.15","44.93","44.93","42.50","10.04K","-0.12%"
"06/04/2024","43.20","44.00","44.75","43.07","11.73K","-3.98%"
"06/03/2024","44.99","44.70","45.20","43.00","10.67K","-0.24%"
"05/31/2024","45.10","44.68","46.00","43.60","73.57K","1.92%"
"05/30/2024","44.25","44.01","44.50","44.01","1.85K","-1.23%"
"05/29/2024","44.80","46.00","46.00","44.80","27.39K","-2.61%"
"05/27/2024","46.00","46.00","46.01","45.50","16.71K","-2.09%"
"05/24/2024","46.98","45.00","47.00","45.00","146.50K","3.48%"
"05/23/2024","45.40","44.25","45.40","44.25","7.50K","0.96%"
"05/22/2024","44.97","45.75","45.80","44.02","89.50K","-1.16%"
"05/21/2024","45.50","43.90","45.60","43.90","95.50K","5.81%"
"05/20/2024","43.00","42.75","43.00","42.50","48.00K","0.00%"
"05/17/2024","43.00","42.26","43.15","42.26","14.00K","1.75%"
"05/16/2024","42.26","42.44","43.20","42.25","12.00K","-1.72%"
"05/15/2024","43.00","43.47","43.55","42.54","15.50K","-1.33%"
"05/14/2024","43.58","42.26","43.90","42.00","52.50K","1.40%"
"05/13/2024","42.98","41.00","42.98","40.99","94.00K","4.83%"
"05/10/2024","41.00","40.50","41.22","40.50","89.00K","2.50%"
"05/09/2024","40.00","39.50","40.15","39.50","15.50K","0.53%"
"05/08/2024","39.79","40.75","40.90","39.79","6.00K","-0.65%"
"05/07/2024","40.05","40.10","40.10","39.61","19.50K","-1.79%"
"05/06/2024","40.78","40.05","41.09","40.05","30.50K","0.69%"
"05/03/2024","40.50","40.01","40.60","40.01","4.00K","1.25%"
"05/02/2024","40.00","39.50","40.00","39.50","17.00K","0.76%"
"04/30/2024","39.70","39.78","39.78","39.70","5.00K","-0.15%"
"04/29/2024","39.76","40.30","40.99","39.76","6.00K","-1.34%"
"04/26/2024","40.30","39.60","40.60","39.60","26.50K","-0.12%"
"04/25/2024","40.35","41.00","41.42","39.60","58.00K","-1.59%"
"04/24/2024","41.00","39.50","41.00","39.40","81.00K","5.13%"
"04/23/2024","39.00","39.00","39.40","39.00","90.50K","0.52%"
"04/22/2024","38.80","39.25","39.40","38.51","44.00K","-0.51%"
"04/19/2024","39.00","38.56","39.00","37.91","70.50K","0.15%"
"04/18/2024","38.94","39.00","39.00","38.53","13.00K","-0.15%"
"04/17/2024","39.00","38.60","40.49","38.05","198.00K","0.00%"
"04/16/2024","39.00","38.76","39.50","38.75","96.00K","-1.89%"
"04/15/2024","39.75","38.10","40.25","38.01","151.50K","2.55%"
"04/09/2024","38.76","40.80","40.80","38.61","8.00K","-0.49%"
"04/08/2024","38.95","39.70","39.70","38.10","31.50K","-0.87%"
"04/04/2024","39.29","39.00","39.29","39.00","2.00K","0.87%"
"04/03/2024","38.95","38.50","39.50","38.50","1.04M","1.17%"
"04/02/2024","38.50","39.80","39.80","38.50","101.50K","-1.31%"
"04/01/2024","39.01","39.01","39.50","39.00","1.12M","0.03%"
"03/29/2024","39.00","39.01","39.25","39.00","3.00K","-0.03%"
"03/28/2024","39.01","39.01","39.01","39.01","","-1.24%"
"03/27/2024","39.50","39.50","39.79","39.30","12.50K","0.51%"
"03/26/2024","39.30","39.01","39.50","39.01","1.12M","0.26%"
"03/25/2024","39.20","40.00","40.75","39.00","56.00K","1.03%"
"03/22/2024","38.80","39.94","39.94","38.80","1.21M","-0.89%"
"03/21/2024","39.15","39.25","39.75","39.15","58.00K","0.38%"
"03/20/2024","39.00","39.50","39.50","39.00","19.00K","-0.76%"
"03/19/2024","39.30","38.60","39.50","38.60","3.00K","0.13%"
"03/18/2024","39.25","39.00","39.60","39.00","31.00K","0.64%"
"03/15/2024","39.00","39.12","39.17","39.00","6.50K","-1.52%"
"03/14/2024","39.60","39.51","39.75","39.50","9.00K","1.25%"
"03/13/2024","39.11","39.50","39.60","39.11","14.50K","0.03%"
"03/12/2024","39.10","39.95","39.95","39.10","17.00K","-2.01%"
"03/11/2024","39.90","38.70","40.15","38.70","111.00K","2.31%"
"03/08/2024","39.00","39.00","39.30","38.95","10.00K","0.46%"
"03/07/2024","38.82","39.00","39.20","38.75","14.00K","-0.61%"
"03/06/2024","39.06","39.50","39.80","39.00","24.00K","-1.74%"
"03/05/2024","39.75","40.24","40.75","39.75","8.50K","-0.13%"
"03/04/2024","39.80","39.10","40.85","39.10","63.00K","0.25%"
"03/01/2024","39.70","40.25","40.50","39.60","37.00K","-1.49%"
"02/29/2024","40.30","39.60","40.40","39.00","119.50K","-1.44%"
"02/28/2024","40.89","40.95","41.13","38.11","87.00K","0.96%"
"02/27/2024","40.50","40.50","40.90","40.25","13.00K","-0.54%"
"02/26/2024","40.72","40.00","41.00","40.00","54.50K","1.80%"
"02/23/2024","40.00","39.75","40.95","38.55","257.00K","2.22%"
"02/22/2024","39.13","39.99","40.25","39.13","569.00K","-7.49%"
"02/21/2024","42.30","45.90","45.90","42.30","246.50K","-6.00%"
"02/20/2024","45.00","42.55","45.94","42.55","34.50K","-2.05%"
"02/19/2024","45.94","44.00","45.94","44.00","8.00K","2.89%"
"02/16/2024","44.65","45.00","45.20","44.65","6.50K","-0.89%"
"02/15/2024","45.05","45.55","46.00","45.05","64.00K","-0.99%"
"02/14/2024","45.50","45.25","46.00","44.56","7.00K","0.55%"
"02/13/2024","45.25","41.01","47.17","41.01","529.00K","3.12%"
"02/12/2024","43.88","42.60","43.88","42.55","3.50K","-0.27%"
"02/09/2024","44.00","43.10","44.00","40.33","28.00K","0.00%"
"02/07/2024","44.00","45.50","48.38","42.98","707.00K","-2.00%"
"02/06/2024","44.90","45.00","45.25","44.90","78.50K","-0.22%"
"02/02/2024","45.00","45.10","45.50","44.90","131.50K","0.00%"
"02/01/2024","45.00","45.51","45.51","45.00","43.50K","-0.55%"
"01/31/2024","45.25","46.00","46.00","45.25","12.00K","-1.42%"
"01/30/2024","45.90","45.50","45.90","45.01","9.00K","-0.22%"
"01/29/2024","46.00","46.00","46.00","46.00","10.00K","-1.08%"
"01/26/2024","46.50","46.01","46.50","45.12","37.00K","1.09%"
"01/25/2024","46.00","47.25","47.50","46.00","66.50K","-3.16%"
"01/24/2024","47.50","47.00","47.50","46.00","139.00K","1.06%"
"01/23/2024","47.00","48.00","48.00","47.00","161.00K","-2.08%"
"01/22/2024","48.00","48.01","48.01","47.51","29.50K","0.00%"
"01/19/2024","48.00","48.00","48.02","48.00","78.50K","-0.04%"
"01/18/2024","48.02","49.90","49.90","48.00","24.00K","-0.99%"
"01/17/2024","48.50","48.50","48.60","48.25","17.00K","-0.51%"
"01/16/2024","48.75","49.00","49.49","48.50","43.00K","0.93%"
"01/15/2024","48.30","50.00","50.00","48.30","43.00K","-3.30%"
"01/12/2024","49.95","49.00","51.00","48.00","383.50K","-0.10%"
"01/11/2024","50.00","50.00","50.20","49.02","17.50K","-0.40%"
"01/10/2024","50.20","49.25","50.20","49.25","5.50K","0.40%"
"01/09/2024","50.00","50.00","50.00","50.00","2.00K","1.42%"
"01/08/2024","49.30","50.00","50.00","49.30","21.50K","-1.40%"
"01/05/2024","50.00","50.00","50.69","49.50","16.50K","-0.75%"
"01/04/2024","50.38","50.00","50.39","49.53","225.50K","0.76%"
"01/03/2024","50.00","49.98","51.21","49.31","374.00K","1.01%"
"01/02/2024","49.50","49.99","50.00","49.50","252.00K","-2.92%"
"01/01/2024","50.99","51.20","51.20","49.90","203.00K","1.98%"
"12/29/2023","50.00","49.00","50.90","49.00","5.00K","0.00%"
"12/28/2023","50.00","49.21","50.23","49.00","45.50K","4.17%"
"12/27/2023","48.00","48.97","50.11","48.00","36.50K","0.00%"
"12/26/2023","48.00","48.10","49.00","48.00","10.50K","-2.14%"
"12/22/2023","49.05","49.05","49.05","49.00","3.50K","-0.91%"
"12/21/2023","49.50","49.00","49.50","49.00","1.50K","1.02%"
"12/20/2023","49.00","48.80","49.00","48.05","30.50K","-2.00%"
"12/19/2023","50.00","50.40","50.40","48.75","62.00K","-0.32%"
"12/18/2023","50.16","50.30","52.60","50.00","41.00K","-3.43%"
"12/15/2023","51.94","52.29","52.29","50.90","6.50K","1.94%"
"12/14/2023","50.95","48.10","50.95","48.05","184.00K","-0.10%"
"12/13/2023","51.00","53.00","53.00","51.00","74.50K","-4.67%"
"12/12/2023","53.50","52.75","53.75","51.25","34.00K","1.90%"
"12/11/2023","52.50","50.50","52.50","50.00","82.50K","2.54%"
"12/08/2023","51.20","51.50","51.90","50.50","72.00K","0.39%"
"12/07/2023","51.00","51.30","51.50","50.80","83.50K","0.00%"
"12/06/2023","51.00","49.99","51.00","49.75","38.00K","3.24%"
"12/05/2023","49.40","49.20","51.44","49.00","120.50K","0.30%"
"12/04/2023","49.25","48.05","49.75","48.00","56.50K","-1.01%"
"12/01/2023","49.75","48.11","49.75","48.00","34.00K","4.74%"
"11/30/2023","47.50","47.50","48.40","47.00","45.50K","-2.06%"
"11/29/2023","48.50","49.00","49.00","48.50","45.50K","-1.02%"
"11/28/2023","49.00","48.27","49.95","48.00","155.50K","-1.01%"
"11/27/2023","49.50","49.85","49.90","48.61","19.50K","1.02%"
"11/24/2023","49.00","49.00","49.10","48.50","50.50K","-0.61%"
"11/23/2023","49.30","48.00","50.00","48.00","108.50K","1.44%"
"11/22/2023","48.60","48.25","49.44","48.15","31.00K","1.23%"
"11/21/2023","48.01","49.99","50.10","48.00","146.00K","-3.11%"
"11/20/2023","49.55","47.00","50.00","46.50","227.50K","3.77%"
"11/17/2023","47.75","46.01","47.75","46.01","8.00K","-0.42%"
"11/16/2023","47.95","47.00","48.00","47.00","21.00K","1.80%"
"11/15/2023","47.10","46.20","47.50","46.20","31.00K","0.21%"
"11/14/2023","47.00","48.40","48.40","47.00","22.50K","-1.07%"
"11/13/2023","47.51","47.00","49.43","47.00","32.00K","-0.50%"
"11/10/2023","47.75","45.80","48.61","45.80","19.50K","-0.52%"
"11/08/2023","48.00","47.75","48.35","47.26","34.00K","0.63%"
"11/07/2023","47.70","48.55","49.50","47.70","53.50K","-2.37%"
"11/06/2023","48.86","45.80","48.86","45.80","212.00K","7.20%"
"11/03/2023","45.58","42.00","45.58","42.00","195.50K","7.50%"
"11/02/2023","42.40","42.20","42.40","41.61","17.50K","0.71%"
"11/01/2023","42.10","43.70","43.70","41.50","55.50K","-0.47%"
"10/31/2023","42.30","43.75","43.95","42.20","56.00K","-1.65%"
"10/30/2023","43.01","41.99","43.50","41.10","50.00K","3.76%"
"10/27/2023","41.45","40.00","41.90","39.76","52.50K","3.63%"
"10/26/2023","40.00","40.10","40.50","40.00","97.00K","-0.87%"
"10/25/2023","40.35","39.50","41.50","39.15","117.00K","1.25%"
"10/24/2023","39.85","39.00","39.85","39.00","82.50K","2.18%"
"10/23/2023","39.00","38.99","39.48","38.75","53.50K","2.63%"
"10/20/2023","38.00","38.50","38.55","38.00","12.50K","-2.56%"
"10/19/2023","39.00","38.50","39.00","37.57","15.50K","2.09%"
"10/18/2023","38.20","38.05","38.20","37.75","14.00K","0.26%"
"10/17/2023","38.10","38.50","39.00","38.10","8.50K","-4.75%"
"10/16/2023","40.00","40.00","40.00","39.40","79.00K","0.00%"
"10/13/2023","40.00","40.00","40.50","40.00","30.00K","-0.25%"
"10/12/2023","40.10","41.50","41.50","40.20","20.00K","-2.20%"
"10/11/2023","41.00","40.00","41.00","39.55","18.50K","0.74%"
"10/10/2023","40.70","40.11","40.80","40.00","55.00K","1.75%"
"10/09/2023","40.00","39.05","40.00","39.05","1.50K","-2.44%"
"10/06/2023","41.00","40.00","41.00","40.00","2.00K","2.24%"
"10/05/2023","40.10","38.60","40.39","38.60","58.50K","4.16%"
"10/04/2023","38.50","38.50","38.50","38.21","50.00K","0.50%"
"10/03/2023","38.31","38.50","39.00","38.20","11.50K","-0.88%"
"10/02/2023","38.65","39.00","39.11","38.55","18.00K","-1.70%"
"09/28/2023","39.32","39.85","40.20","38.50","228.00K","-0.83%"
"09/27/2023","39.65","38.30","39.65","37.95","195.50K","4.34%"
"09/26/2023","38.00","38.00","38.70","37.40","189.50K","0.00%"
"09/25/2023","38.00","38.10","38.50","37.50","178.50K","0.00%"
"09/22/2023","38.00","38.20","38.20","38.00","3.50K","-2.06%"
"09/21/2023","38.80","38.90","38.90","38.40","8.00K","0.75%"
"09/20/2023","38.51","39.99","41.00","38.25","123.50K","-2.51%"
"09/19/2023","39.50","39.30","40.00","39.30","58.00K","1.80%"
"09/18/2023","38.80","38.11","38.80","38.00","33.50K","-0.51%"
"09/15/2023","39.00","39.00","39.00","39.00","3.00K","-0.03%"
"09/14/2023","39.01","39.50","39.50","39.01","10.50K","-1.96%"
"09/13/2023","39.79","39.87","39.95","39.79","3.50K","2.03%"
"09/12/2023","39.00","39.00","39.00","39.00","0.50K","1.96%"
"09/11/2023","38.25","38.26","38.26","38.25","2.50K","-1.92%"
"09/08/2023","39.00","38.23","39.00","38.23","5.00K","0.00%"
"09/07/2023","39.00","39.00","39.49","39.00","5.50K","1.83%"
"09/05/2023","38.30","38.30","38.30","38.30","0.50K","-0.52%"
"09/04/2023","38.50","39.00","39.84","38.50","21.00K","1.32%"
"09/01/2023","38.00","38.00","38.00","38.00","0.50K","0.00%"
"08/31/2023","38.00","37.16","39.00","37.00","34.00K","-1.32%"
"08/30/2023","38.51","39.98","41.80","38.51","37.00K","-1.26%"
"08/29/2023","39.00","40.00","40.00","39.00","12.50K","-2.50%"
"08/28/2023","40.00","40.74","40.74","40.00","5.50K","1.01%"
"08/25/2023","39.60","39.60","39.60","39.50","15.00K","-0.98%"
"08/24/2023","39.99","39.76","39.99","39.75","10.50K","-0.02%"
"08/23/2023","40.00","40.00","40.00","40.00","5.50K","-2.18%"
"08/22/2023","40.89","40.00","40.89","40.00","7.50K","-0.22%"
"08/21/2023","40.98","40.08","40.98","40.00","17.50K","-2.15%"
"08/17/2023","41.88","40.50","41.88","40.50","1.00K","0.12%"
"08/16/2023","41.83","41.15","41.83","40.51","6.00K","2.63%"
"08/15/2023","40.76","41.25","41.25","40.76","7.00K","-2.02%"
"08/11/2023","41.60","41.00","42.40","41.00","23.00K","1.46%"
"08/10/2023","41.00","41.41","41.41","41.00","3.50K","-1.68%"
"08/09/2023","41.70","41.70","41.70","40.80","20.00K","0.48%"
"08/08/2023","41.50","42.00","42.00","41.50","13.50K","-1.21%"
"08/07/2023","42.01","43.99","43.99","42.01","1.00K","-2.30%"
"08/04/2023","43.00","41.50","43.50","41.50","34.00K","2.92%"
"08/03/2023","41.78","42.32","42.99","41.78","17.50K","-1.65%"
"08/02/2023","42.48","42.90","43.00","41.60","28.50K","2.36%"
"08/01/2023","41.50","42.00","42.50","41.26","33.50K","1.22%"
"07/31/2023","41.00","40.90","42.40","40.25","42.50K","1.86%"
"07/27/2023","40.25","40.50","40.90","40.00","18.50K","-0.37%"
"07/26/2023","40.40","40.69","40.89","40.40","11.50K","1.00%"
"07/25/2023","40.00","39.66","40.75","39.66","25.00K","1.65%"
"07/24/2023","39.35","39.10","40.00","39.10","11.50K","-0.63%"
"07/21/2023","39.60","40.25","40.25","39.60","6.50K","-1.00%"
"07/20/2023","40.00","40.00","40.00","39.75","17.00K","0.50%"
"07/19/2023","39.80","39.75","39.85","39.00","23.00K","0.51%"
"07/18/2023","39.60","39.99","39.99","39.60","3.50K","-0.83%"
"07/17/2023","39.93","40.04","40.10","40.00","154.50K","-0.30%"
"07/14/2023","40.05","40.50","40.90","40.01","18.50K","0.07%"
"07/13/2023","40.02","40.15","40.50","40.01","12.50K","-1.19%"
"07/12/2023","40.50","40.11","40.85","39.99","16.00K","-0.95%"
"07/11/2023","40.89","39.50","43.00","39.45","74.00K","2.22%"
"07/10/2023","40.00","39.05","40.00","39.00","14.50K","-0.25%"
"07/07/2023","40.10","40.00","40.00","40.00","1.50K","2.82%"
"07/06/2023","39.00","39.05","39.05","39.00","2.00K","0.44%"
"07/05/2023","38.83","39.00","39.50","38.76","12.00K","-1.97%"
"07/04/2023","39.61","39.50","39.95","39.50","20.50K","0.79%"
"07/03/2023","39.30","40.98","40.98","39.00","27.50K","0.80%"
"06/27/2023","38.99","38.99","38.99","38.99","0.50K","-0.66%"
"06/26/2023","39.25","39.00","39.25","38.55","14.00K","2.40%"
"06/22/2023","38.33","39.90","39.90","38.33","2.50K","-4.15%"
"06/21/2023","39.99","39.99","39.99","39.99","1.00K","-0.02%"
"06/20/2023","40.00","39.98","40.00","39.98","32.50K","0.00%"
"06/19/2023","40.00","39.01","40.00","39.01","29.50K","0.00%"
"06/16/2023","40.00","39.49","40.00","39.49","24.00K","0.91%"
"06/15/2023","39.64","38.50","39.64","38.50","4.00K","-0.65%"
"06/14/2023","39.90","39.00","39.80","38.77","11.00K","4.15%"
"06/13/2023","38.31","38.31","38.31","38.31","0.00K","-4.22%"
"06/12/2023","40.00","38.75","40.50","38.75","4.50K","0.00%"
"06/09/2023","40.00","40.00","40.00","39.99","2.00K","0.38%"
"06/08/2023","39.85","39.97","40.00","39.85","670.00K","0.86%"
"06/07/2023","39.51","40.00","40.00","39.51","3.50K","-0.13%"
"06/06/2023","39.56","40.00","40.00","39.35","8.50K","-1.10%"
"06/05/2023","40.00","40.00","40.00","39.20","138.50K","0.00%"
"06/02/2023","40.00","39.50","40.00","39.50","4.00K","0.00%"
"06/01/2023","40.00","40.00","40.00","39.00","42.50K","0.00%"
"05/31/2023","40.00","40.39","41.00","37.21","39.00K","0.00%"
"05/30/2023","40.00","39.25","40.70","39.25","12.50K","-0.62%"
"05/29/2023","40.25","40.87","40.87","38.90","21.50K","0.12%"
"05/26/2023","40.20","38.75","40.20","38.75","11.50K","0.75%"
"05/25/2023","39.90","40.00","40.00","39.00","264.50K","-0.25%"
"05/24/2023","40.00","39.40","40.20","39.40","93.00K","0.00%"
"05/23/2023","40.00","40.00","40.00","39.90","15.50K","0.00%"
"05/22/2023","40.00","39.50","40.01","39.20","55.00K","1.27%"
"05/19/2023","39.50","39.24","39.50","39.00","5.00K","1.28%"
"05/18/2023","39.00","38.99","39.15","38.99","21.50K","0.00%"
"05/17/2023","39.00","38.30","39.05","38.30","37.50K","0.00%"
"05/16/2023","39.00","38.10","39.00","38.00","66.00K","2.63%"
"05/15/2023","38.00","37.50","38.25","37.50","23.50K","-0.52%"
"05/12/2023","38.20","37.90","38.20","37.90","6.00K","-0.05%"
"05/11/2023","38.22","37.25","38.00","37.00","207.00K","3.19%"
"05/10/2023","37.04","36.96","37.24","36.50","77.50K","2.32%"
"05/08/2023","36.20","36.05","36.69","35.49","3.50K","-0.55%"
"05/05/2023","36.40","36.80","37.00","36.05","32.50K","-0.82%"
"05/04/2023","36.70","37.48","37.98","36.70","36.00K","-1.48%"
"05/03/2023","37.25","36.00","37.37","36.00","56.50K","3.47%"
"05/02/2023","36.00","35.51","36.20","35.50","70.50K","0.00%"
"04/28/2023","36.00","36.18","36.50","36.00","93.00K","-1.37%"
"04/27/2023","36.50","36.01","37.99","36.01","82.50K","0.25%"
"04/26/2023","36.41","34.90","36.41","34.50","477.50K","7.09%"
"04/20/2023","34.00","32.50","34.00","32.50","14.00K","3.03%"
"04/19/2023","33.00","32.99","33.00","32.99","4.50K","0.00%"
"04/18/2023","33.00","32.01","33.00","32.00","12.50K","1.54%"
"04/17/2023","32.50","31.50","32.50","31.50","12.00K","3.17%"
"04/13/2023","31.50","31.02","31.50","31.02","4.50K","-0.03%"
"04/12/2023","31.51","31.51","31.51","31.51","5.00K","0.03%"
"04/11/2023","31.50","31.50","31.50","31.50","0.50K","-0.32%"
"04/06/2023","31.60","31.66","31.66","31.60","2.50K","-3.48%"
"04/05/2023","32.74","32.01","32.74","31.00","7.50K","-0.03%"
"04/04/2023","32.75","32.49","32.75","32.49","3.00K","0.77%"
"04/03/2023","32.50","32.02","32.50","32.01","11.00K","1.47%"
"03/31/2023","32.03","32.03","32.03","32.03","0.50K","-0.22%"
"03/29/2023","32.10","32.10","32.15","32.02","2.00K","-0.25%"
"03/24/2023","32.18","32.18","32.18","32.18","1.00K","-6.45%"
"03/21/2023","34.40","34.50","34.50","34.40","7.50K","-0.29%"
"03/16/2023","34.50","33.25","34.50","33.25","1.00K","1.47%"
"03/15/2023","34.00","34.00","34.01","34.00","19.00K","-0.06%"
"03/14/2023","34.02","34.88","34.88","34.02","4.50K","0.06%"
"03/10/2023","34.00","34.00","34.00","34.00","3.00K","-2.44%"
"03/09/2023","34.85","34.40","34.85","33.50","16.50K","4.00%"
"03/08/2023","33.51","33.51","33.51","33.51","1.50K","-0.71%"
"03/07/2023","33.75","34.00","34.90","33.75","6.00K","2.24%"
"03/06/2023","33.01","33.00","33.01","33.00","5.50K","-1.43%"
"03/03/2023","33.49","33.00","33.49","33.00","14.50K","0.72%"
"03/02/2023","33.25","33.25","33.25","33.00","23.50K","0.00%"
"03/01/2023","33.25","33.90","33.90","33.25","56.00K","-2.21%"
"02/28/2023","34.00","33.50","34.00","33.50","3.50K","-2.58%"
"02/27/2023","34.90","33.50","35.00","33.50","79.50K","2.32%"
"02/24/2023","34.11","33.50","35.00","33.50","53.00K","1.82%"
"02/23/2023","33.50","34.45","34.50","33.50","26.00K","-2.19%"
"02/22/2023","34.25","33.69","34.25","33.69","50.00K","2.85%"
"02/21/2023","33.30","32.48","33.30","32.48","34.50K","1.68%"
"02/20/2023","32.75","32.20","33.58","32.20","58.00K","-2.24%"
"02/17/2023","33.50","33.50","34.48","33.40","266.00K","-1.62%"
"02/16/2023","34.05","34.17","35.25","33.60","479.50K","-1.02%"
"02/15/2023","34.40","32.99","34.40","32.50","148.50K","7.50%"
"02/14/2023","32.00","32.00","32.00","31.75","41.00K","0.00%"
"02/13/2023","32.00","31.00","32.00","31.00","52.00K","2.56%"
"02/10/2023","31.20","30.50","31.50","30.06","34.00K","0.65%"
"02/09/2023","31.00","30.50","31.15","30.50","78.00K","3.33%"
"02/08/2023","30.00","29.00","30.00","28.80","160.00K","5.26%"
"02/07/2023","28.50","29.00","29.00","28.50","39.00K","-1.72%"
"02/06/2023","29.00","29.30","29.31","29.00","47.50K","0.00%"
"02/03/2023","29.00","29.00","29.45","29.00","1.50K","0.00%"
"02/02/2023","29.00","29.74","29.74","29.00","25.00K","-2.03%"
"02/01/2023","29.60","29.05","30.00","29.05","3.00K","-4.52%"
"01/31/2023","31.00","31.00","31.00","31.00","0.50K","1.64%"
"01/26/2023","30.50","30.05","30.50","30.05","12.00K","1.67%"
"01/25/2023","30.00","28.75","30.00","28.75","24.50K","3.45%"
"01/24/2023","29.00","29.00","29.00","28.75","5.00K","0.87%"
"01/23/2023","28.75","28.50","28.75","28.50","3.50K","-0.86%"
"01/20/2023","29.00","28.50","29.00","28.50","28.50K","0.87%"
"01/19/2023","28.75","28.75","28.75","28.75","5.00K","-0.52%"
"01/18/2023","28.90","28.50","29.00","28.25","37.50K","0.52%"
"01/17/2023","28.75","29.00","29.00","28.55","60.50K","-0.86%"
"01/16/2023","29.00","28.15","29.29","28.15","29.50K","0.00%"
"01/13/2023","29.00","27.85","29.00","27.85","63.00K","2.11%"
"01/12/2023","28.40","28.50","28.50","27.65","14.00K","1.43%"
"01/11/2023","28.00","28.00","28.35","27.75","45.50K","0.00%"
"01/10/2023","28.00","27.99","28.00","27.99","6.00K","0.00%"
"01/09/2023","28.00","27.26","28.00","27.26","14.50K","2.38%"
"01/06/2023","27.35","27.55","27.55","27.00","95.50K","-0.91%"
"01/05/2023","27.60","28.00","28.00","27.50","39.50K","-1.43%"
"01/04/2023","28.00","29.00","29.00","27.80","59.00K","-3.41%"
"01/03/2023","28.99","28.48","29.69","27.70","26.50K","3.54%"
"01/02/2023","28.00","27.25","28.00","27.25","28.00K","1.82%"
"12/30/2022","27.50","27.15","27.50","27.00","25.00K","0.92%"
"12/29/2022","27.25","27.01","27.30","27.00","2.50K","0.00%"
"12/28/2022","27.25","27.45","27.50","27.05","15.50K","-2.29%"
"12/27/2022","27.89","26.15","27.89","26.15","1.50K","2.35%"
"12/26/2022","27.25","26.25","27.25","26.25","1.00K","0.93%"
"12/23/2022","27.00","27.00","27.00","27.00","2.00K","0.19%"
"12/22/2022","26.95","27.00","27.25","26.95","66.00K","-1.28%"
"12/21/2022","27.30","27.00","27.30","27.00","22.00K","1.11%"
"12/20/2022","27.00","27.25","27.40","26.99","130.00K","-1.85%"
"12/19/2022","27.51","27.55","27.79","27.50","63.50K","0.59%"
"12/16/2022","27.35","27.00","27.40","27.00","132.00K","-0.18%"
"12/15/2022","27.40","27.64","27.65","27.40","19.00K","-0.36%"
"12/13/2022","27.50","27.00","27.50","27.00","3.00K","0.84%"
"12/12/2022","27.27","27.00","27.27","27.00","1.00K","-0.11%"
"12/09/2022","27.30","25.98","27.30","25.98","11.00K","5.98%"
"12/07/2022","25.76","25.51","26.10","25.50","3.00K","-0.92%"
"12/06/2022","26.00","26.20","26.20","26.00","4.50K","-1.89%"
"12/05/2022","26.50","26.50","26.62","26.40","12.50K","-0.45%"
"12/02/2022","26.62","26.93","27.00","26.13","5.00K","-3.20%"
"12/01/2022","27.50","27.50","27.80","27.50","8.50K","0.36%"
"11/30/2022","27.40","27.00","27.40","27.00","3.50K","1.52%"
"11/29/2022","26.99","27.89","27.89","26.80","24.00K","0.63%"
"11/28/2022","26.82","28.00","28.20","26.82","43.50K","-7.49%"
"11/24/2022","28.99","28.60","28.99","28.60","1.00K","-0.03%"
"11/23/2022","29.00","29.30","29.49","29.30","9.50K","0.31%"
"11/22/2022","28.91","26.90","28.91","26.90","58.50K","7.47%"
"11/18/2022","26.90","27.00","27.05","26.90","2.50K","-2.71%"
"11/17/2022","27.65","27.55","27.65","27.55","5.50K","0.00%"
"11/16/2022","27.65","27.65","27.65","27.65","0.50K","1.62%"
"11/15/2022","27.21","27.30","27.30","27.21","1.00K","0.78%"
"11/11/2022","27.00","27.01","27.02","27.00","6.50K","-1.82%"
"11/10/2022","27.50","27.01","27.50","27.00","7.00K","1.85%"
"11/08/2022","27.00","26.76","27.00","26.75","16.00K","0.00%"
"11/07/2022","27.00","27.00","27.00","26.41","7.00K","-1.46%"
"11/04/2022","27.40","27.50","27.85","27.37","9.50K","-0.90%"
"11/03/2022","27.65","27.60","27.65","27.60","5.50K","0.18%"
"11/02/2022","27.60","28.30","28.50","27.50","45.00K","-3.16%"
"11/01/2022","28.50","28.70","29.49","28.50","204.00K","-1.72%"
"10/31/2022","29.00","28.50","29.80","28.50","31.00K","0.00%"
"10/28/2022","29.00","29.00","29.00","29.00","0.50K","1.40%"
"10/27/2022","28.60","29.19","29.80","28.60","54.50K","-2.09%"
"10/26/2022","29.21","27.89","29.21","27.51","459.00K","4.81%"
"10/25/2022","27.87","27.99","28.01","27.00","60.50K","-0.89%"
"10/24/2022","28.12","28.00","28.47","27.00","30.00K","-3.03%"
"10/21/2022","29.00","28.50","29.00","28.00","26.50K","0.00%"
"10/20/2022","29.00","28.99","29.00","28.99","1.00K","1.75%"
"10/19/2022","28.50","28.80","29.00","28.25","18.50K","-1.04%"
"10/18/2022","28.80","28.80","28.80","28.80","0.50K","2.82%"
"10/17/2022","28.01","28.01","28.70","28.01","6.50K","-5.85%"
"10/14/2022","29.75","29.85","29.85","28.52","5.50K","4.75%"
"10/13/2022","28.40","28.40","28.40","28.40","0.50K","-0.35%"
"10/12/2022","28.50","28.50","28.50","28.50","3.50K","0.00%"
"10/11/2022","28.50","28.00","28.50","28.00","3.50K","0.00%"
"10/10/2022","28.50","28.50","28.50","28.50","0.50K","0.00%"
"10/07/2022","28.50","28.90","30.49","28.00","9.00K","0.35%"
"10/06/2022","28.40","28.25","28.40","28.13","6.00K","1.43%"
"10/05/2022","28.00","28.02","28.50","28.00","13.50K","-3.45%"
"10/04/2022","29.00","28.01","29.15","28.01","22.00K","1.75%"
"10/03/2022","28.50","28.45","28.50","28.45","5.00K","-0.18%"
"09/30/2022","28.55","28.55","28.80","28.55","6.50K","0.18%"
"09/29/2022","28.50","28.20","28.50","27.85","7.00K","0.25%"
"09/27/2022","28.43","27.50","28.44","27.10","14.50K","2.45%"
"09/26/2022","27.75","28.44","28.45","27.32","14.00K","2.78%"
"09/23/2022","27.00","27.95","29.75","27.00","21.00K","-3.57%"
"09/22/2022","28.00","27.25","28.00","27.00","14.00K","0.00%"
"09/21/2022","28.00","28.50","28.50","28.00","54.00K","-5.41%"
"09/20/2022","29.60","29.60","29.60","29.60","1.00K","-1.33%"
"09/19/2022","30.00","30.70","30.70","30.00","2.00K","0.00%"
"09/16/2022","30.00","30.50","30.60","30.00","12.00K","-3.23%"
"09/15/2022","31.00","31.31","31.31","31.00","4.00K","-1.59%"
"09/13/2022","31.50","32.00","32.00","31.50","2.00K","-2.33%"
"09/12/2022","32.25","31.82","32.40","31.82","8.00K","-0.46%"
"09/09/2022","32.40","32.38","32.40","32.32","4.00K","0.15%"
"09/08/2022","32.35","32.30","32.36","32.30","22.50K","1.73%"
"09/07/2022","31.80","32.00","32.40","29.92","19.50K","-1.67%"
"09/06/2022","32.34","31.90","32.34","31.90","22.00K","0.75%"
"09/05/2022","32.10","32.05","32.10","32.05","7.50K","0.00%"
"09/02/2022","32.10","32.09","32.35","32.05","21.00K","-0.62%"
"09/01/2022","32.30","32.47","32.47","31.40","16.50K","0.00%"
"08/31/2022","32.30","32.25","32.70","32.00","37.00K","0.16%"
"08/30/2022","32.25","30.90","32.25","30.50","102.50K","7.50%"
"08/29/2022","30.00","30.00","30.00","30.00","5.00K","0.00%"
"08/26/2022","30.00","29.60","30.30","29.60","13.00K","0.00%"
"08/25/2022","30.00","30.00","30.00","29.51","37.50K","0.00%"
"08/24/2022","30.00","30.15","30.15","29.50","40.00K","-0.50%"
"08/23/2022","30.15","30.94","30.94","30.15","1.00K","3.93%"
"08/22/2022","29.01","29.50","29.55","29.01","4.50K","-5.81%"
"08/18/2022","30.80","31.00","31.00","30.80","6.00K","-2.22%"
"08/17/2022","31.50","31.00","31.50","31.00","2.50K","0.32%"
"08/16/2022","31.40","31.10","32.00","30.80","66.00K","0.96%"
"08/15/2022","31.10","32.45","32.45","31.01","12.00K","1.60%"
"08/12/2022","30.61","28.15","30.61","27.77","392.50K","7.48%"
"08/11/2022","28.48","28.99","28.99","28.01","9.50K","-1.45%"
"08/10/2022","28.90","28.50","28.90","28.45","40.00K","3.58%"
"08/05/2022","27.90","27.30","28.56","27.30","431.00K","4.30%"
"08/04/2022","26.75","27.29","27.29","26.40","23.50K","1.90%"
"08/03/2022","26.25","27.00","27.00","26.25","33.00K","0.77%"
"08/02/2022","26.05","26.52","27.01","25.99","227.50K","-5.20%"
"08/01/2022","27.48","28.01","28.25","27.48","215.00K","-7.47%"
"07/29/2022","29.70","27.80","29.70","27.80","9.00K","7.38%"
"07/28/2022","27.66","27.60","28.40","27.50","6.50K","-2.09%"
"07/27/2022","28.25","28.25","28.25","28.25","0.50K","0.18%"
"07/22/2022","28.20","28.00","28.20","27.05","5.00K","-0.70%"
"07/21/2022","28.40","27.75","28.40","27.70","10.00K","-0.35%"
"07/20/2022","28.50","27.75","28.50","27.75","2.00K","2.70%"
"07/19/2022","27.75","28.50","28.60","27.75","4.00K","-3.98%"
"07/18/2022","28.90","28.35","28.90","28.30","3.50K","-1.03%"
"07/15/2022","29.20","28.60","29.20","28.60","1.00K","-1.02%"
"07/14/2022","29.50","29.25","29.50","29.25","4.00K","1.90%"
"07/07/2022","28.95","28.95","28.95","28.95","0.50K","0.70%"
"07/06/2022","28.75","28.75","28.75","28.75","1.50K","0.88%"
"07/05/2022","28.50","28.50","28.50","26.55","12.00K","-0.04%"
"07/04/2022","28.51","28.10","28.74","28.10","2.50K","-2.53%"
"07/01/2022","29.25","29.75","29.75","29.25","1.00K","-2.08%"
"06/30/2022","29.87","28.40","29.87","28.40","3.00K","5.47%"
"06/29/2022","28.32","28.25","28.60","28.25","2.50K","-1.32%"
"06/28/2022","28.70","28.70","28.70","28.40","15.00K","-1.03%"
"06/27/2022","29.00","28.51","29.10","28.51","2.50K","-0.85%"
"06/24/2022","29.25","29.20","29.25","29.20","7.50K","-0.85%"
"06/23/2022","29.50","30.00","30.25","29.50","9.00K","-3.31%"
"06/22/2022","30.51","29.98","31.49","29.60","202.50K","3.07%"
"06/21/2022","29.60","28.26","30.28","28.25","21.00K","5.08%"
"06/20/2022","28.17","28.17","28.17","28.17","0.50K","-1.23%"
"06/17/2022","28.52","28.75","29.05","28.50","110.00K","-0.35%"
"06/16/2022","28.62","29.50","29.50","28.62","7.00K","-2.98%"
"06/14/2022","29.50","29.50","29.50","29.50","0.50K","-1.67%"
"06/13/2022","30.00","30.00","30.00","30.00","0.50K","-1.41%"
"06/10/2022","30.43","30.00","30.43","30.00","5.50K","1.43%"
"06/09/2022","30.00","31.50","31.50","30.00","4.00K","1.35%"
"06/08/2022","29.60","29.50","29.60","29.50","2.50K","-1.33%"
"06/07/2022","30.00","29.75","30.00","29.75","15.50K","0.84%"
"06/06/2022","29.75","29.05","30.50","29.01","13.00K","0.85%"
"06/03/2022","29.50","29.52","29.52","29.50","7.00K","-1.67%"
"06/02/2022","30.00","29.70","30.00","29.70","3.50K","-0.23%"
"06/01/2022","30.07","30.25","30.25","30.07","1.00K","-1.57%"
"05/31/2022","30.55","31.00","31.00","30.55","2.50K","-1.45%"
"05/30/2022","31.00","30.12","31.00","30.12","1.00K","-0.77%"
"05/27/2022","31.24","31.98","32.00","31.24","4.00K","-1.54%"
"05/26/2022","31.73","31.00","31.85","31.00","50.50K","5.77%"
"05/25/2022","30.00","30.10","30.55","30.00","9.00K","-1.61%"
"05/24/2022","30.49","30.00","30.49","30.00","43.00K","2.76%"
"05/23/2022","29.67","30.25","30.25","29.67","4.50K","-3.51%"
"05/20/2022","30.75","30.51","30.75","30.51","1.50K","-0.32%"
"05/19/2022","30.85","31.40","31.40","30.85","11.50K","-1.75%"
"05/18/2022","31.40","30.91","31.99","30.90","51.50K","1.26%"
"05/17/2022","31.01","31.88","31.88","30.71","22.50K","-2.11%"
"05/16/2022","31.68","29.35","32.00","29.35","158.00K","6.49%"
"05/12/2022","29.75","28.50","30.70","28.49","66.00K","3.73%"
"05/11/2022","28.68","29.00","29.00","28.67","4.50K","-2.78%"
"05/10/2022","29.50","30.98","31.00","28.40","430.00K","-1.67%"
"05/09/2022","30.00","29.50","30.00","28.30","27.00K","-1.61%"
"05/06/2022","30.49","29.50","30.49","28.37","6.50K","7.74%"
"04/28/2022","28.30","28.70","28.71","28.30","19.50K","-1.57%"
"04/27/2022","28.75","28.11","29.25","28.11","3.00K","-2.61%"
"04/26/2022","29.52","30.20","30.20","29.50","27.00K","-1.60%"
"04/25/2022","30.00","30.73","30.73","29.75","160.00K","-1.12%"
"04/22/2022","30.34","30.00","30.34","30.00","13.50K","0.46%"
"04/21/2022","30.20","31.00","31.00","29.99","7.50K","4.14%"
"04/20/2022","29.00","29.20","29.20","29.00","7.50K","-1.69%"
"04/19/2022","29.50","30.15","30.15","29.50","28.50K","-1.67%"
"04/18/2022","30.00","30.75","30.75","30.00","15.50K","-1.86%"
"04/15/2022","30.57","32.00","32.40","30.57","28.00K","-1.39%"
"04/14/2022","31.00","31.75","31.75","31.00","14.00K","-1.12%"
"04/13/2022","31.35","31.00","31.45","30.55","17.50K","-0.48%"
"04/12/2022","31.50","30.40","31.55","30.40","86.00K","0.99%"
"04/11/2022","31.19","29.50","31.19","29.50","153.00K","7.55%"
"04/08/2022","29.00","28.60","29.20","28.31","8.50K","0.00%"
"04/07/2022","29.00","29.00","29.00","29.00","24.00K","0.00%"
"04/06/2022","29.00","29.00","29.00","29.00","2.50K","0.00%"
"04/05/2022","29.00","28.00","29.20","27.99","33.50K","3.57%"
"04/04/2022","28.00","27.30","28.87","27.30","17.50K","-3.58%"
"04/01/2022","29.04","27.74","29.56","27.74","253.50K","5.60%"
"03/31/2022","27.50","27.10","27.79","26.80","19.00K","0.92%"
"03/30/2022","27.25","27.00","27.40","27.00","10.00K","-0.18%"
"03/29/2022","27.30","26.89","27.30","26.75","9.00K","1.90%"
"03/28/2022","26.79","25.55","27.94","25.55","12.50K","3.04%"
"03/25/2022","26.00","25.05","26.00","25.05","5.50K","1.96%"
"03/24/2022","25.50","25.50","25.50","25.10","7.50K","-0.20%"
"03/22/2022","25.55","26.00","26.00","25.55","2.00K","0.20%"
"03/21/2022","25.50","26.00","26.00","25.50","6.00K","1.19%"
"03/18/2022","25.20","25.07","25.51","25.00","20.00K","-4.91%"
"03/17/2022","26.50","27.00","27.00","26.50","7.50K","-0.38%"
"03/16/2022","26.60","27.00","27.00","26.60","18.50K","1.14%"
"03/15/2022","26.30","27.00","27.00","26.20","2.50K","0.38%"
"03/14/2022","26.20","25.50","26.20","25.50","1.00K","-1.87%"
"03/10/2022","26.70","27.49","27.50","26.70","27.50K","-3.96%"
"03/09/2022","27.80","26.75","27.40","26.55","10.00K","6.92%"
"03/08/2022","26.00","26.98","27.00","26.00","35.50K","-1.03%"
"03/07/2022","26.27","26.16","26.89","26.11","21.00K","-6.18%"
"03/03/2022","28.00","28.00","28.00","28.00","3.50K","0.00%"
"03/02/2022","28.00","28.00","28.00","28.00","0.50K","-1.75%"
"03/01/2022","28.50","28.50","28.50","28.50","1.50K","1.24%"
"02/28/2022","28.15","27.50","28.15","27.00","32.50K","0.36%"
"02/25/2022","28.05","28.00","28.05","27.05","8.50K","1.01%"
"02/24/2022","27.77","28.50","28.50","27.71","9.00K","-4.57%"
"02/23/2022","29.10","29.09","29.10","29.09","2.50K","0.31%"
"02/22/2022","29.01","29.24","29.24","29.00","6.00K","-1.66%"
"02/21/2022","29.50","29.75","30.00","29.50","13.50K","-1.67%"
"02/18/2022","30.00","30.00","30.00","29.99","15.00K","0.87%"
"02/17/2022","29.74","30.00","30.00","29.50","12.00K","-0.87%"
"02/16/2022","30.00","30.20","30.20","30.00","3.50K","-1.57%"
"02/15/2022","30.48","30.10","31.08","29.80","115.50K","0.40%"
"02/14/2022","30.36","30.00","31.00","29.60","411.50K","0.63%"
"02/11/2022","30.17","29.74","31.50","29.00","753.00K","2.51%"
"02/10/2022","29.43","30.75","30.98","29.18","130.00K","-2.32%"
"02/09/2022","30.13","28.45","30.13","28.45","327.50K","7.49%"
"02/08/2022","28.03","28.65","28.65","27.55","93.00K","-1.58%"
"02/07/2022","28.48","29.50","29.70","28.25","134.00K","-6.16%"
"02/04/2022","30.35","31.10","31.19","29.90","51.00K","-1.36%"
"02/03/2022","30.77","30.35","31.50","30.35","224.00K","1.45%"
"02/02/2022","30.33","30.05","30.50","29.60","56.00K","0.93%"
"02/01/2022","30.05","30.20","30.43","29.61","86.50K","-1.15%"
"01/31/2022","30.40","31.85","31.90","30.30","49.50K","-2.38%"
"01/28/2022","31.14","30.44","31.60","30.34","120.50K","3.80%"
"01/27/2022","30.00","30.00","30.10","29.75","43.00K","0.00%"
"01/26/2022","30.00","30.00","30.10","29.31","126.00K","1.04%"
"01/25/2022","29.69","29.01","30.25","29.01","147.50K","2.38%"
"01/24/2022","29.00","28.90","29.01","28.26","128.00K","2.58%"
"01/21/2022","28.27","28.00","28.50","27.75","53.50K","1.11%"
"01/20/2022","27.96","27.98","28.00","27.50","59.00K","-0.11%"
"01/19/2022","27.99","29.10","29.10","27.75","80.50K","-3.81%"
"01/18/2022","29.10","29.55","29.82","29.10","52.50K","-1.46%"
"01/17/2022","29.53","29.00","29.66","28.30","104.50K","1.79%"
"01/14/2022","29.01","28.00","29.25","28.00","503.50K","5.26%"
"01/13/2022","27.56","27.33","27.98","27.33","19.00K","-1.71%"
"01/12/2022","28.04","28.00","28.50","28.00","29.50K","-0.25%"
"01/11/2022","28.11","28.52","28.52","27.95","49.50K","-1.37%"
"01/10/2022","28.50","29.43","29.43","28.42","40.00K","-3.16%"
"01/07/2022","29.43","28.25","29.75","28.25","170.00K","3.30%"
"01/06/2022","28.49","28.12","29.00","27.72","276.00K","-1.11%"
"01/05/2022","28.81","27.80","29.00","27.49","436.00K","3.63%"
"01/04/2022","27.80","27.55","28.09","27.50","285.00K","1.02%"
"01/03/2022","27.52","26.00","27.75","25.40","541.50K","6.13%"
"12/31/2021","25.93","25.91","26.10","25.75","380.00K","1.49%"
"12/30/2021","25.55","25.13","26.00","25.13","127.00K","-0.47%"
"12/29/2021","25.67","26.25","26.45","25.52","39.50K","-1.91%"
"12/28/2021","26.17","25.00","26.50","25.00","1.01M","4.72%"
"12/27/2021","24.99","24.31","25.25","24.30","444.50K","2.92%"
"12/24/2021","24.28","23.80","25.00","23.80","116.50K","2.15%"
"12/23/2021","23.77","23.70","24.00","23.70","23.00K","2.24%"
"12/22/2021","23.25","23.50","23.50","23.25","6.50K","-0.34%"
"12/21/2021","23.33","22.91","23.69","22.91","45.50K","0.09%"
"12/20/2021","23.31","23.35","23.75","23.26","20.50K","-0.81%"
"12/17/2021","23.50","22.75","23.90","22.75","64.00K","2.22%"
"12/16/2021","22.99","23.69","23.69","22.85","90.00K","1.91%"
"12/15/2021","22.56","22.20","22.56","21.50","86.50K","7.48%"
"12/14/2021","20.99","20.50","21.00","20.50","163.00K","2.24%"
"12/13/2021","20.53","21.49","21.49","20.30","13.50K","-3.43%"
"12/09/2021","21.26","21.57","21.57","21.25","49.50K","-1.67%"
"12/08/2021","21.62","21.35","21.80","21.35","40.00K","1.69%"
"12/07/2021","21.26","21.01","21.44","21.00","167.00K","1.19%"
"12/06/2021","21.01","21.95","21.95","20.25","79.50K","-3.67%"
"12/03/2021","21.81","23.38","23.50","21.23","18.00K","-2.42%"
"12/02/2021","22.35","23.80","23.80","22.25","9.00K","-6.80%"
"12/01/2021","23.98","24.28","24.28","23.70","9.00K","1.31%"
"11/30/2021","23.67","24.09","24.09","23.65","25.00K","-1.74%"
"11/29/2021","24.09","24.00","24.44","23.35","32.00K","1.86%"
"11/26/2021","23.65","23.05","24.00","22.80","70.00K","2.83%"
"11/25/2021","23.00","23.16","23.28","22.80","20.00K","-0.69%"
"11/24/2021","23.16","23.01","24.70","22.82","40.00K","-3.86%"
"11/23/2021","24.09","25.00","25.00","24.01","15.50K","-2.47%"
"11/22/2021","24.70","25.00","25.40","24.35","9.50K","-1.12%"
"11/19/2021","24.98","24.99","25.00","24.98","5.00K","-0.36%"
"11/18/2021","25.07","24.20","25.20","24.03","16.50K","0.68%"
"11/17/2021","24.90","24.55","25.00","24.55","15.00K","-0.84%"
"11/16/2021","25.11","24.92","25.28","24.92","16.00K","-0.28%"
"11/15/2021","25.18","25.45","25.50","24.75","17.50K","-0.12%"
"11/12/2021","25.21","25.50","25.50","25.20","26.50K","-2.02%"
"11/11/2021","25.73","25.90","25.90","25.50","10.50K","-0.66%"
"11/10/2021","25.90","25.99","25.99","25.70","20.50K","0.82%"
"11/09/2021","25.69","25.81","26.95","25.40","63.50K","-1.38%"
"11/08/2021","26.05","26.10","26.43","25.95","529.52K","0.12%"
"11/05/2021","26.02","26.60","27.02","25.88","162.93K","-0.12%"
"11/04/2021","26.05","25.67","26.09","25.67","87.96K","0.23%"
"11/03/2021","25.99","26.00","26.21","25.94","138.13K","-0.04%"
"11/02/2021","26.00","26.10","26.13","25.92","232.00K","-0.15%"
"11/01/2021","26.04","25.41","26.26","25.41","80.28K","2.64%"
"10/29/2021","25.37","24.99","25.71","24.90","82.64K","0.36%"
"10/28/2021","25.28","26.26","26.60","24.56","282.17K","-4.78%"
"10/27/2021","26.55","25.71","27.09","25.66","229.04K","5.36%"
"10/26/2021","25.20","24.90","25.33","24.56","8.26K","-0.47%"
"10/25/2021","25.32","25.24","25.33","25.11","12.40K","1.69%"
"10/22/2021","24.90","25.79","25.79","24.14","44.86K","-2.54%"
"10/21/2021","25.55","25.40","25.66","25.24","49.59K","1.39%"
"10/20/2021","25.20","24.97","25.41","24.97","55.49K","1.74%"
"10/18/2021","24.77","24.61","25.11","24.61","15.35K","-0.64%"
"10/15/2021","24.93","24.90","25.20","24.69","76.74K","1.09%"
"10/14/2021","24.66","25.28","25.75","24.35","347.70K","-2.49%"
"10/13/2021","25.29","25.33","25.47","25.29","11.81K","-0.35%"
"10/12/2021","25.38","25.49","26.34","25.00","56.08K","-0.16%"
"10/11/2021","25.42","26.43","26.43","25.41","10.63K","-3.97%"
"10/08/2021","26.47","26.26","26.89","25.20","5.31K","0.65%"
"10/07/2021","26.30","27.02","27.10","26.30","31.29K","-0.75%"
"10/06/2021","26.50","26.77","27.36","26.26","16.53K","-2.21%"
"10/05/2021","27.10","27.36","27.53","27.10","256.79K","-0.95%"
"10/04/2021","27.36","27.74","27.74","26.68","32.47K","0.48%"
"10/01/2021","27.23","25.55","27.34","25.50","832.35K","7.04%"
"09/30/2021","25.44","25.37","25.83","25.33","74.97K","0.12%"
"09/29/2021","25.41","26.26","26.26","24.56","43.09K","-2.72%"
"09/28/2021","26.12","26.47","27.10","25.97","115.11K","0.73%"
"09/27/2021","25.93","27.10","27.18","25.76","64.94K","-3.28%"
"09/24/2021","26.81","26.43","27.19","26.05","172.37K","1.36%"
"09/23/2021","26.45","26.68","27.91","26.26","145.22K","-0.79%"
"09/22/2021","26.66","28.25","28.25","26.65","655.84K","-7.46%"
"09/21/2021","28.81","30.75","30.75","28.37","194.81K","-4.79%"
"09/20/2021","30.26","30.48","30.92","30.24","33.65K","-0.62%"
"09/17/2021","30.45","30.24","30.87","30.24","63.75K","0.83%"
"09/16/2021","30.20","30.32","30.41","30.15","14.76K","-0.69%"
"09/15/2021","30.41","30.44","30.72","30.15","23.02K","-0.10%"
"09/14/2021","30.44","30.49","31.34","30.32","71.43K","-0.75%"
"09/13/2021","30.67","30.49","30.92","30.07","31.88K","0.26%"
"09/10/2021","30.59","30.96","32.19","30.28","299.29K","-0.36%"
"09/09/2021","30.70","30.49","30.81","30.28","74.97K","0.00%"
"09/08/2021","30.70","30.87","31.00","30.18","62.57K","2.71%"
"09/07/2021","29.89","31.34","31.36","29.64","347.11K","-4.54%"
"09/06/2021","31.31","30.75","31.75","30.75","314.64K","0.71%"
"09/03/2021","31.09","31.34","31.34","31.09","19.48K","-0.22%"
"09/02/2021","31.16","31.34","31.34","31.04","33.06K","-0.73%"
"09/01/2021","31.39","31.51","31.59","31.34","106.85K","-0.38%"
"08/31/2021","31.51","31.25","31.76","31.19","33.06K","0.13%"
"08/30/2021","31.47","31.42","31.59","31.14","49.59K","-0.51%"
"08/27/2021","31.63","31.69","31.76","31.37","30.11K","-2.23%"
"08/26/2021","32.35","33.67","34.20","32.06","379.57K","-3.92%"
"08/25/2021","33.67","31.32","33.67","31.13","711.92K","7.50%"
"08/24/2021","31.32","31.72","31.72","30.96","132.23K","-0.06%"
"08/23/2021","31.34","30.92","31.34","30.67","344.16K","1.72%"
"08/20/2021","30.81","30.50","30.86","30.16","31.29K","0.36%"
"08/17/2021","30.70","30.49","30.92","29.64","389.61K","-0.71%"
"08/16/2021","30.92","30.45","30.92","30.45","38.37K","0.91%"
"08/13/2021","30.64","30.49","30.65","30.49","4.13K","0.43%"
"08/12/2021","30.51","30.16","30.88","30.16","10.63K","-1.33%"
"08/11/2021","30.92","30.49","31.02","30.32","38.37K","1.08%"
"08/10/2021","30.59","30.49","30.87","30.49","11.81K","-0.52%"
"08/09/2021","30.75","30.85","30.85","30.75","18.30K","-0.87%"
"08/06/2021","31.02","31.01","31.34","31.00","27.15K","0.13%"
"08/05/2021","30.98","31.34","31.34","30.92","36.01K","-0.61%"
"08/04/2021","31.17","30.93","31.33","30.92","38.96K","0.94%"
"08/03/2021","30.88","30.92","31.30","30.66","58.44K","-0.77%"
"08/02/2021","31.12","30.49","31.12","30.49","6.49K","1.37%"
"07/30/2021","30.70","30.53","31.25","30.53","43.68K","-0.42%"
"07/29/2021","30.83","30.09","31.15","30.09","16.53K","-0.23%"
"07/28/2021","30.90","30.92","31.34","30.83","106.26K","-0.64%"
"07/27/2021","31.10","31.08","31.75","31.08","90.91K","-1.08%"
"07/26/2021","31.44","31.93","31.93","31.34","88.55K","-1.90%"
"07/23/2021","32.05","31.00","32.48","31.00","215.47K","3.39%"
"07/19/2021","31.00","30.92","31.25","30.83","215.47K","-0.67%"
"07/16/2021","31.21","30.86","31.25","30.75","13.58K","1.13%"
"07/15/2021","30.86","30.92","31.08","30.58","57.26K","-0.61%"
"07/14/2021","31.05","31.34","31.38","30.92","59.62K","-0.48%"
"07/13/2021","31.20","30.50","31.34","30.49","206.02K","2.03%"
"07/12/2021","30.58","30.70","30.79","30.49","42.50K","-1.16%"
"07/09/2021","30.94","31.36","31.36","30.92","220.78K","-1.02%"
"07/08/2021","31.26","31.34","31.34","31.08","197.17K","1.10%"
"07/07/2021","30.92","30.92","30.93","30.66","28.93K","-0.10%"
"07/06/2021","30.95","31.34","31.34","30.95","28.93K","-0.90%"
"07/05/2021","31.23","31.39","31.39","31.18","511.81K","-1.39%"
"07/02/2021","31.67","31.97","31.97","31.34","165.29K","-0.81%"
"07/01/2021","31.93","32.19","32.19","31.80","339.43K","-0.93%"
"06/30/2021","32.23","32.61","32.91","32.03","179.46K","-1.41%"
"06/29/2021","32.69","32.19","32.89","32.10","351.24K","1.74%"
"06/28/2021","32.13","32.44","32.57","31.89","63.16K","-1.35%"
"06/25/2021","32.57","32.44","32.61","32.35","19.48K","0.12%"
"06/24/2021","32.53","33.37","33.37","32.44","110.98K","-0.28%"
"06/23/2021","32.62","33.46","33.71","32.40","357.73K","-3.32%"
"06/22/2021","33.74","34.10","35.15","33.12","1.39M","-0.71%"
"06/21/2021","33.98","32.61","34.68","32.52","906.73K","3.95%"
"06/18/2021","32.69","32.69","33.02","32.02","250.89K","0.09%"
"06/17/2021","32.66","33.62","33.62","32.61","96.81K","-1.60%"
"06/16/2021","33.19","33.13","33.45","32.95","201.30K","0.33%"
"06/15/2021","33.08","33.92","34.08","33.03","197.17K","-2.76%"
"06/14/2021","34.02","34.06","35.15","33.54","516.53K","0.74%"
"06/11/2021","33.77","34.72","34.72","33.67","150.53K","-1.40%"
"06/10/2021","34.25","33.88","34.63","33.75","586.19K","0.94%"
"06/09/2021","33.93","34.39","34.39","33.63","209.56K","0.38%"
"06/08/2021","33.80","35.14","35.14","33.75","331.17K","-2.62%"
"06/07/2021","34.71","33.92","35.57","33.88","635.18K","1.97%"
"06/04/2021","34.04","34.35","34.51","33.71","151.71K","-0.79%"
"06/03/2021","34.31","33.24","35.15","33.24","619.24K","2.60%"
"06/02/2021","33.44","33.79","33.79","32.74","633.41K","0.69%"
"06/01/2021","33.21","33.88","33.88","32.61","391.97K","-0.90%"
"05/31/2021","33.51","34.73","35.15","33.37","747.93K","-3.32%"
"05/28/2021","34.66","33.88","36.02","33.88","838.84K","-0.06%"
"05/27/2021","34.68","34.39","35.29","33.03","485.83K","-0.20%"
"05/26/2021","34.75","34.07","35.67","33.22","1.12M","4.61%"
"05/25/2021","33.22","30.62","33.22","30.62","1.35M","7.47%"
"05/24/2021","30.91","30.90","31.34","30.58","133.41K","-0.03%"
"05/21/2021","30.92","32.16","32.18","30.49","280.40K","-0.71%"
"05/20/2021","31.14","29.22","31.14","29.22","570.25K","7.45%"
"05/19/2021","28.98","28.50","29.35","28.46","73.20K","0.17%"
"05/18/2021","28.93","27.94","29.22","27.74","1.06M","5.01%"
"05/17/2021","27.55","27.40","27.87","27.10","167.65K","1.44%"
"05/06/2021","27.16","27.52","27.93","27.10","93.86K","-0.07%"
"05/05/2021","27.18","27.53","27.53","27.10","82.05K","-0.04%"
"05/04/2021","27.19","27.10","27.36","27.10","84.42K","0.37%"
"05/03/2021","27.09","26.27","27.26","25.62","158.21K","-0.04%"
"04/30/2021","27.10","27.96","27.96","27.10","404.96K","-3.18%"
"04/29/2021","27.99","27.87","28.46","27.87","65.53K","0.14%"
"04/28/2021","27.95","27.96","28.16","27.87","443.92K","0.00%"
"04/27/2021","27.95","28.04","28.30","27.95","129.87K","0.32%"
"04/26/2021","27.86","28.81","29.38","27.54","364.82K","-4.65%"
"04/23/2021","29.22","29.23","30.05","29.09","84.42K","-1.38%"
"04/22/2021","29.63","29.77","30.07","29.48","115.11K","-0.30%"
"04/21/2021","29.72","29.64","29.86","29.64","61.39K","-0.40%"
"04/20/2021","29.84","30.07","30.07","29.64","284.53K","0.67%"
"04/19/2021","29.64","29.35","29.98","29.22","29.52K","-1.69%"
"04/16/2021","30.15","30.20","30.45","30.07","14.17K","-0.30%"
"04/15/2021","30.24","30.20","30.49","30.20","20.66K","0.47%"
"04/14/2021","30.10","30.90","30.90","30.07","75.56K","-1.34%"
"04/13/2021","30.51","29.43","31.09","29.39","157.62K","1.53%"
"04/12/2021","30.05","29.64","30.15","29.54","173.55K","1.73%"
"04/09/2021","29.54","29.18","30.03","29.18","146.40K","1.97%"
"04/08/2021","28.97","28.70","29.22","28.04","139.91K","3.32%"
"04/07/2021","28.04","29.52","29.52","27.95","51.36K","-0.14%"
"04/06/2021","28.08","27.74","28.21","27.74","95.63K","1.34%"
"04/05/2021","27.71","28.80","28.80","27.53","135.77K","-3.78%"
"04/02/2021","28.80","28.93","29.42","28.80","67.30K","-0.66%"
"04/01/2021","28.99","28.93","29.43","28.93","59.62K","-0.69%"
"03/31/2021","29.19","29.64","29.81","29.14","195.99K","0.72%"
"03/30/2021","28.98","28.80","29.48","28.54","50.77K","0.66%"
"03/29/2021","28.79","29.14","29.51","28.65","154.07K","-4.13%"
"03/26/2021","30.03","30.07","30.07","29.64","132.82K","-0.73%"
"03/25/2021","30.25","30.41","30.65","29.99","333.53K","-0.56%"
"03/24/2021","30.42","31.17","31.20","30.32","74.38K","-1.55%"
"03/22/2021","30.90","30.49","31.08","30.49","81.46K","-0.80%"
"03/19/2021","31.15","30.49","31.25","30.49","67.30K","1.40%"
"03/18/2021","30.72","30.58","31.33","30.49","792.80K","-1.63%"
"03/17/2021","31.23","31.25","31.51","30.32","606.85K","4.03%"
"03/16/2021","30.02","30.28","30.79","29.81","173.55K","-0.13%"
"03/15/2021","30.06","29.98","30.49","29.64","251.48K","0.10%"
"03/12/2021","30.03","29.18","30.28","28.80","100.35K","4.02%"
"03/11/2021","28.87","30.07","30.48","28.71","334.71K","-3.44%"
"03/10/2021","29.90","31.08","31.08","29.64","566.12K","-5.68%"
"03/09/2021","31.70","32.41","33.46","31.17","506.49K","-4.20%"
"03/08/2021","33.09","35.66","36.21","32.88","1.17M","-6.89%"
"03/05/2021","35.54","36.34","36.34","35.32","167.65K","-0.14%"
"03/04/2021","35.59","36.42","37.65","35.54","613.93K","-5.75%"
"03/03/2021","37.76","38.12","38.52","37.35","2.61M","-0.58%"
"03/02/2021","37.98","37.26","38.11","36.87","2.17M","4.08%"
"03/01/2021","36.49","35.15","36.93","35.07","2.50M","4.41%"
"02/26/2021","34.95","36.12","36.17","34.73","432.70K","-3.24%"
"02/25/2021","36.12","36.51","37.27","35.91","348.88K","-1.26%"
"02/24/2021","36.58","37.11","37.27","35.83","529.52K","-1.75%"
"02/23/2021","37.23","36.29","37.85","35.58","1.26M","2.76%"
"02/22/2021","36.23","34.60","36.51","33.71","3.60M","6.65%"
"02/19/2021","33.97","31.34","34.91","31.34","2.92M","4.56%"
"02/18/2021","32.49","32.19","32.78","31.80","663.52K","0.93%"
"02/17/2021","32.19","31.76","32.27","31.75","321.72K","2.26%"
"02/16/2021","31.48","31.76","31.80","31.43","36.01K","-0.32%"
"02/15/2021","31.58","31.42","32.02","31.42","78.51K","1.51%"
"02/12/2021","31.11","31.76","31.80","31.00","118.65K","-0.73%"
"02/11/2021","31.34","32.08","32.08","31.26","423.85K","-0.32%"
"02/10/2021","31.44","31.81","31.81","31.34","396.69K","-1.81%"
"02/09/2021","32.02","32.18","32.52","31.86","331.17K","0.44%"
"02/08/2021","31.88","31.84","32.52","30.92","865.41K","1.85%"
"02/04/2021","31.30","31.33","31.75","31.00","207.79K","1.03%"
"02/03/2021","30.98","31.00","31.08","30.83","100.35K","0.78%"
"02/02/2021","30.74","30.96","30.96","30.70","134.59K","-0.39%"
"02/01/2021","30.86","30.85","31.08","30.80","118.65K","0.10%"
"01/29/2021","30.83","31.13","31.34","30.63","313.46K","-1.63%"
"01/28/2021","31.34","31.33","31.34","30.92","94.45K","0.06%"
"01/27/2021","31.32","31.39","31.76","31.05","400.24K","-1.48%"
"01/26/2021","31.79","32.19","32.31","31.59","190.08K","-1.12%"
"01/25/2021","32.15","31.68","32.61","30.64","757.97K","2.75%"
"01/22/2021","31.29","30.96","31.75","30.49","115.70K","1.03%"
"01/21/2021","30.97","31.38","31.69","30.92","906.73K","-1.37%"
"01/20/2021","31.40","31.94","31.94","31.14","184.77K","-0.57%"
"01/19/2021","31.58","32.08","32.13","31.56","129.28K","0.54%"
"01/18/2021","31.41","32.19","32.19","31.34","303.42K","-2.76%"
"01/15/2021","32.30","32.27","32.95","31.55","260.33K","-0.19%"
"01/14/2021","32.36","33.03","33.24","31.85","801.65K","-0.71%"
"01/13/2021","32.59","31.34","32.86","30.79","4.33M","6.43%"
"01/12/2021","30.62","28.38","30.78","28.38","3.44M","6.88%"
"01/11/2021","28.65","28.80","29.18","28.65","190.08K","0.28%"
"01/08/2021","28.57","28.54","29.05","28.42","158.21K","-1.04%"
"01/07/2021","28.87","29.77","29.81","28.80","800.47K","-0.96%"
"01/06/2021","29.15","28.21","29.56","28.04","2.03M","4.03%"
"01/05/2021","28.02","27.38","28.37","27.38","370.72K","2.30%"
"01/04/2021","27.39","27.53","27.90","27.10","344.16K","-0.65%"
"01/01/2021","27.57","27.19","27.95","27.19","210.74K","1.70%"
"12/31/2020","27.11","27.36","28.29","27.10","263.87K","-2.48%"
"12/30/2020","27.80","27.20","27.94","27.20","441.56K","1.57%"
"12/29/2020","27.37","28.37","28.37","27.25","525.38K","-3.80%"
"12/28/2020","28.45","28.73","28.80","28.26","201.89K","0.21%"
"12/24/2020","28.39","27.43","29.15","27.43","1.65M","4.72%"
"12/23/2020","27.11","26.60","27.23","26.60","228.45K","1.23%"
"12/22/2020","26.78","27.10","27.32","26.47","273.32K","-1.87%"
"12/21/2020","27.29","27.53","27.87","27.19","179.46K","-1.62%"
"12/18/2020","27.74","28.29","28.54","27.32","350.06K","-0.72%"
"12/17/2020","27.94","27.53","28.29","27.53","801.65K","1.86%"
"12/16/2020","27.43","26.85","27.95","26.47","1.00M","2.70%"
"12/15/2020","26.71","26.93","27.05","26.51","272.73K","0.30%"
"12/14/2020","26.63","27.05","27.10","26.51","190.08K","0.87%"
"12/11/2020","26.40","26.43","26.51","26.26","161.75K","0.30%"
"12/10/2020","26.32","26.13","26.47","26.00","190.08K","-0.11%"
"12/09/2020","26.35","26.73","26.76","26.26","329.99K","-1.42%"
"12/08/2020","26.73","25.75","27.02","25.63","657.62K","2.53%"
"12/07/2020","26.07","26.93","26.93","26.00","184.18K","-0.99%"
"12/04/2020","26.33","25.92","26.88","25.92","452.77K","1.54%"
"12/03/2020","25.93","27.42","27.48","25.75","1.04M","-3.71%"
"12/02/2020","26.93","25.47","27.26","25.47","2.27M","6.15%"
"12/01/2020","25.37","25.62","25.71","24.87","485.83K","0.16%"
"11/30/2020","25.33","24.83","26.47","24.56","824.68K","1.77%"
"11/27/2020","24.89","24.99","25.32","24.73","82.64K","0.65%"
"11/26/2020","24.73","25.28","25.28","24.56","199.53K","-0.24%"
"11/25/2020","24.79","25.66","25.66","24.56","642.27K","-2.09%"
"11/24/2020","25.32","26.09","26.25","25.07","167.06K","-2.01%"
"11/23/2020","25.84","25.66","26.09","25.41","145.81K","-1.79%"
"11/20/2020","26.31","26.68","27.10","26.05","60.80K","-2.77%"
"11/19/2020","27.06","27.10","27.23","26.68","138.72K","0.89%"
"11/18/2020","26.82","27.10","27.91","26.69","57.85K","0.04%"
"11/17/2020","26.81","26.85","27.10","26.52","109.21K","1.06%"
"11/16/2020","26.53","27.08","27.32","26.43","213.70K","-2.03%"
"11/13/2020","27.08","27.53","27.61","26.89","63.75K","-1.28%"
"11/12/2020","27.43","28.56","28.59","27.23","243.80K","-3.48%"
"11/11/2020","28.42","29.22","29.64","28.37","347.11K","-3.73%"
"11/10/2020","29.52","30.48","30.83","29.39","281.58K","-2.35%"
"11/09/2020","30.23","30.70","31.24","29.64","448.64K","0.30%"
"11/06/2020","30.14","28.37","30.68","28.37","491.15K","5.61%"
"11/05/2020","28.54","28.29","29.05","28.18","94.45K","0.39%"
"11/04/2020","28.43","29.73","29.73","28.21","221.96K","-3.63%"
"11/03/2020","29.50","29.64","29.64","28.37","30.11K","3.65%"
"11/02/2020","28.46","28.04","28.80","28.04","31.29K","-2.90%"
"10/29/2020","29.31","30.69","30.69","28.25","228.45K","-3.24%"
"10/28/2020","30.29","30.92","31.35","29.39","604.49K","-1.01%"
"10/27/2020","30.60","29.98","31.72","29.65","1.08M","2.82%"
"10/26/2020","29.76","29.46","30.45","28.29","271.55K","2.20%"
"10/23/2020","29.12","27.86","29.22","27.70","121.02K","4.52%"
"10/22/2020","27.86","27.91","27.95","26.68","89.73K","2.39%"
"10/21/2020","27.21","25.83","27.32","25.70","379.57K","7.08%"
"10/20/2020","25.41","24.15","25.41","24.06","134.59K","3.88%"
"10/19/2020","24.46","25.40","25.41","24.35","88.55K","-3.24%"
"10/16/2020","25.28","24.48","25.41","24.48","98.58K","1.04%"
"10/15/2020","25.02","26.09","26.21","24.65","131.05K","-1.42%"
"10/14/2020","25.38","25.07","25.40","24.90","20.66K","1.12%"
"10/13/2020","25.10","25.39","25.41","24.56","67.89K","-1.14%"
"10/12/2020","25.39","25.83","26.26","25.07","107.44K","-1.13%"
"10/09/2020","25.68","24.94","25.83","24.94","153.48K","4.56%"
"10/08/2020","24.56","23.80","24.90","23.80","112.16K","2.42%"
"10/07/2020","23.98","23.58","24.05","23.51","68.48K","2.96%"
"10/06/2020","23.29","22.78","23.29","22.78","41.91K","3.37%"
"10/05/2020","22.53","22.46","22.57","22.46","15.94K","-3.30%"
"10/02/2020","23.30","23.29","23.72","23.12","70.84K","1.22%"
"10/01/2020","23.02","23.04","23.59","22.02","155.84K","-1.50%"
"09/30/2020","23.37","23.38","23.88","23.21","300.47K","1.83%"
"09/29/2020","22.95","22.78","23.55","22.78","284.53K","0.75%"
"09/28/2020","22.78","24.16","24.56","22.73","931.52K","-7.25%"
"09/25/2020","24.56","24.57","25.12","24.15","68.48K","-0.49%"
"09/24/2020","24.68","25.20","25.20","24.56","29.52K","-1.36%"
"09/23/2020","25.02","25.16","25.42","24.82","118.06K","1.09%"
"09/22/2020","24.75","24.56","24.99","24.56","81.46K","-0.76%"
"09/21/2020","24.94","25.61","25.62","24.56","73.79K","-2.81%"
"09/18/2020","25.66","27.53","29.56","25.66","582.64K","-7.50%"
"09/17/2020","27.74","27.61","27.74","27.52","51.95K","0.47%"
"09/16/2020","27.61","28.37","28.37","27.61","24.20K","-3.05%"
"09/15/2020","28.48","28.81","29.05","27.80","79.69K","-0.87%"
"09/14/2020","28.73","29.22","29.22","27.95","158.80K","2.02%"
"09/11/2020","28.16","27.52","28.59","26.77","188.90K","3.38%"
"09/10/2020","27.24","27.95","28.27","27.23","79.69K","-1.52%"
"09/09/2020","27.66","26.60","27.95","26.60","86.19K","-0.29%"
"09/08/2020","27.74","28.63","28.80","27.74","93.27K","-3.65%"
"09/07/2020","28.79","28.37","29.22","28.37","201.89K","0.70%"
"09/04/2020","28.59","26.69","28.76","26.69","607.44K","5.42%"
"09/03/2020","27.12","26.52","27.44","26.52","289.26K","0.89%"
"09/02/2020","26.88","27.10","27.10","26.30","207.79K","2.28%"
"09/01/2020","26.28","26.26","27.02","25.85","506.49K","2.82%"
"08/31/2020","25.56","24.56","25.83","24.55","410.27K","4.93%"
"08/28/2020","24.36","23.93","24.72","23.93","70.25K","1.75%"
"08/27/2020","23.94","23.72","24.14","23.72","142.86K","-0.42%"
"08/26/2020","24.04","23.72","24.13","23.72","23.61K","1.35%"
"08/25/2020","23.72","23.55","24.05","23.50","83.83K","0.00%"
"08/24/2020","23.72","23.90","24.13","23.72","80.28K","-1.74%"
"08/21/2020","24.14","24.61","24.61","23.97","20.07K","0.88%"
"08/20/2020","23.93","23.94","24.31","23.81","20.66K","-2.21%"
"08/19/2020","24.47","24.98","24.99","24.14","117.47K","-0.57%"
"08/18/2020","24.61","25.28","25.33","24.56","33.06K","0.04%"
"08/17/2020","24.60","25.20","25.41","24.56","103.31K","-3.19%"
"08/13/2020","25.41","27.10","27.10","25.33","329.40K","-4.76%"
"08/12/2020","26.68","27.32","28.66","26.26","237.31K","0.08%"
"08/11/2020","26.66","26.71","27.07","26.38","28.34K","-0.19%"
"08/10/2020","26.71","27.81","27.81","26.67","74.38K","-1.44%"
"08/07/2020","27.10","27.23","27.53","26.89","148.76K","-0.99%"
"08/06/2020","27.37","26.26","28.15","25.83","623.38K","4.27%"
"08/05/2020","26.25","25.79","26.67","25.79","438.61K","-0.08%"
"08/04/2020","26.27","26.54","26.68","25.88","399.65K","-0.19%"
"08/03/2020","26.32","26.63","27.10","25.93","216.06K","-0.68%"
"07/30/2020","26.50","25.88","26.68","25.41","850.06K","3.39%"
"07/29/2020","25.63","24.59","25.71","24.56","660.57K","3.35%"
"07/28/2020","24.80","24.65","25.24","24.65","175.32K","-0.92%"
"07/27/2020","25.03","24.99","25.41","24.99","53.72K","0.36%"
"07/24/2020","24.94","24.99","25.20","24.73","16.53K","-1.07%"
"07/23/2020","25.21","25.75","26.05","24.99","684.18K","-0.71%"
"07/22/2020","25.39","24.79","25.58","24.79","917.95K","2.26%"
"07/21/2020","24.83","24.14","24.96","24.14","269.78K","2.82%"
"07/20/2020","24.15","24.35","24.86","23.93","580.87K","1.34%"
"07/17/2020","23.83","23.09","24.42","22.87","1.23M","3.03%"
"07/16/2020","23.13","23.33","23.62","22.89","79.10K","1.14%"
"07/15/2020","22.87","22.71","23.03","22.45","27.74K","-0.13%"
"07/14/2020","22.90","22.71","23.20","22.61","44.86K","-0.78%"
"07/13/2020","23.08","22.66","23.21","22.66","100.94K","3.41%"
"07/10/2020","22.32","22.45","22.45","22.28","6.49K","-0.84%"
"07/09/2020","22.51","22.50","22.86","22.45","31.88K","0.27%"
"07/08/2020","22.45","22.12","22.61","22.12","10.63K","1.17%"
"07/07/2020","22.19","22.53","22.69","22.19","25.38K","-2.55%"
"07/06/2020","22.77","22.87","22.87","22.45","33.06K","-0.44%"
"07/03/2020","22.87","22.87","23.04","22.87","53.13K","0.79%"
"07/02/2020","22.69","22.78","22.99","22.53","85.01K","1.07%"
"07/01/2020","22.45","22.32","22.45","22.02","31.29K","0.58%"
"06/30/2020","22.32","22.20","22.32","22.12","40.14K","1.36%"
"06/29/2020","22.02","22.02","22.02","22.02","1.18K","-1.65%"
"06/26/2020","22.39","23.00","23.27","22.03","54.90K","-0.97%"
"06/24/2020","22.61","22.66","22.78","22.57","56.67K","-0.57%"
"06/23/2020","22.74","22.61","22.74","22.61","3.54K","0.35%"
"06/22/2020","22.66","22.66","22.66","22.66","1.77K","-0.92%"
"06/19/2020","22.87","22.45","22.87","22.45","31.88K","1.19%"
"06/18/2020","22.60","22.87","22.87","22.45","31.29K","-1.18%"
"06/17/2020","22.87","23.08","23.12","22.87","33.65K","-1.97%"
"06/16/2020","23.33","22.45","23.50","22.36","172.96K","1.97%"
"06/15/2020","22.88","23.25","23.29","22.88","57.26K","-1.59%"
"06/12/2020","23.25","23.29","23.72","23.09","70.84K","-2.23%"
"06/11/2020","23.78","22.73","24.05","22.49","543.09K","5.83%"
"06/10/2020","22.47","21.60","22.65","21.60","80.87K","3.84%"
"06/09/2020","21.64","21.49","22.02","21.49","72.61K","-2.17%"
"06/08/2020","22.12","23.29","23.29","22.02","43.68K","1.19%"
"06/05/2020","21.86","21.94","21.94","21.77","27.15K","-2.41%"
"06/04/2020","22.40","22.03","22.40","21.94","20.66K","0.09%"
"06/03/2020","22.38","21.94","22.45","21.70","17.71K","1.40%"
"06/02/2020","22.07","22.45","22.45","21.94","72.02K","-2.78%"
"06/01/2020","22.70","22.87","22.87","22.63","46.64K","-4.30%"
"05/29/2020","23.72","23.29","23.72","22.95","14.76K","1.85%"
"05/28/2020","23.29","22.50","24.22","22.50","31.29K","-1.81%"
"05/21/2020","23.72","23.72","23.72","23.50","51.95K","0.00%"
"05/20/2020","23.72","24.17","24.17","23.72","37.78K","-1.86%"
"05/19/2020","24.17","24.14","24.56","24.14","181.82K","-1.75%"
"05/18/2020","24.60","25.33","25.33","24.20","33.65K","-3.30%"
"05/15/2020","25.44","23.80","25.83","23.72","390.20K","4.86%"
"05/14/2020","24.26","24.56","24.56","24.15","33.65K","-1.42%"
"05/13/2020","24.61","25.24","25.37","23.72","195.40K","-1.12%"
"05/12/2020","24.89","23.72","24.99","23.72","627.51K","4.58%"
"05/11/2020","23.80","24.99","24.99","23.72","293.39K","0.51%"
"05/08/2020","23.68","22.45","23.77","21.77","566.12K","7.05%"
"05/07/2020","22.12","21.34","22.23","21.34","38.37K","2.03%"
"05/06/2020","21.68","21.77","21.81","21.68","18.89K","-0.82%"
"05/05/2020","21.86","21.64","22.23","21.51","67.30K","-0.09%"
"05/04/2020","21.88","21.44","21.93","21.43","30.11K","0.32%"
"04/30/2020","21.81","21.73","22.19","21.60","43.09K","2.30%"
"04/29/2020","21.32","22.26","22.45","21.18","30.70K","0.99%"
"04/28/2020","21.11","21.18","21.39","20.75","49.00K","-1.26%"
"04/27/2020","21.38","20.96","21.81","20.75","114.52K","1.38%"
"04/24/2020","21.09","21.18","21.18","21.09","112.16K","-0.42%"
"04/23/2020","21.18","21.18","21.18","20.75","192.44K","-0.09%"
"04/22/2020","21.20","21.09","21.73","20.84","327.04K","0.09%"
"04/21/2020","21.18","20.67","21.80","20.33","148.17K","0.00%"
"04/20/2020","21.18","21.96","21.96","20.54","269.78K","3.62%"
"04/17/2020","20.44","19.86","20.44","19.69","258.56K","7.47%"
"04/16/2020","19.02","19.34","19.40","18.80","34.24K","1.87%"
"04/15/2020","18.67","17.79","18.67","17.69","257.38K","7.48%"
"04/14/2020","17.37","16.94","17.70","16.94","42.50K","0.46%"
"04/13/2020","17.29","17.45","17.45","17.19","27.15K","-6.89%"
"04/10/2020","18.57","18.55","18.88","18.55","24.20K","-1.95%"
"04/09/2020","18.94","18.63","19.27","18.63","40.73K","2.71%"
"04/08/2020","18.44","18.63","18.63","18.21","23.61K","0.11%"
"04/07/2020","18.42","17.79","18.63","17.79","14.17K","3.54%"
"04/06/2020","17.79","18.63","18.63","16.95","81.46K","0.00%"
"04/03/2020","17.79","17.26","17.93","17.26","39.55K","6.15%"
"04/02/2020","16.76","15.84","16.76","15.67","243.21K","7.50%"
"04/01/2020","15.59","15.88","15.92","15.42","9.45K","-2.99%"
"03/31/2020","16.07","15.63","16.09","15.58","42.50K","5.38%"
"03/30/2020","15.25","14.40","15.25","14.40","18.89K","0.00%"
"03/27/2020","15.25","15.25","15.25","15.25","7.67K","0.00%"
"03/26/2020","15.25","14.82","15.65","14.82","43.09K","2.62%"
"03/25/2020","14.86","16.09","16.09","14.86","380.17K","-7.47%"
"03/24/2020","16.06","16.06","16.06","16.06","16.53K","-7.49%"
"03/20/2020","17.36","18.21","18.21","16.52","482.29K","-2.47%"
"03/19/2020","17.80","16.30","18.59","16.30","90.32K","1.02%"
"03/18/2020","17.62","18.63","18.84","17.59","280.99K","-7.36%"
"03/17/2020","19.02","18.80","19.61","18.63","128.69K","1.44%"
"03/16/2020","18.75","18.74","19.35","18.21","257.97K","0.05%"
"03/13/2020","18.74","17.74","18.74","17.74","489.37K","6.96%"
"03/12/2020","17.52","16.22","17.52","16.09","844.16K","7.03%"
"03/11/2020","16.37","16.94","17.24","16.30","64.34K","-2.44%"
"03/10/2020","16.78","16.52","17.13","16.52","30.70K","-0.59%"
"03/09/2020","16.88","15.67","16.94","15.58","64.94K","2.49%"
"03/06/2020","16.47","17.24","17.28","16.35","18.30K","-2.83%"
"03/05/2020","16.95","16.81","17.24","16.79","59.03K","1.13%"
"03/04/2020","16.76","16.43","16.76","16.43","10.63K","1.33%"
"03/03/2020","16.54","16.64","16.67","16.54","8.85K","-1.55%"
"03/02/2020","16.80","16.52","16.94","16.26","41.32K","4.22%"
"02/28/2020","16.12","15.88","16.43","15.88","18.30K","1.77%"
"02/27/2020","15.84","15.67","16.05","15.47","20.66K","-1.31%"
"02/26/2020","16.05","15.93","16.06","15.92","21.84K","-1.29%"
"02/25/2020","16.26","16.01","16.26","16.01","19.48K","2.14%"
"02/24/2020","15.92","16.35","16.35","15.90","28.93K","-3.98%"
"02/21/2020","16.58","16.59","16.59","16.41","15.94K","0.67%"
"02/20/2020","16.47","16.36","16.72","16.36","82.64K","-2.72%"
"02/19/2020","16.93","16.60","17.32","16.60","116.88K","1.07%"
"02/18/2020","16.75","16.90","16.93","16.60","22.43K","-0.53%"
"02/17/2020","16.84","17.15","17.15","16.35","29.52K","1.45%"
"02/14/2020","16.60","16.60","16.60","16.43","9.45K","-0.54%"
"02/13/2020","16.69","16.91","17.74","16.64","152.30K","-0.36%"
"02/12/2020","16.75","16.94","17.28","16.69","284.53K","-1.12%"
"02/11/2020","16.94","17.37","17.41","16.90","100.35K","-1.91%"
"02/10/2020","17.27","18.21","18.21","17.20","103.31K","-5.16%"
"02/07/2020","18.21","19.06","19.06","18.21","71.43K","-4.51%"
"02/06/2020","19.07","18.93","19.48","18.93","169.42K","0.74%"
"02/04/2020","18.93","18.97","18.98","18.93","15.94K","0.42%"
"02/03/2020","18.85","19.74","19.74","18.80","28.34K","-2.38%"
"01/31/2020","19.31","19.48","19.48","19.31","20.07K","-0.87%"
"01/30/2020","19.48","19.48","19.48","19.40","31.88K","1.30%"
"01/29/2020","19.23","20.41","20.50","19.21","295.16K","-5.41%"
"01/28/2020","20.33","20.16","20.53","19.48","230.22K","2.73%"
"01/27/2020","19.79","19.68","19.99","19.24","80.28K","2.91%"
"01/24/2020","19.23","19.27","19.27","19.23","1.18K","0.31%"
"01/23/2020","19.17","19.48","19.69","19.14","98.58K","-1.69%"
"01/22/2020","19.50","19.48","19.86","19.48","158.80K","0.21%"
"01/21/2020","19.46","18.63","19.48","18.63","138.13K","1.78%"
"01/20/2020","19.12","19.28","19.52","19.06","47.82K","-1.65%"
"01/17/2020","19.44","19.48","19.64","19.34","99.17K","-0.10%"
"01/16/2020","19.46","19.64","19.64","19.42","8.85K","0.57%"
"01/15/2020","19.35","19.31","19.64","19.28","25.38K","-1.12%"
"01/14/2020","19.57","19.78","19.90","19.48","97.99K","-0.05%"
"01/13/2020","19.58","19.98","19.98","19.57","36.60K","-0.10%"
"01/10/2020","19.60","19.88","19.90","19.51","104.49K","-0.66%"
"01/09/2020","19.73","19.82","19.82","19.48","61.39K","4.01%"
"01/08/2020","18.97","19.31","19.40","18.93","102.72K","-2.17%"
"01/07/2020","19.39","19.48","19.78","19.23","33.65K","0.21%"
"01/06/2020","19.35","19.49","20.05","19.24","345.93K","-4.40%"
"01/03/2020","20.24","21.47","21.47","19.66","280.40K","-2.17%"
"01/02/2020","20.69","20.29","21.01","20.07","472.26K","2.07%"
"01/01/2020","20.27","19.48","20.46","19.48","320.54K","4.06%"
"12/31/2019","19.48","19.71","19.90","19.44","61.98K","-0.46%"
"12/30/2019","19.57","19.72","19.90","19.06","193.62K","1.50%"
"12/27/2019","19.28","19.48","19.77","19.27","61.98K","-1.08%"
"12/26/2019","19.49","19.48","19.64","19.24","35.42K","1.99%"
"12/24/2019","19.11","18.76","19.22","18.76","674.14K","0.47%"
"12/23/2019","19.02","18.93","19.14","18.89","98.58K","-0.83%"
"12/20/2019","19.18","19.99","19.99","19.02","82.64K","-1.44%"
"12/19/2019","19.46","20.49","20.54","19.27","263.28K","-3.85%"
"12/18/2019","20.24","19.91","20.75","19.91","244.98K","-0.74%"
"12/17/2019","20.39","20.50","20.54","19.87","262.69K","0.00%"
"12/16/2019","20.39","20.22","20.58","20.22","163.52K","0.79%"
"12/13/2019","20.23","20.33","20.41","19.90","79.69K","-0.34%"
"12/12/2019","20.30","20.47","20.75","20.24","377.80K","0.69%"
"12/11/2019","20.16","19.23","20.16","19.23","523.02K","5.00%"
"12/10/2019","19.20","19.31","19.35","18.97","131.64K","-1.59%"
"12/09/2019","19.51","19.70","20.05","19.48","236.13K","-2.50%"
"12/06/2019","20.01","20.12","20.29","19.90","172.96K","-1.43%"
"12/05/2019","20.30","19.99","20.58","19.84","912.04K","2.27%"
"12/04/2019","19.85","19.91","20.29","19.70","549.59K","0.20%"
"12/03/2019","19.81","20.79","20.98","19.69","1.09M","-3.32%"
"12/02/2019","20.49","20.15","20.51","19.99","2.02M","4.92%"
"11/29/2019","19.53","19.57","20.33","19.07","433.29K","0.88%"
"11/28/2019","19.36","19.52","19.74","19.23","436.84K","-0.82%"
"11/27/2019","19.52","19.46","19.82","19.28","457.50K","1.19%"
"11/26/2019","19.29","18.63","19.34","18.13","1.07M","4.72%"
"11/25/2019","18.42","17.96","18.55","17.96","194.21K","3.54%"
"11/22/2019","17.79","18.42","18.42","17.41","118.65K","0.06%"
"11/21/2019","17.78","18.63","18.63","17.72","125.74K","-4.66%"
"11/20/2019","18.65","19.15","19.43","18.55","200.12K","-2.25%"
"11/19/2019","19.08","18.68","19.43","18.46","609.80K","2.47%"
"11/18/2019","18.62","18.86","19.26","17.58","280.40K","0.65%"
"11/15/2019","18.50","17.77","18.51","17.24","482.29K","4.93%"
"11/14/2019","17.63","18.63","18.85","17.46","747.34K","-2.33%"
"11/13/2019","18.05","17.49","18.06","17.12","710.15K","4.94%"
"11/12/2019","17.20","17.11","17.41","16.81","1.42M","3.80%"
"11/11/2019","16.57","15.80","16.57","15.78","279.22K","5.41%"
"11/08/2019","15.72","15.71","15.90","15.68","31.29K","0.00%"
"11/07/2019","15.72","15.84","15.92","15.51","145.81K","-0.69%"
"11/06/2019","15.83","15.66","16.08","15.63","261.51K","2.53%"
"11/05/2019","15.44","15.06","15.80","15.03","177.10K","1.78%"
"11/04/2019","15.17","15.24","15.31","14.99","57.26K","1.07%"
"11/01/2019","15.01","15.32","15.32","14.91","73.20K","-0.99%"
"10/31/2019","15.16","15.12","15.33","15.12","50.77K","0.80%"
"10/30/2019","15.04","14.92","15.07","14.91","36.01K","0.80%"
"10/29/2019","14.92","14.66","15.16","14.66","90.32K","0.00%"
"10/28/2019","14.92","14.57","15.03","14.57","77.92K","1.36%"
"10/25/2019","14.72","14.82","15.24","14.40","961.63K","-2.06%"
"10/24/2019","15.03","16.09","16.24","15.03","224.91K","-5.35%"
"10/23/2019","15.88","15.68","15.97","15.67","29.52K","1.08%"
"10/22/2019","15.71","16.00","16.08","15.67","61.39K","-2.36%"
"10/21/2019","16.09","16.50","16.50","15.88","30.11K","-3.07%"
"10/18/2019","16.60","16.60","16.60","16.60","4.13K","0.30%"
"10/17/2019","16.55","16.69","16.74","16.53","73.20K","-1.31%"
"10/16/2019","16.77","16.98","17.02","16.77","93.86K","0.00%"
"10/15/2019","16.77","16.69","17.02","16.69","98.58K","-0.18%"
"10/14/2019","16.80","17.02","17.19","16.80","110.98K","-1.47%"
"10/11/2019","17.05","17.02","17.45","17.02","240.26K","0.35%"
"10/10/2019","16.99","17.15","17.58","16.94","609.80K","0.12%"
"10/09/2019","16.97","16.93","17.51","16.86","541.32K","1.25%"
"10/08/2019","16.76","17.10","17.32","16.69","341.79K","0.66%"
"10/07/2019","16.65","16.09","16.90","16.09","412.63K","3.74%"
"10/04/2019","16.05","16.08","16.22","15.84","227.27K","1.26%"
"10/03/2019","15.85","15.84","16.34","15.58","255.61K","0.06%"
"10/02/2019","15.84","15.92","16.04","15.67","76.74K","1.28%"
"10/01/2019","15.64","15.33","16.09","15.33","445.69K","2.09%"
"09/30/2019","15.32","15.61","15.61","15.13","25.38K","0.66%"
"09/27/2019","15.22","14.91","15.46","14.70","98.58K","1.33%"
"09/26/2019","15.02","15.26","15.58","15.02","545.45K","-5.30%"
"09/25/2019","15.86","17.02","17.24","15.86","605.08K","-5.09%"
"09/24/2019","16.71","17.78","17.96","16.69","429.75K","-4.84%"
"09/23/2019","17.56","17.28","17.56","16.94","376.03K","5.09%"
"09/20/2019","16.71","16.08","16.71","16.01","403.19K","5.36%"
"09/19/2019","15.86","15.75","16.01","15.75","507.08K","-0.13%"
"09/18/2019","15.88","16.05","16.09","15.75","295.16K","-0.56%"
"09/17/2019","15.97","16.22","16.52","15.92","447.46K","-2.02%"
"09/16/2019","16.30","16.52","16.52","16.30","24.20K","-0.43%"
"09/13/2019","16.37","16.30","16.94","16.30","87.96K","-1.27%"
"09/12/2019","16.58","16.95","17.11","16.52","157.62K","-2.81%"
"09/11/2019","17.06","17.74","17.79","17.02","17.71K","-2.35%"
"09/05/2019","17.47","17.50","17.50","17.45","3.54K","-1.80%"
"09/04/2019","17.79","18.20","18.20","17.74","6.49K","1.95%"
"09/03/2019","17.45","18.21","18.21","17.45","3.54K","-3.64%"
"09/02/2019","18.11","18.11","18.11","18.11","0.59K","3.01%"
"08/30/2019","17.58","18.85","18.85","17.58","159.98K","-5.02%"
"08/29/2019","18.51","18.66","18.89","18.51","19.48K","-2.12%"
"08/28/2019","18.91","18.63","19.34","18.46","25.97K","2.66%"
"08/27/2019","18.42","18.13","18.42","17.62","11.22K","1.54%"
"08/26/2019","18.14","19.06","19.06","18.01","12.40K","-3.20%"
"08/23/2019","18.74","19.18","19.23","18.46","54.31K","-0.27%"
"08/22/2019","18.79","18.58","18.79","18.13","165.29K","4.97%"
"08/21/2019","17.90","17.78","18.04","17.36","21.84K","1.53%"
"08/20/2019","17.63","17.31","17.63","17.11","36.01K","5.07%"
"08/19/2019","16.78","16.69","16.86","16.68","5.90K","4.74%"
"08/16/2019","16.02","16.01","16.09","16.01","14.17K","-3.03%"
"08/09/2019","16.52","16.86","16.86","16.52","8.85K","-1.31%"
"08/08/2019","16.74","17.11","17.36","16.52","31.29K","0.30%"
"08/07/2019","16.69","16.52","16.94","16.52","20.66K","-1.24%"
"08/06/2019","16.90","17.11","17.11","16.86","67.30K","-1.63%"
"08/05/2019","17.18","16.95","17.36","16.94","57.85K","-0.98%"
"08/02/2019","17.35","17.24","17.45","17.24","100.94K","-1.08%"
"08/01/2019","17.54","18.33","18.34","17.25","198.94K","-3.04%"
"07/31/2019","18.09","18.10","18.24","17.24","163.52K","4.09%"
"07/30/2019","17.38","16.94","17.65","16.94","29.52K","2.54%"
"07/29/2019","16.95","16.94","17.31","16.94","21.25K","-2.70%"
"07/26/2019","17.42","18.98","18.98","17.37","99.17K","-3.65%"
"07/25/2019","18.08","18.00","18.21","17.84","14.76K","0.39%"
"07/24/2019","18.01","18.08","18.21","17.96","21.25K","-0.83%"
"07/23/2019","18.16","18.63","18.63","18.04","86.78K","-2.52%"
"07/22/2019","18.63","18.86","18.97","18.63","29.52K","-2.15%"
"07/19/2019","19.04","19.14","19.40","18.91","79.10K","-3.40%"
"07/18/2019","19.71","20.66","20.66","19.61","12.40K","-0.81%"
"07/17/2019","19.87","20.67","20.88","19.86","28.34K","-0.30%"
"07/16/2019","19.93","20.32","20.32","19.58","330.58K","-2.35%"
"07/15/2019","20.41","21.18","21.18","20.41","213.11K","-4.98%"
"07/12/2019","21.48","21.81","21.81","21.47","7.67K","-1.69%"
"07/11/2019","21.85","21.60","21.93","21.39","18.30K","0.88%"
"07/10/2019","21.66","22.86","22.86","21.60","20.66K","-2.56%"
"07/09/2019","22.23","22.57","22.57","22.23","9.45K","2.11%"
"07/08/2019","21.77","22.95","22.95","21.77","1.77K","-1.31%"
"07/05/2019","22.06","22.94","22.94","22.02","100.94K","-3.84%"
"07/04/2019","22.94","23.72","23.72","22.88","14.17K","-1.46%"
"07/03/2019","23.28","24.17","24.28","23.17","68.48K","0.65%"
"07/02/2019","23.13","22.87","23.29","22.87","76.74K","1.27%"
"07/01/2019","22.84","22.87","22.87","22.61","27.74K","0.00%"
"06/28/2019","22.84","22.45","22.94","22.45","4.72K","-0.44%"
"06/27/2019","22.94","23.55","23.55","22.87","16.53K","-0.04%"
"06/26/2019","22.95","23.72","23.72","22.92","158.80K","-3.25%"
"06/25/2019","23.72","23.93","23.93","23.55","7.67K","-2.59%"
"06/24/2019","24.35","24.32","24.55","24.23","15.94K","-3.37%"
"06/21/2019","25.20","25.28","25.28","24.82","5.31K","0.84%"
"06/20/2019","24.99","24.56","24.99","24.56","49.59K","2.46%"
"06/19/2019","24.39","24.22","24.39","23.93","395.51K","1.46%"
"06/18/2019","24.04","24.22","24.22","23.93","22.43K","-1.64%"
"06/17/2019","24.44","24.56","24.78","24.23","50.18K","-2.36%"
"06/14/2019","25.03","25.49","25.84","24.27","151.71K","1.71%"
"06/13/2019","24.61","23.94","24.65","23.93","164.70K","4.81%"
"06/12/2019","23.48","23.04","23.56","22.69","21.25K","4.59%"
"06/11/2019","22.45","22.02","22.45","22.02","8.26K","1.91%"
"06/10/2019","22.03","22.03","22.03","22.03","1.18K","-3.29%"
"06/03/2019","22.78","23.29","23.29","22.47","12.99K","-2.15%"
"05/30/2019","23.28","24.88","24.88","23.08","27.15K","-1.85%"
"05/29/2019","23.72","23.25","23.72","23.10","27.74K","2.37%"
"05/28/2019","23.17","23.71","23.71","22.45","21.84K","0.04%"
"05/27/2019","23.16","23.55","23.55","22.23","86.78K","2.66%"
"05/24/2019","22.56","23.67","23.67","22.23","20.07K","-1.96%"
"05/23/2019","23.01","22.02","23.25","21.85","119.83K","3.88%"
"05/22/2019","22.15","21.57","22.19","21.57","30.70K","4.73%"
"05/21/2019","21.15","20.28","21.16","20.28","7.67K","3.12%"
"05/20/2019","20.51","19.90","20.71","19.07","26.56K","3.95%"
"05/17/2019","19.73","20.24","20.24","19.72","102.13K","-4.92%"
"05/16/2019","20.75","20.75","20.89","20.28","24.79K","-2.17%"
"05/15/2019","21.21","21.09","21.24","20.92","11.22K","2.86%"
"05/14/2019","20.62","20.33","20.84","20.33","31.29K","-0.87%"
"05/13/2019","20.80","21.18","21.26","20.34","25.97K","-2.12%"
"05/10/2019","21.25","20.71","21.67","20.71","15.94K","-1.25%"
"05/09/2019","21.52","21.60","21.60","21.30","40.73K","1.37%"
"05/08/2019","21.23","21.60","21.60","21.23","149.94K","-4.97%"
"05/07/2019","22.34","22.45","22.82","22.02","14.76K","-0.13%"
"05/06/2019","22.37","23.29","23.29","22.37","35.42K","-5.01%"
"05/03/2019","23.55","23.72","23.72","23.55","7.67K","-1.42%"
"04/30/2019","23.89","24.14","24.39","23.55","66.12K","-0.17%"
"04/29/2019","23.93","24.14","24.56","23.73","23.02K","0.17%"
"04/26/2019","23.89","22.87","24.01","22.87","41.32K","4.46%"
"04/25/2019","22.87","22.87","22.87","22.23","22.43K","1.33%"
"04/24/2019","22.57","23.29","23.29","22.15","76.74K","-3.05%"
"04/23/2019","23.28","23.50","24.46","22.85","92.09K","-3.20%"
"04/22/2019","24.05","24.14","24.55","23.80","108.03K","2.82%"
"04/19/2019","23.39","23.17","24.22","23.17","129.28K","1.34%"
"04/18/2019","23.08","22.71","23.25","22.70","124.56K","-0.77%"
"04/17/2019","23.26","23.72","23.72","23.04","8.26K","-2.19%"
"04/16/2019","23.78","24.71","24.71","23.40","33.06K","-0.63%"
"04/15/2019","23.93","23.93","23.93","23.93","0.59K","2.97%"
"04/12/2019","23.24","23.52","23.52","22.49","129.28K","3.52%"
"04/11/2019","22.45","22.11","22.87","22.11","152.30K","-1.06%"
"04/10/2019","22.69","22.93","23.08","22.66","36.60K","-1.90%"
"04/09/2019","23.13","23.08","23.37","22.87","56.08K","1.14%"
"04/08/2019","22.87","23.29","23.29","22.74","43.09K","-3.58%"
"04/05/2019","23.72","24.13","24.13","23.72","17.71K","0.00%"
"04/04/2019","23.72","23.42","23.81","23.42","74.38K","0.00%"
"04/03/2019","23.72","23.51","23.93","23.51","7.08K","0.00%"
"04/02/2019","23.72","23.72","24.21","23.72","26.56K","-1.37%"
"04/01/2019","24.05","24.19","24.61","24.02","88.55K","-3.76%"
"03/29/2019","24.99","24.90","25.11","24.86","1.77K","1.22%"
"03/28/2019","24.69","23.95","24.77","23.95","54.90K","-0.20%"
"03/27/2019","24.74","24.14","25.41","24.14","53.13K","1.94%"
"03/26/2019","24.27","23.89","24.56","23.89","53.13K","-2.29%"
"03/25/2019","24.84","25.20","25.37","24.57","90.32K","-2.47%"
"03/22/2019","25.47","25.83","26.15","25.33","38.37K","-2.38%"
"03/21/2019","26.09","25.41","26.09","25.41","19.48K","-0.65%"
"03/20/2019","26.26","26.26","26.26","26.22","9.45K","-0.79%"
"03/19/2019","26.47","27.10","27.26","26.42","7.67K","-1.56%"
"03/18/2019","26.89","26.78","26.89","26.77","7.67K","0.22%"
"03/15/2019","26.83","26.17","27.10","25.88","246.75K","1.28%"
"03/14/2019","26.49","26.68","26.68","26.39","14.17K","-2.18%"
"03/13/2019","27.08","27.10","27.49","26.77","75.56K","1.46%"
"03/12/2019","26.69","26.17","26.81","26.17","59.03K","-0.30%"
"03/11/2019","26.77","26.93","27.32","26.77","17.12K","-0.59%"
"03/08/2019","26.93","28.16","28.27","26.89","43.68K","-0.44%"
"03/07/2019","27.05","27.10","27.27","27.02","30.11K","-0.22%"
"03/06/2019","27.11","27.49","27.49","27.11","5.31K","-1.49%"
"03/05/2019","27.52","28.28","28.37","27.26","158.21K","-0.83%"
"03/04/2019","27.75","27.10","28.42","27.10","205.43K","2.51%"
"03/01/2019","27.07","26.01","27.26","26.16","461.63K","3.56%"
"02/28/2019","26.14","25.83","26.43","25.05","118.06K","2.71%"
"02/27/2019","25.45","24.61","25.83","24.39","139.91K","-0.08%"
"02/26/2019","25.47","26.64","26.64","25.41","146.40K","-4.54%"
"02/25/2019","26.68","27.10","27.31","26.64","20.66K","-0.67%"
"02/22/2019","26.86","27.06","27.18","26.05","289.85K","0.26%"
"02/21/2019","26.79","26.21","27.31","25.66","395.51K","3.00%"
"02/20/2019","26.01","25.83","26.13","25.58","66.71K","-0.15%"
"02/19/2019","26.05","25.92","26.24","25.92","24.20K","-0.61%"
"02/18/2019","26.21","26.38","26.63","25.41","236.72K","3.15%"
"02/15/2019","25.41","25.71","25.71","25.37","197.17K","-1.09%"
"02/14/2019","25.69","25.41","25.91","25.41","123.38K","-0.70%"
"02/13/2019","25.87","26.27","26.47","25.80","53.13K","-1.49%"
"02/12/2019","26.26","27.01","26.77","26.05","146.99K","-0.30%"
"02/11/2019","26.34","26.68","26.77","26.00","328.22K","0.15%"
"02/08/2019","26.30","26.48","27.10","26.07","487.01K","-0.64%"
"02/07/2019","26.47","25.24","26.60","25.24","663.52K","4.46%"
"02/06/2019","25.34","25.92","25.92","25.33","219.60K","-0.28%"
"02/04/2019","25.41","24.48","25.41","24.39","603.90K","4.96%"
"02/01/2019","24.21","23.08","24.28","23.08","371.31K","4.71%"
"01/31/2019","23.12","23.04","23.29","22.89","28.93K","-0.30%"
"01/30/2019","23.19","22.87","23.20","22.87","17.71K","1.40%"
"01/29/2019","22.87","22.87","23.12","22.87","38.37K","0.00%"
"01/28/2019","22.87","22.87","22.87","22.66","27.15K","-0.57%"
"01/25/2019","23.00","22.87","23.00","22.87","8.26K","0.00%"
"01/24/2019","23.00","23.04","23.04","22.87","14.76K","-0.17%"
"01/23/2019","23.04","23.04","23.20","23.04","15.35K","0.00%"
"01/22/2019","23.04","22.80","23.08","22.80","36.60K","0.57%"
"01/21/2019","22.91","22.61","23.42","22.61","69.66K","-0.91%"
"01/18/2019","23.12","23.07","23.12","23.00","4.72K","1.14%"
"01/17/2019","22.86","22.85","22.86","22.66","17.12K","-0.17%"
"01/16/2019","22.90","22.88","23.08","22.78","22.43K","-1.08%"
"01/15/2019","23.15","22.88","23.29","22.88","56.67K","0.39%"
"01/14/2019","23.06","22.78","23.12","22.62","118.65K","3.45%"
"01/11/2019","22.29","21.60","22.45","21.60","31.88K","-0.31%"
"01/10/2019","22.36","22.45","22.53","22.36","44.27K","0.49%"
"01/09/2019","22.25","22.45","22.57","22.23","214.88K","-0.63%"
"01/08/2019","22.39","22.86","22.95","22.33","178.28K","-0.75%"
"01/07/2019","22.56","22.02","22.66","22.02","37.78K","2.45%"
"01/04/2019","22.02","22.02","22.03","22.01","7.08K","0.96%"
"01/03/2019","21.81","22.23","22.23","21.81","39.55K","-1.53%"
"01/02/2019","22.15","23.08","23.28","22.08","193.62K","-4.69%"
"01/01/2019","23.24","23.28","23.29","23.12","21.84K","1.26%"
"12/31/2018","22.95","21.95","22.95","21.94","14.17K","0.57%"
"12/28/2018","22.82","22.88","22.88","22.78","6.49K","-1.04%"
"12/27/2018","23.06","23.12","23.28","22.95","27.74K","-0.73%"
"12/26/2018","23.23","23.00","23.28","23.00","4.13K","-0.94%"
"12/24/2018","23.45","22.91","23.45","22.91","2.36K","0.73%"
"12/21/2018","23.28","22.87","23.28","22.87","7.08K","0.09%"
"12/20/2018","23.26","23.29","23.46","23.21","14.17K","0.65%"
"12/19/2018","23.11","23.31","23.46","23.00","436.25K","0.17%"
"12/18/2018","23.07","23.28","23.72","23.00","452.77K","-1.33%"
"12/17/2018","23.38","23.04","23.38","22.91","6.49K","0.69%"
"12/14/2018","23.22","23.00","23.28","22.87","10.04K","1.49%"
"12/13/2018","22.88","23.04","23.70","22.87","56.67K","-2.43%"
"12/12/2018","23.45","23.08","23.69","22.81","66.12K","0.60%"
"12/11/2018","23.31","22.95","23.45","22.95","45.45K","0.87%"
"12/10/2018","23.11","22.56","23.59","22.56","38.96K","0.96%"
"12/07/2018","22.89","22.57","23.28","22.49","25.97K","1.24%"
"12/06/2018","22.61","22.87","23.04","22.40","79.69K","-0.96%"
"12/05/2018","22.83","23.12","23.28","22.53","75.56K","-2.97%"
"12/04/2018","23.53","22.87","23.83","22.87","67.30K","2.30%"
"12/03/2018","23.00","23.30","23.55","23.00","181.82K","-4.96%"
"11/30/2018","24.20","24.56","24.99","24.14","40.14K","-1.47%"
"11/29/2018","24.56","24.35","24.77","24.35","52.54K","0.04%"
"11/28/2018","24.55","24.69","24.94","24.48","52.54K","-1.52%"
"11/27/2018","24.93","24.65","25.07","24.48","43.09K","-0.24%"
"11/26/2018","24.99","25.41","25.41","24.90","43.09K","-0.68%"
"11/23/2018","25.16","25.41","25.54","24.58","188.90K","-1.10%"
"11/22/2018","25.44","26.17","26.68","25.41","258.56K","-2.12%"
"11/20/2018","25.99","25.59","26.68","25.41","529.52K","2.08%"
"11/19/2018","25.46","24.56","25.56","24.14","370.13K","4.56%"
"11/16/2018","24.35","23.97","24.44","23.84","114.52K","1.80%"
"11/15/2018","23.92","23.42","24.14","23.42","99.17K","1.44%"
"11/14/2018","23.58","23.51","23.80","23.12","68.48K","0.60%"
"11/13/2018","23.44","23.38","23.67","23.29","164.11K","-1.06%"
"11/12/2018","23.69","23.72","24.36","23.63","97.99K","-0.55%"
"11/09/2018","23.82","23.72","24.31","23.72","109.80K","0.51%"
"11/08/2018","23.70","23.93","24.22","23.64","86.78K","-1.29%"
"11/07/2018","24.01","24.29","24.31","23.93","139.32K","1.31%"
"11/06/2018","23.70","24.56","24.81","23.40","282.76K","-3.78%"
"11/05/2018","24.63","25.20","25.24","24.56","278.63K","-4.13%"
"11/02/2018","25.69","26.09","26.66","25.41","143.45K","-0.54%"
"11/01/2018","25.83","25.11","26.16","24.98","262.10K","3.69%"
"10/31/2018","24.91","24.05","24.99","23.97","89.73K","1.22%"
"10/30/2018","24.61","25.33","25.33","24.39","226.09K","-3.68%"
"10/29/2018","25.55","25.45","26.24","25.16","654.66K","0.67%"
"10/26/2018","25.38","25.41","26.43","25.09","840.02K","-3.53%"
"10/25/2018","26.31","28.12","28.21","26.21","824.68K","-4.64%"
"10/24/2018","27.59","27.49","27.60","26.89","734.36K","4.98%"
"10/23/2018","26.28","26.26","27.09","26.26","159.39K","-1.83%"
"10/22/2018","26.77","26.68","27.28","26.31","498.23K","3.00%"
"10/19/2018","25.99","24.99","25.99","24.97","175.92K","5.01%"
"10/18/2018","24.75","22.89","24.83","22.89","125.15K","4.61%"
"10/17/2018","23.66","22.74","23.66","22.45","143.45K","5.02%"
"10/16/2018","22.53","23.72","23.71","22.19","56.08K","-6.20%"
"10/15/2018","24.02","23.11","24.25","23.10","219.48K","0.88%"
"10/12/2018","23.81","24.18","24.56","23.57","40.26K","-3.09%"
"10/11/2018","24.57","24.64","25.22","24.26","56.49K","-1.17%"
"10/10/2018","24.86","24.04","25.03","23.49","987.01K","4.23%"
"10/09/2018","23.85","24.62","25.40","23.25","757.14K","-2.13%"
"10/08/2018","24.37","25.49","25.60","24.37","145.45K","-4.99%"
"10/05/2018","25.65","25.81","26.18","25.15","294.81K","-3.06%"
"10/04/2018","26.46","26.95","27.10","26.37","150.65K","-1.85%"
"10/03/2018","26.96","27.41","27.41","26.95","170.13K","0.22%"
"10/02/2018","26.90","26.18","27.10","26.03","490.91K","4.02%"
"10/01/2018","25.86","26.18","27.10","25.81","535.71K","-3.54%"
"09/28/2018","26.81","27.53","27.72","26.41","381.17K","-3.28%"
"09/27/2018","27.72","28.45","28.45","27.03","796.10K","-2.57%"
"09/26/2018","28.45","29.34","29.61","28.45","416.88K","-5.01%"
"09/25/2018","29.95","31.57","32.34","29.64","1.42M","-3.98%"
"09/24/2018","31.19","31.19","31.88","30.95","419.48K","1.53%"
"09/19/2018","30.72","30.01","31.36","30.02","175.97K","2.61%"
"09/18/2018","29.94","29.76","30.72","28.36","526.62K","0.30%"
"09/17/2018","29.85","30.80","31.72","29.85","586.36K","-4.97%"
"09/14/2018","31.41","30.03","31.41","30.01","690.91K","5.02%"
"09/13/2018","29.91","30.01","30.34","29.18","204.55K","2.05%"
"09/12/2018","29.31","29.99","30.03","28.88","77.27K","-0.81%"
"09/11/2018","29.55","30.03","30.03","28.95","209.09K","0.03%"
"09/10/2018","29.54","28.26","29.68","28.26","203.90K","4.49%"
"09/07/2018","28.27","28.69","29.52","28.22","320.13K","-4.81%"
"09/06/2018","29.70","30.95","31.19","29.70","252.60K","-4.99%"
"09/05/2018","31.26","32.38","32.39","31.26","388.31K","-4.98%"
"09/04/2018","32.90","33.11","33.26","32.61","289.61K","0.64%"
"09/03/2018","32.69","32.92","33.10","31.59","357.14K","-1.48%"
"08/31/2018","33.18","31.96","33.41","31.92","1.88M","4.27%"
"08/30/2018","31.82","30.99","32.03","30.99","447.40K","1.99%"
"08/29/2018","31.20","30.90","31.49","30.80","142.86K","-0.06%"
"08/28/2018","31.22","31.19","32.34","30.92","803.25K","0.19%"
"08/27/2018","31.16","31.57","31.76","30.84","207.79K","-0.29%"
"08/24/2018","31.25","30.79","31.80","30.54","329.22K","2.12%"
"08/20/2018","30.60","30.80","31.33","30.35","358.44K","0.20%"
"08/17/2018","30.54","30.34","31.10","30.22","382.47K","1.19%"
"08/16/2018","30.18","30.05","30.34","29.65","124.03K","-1.08%"
"08/15/2018","30.51","30.80","30.80","30.42","174.03K","-1.33%"
"08/13/2018","30.92","30.80","31.11","30.80","37.66K","0.42%"
"08/10/2018","30.79","31.57","31.57","30.42","705.84K","-1.38%"
"08/09/2018","31.22","31.49","32.19","30.80","693.51K","0.94%"
"08/08/2018","30.93","29.34","30.93","29.27","690.91K","4.99%"
"08/07/2018","29.46","29.49","29.68","29.30","85.71K","-0.41%"
"08/06/2018","29.58","29.26","29.80","29.26","188.31K","0.85%"
"08/03/2018","29.33","29.34","30.03","29.26","267.53K","-0.27%"
"08/02/2018","29.41","29.64","29.72","28.88","150.65K","1.13%"
"08/01/2018","29.08","29.26","29.26","28.41","98.70K","0.87%"
"07/31/2018","28.83","30.36","30.36","28.57","268.83K","-3.09%"
"07/30/2018","29.75","29.45","29.88","29.34","197.40K","1.43%"
"07/27/2018","29.33","29.18","30.01","28.88","172.08K","1.49%"
"07/26/2018","28.90","28.50","29.26","28.12","192.21K","0.28%"
"07/24/2018","28.82","28.41","29.01","27.91","429.22K","2.45%"
"07/23/2018","28.13","27.73","28.29","27.70","22.08K","-0.28%"
"07/20/2018","28.21","28.03","28.80","27.72","225.32K","-1.02%"
"07/19/2018","28.50","28.11","28.88","27.57","309.09K","2.15%"
"07/18/2018","27.90","27.34","28.11","27.49","279.22K","1.09%"
"07/17/2018","27.60","26.95","28.03","26.26","303.25K","1.55%"
"07/16/2018","27.18","25.88","27.34","25.88","24.03K","1.42%"
"07/13/2018","26.80","26.95","26.95","26.68","17.53K","-1.00%"
"07/12/2018","27.07","26.78","27.07","26.78","12.99K","1.20%"
"07/11/2018","26.75","26.64","26.96","26.64","15.58K","0.68%"
"07/10/2018","26.57","25.99","26.72","25.99","52.60K","-0.30%"
"07/09/2018","26.65","27.14","27.64","26.10","74.68K","-2.95%"
"07/06/2018","27.46","26.30","27.72","26.30","85.06K","3.00%"
"07/05/2018","26.66","26.95","26.95","26.34","80.52K","-0.93%"
"07/04/2018","26.91","27.72","28.11","26.77","270.13K","-4.47%"
"07/03/2018","28.17","26.95","28.70","26.95","342.21K","2.96%"
"07/02/2018","27.36","27.49","27.45","26.91","96.10K","2.20%"
"06/29/2018","26.77","27.22","27.34","26.68","121.43K","-1.22%"
"06/28/2018","27.10","26.37","27.45","26.37","195.45K","1.84%"
"06/27/2018","26.61","27.10","27.64","26.38","220.13K","-1.33%"
"06/26/2018","26.97","27.80","27.91","26.76","480.52K","0.19%"
"06/25/2018","26.92","27.71","27.72","26.37","690.91K","-1.28%"
"06/22/2018","27.27","27.57","27.87","26.95","76.62K","-1.09%"
"06/21/2018","27.57","27.91","28.68","27.22","549.35K","-1.92%"
"06/20/2018","28.11","28.64","28.72","28.03","93.51K","-1.44%"
"06/19/2018","28.52","28.48","28.86","27.87","149.35K","1.10%"
"06/14/2018","28.21","28.11","28.41","27.76","24.68K","0.64%"
"06/13/2018","28.03","27.72","28.03","27.72","4.55K","1.19%"
"06/12/2018","27.70","28.17","28.49","27.34","118.83K","-2.36%"
"06/11/2018","28.37","29.26","29.26","28.30","101.95K","-3.40%"
"06/07/2018","29.37","29.38","29.95","29.07","126.62K","-0.88%"
"06/06/2018","29.63","29.26","30.03","28.74","290.91K","1.20%"
"06/05/2018","29.28","28.63","29.41","28.24","196.10K","2.13%"
"06/04/2018","28.67","27.10","28.86","27.10","244.81K","4.25%"
"06/01/2018","27.50","28.38","27.76","26.96","135.71K","-2.59%"
"05/31/2018","28.23","28.11","28.83","27.87","301.30K","1.58%"
"05/30/2018","27.79","26.87","27.79","26.87","366.23K","4.99%"
"05/29/2018","26.47","25.64","26.62","25.64","210.39K","4.38%"
"05/28/2018","25.36","25.14","25.80","25.03","83.77K","-0.82%"
"05/25/2018","25.57","25.28","25.71","25.46","20.13K","-0.27%"
"05/24/2018","25.64","25.91","25.91","25.49","50.65K","-1.88%"
"05/23/2018","26.13","26.80","26.80","25.95","35.71K","-0.68%"
"05/22/2018","26.31","25.44","26.60","25.44","34.42K","3.18%"
"05/21/2018","25.50","25.99","26.18","25.41","54.55K","-2.00%"
"05/18/2018","26.02","25.83","26.37","25.72","59.09K","-2.22%"
"05/17/2018","26.61","26.57","27.21","26.37","11.04K","-0.75%"
"05/16/2018","26.81","26.29","27.49","26.26","159.09K","0.90%"
"05/15/2018","26.57","26.18","26.79","25.95","68.83K","0.00%"
"05/14/2018","26.57","26.20","26.57","25.95","185.71K","-1.74%"
"05/11/2018","27.04","27.49","27.72","26.95","82.47K","-1.42%"
"05/10/2018","27.43","26.41","28.09","26.41","844.81K","2.50%"
"05/09/2018","26.76","27.41","27.64","26.10","622.08K","-1.51%"
"05/08/2018","27.17","27.72","27.73","27.07","476.62K","-3.03%"
"05/07/2018","28.02","28.41","28.75","27.84","127.27K","-1.34%"
"05/04/2018","28.40","27.80","28.49","27.80","151.30K","0.57%"
"05/03/2018","28.24","28.49","28.49","27.72","429.87K","-1.67%"
"05/02/2018","28.72","28.88","29.14","28.14","214.94K","-0.55%"
"04/30/2018","28.88","29.65","29.65","28.88","144.16K","-0.10%"
"04/27/2018","28.91","28.03","29.26","27.96","440.26K","0.14%"
"04/26/2018","28.87","30.80","31.11","28.87","1.10M","-4.97%"
"04/25/2018","30.38","29.29","30.38","29.24","3.29M","4.98%"
"04/24/2018","28.94","28.61","29.26","28.41","1.49M","0.80%"
"04/23/2018","28.71","29.65","30.72","28.68","925.32K","-4.90%"
"04/20/2018","30.19","30.80","31.45","30.18","653.25K","-4.97%"
"04/19/2018","31.77","33.11","33.60","31.77","370.78K","-4.99%"
"04/18/2018","33.44","34.46","34.57","33.34","343.51K","-1.79%"
"04/17/2018","34.05","34.27","34.73","33.88","236.36K","-0.32%"
"04/16/2018","34.16","35.42","35.42","33.96","862.34K","-0.41%"
"04/13/2018","34.30","32.88","34.30","32.59","1.00M","5.02%"
"04/12/2018","32.66","32.36","33.98","31.69","3.91M","0.93%"
"04/11/2018","32.36","30.99","32.36","30.81","1.60M","5.00%"
"04/10/2018","30.82","30.80","31.26","30.68","858.44K","0.26%"
"04/09/2018","30.74","30.72","31.38","29.85","1.64M","0.52%"
"04/06/2018","30.58","30.03","30.58","29.99","2.45M","4.98%"
"04/05/2018","29.13","28.09","29.13","27.87","951.30K","5.01%"
"04/04/2018","27.74","28.11","28.49","27.66","349.35K","-0.47%"
"04/03/2018","27.87","27.91","28.88","27.61","393.51K","-0.68%"
"04/02/2018","28.06","27.95","28.34","27.73","131.17K","0.79%"
"03/30/2018","27.84","28.18","28.22","27.72","212.34K","-1.21%"
"03/29/2018","28.18","28.49","28.68","27.95","175.32K","-1.26%"
"03/28/2018","28.54","28.49","28.88","28.30","269.48K","-0.59%"
"03/27/2018","28.71","29.56","29.56","28.54","422.08K","-0.62%"
"03/26/2018","28.89","27.93","29.32","27.93","2.43M","3.44%"
"03/22/2018","27.93","27.95","28.68","27.72","612.34K","0.04%"
"03/21/2018","27.92","27.74","28.22","27.49","461.04K","0.65%"
"03/20/2018","27.74","27.65","28.72","27.61","1.16M","0.40%"
"03/19/2018","27.63","27.22","28.27","27.07","446.10K","0.58%"
"03/16/2018","27.47","28.50","28.79","27.37","1.59M","-4.65%"
"03/15/2018","28.81","29.53","29.72","28.57","779.87K","-1.91%"
"03/14/2018","29.37","28.99","29.99","28.49","2.00M","2.80%"
"03/13/2018","28.57","27.72","28.57","27.22","2.43M","5.00%"
"03/12/2018","27.21","25.83","27.21","25.66","997.40K","4.98%"
"03/09/2018","25.92","25.03","26.27","24.99","2.08M","3.56%"
"03/08/2018","25.03","25.41","25.42","24.56","233.12K","-1.15%"
"03/07/2018","25.32","26.37","26.18","25.22","613.64K","-2.73%"
"03/06/2018","26.03","26.95","27.18","25.80","1.27M","-3.34%"
"03/05/2018","26.93","26.57","27.26","26.06","1.55M","2.51%"
"03/02/2018","26.27","25.33","26.63","25.27","981.17K","3.59%"
"03/01/2018","25.36","26.46","26.46","24.95","3.27M","0.63%"
"02/28/2018","25.20","25.20","25.20","25.20","322.73K","4.96%"
"02/27/2018","24.01","23.41","24.01","23.40","1.67M","4.98%"
"02/26/2018","22.87","22.70","22.87","21.98","5.09M","5.00%"
"02/23/2018","21.78","21.18","22.05","21.02","2.51M","3.42%"
"02/22/2018","21.06","20.98","21.37","20.94","159.09K","-1.63%"
"02/21/2018","21.41","21.64","21.87","21.33","83.12K","-0.23%"
"02/20/2018","21.46","21.79","21.87","21.26","159.09K","-0.88%"
"02/19/2018","21.65","21.91","21.98","21.64","318.83K","-0.14%"
"02/16/2018","21.68","21.68","22.18","21.48","952.60K","0.32%"
"02/15/2018","21.61","21.56","22.64","21.55","1.11M","0.23%"
"02/14/2018","21.56","21.99","22.10","21.48","288.96K","-2.31%"
"02/13/2018","22.07","23.10","23.10","21.95","773.38K","-1.08%"
"02/12/2018","22.31","21.64","22.95","21.64","619.48K","0.59%"
"02/09/2018","22.18","22.41","22.41","22.14","27.27K","-0.67%"
"02/08/2018","22.33","22.33","22.72","22.25","77.27K","0.68%"
"02/07/2018","22.18","22.52","22.64","22.14","83.12K","-0.98%"
"02/06/2018","22.40","22.72","22.72","21.95","53.25K","-2.40%"
"02/02/2018","22.95","23.72","23.72","22.91","597.40K","1.37%"
"02/01/2018","22.64","21.56","22.64","21.56","227.27K","5.01%"
"01/31/2018","21.56","21.56","21.83","21.29","29.22K","0.09%"
"01/30/2018","21.54","22.33","22.33","21.41","59.74K","-2.22%"
"01/29/2018","22.03","21.75","22.03","21.52","37.01K","0.59%"
"01/26/2018","21.90","22.33","22.48","21.21","152.60K","-1.62%"
"01/25/2018","22.26","21.71","22.26","21.71","327.92K","4.95%"
"01/24/2018","21.21","20.21","21.21","20.21","203.90K","5.00%"
"01/23/2018","20.20","20.45","20.45","20.02","69.48K","-1.42%"
"01/22/2018","20.49","20.10","20.71","20.10","108.44K","1.94%"
"01/19/2018","20.10","20.33","20.41","20.02","47.40K","0.40%"
"01/18/2018","20.02","20.41","20.41","19.64","196.75K","1.78%"
"01/17/2018","19.67","19.64","20.14","19.64","74.68K","-0.15%"
"01/16/2018","19.70","20.00","20.35","19.64","26.62K","-0.05%"
"01/15/2018","19.71","19.95","19.95","19.71","13.64K","-3.52%"
"01/12/2018","20.43","20.71","20.71","20.41","24.68K","-2.30%"
"01/11/2018","20.91","20.74","21.09","20.41","137.66K","2.15%"
"01/10/2018","20.47","20.41","20.71","20.10","123.38K","2.45%"
"01/09/2018","19.98","20.02","20.02","19.79","24.68K","-0.40%"
"01/08/2018","20.06","19.93","20.71","19.93","459.09K","1.31%"
"01/05/2018","19.80","19.47","19.94","19.47","18.18K","0.81%"
"01/04/2018","19.64","19.64","19.83","19.64","39.61K","0.92%"
"01/03/2018","19.46","19.64","19.94","19.45","65.58K","-1.47%"
"01/02/2018","19.75","19.83","19.98","19.64","51.30K","-0.55%"
"01/01/2018","19.86","20.02","20.02","19.30","105.19K","-1.10%"
"12/29/2017","20.08","20.03","20.17","20.02","74.68K","-1.91%"
"12/28/2017","20.47","20.35","20.79","20.02","49.35K","1.44%"
"12/27/2017","20.18","20.33","20.98","19.83","215.58K","0.95%"
"12/26/2017","19.99","20.04","20.17","19.91","109.09K","-2.96%"
"12/22/2017","20.60","20.41","20.79","20.41","25.97K","3.00%"
"12/21/2017","20.00","19.06","20.06","19.06","118.83K","2.93%"
"12/20/2017","19.43","19.23","19.48","19.06","52.60K","1.04%"
"12/19/2017","19.23","18.94","19.32","18.94","53.25K","-0.31%"
"12/18/2017","19.29","19.17","19.54","19.17","14.94K","1.21%"
"12/15/2017","19.06","19.06","19.13","19.06","6.49K","0.47%"
"12/14/2017","18.97","18.87","18.98","18.75","33.12K","-0.42%"
"12/13/2017","19.05","18.87","19.56","18.87","20.78K","1.33%"
"12/12/2017","18.80","19.24","19.83","18.52","345.45K","-3.54%"
"12/11/2017","19.49","19.81","19.81","19.24","384.42K","3.29%"
"12/08/2017","18.87","18.79","19.01","18.79","19.48K","0.43%"
"12/07/2017","18.79","18.67","18.87","18.67","3.25K","-1.42%"
"12/06/2017","19.06","19.06","19.07","19.05","5.19K","1.44%"
"12/04/2017","18.79","19.10","19.10","18.67","5.19K","-1.42%"
"11/30/2017","19.06","18.94","19.06","18.94","2.60K","0.47%"
"11/29/2017","18.97","18.94","19.25","18.68","45.45K","0.11%"
"11/28/2017","18.95","18.94","19.44","18.94","48.70K","0.11%"
"11/27/2017","18.93","18.94","18.95","18.90","4.55K","0.32%"
"11/24/2017","18.87","18.76","18.87","18.75","16.88K","0.11%"
"11/23/2017","18.85","18.88","18.87","18.71","15.58K","-0.16%"
"11/22/2017","18.88","19.40","19.40","18.87","42.21K","1.78%"
"11/21/2017","18.55","18.87","18.87","18.48","118.18K","-1.28%"
"11/20/2017","18.79","18.66","18.87","18.66","33.12K","1.40%"
"11/17/2017","18.53","18.67","18.87","18.48","14.94K","0.93%"
"11/16/2017","18.36","18.48","18.67","18.25","54.55K","-1.08%"
"11/15/2017","18.56","18.60","18.67","18.56","40.91K","0.43%"
"11/14/2017","18.48","18.48","18.52","18.17","80.52K","0.11%"
"11/13/2017","18.46","18.30","18.67","18.30","25.32K","-2.17%"
"11/10/2017","18.87","18.48","18.87","18.48","10.39K","1.07%"
"11/09/2017","18.67","18.71","18.72","18.67","10.39K","1.69%"
"11/08/2017","18.36","18.41","18.48","18.33","65.58K","-0.33%"
"11/07/2017","18.42","18.44","18.44","18.40","1.95K","-0.32%"
"11/06/2017","18.48","18.90","18.90","18.48","13.64K","-0.32%"
"11/03/2017","18.54","18.52","18.56","18.52","12.99K","0.00%"
"11/02/2017","18.54","18.48","19.05","18.48","93.51K","-1.17%"
"11/01/2017","18.76","18.33","18.76","18.31","51.30K","2.35%"
"10/31/2017","18.33","18.48","18.71","18.10","22.73K","-1.35%"
"10/30/2017","18.58","18.87","18.90","18.48","25.97K","-2.52%"
"10/27/2017","19.06","19.39","19.52","19.06","40.91K","-1.90%"
"10/26/2017","19.43","19.39","19.60","19.39","171.43K","-4.80%"
"10/25/2017","20.41","20.21","20.41","19.83","9.09K","3.34%"
"10/24/2017","19.75","19.49","20.02","19.49","25.32K","-3.23%"
"10/23/2017","20.41","21.16","21.17","20.41","21.43K","-2.90%"
"10/20/2017","21.02","21.33","21.41","20.75","21.43K","1.84%"
"10/19/2017","20.64","19.26","20.64","19.26","45.45K","4.93%"
"10/18/2017","19.67","19.64","20.02","19.64","21.43K","1.13%"
"10/17/2017","19.45","20.41","20.74","19.25","85.71K","-7.43%"
"10/16/2017","21.01","20.04","21.07","20.04","35.06K","4.48%"
"10/13/2017","20.11","19.44","20.41","19.44","89.61K","0.45%"
"10/12/2017","20.02","19.79","20.21","19.79","68.83K","-0.60%"
"10/11/2017","20.14","20.02","20.41","20.02","54.55K","0.20%"
"10/10/2017","20.10","20.03","20.41","19.64","43.51K","-0.54%"
"10/09/2017","20.21","20.21","20.71","20.21","7.79K","-1.70%"
"10/06/2017","20.56","20.25","20.79","20.25","69.48K","3.11%"
"10/05/2017","19.94","21.33","21.33","19.45","77.27K","-2.11%"
"10/04/2017","20.37","20.45","21.11","20.02","85.71K","-2.07%"
"10/03/2017","20.80","21.18","21.18","20.79","29.87K","-2.99%"
"10/02/2017","21.44","21.64","21.70","21.41","74.03K","-3.64%"
"09/29/2017","22.25","21.94","22.25","21.94","1.30K","2.53%"
"09/28/2017","21.70","21.75","21.95","21.37","70.78K","-0.91%"
"09/27/2017","21.90","21.87","22.17","21.68","18.83K","-2.28%"
"09/26/2017","22.41","22.41","22.66","22.14","24.03K","1.40%"
"09/25/2017","22.10","22.48","22.51","21.95","30.52K","-0.67%"
"09/22/2017","22.25","22.73","22.73","21.99","63.64K","-2.11%"
"09/21/2017","22.73","23.86","23.86","22.57","362.99K","-3.32%"
"09/20/2017","23.51","23.51","23.51","23.51","22.08K","5.00%"
"09/19/2017","22.39","20.41","22.39","21.18","198.70K","4.97%"
"09/18/2017","21.33","21.33","21.79","21.07","29.22K","-0.42%"
"09/15/2017","21.42","20.60","21.42","20.60","135.71K","4.95%"
"09/14/2017","20.41","20.25","20.79","20.25","17.53K","1.14%"
"09/13/2017","20.18","20.04","20.60","20.02","42.21K","1.77%"
"09/12/2017","19.83","19.87","20.17","19.73","6.49K","-0.10%"
"09/11/2017","19.85","19.98","20.32","19.79","27.27K","0.76%"
"09/08/2017","19.70","19.48","20.14","19.37","40.26K","0.97%"
"09/07/2017","19.51","19.95","19.99","19.46","35.06K","-2.94%"
"09/06/2017","20.10","20.41","20.41","19.83","37.01K","-1.13%"
"09/05/2017","20.33","20.41","20.41","20.01","22.08K","2.32%"
"08/31/2017","19.87","18.57","19.94","18.57","23.38K","2.00%"
"08/30/2017","19.48","19.56","19.90","19.43","27.92K","0.41%"
"08/29/2017","19.40","19.26","19.78","19.25","75.32K","-1.52%"
"08/28/2017","19.70","20.41","20.41","19.64","50.00K","-3.53%"
"08/25/2017","20.42","20.04","20.56","20.02","21.43K","2.56%"
"08/24/2017","19.91","21.10","21.10","19.79","96.75K","-4.05%"
"08/23/2017","20.75","20.67","21.08","20.33","661.69K","3.34%"
"08/22/2017","20.08","20.83","21.17","20.07","922.73K","-4.97%"
"08/21/2017","21.13","21.18","21.21","20.67","35.06K","0.24%"
"08/18/2017","21.08","21.41","21.94","20.95","176.62K","-4.40%"
"08/17/2017","22.05","22.38","23.10","21.59","235.06K","-2.95%"
"08/16/2017","22.72","22.57","23.10","22.57","9.74K","-2.20%"
"08/15/2017","23.23","23.99","23.99","23.19","17.53K","-4.83%"
"08/11/2017","24.41","24.40","24.41","24.40","2.60K","1.29%"
"08/10/2017","24.10","24.63","24.64","23.87","94.16K","0.21%"
"08/09/2017","24.05","23.72","24.20","23.49","38.31K","1.31%"
"08/08/2017","23.74","24.56","24.64","23.72","22.08K","-2.26%"
"08/07/2017","24.29","24.52","24.64","24.26","20.78K","-2.68%"
"08/04/2017","24.96","25.33","25.40","24.89","31.82K","0.28%"
"08/03/2017","24.89","25.80","25.80","24.72","40.91K","-2.55%"
"08/02/2017","25.54","25.03","25.64","25.03","55.19K","2.61%"
"08/01/2017","24.89","25.22","25.29","24.56","32.47K","-0.04%"
"07/31/2017","24.90","24.63","24.99","24.26","199.35K","4.62%"
"07/28/2017","23.80","23.10","24.36","22.75","46.75K","-0.21%"
"07/27/2017","23.85","23.49","23.87","23.49","5.84K","1.75%"
"07/26/2017","23.44","24.10","24.10","23.10","20.13K","-1.88%"
"07/25/2017","23.89","23.87","23.99","23.65","12.99K","1.31%"
"07/24/2017","23.58","23.29","23.79","23.29","18.18K","1.86%"
"07/21/2017","23.15","22.96","23.29","22.87","14.29K","0.61%"
"07/20/2017","23.01","23.41","23.72","22.96","33.77K","-2.17%"
"07/19/2017","23.52","23.87","23.87","23.49","48.70K","-2.37%"
"07/18/2017","24.09","23.68","24.22","22.72","94.16K","4.38%"
"07/17/2017","23.08","22.33","23.08","22.33","24.03K","1.58%"
"07/14/2017","22.72","22.64","22.94","22.46","24.03K","3.23%"
"07/13/2017","22.01","22.56","22.70","21.95","24.03K","-1.43%"
"07/12/2017","22.33","21.60","22.33","21.60","11.69K","0.68%"
"07/11/2017","22.18","22.33","23.10","22.03","66.88K","-3.98%"
"07/10/2017","23.10","21.76","23.15","21.76","172.73K","4.76%"
"07/07/2017","22.05","20.79","22.18","20.79","46.10K","1.47%"
"07/06/2017","21.73","21.95","22.14","21.64","59.09K","-1.18%"
"07/05/2017","21.99","22.72","23.06","21.95","120.78K","-2.74%"
"07/04/2017","22.61","23.10","23.18","21.82","125.97K","-1.57%"
"07/03/2017","22.97","23.87","23.95","22.92","32.47K","-4.65%"
"06/30/2017","24.09","24.18","24.48","23.89","16.23K","0.38%"
"06/29/2017","24.00","23.92","24.71","23.72","27.27K","-2.76%"
"06/22/2017","24.68","24.26","25.02","24.49","425.97K","0.16%"
"06/21/2017","24.64","24.08","24.64","23.69","255.19K","0.78%"
"06/20/2017","24.45","25.41","25.80","24.43","105.19K","-4.94%"
"06/19/2017","25.72","25.72","26.18","25.72","30.52K","-1.46%"
"06/16/2017","26.10","25.95","26.18","25.95","14.94K","-0.31%"
"06/15/2017","26.18","25.65","26.76","25.65","153.90K","-0.11%"
"06/14/2017","26.21","27.07","27.26","26.18","61.69K","-0.94%"
"06/13/2017","26.46","27.26","27.64","25.80","98.05K","-0.64%"
"06/12/2017","26.63","27.07","27.14","26.63","88.31K","-4.96%"
"06/09/2017","28.02","29.25","29.88","27.53","301.95K","-2.74%"
"06/08/2017","28.81","27.44","28.81","27.34","220.13K","4.99%"
"06/07/2017","27.44","27.34","27.52","26.95","65.58K","0.33%"
"06/06/2017","27.35","27.52","27.72","27.16","71.43K","0.92%"
"06/05/2017","27.10","26.95","27.10","26.26","54.55K","5.00%"
"06/02/2017","25.81","25.03","26.10","25.03","18.83K","-1.75%"
"06/01/2017","26.27","26.59","27.40","25.87","65.58K","-2.60%"
"05/31/2017","26.97","28.10","28.11","26.95","72.73K","-0.59%"
"05/30/2017","27.13","28.30","28.30","26.95","27.92K","-0.55%"
"05/29/2017","27.28","27.26","27.34","27.15","22.08K","-1.59%"
"05/26/2017","27.72","27.38","27.95","27.38","103.25K","-0.43%"
"05/25/2017","27.84","28.11","28.49","27.76","121.43K","-0.39%"
"05/24/2017","27.95","27.95","28.85","27.73","802.60K","-1.03%"
"05/23/2017","28.24","27.92","28.64","27.92","228.57K","1.22%"
"05/22/2017","27.90","27.54","28.11","27.54","28.57K","0.11%"
"05/19/2017","27.87","28.09","28.49","27.72","70.78K","0.54%"
"05/18/2017","27.72","27.54","28.07","27.35","70.78K","0.87%"
"05/17/2017","27.48","27.34","27.72","27.10","107.14K","-0.76%"
"05/16/2017","27.69","28.84","28.87","27.50","177.27K","-3.52%"
"05/15/2017","28.70","29.44","29.65","28.30","236.36K","-1.64%"
"05/12/2017","29.18","28.43","29.44","27.80","350.65K","2.21%"
"05/11/2017","28.55","28.49","29.11","28.41","448.70K","1.96%"
"05/10/2017","28.00","27.72","28.04","27.04","488.31K","4.83%"
"05/09/2017","26.71","25.94","26.71","25.59","329.87K","4.99%"
"05/08/2017","25.44","25.74","25.99","25.22","138.96K","-0.08%"
"05/05/2017","25.46","25.45","26.02","25.41","189.61K","-1.32%"
"05/04/2017","25.80","25.10","26.03","25.26","325.32K","3.45%"
"05/03/2017","24.94","25.10","25.91","24.72","425.32K","-1.69%"
"05/02/2017","25.37","25.72","26.17","25.06","61.69K","-1.32%"
"04/28/2017","25.71","26.76","27.14","25.41","370.78K","-3.67%"
"04/27/2017","26.69","26.92","27.10","26.26","105.84K","-0.07%"
"04/26/2017","26.71","26.96","27.23","26.65","118.18K","-1.87%"
"04/25/2017","27.22","27.87","27.30","26.95","161.69K","-1.16%"
"04/24/2017","27.54","29.71","29.88","27.41","779.22K","-4.47%"
"04/21/2017","28.83","27.64","28.83","27.64","231.82K","4.99%"
"04/20/2017","27.46","25.92","27.79","25.92","153.90K","3.74%"
"04/19/2017","26.47","25.42","26.57","25.23","226.62K","2.00%"
"04/18/2017","25.95","26.17","26.30","25.80","64.94K","-0.54%"
"04/17/2017","26.09","27.34","27.34","25.99","160.39K","-4.08%"
"04/14/2017","27.20","27.71","27.71","27.18","9.74K","-1.45%"
"04/13/2017","27.60","27.70","27.72","27.34","53.90K","0.18%"
"04/12/2017","27.55","27.72","27.80","27.49","40.26K","-0.07%"
"04/11/2017","27.57","27.72","27.80","27.49","112.34K","-1.85%"
"04/10/2017","28.09","28.34","28.41","27.95","35.06K","-1.09%"
"04/07/2017","28.40","28.69","28.69","28.12","24.68K","-1.66%"
"04/06/2017","28.88","29.26","29.26","28.61","69.48K","0.17%"
"04/05/2017","28.83","29.26","29.41","28.49","250.00K","-0.86%"
"04/04/2017","29.08","29.26","29.41","28.50","74.68K","2.00%"
"04/03/2017","28.51","28.47","29.26","28.47","58.44K","1.82%"
"03/31/2017","28.00","28.51","28.88","27.72","164.94K","-2.44%"
"03/30/2017","28.70","29.26","29.34","28.50","71.43K","-3.07%"
"03/29/2017","29.61","29.65","30.03","29.28","43.51K","-0.90%"
"03/28/2017","29.88","30.56","30.56","29.81","33.77K","-0.76%"
"03/27/2017","30.11","30.57","30.57","29.88","26.62K","-1.02%"
"03/24/2017","30.42","30.03","31.15","30.03","224.03K","1.26%"
"03/22/2017","30.04","29.30","30.72","29.08","392.86K","2.67%"
"03/21/2017","29.26","28.91","29.34","28.91","22.73K","0.76%"
"03/20/2017","29.04","29.41","29.38","28.88","28.57K","-0.82%"
"03/17/2017","29.28","30.34","30.34","29.26","51.95K","-0.07%"
"03/16/2017","29.30","29.79","29.79","28.97","72.73K","1.10%"
"03/15/2017","28.98","29.34","29.34","28.28","99.36K","0.21%"
"03/14/2017","28.92","29.46","29.46","28.27","171.81K","-1.60%"
"03/13/2017","29.39","29.89","30.43","29.35","74.52K","-0.88%"
"03/10/2017","29.65","29.42","29.89","29.42","48.99K","-1.66%"
"03/09/2017","30.15","30.43","30.47","29.96","62.10K","-0.82%"
"03/08/2017","30.40","30.80","30.80","30.20","144.90K","-0.30%"
"03/07/2017","30.49","29.93","31.12","29.93","49.68K","-1.01%"
"03/06/2017","30.80","31.45","31.45","30.80","39.33K","-1.16%"
"03/03/2017","31.16","31.16","31.45","30.80","93.84K","0.06%"
"03/02/2017","31.14","31.09","31.52","30.80","402.27K","2.67%"
"03/01/2017","30.33","29.71","30.42","29.71","230.46K","4.66%"
"02/28/2017","28.98","29.17","29.71","28.84","282.90K","-0.86%"
"02/27/2017","29.23","30.25","30.54","29.13","309.12K","-4.35%"
"02/24/2017","30.56","31.16","31.16","30.43","140.07K","-0.84%"
"02/23/2017","30.82","31.52","31.52","29.85","230.46K","-1.22%"
"02/22/2017","31.20","32.62","32.68","30.95","471.97K","-4.12%"
"02/21/2017","32.54","33.33","33.91","32.04","287.73K","-1.03%"
"02/20/2017","32.88","34.13","35.25","32.12","2.17M","-2.06%"
"02/17/2017","33.57","34.35","34.54","33.48","249.78K","-1.58%"
"02/16/2017","34.11","34.05","34.74","33.33","475.42K","1.55%"
"02/15/2017","33.59","34.78","34.78","33.01","450.58K","-2.64%"
"02/14/2017","34.50","34.41","35.06","34.06","1.06M","1.92%"
"02/13/2017","33.85","32.61","33.85","32.61","652.06K","4.96%"
"02/10/2017","32.25","32.68","32.79","32.17","242.88K","-1.13%"
"02/09/2017","32.62","32.64","33.33","32.61","220.80K","-1.09%"
"02/08/2017","32.98","32.61","33.91","32.43","1.43M","1.17%"
"02/07/2017","32.60","32.97","33.08","32.06","144.21K","-0.06%"
"02/06/2017","32.62","32.61","33.33","32.25","93.15K","0.83%"
"02/03/2017","32.35","32.62","32.97","31.89","155.94K","-1.73%"
"02/02/2017","32.92","33.70","33.99","32.65","186.30K","-1.85%"
"02/01/2017","33.54","33.84","33.88","33.04","206.31K","2.22%"
"01/31/2017","32.81","32.25","33.52","31.88","274.62K","0.77%"
"01/30/2017","32.56","33.73","33.73","32.32","328.44K","-4.26%"
"01/27/2017","34.01","34.77","34.93","33.88","414.69K","-0.12%"
"01/26/2017","34.05","33.41","34.24","33.34","147.66K","0.03%"
"01/25/2017","34.04","34.59","35.14","33.88","241.50K","-0.50%"
"01/24/2017","34.21","34.42","34.79","34.06","223.56K","-1.47%"
"01/23/2017","34.72","35.07","35.20","34.49","471.97K","1.67%"
"01/20/2017","34.15","34.24","34.42","33.55","409.17K","0.18%"
"01/19/2017","34.09","34.35","34.49","33.88","1.13M","1.16%"
"01/18/2017","33.70","33.04","34.42","32.32","1.71M","0.57%"
"01/17/2017","33.51","35.15","35.36","33.51","656.89K","-4.99%"
"01/16/2017","35.27","35.15","36.19","35.04","881.14K","-1.95%"
"01/13/2017","35.97","38.62","38.62","35.69","3.51M","-2.76%"
"01/12/2017","36.99","36.74","37.61","36.52","5.97M","1.59%"
"01/11/2017","36.41","36.16","37.23","35.69","5.61M","1.45%"
"01/10/2017","35.89","35.14","36.30","34.35","1.57M","3.13%"
"01/09/2017","34.80","35.87","36.49","34.42","2.00M","-0.77%"
"01/06/2017","35.07","34.06","35.07","34.06","1.30M","4.97%"
"01/05/2017","33.41","32.25","33.41","32.24","1.20M","5.00%"
"01/04/2017","31.82","31.52","32.25","30.44","994.30K","3.21%"
"01/03/2017","30.83","29.71","30.83","29.53","547.18K","4.97%"
"01/02/2017","29.37","29.06","29.49","28.99","73.14K","0.75%"
"12/30/2016","29.15","29.33","30.22","28.85","160.08K","0.76%"
"12/29/2016","28.93","29.17","29.20","28.84","111.09K","0.45%"
"12/28/2016","28.80","28.53","28.97","28.53","31.05K","-0.28%"
"12/27/2016","28.88","29.28","29.31","28.48","33.12K","-0.21%"
"12/26/2016","28.94","28.48","28.97","28.44","21.39K","0.59%"
"12/23/2016","28.77","28.48","28.99","28.01","42.78K","2.49%"
"12/22/2016","28.07","28.45","28.84","28.04","182.16K","-1.09%"
"12/21/2016","28.38","28.99","29.17","28.26","358.11K","-2.17%"
"12/20/2016","29.01","28.95","29.90","28.62","1.09M","1.86%"
"12/19/2016","28.48","28.99","29.35","28.08","458.86K","-1.76%"
"12/16/2016","28.99","29.13","29.13","28.99","8.28K","0.03%"
"12/15/2016","28.98","28.99","29.31","28.80","294.63K","0.56%"
"12/14/2016","28.82","27.72","29.06","27.72","91.08K","1.44%"
"12/13/2016","28.41","29.89","29.89","28.32","438.85K","-4.66%"
"12/09/2016","29.80","30.43","31.12","29.70","297.39K","-1.91%"
"12/08/2016","30.38","30.29","30.74","30.12","24.84K","-1.24%"
"12/07/2016","30.76","30.79","31.01","30.11","155.25K","1.25%"
"12/06/2016","30.38","30.43","30.90","30.31","147.66K","0.96%"
"12/05/2016","30.09","29.89","30.65","29.70","77.28K","3.05%"
"12/02/2016","29.20","29.35","29.63","29.06","29.67K","-0.51%"
"12/01/2016","29.35","30.07","30.25","29.17","90.39K","-1.01%"
"11/30/2016","29.65","30.18","29.93","29.56","55.20K","-1.89%"
"11/29/2016","30.22","30.80","30.93","30.18","84.87K","-2.30%"
"11/28/2016","30.93","30.78","31.30","30.36","404.34K","3.62%"
"11/25/2016","29.85","29.89","30.35","29.56","229.08K","0.67%"
"11/24/2016","29.65","29.56","30.14","29.35","142.83K","-0.87%"
"11/23/2016","29.91","30.06","30.72","29.28","454.72K","1.46%"
"11/22/2016","29.48","27.64","29.48","27.64","301.53K","4.99%"
"11/21/2016","28.08","27.90","28.87","27.62","97.29K","0.75%"
"11/18/2016","27.87","27.54","28.26","27.54","60.72K","-0.75%"
"11/17/2016","28.08","28.08","28.58","28.08","131.79K","-0.88%"
"11/16/2016","28.33","28.26","28.62","28.19","65.55K","0.00%"
"11/15/2016","28.33","28.73","29.71","27.95","543.73K","-1.97%"
"11/14/2016","28.90","29.20","29.99","28.70","283.59K","0.14%"
"11/11/2016","28.86","28.99","29.28","28.84","51.75K","-0.89%"
"11/10/2016","29.12","29.28","29.56","28.99","251.16K","0.55%"
"11/09/2016","28.96","28.26","29.17","28.26","114.54K","0.35%"
"11/08/2016","28.86","29.39","30.07","28.48","178.02K","-1.67%"
"11/07/2016","29.35","29.71","30.06","29.29","219.42K","-1.77%"
"11/04/2016","29.88","28.91","30.49","28.91","849.40K","2.89%"
"11/03/2016","29.04","29.17","29.49","28.84","102.12K","-2.65%"
"11/02/2016","29.83","30.56","30.56","29.35","340.86K","2.47%"
"11/01/2016","29.11","27.17","29.14","27.17","219.42K","4.90%"
"10/31/2016","27.75","27.54","28.24","27.54","26.91K","0.73%"
"10/28/2016","27.55","26.89","28.04","26.09","204.93K","1.70%"
"10/27/2016","27.09","28.62","28.62","27.05","307.74K","-4.85%"
"10/26/2016","28.47","28.71","29.52","28.28","257.37K","-4.21%"
"10/25/2016","29.72","30.11","31.15","29.48","258.06K","-4.22%"
"10/24/2016","31.03","31.88","31.88","30.83","86.94K","-1.59%"
"10/21/2016","31.53","31.52","31.70","31.52","178.71K","-0.79%"
"10/20/2016","31.78","31.96","32.06","31.52","336.72K","-1.67%"
"10/19/2016","32.32","31.88","32.65","31.67","723.82K","2.44%"
"10/18/2016","31.55","31.46","31.88","31.01","503.02K","0.45%"
"10/17/2016","31.41","30.87","31.88","30.87","863.89K","1.22%"
"10/14/2016","31.03","30.95","31.52","30.62","68.31K","-0.10%"
"10/13/2016","31.06","31.88","32.22","30.91","143.52K","-2.85%"
"10/10/2016","31.97","31.16","32.61","30.94","464.38K","2.27%"
"10/07/2016","31.26","30.94","32.03","30.80","411.93K","1.49%"
"10/06/2016","30.80","30.87","31.45","30.58","231.84K","-0.52%"
"10/05/2016","30.96","32.61","32.96","30.80","514.75K","-3.01%"
"10/04/2016","31.92","30.43","31.92","30.43","465.07K","4.97%"
"10/03/2016","30.41","31.30","32.23","30.19","852.85K","-3.15%"
"09/30/2016","31.40","32.75","32.75","31.20","166.29K","-2.42%"
"09/29/2016","32.18","33.33","34.06","31.59","1.49M","-1.98%"
"09/28/2016","32.83","32.25","32.83","31.88","1.20M","4.99%"
"09/27/2016","31.27","30.74","31.27","30.25","2.35M","5.00%"
"09/26/2016","29.78","28.83","29.78","28.83","1.17M","4.97%"
"09/23/2016","28.37","27.72","28.37","27.35","2.91M","5.00%"
"09/22/2016","27.02","26.09","27.02","26.09","1.17M","4.97%"
"09/21/2016","25.74","26.99","26.99","25.65","903.91K","-3.99%"
"09/20/2016","26.81","26.78","27.32","25.88","2.16M","1.48%"
"09/19/2016","26.42","27.31","27.89","26.08","2.41M","-2.04%"
"09/16/2016","26.97","25.60","27.01","25.59","1.77M","4.82%"
"09/15/2016","25.73","26.09","26.26","25.69","374.67K","-1.27%"
"09/09/2016","26.06","25.54","26.30","25.54","583.06K","1.72%"
"09/08/2016","25.62","26.16","26.38","25.51","698.29K","-1.95%"
"09/07/2016","26.13","25.54","26.38","25.54","818.35K","2.23%"
"09/06/2016","25.56","26.01","26.02","25.51","253.92K","-0.27%"
"09/05/2016","25.63","26.09","26.66","25.58","242.19K","-1.04%"
"09/02/2016","25.90","25.47","26.72","25.33","1.04M","1.73%"
"09/01/2016","25.46","25.54","26.05","25.36","460.24K","-0.93%"
"08/31/2016","25.70","25.72","26.08","25.14","605.83K","0.71%"
"08/30/2016","25.52","26.63","26.63","25.38","864.58K","-3.08%"
"08/29/2016","26.33","27.09","27.25","26.12","2.12M","-0.68%"
"08/26/2016","26.51","25.71","26.51","25.58","967.39K","4.99%"
"08/25/2016","25.25","24.64","25.43","24.46","922.54K","2.10%"
"08/24/2016","24.73","25.11","25.29","24.30","674.14K","-1.20%"
"08/23/2016","25.03","25.28","25.72","24.65","2.51M","1.96%"
"08/22/2016","24.55","23.85","24.20","24.20","768.67K","5.00%"
"08/19/2016","23.38","22.39","23.38","22.17","1.14M","4.94%"
"08/18/2016","22.28","22.61","22.99","22.10","899.77K","-1.11%"
"08/17/2016","22.53","23.11","23.15","22.46","681.04K","-1.53%"
"08/16/2016","22.88","23.77","23.84","22.69","1.87M","0.75%"
"08/15/2016","22.71","21.85","22.71","21.74","737.62K","4.99%"
"08/12/2016","21.63","22.06","22.10","21.59","278.07K","-0.32%"
"08/11/2016","21.70","21.81","22.02","21.67","102.81K","-1.45%"
"08/10/2016","22.02","22.42","22.42","21.81","324.99K","-0.09%"
"08/09/2016","22.04","21.74","22.31","21.67","876.31K","1.85%"
"08/08/2016","21.64","22.32","22.45","21.59","393.99K","-3.13%"
"08/05/2016","22.34","22.10","22.83","22.09","1.39M","2.43%"
"08/04/2016","21.81","20.93","21.81","20.69","1.66M","4.96%"
"08/03/2016","20.78","20.65","20.97","20.58","146.97K","-0.95%"
"08/02/2016","20.98","21.01","21.01","20.72","76.59K","-0.14%"
"08/01/2016","21.01","21.01","21.38","20.91","313.95K","-0.05%"
"07/29/2016","21.02","21.05","21.20","20.88","117.99K","0.43%"
"07/28/2016","20.93","21.02","21.02","20.65","179.40K","-0.43%"
"07/27/2016","21.02","21.12","21.30","21.01","109.71K","-0.99%"
"07/26/2016","21.23","21.38","21.38","21.01","99.36K","0.14%"
"07/25/2016","21.20","21.56","21.59","21.20","418.14K","-0.09%"
"07/22/2016","21.22","21.38","21.52","21.02","561.67K","0.62%"
"07/21/2016","21.09","20.29","21.25","20.18","2.15M","4.20%"
"07/20/2016","20.24","20.29","20.29","20.19","41.40K","0.00%"
"07/19/2016","20.24","20.08","20.47","20.07","151.80K","0.10%"
"07/18/2016","20.22","19.85","20.29","19.85","59.34K","1.30%"
"07/15/2016","19.96","19.56","20.18","19.42","169.05K","2.04%"
"07/14/2016","19.56","19.56","19.56","19.49","80.04K","0.15%"
"07/13/2016","19.53","19.35","19.56","19.35","126.27K","1.45%"
"07/12/2016","19.25","19.35","19.71","19.20","389.85K","-0.41%"
"07/11/2016","19.33","18.99","19.41","18.99","57.96K","-0.41%"
"07/04/2016","19.41","18.84","19.43","18.84","4.14K","2.54%"
"06/30/2016","18.93","18.84","19.13","18.84","14.49K","-0.32%"
"06/29/2016","18.99","19.09","19.20","18.66","64.17K","2.82%"
"06/28/2016","18.47","18.73","18.84","18.04","117.99K","-1.76%"
"06/27/2016","18.80","18.84","18.84","18.77","55.20K","0.16%"
"06/24/2016","18.77","18.84","18.84","18.41","22.08K","-0.64%"
"06/23/2016","18.89","18.80","19.01","18.80","6.90K","-0.26%"
"06/22/2016","18.94","19.13","19.13","18.80","35.19K","1.12%"
"06/21/2016","18.73","18.84","18.88","18.66","64.17K","-0.27%"
"06/20/2016","18.78","19.06","19.20","18.56","47.61K","-2.69%"
"06/17/2016","19.30","19.49","19.49","19.20","27.60K","-0.52%"
"06/16/2016","19.40","19.24","19.53","19.24","28.29K","-0.82%"
"06/15/2016","19.56","19.56","19.89","18.99","77.97K","-0.46%"
"06/14/2016","19.65","18.92","19.92","19.56","62.79K","-0.41%"
"06/13/2016","19.73","19.38","19.78","19.38","7.59K","0.46%"
"06/10/2016","19.64","19.85","19.93","19.64","7.59K","-1.06%"
"06/09/2016","19.85","19.82","19.93","19.82","6.90K","-1.59%"
"06/08/2016","20.17","19.94","20.22","19.94","3.45K","0.55%"
"06/07/2016","20.06","20.04","20.18","19.93","13.80K","-0.79%"
"06/06/2016","20.22","20.29","20.29","20.11","15.18K","0.25%"
"06/03/2016","20.17","20.29","20.36","20.00","39.33K","0.55%"
"06/02/2016","20.06","20.29","20.29","19.96","62.79K","-0.40%"
"06/01/2016","20.14","20.29","20.29","20.01","26.22K","-0.59%"
"05/31/2016","20.26","20.25","20.47","20.01","27.60K","-0.10%"
"05/30/2016","20.28","20.04","20.29","20.04","30.36K","-0.20%"
"05/27/2016","20.32","20.25","20.43","20.22","28.98K","0.49%"
"05/26/2016","20.22","20.58","20.58","20.11","93.84K","-1.03%"
"05/25/2016","20.43","20.36","20.64","20.33","82.11K","-0.20%"
"05/24/2016","20.47","20.65","20.65","20.29","113.16K","-0.82%"
"05/23/2016","20.64","20.72","20.72","20.48","42.09K","-0.24%"
"05/20/2016","20.69","20.65","21.01","20.29","164.91K","0.73%"
"05/19/2016","20.54","20.83","20.83","20.44","95.22K","-1.25%"
"05/18/2016","20.80","20.65","20.97","20.29","345.00K","0.73%"
"05/17/2016","20.65","20.73","21.06","20.54","331.20K","0.00%"
"05/16/2016","20.65","21.12","21.12","20.65","175.26K","-1.48%"
"05/13/2016","20.96","21.74","21.74","20.83","287.73K","-0.29%"
"05/12/2016","21.02","20.29","21.02","20.29","313.95K","5.00%"
"05/11/2016","20.02","20.14","20.29","20.00","47.61K","-0.50%"
"05/10/2016","20.12","19.85","20.58","19.85","512.68K","1.36%"
"05/09/2016","19.85","19.56","19.93","19.56","76.59K","0.92%"
"05/06/2016","19.67","19.71","19.78","19.60","15.18K","-0.81%"
"05/05/2016","19.83","19.75","20.11","19.57","131.79K","0.61%"
"05/04/2016","19.71","19.93","19.93","19.71","35.88K","0.05%"
"05/03/2016","19.70","19.95","19.95","19.67","28.29K","-0.86%"
"05/02/2016","19.87","20.07","20.07","19.56","79.35K","0.56%"
"04/29/2016","19.76","20.14","20.22","19.56","104.88K","-2.08%"
"04/28/2016","20.18","20.29","20.28","19.93","20.70K","0.30%"
"04/27/2016","20.12","19.75","20.65","19.75","200.10K","1.87%"
"04/26/2016","19.75","20.22","20.29","19.58","48.30K","-0.70%"
"04/25/2016","19.89","20.29","20.29","19.75","46.92K","-1.63%"
"04/22/2016","20.22","20.65","20.65","20.13","120.06K","0.25%"
"04/21/2016","20.17","20.04","20.95","20.04","625.84K","1.05%"
"04/20/2016","19.96","20.11","20.18","19.93","34.50K","-0.40%"
"04/19/2016","20.04","19.61","20.64","19.61","312.57K","0.75%"
"04/18/2016","19.89","19.64","20.29","19.64","41.40K","-1.97%"
"04/15/2016","20.29","20.25","20.43","20.01","47.61K","2.47%"
"04/14/2016","19.80","19.92","20.16","19.75","63.48K","1.59%"
"04/13/2016","19.49","19.88","19.93","19.39","27.60K","-2.21%"
"04/12/2016","19.93","19.35","19.93","19.35","2.07K","1.48%"
"04/11/2016","19.64","20.22","20.25","19.56","54.51K","-3.63%"
"04/08/2016","20.38","19.93","20.65","19.82","176.64K","3.56%"
"04/07/2016","19.68","19.14","19.82","19.14","115.23K","2.88%"
"04/06/2016","19.13","19.13","19.46","19.02","56.58K","1.16%"
"04/05/2016","18.91","19.17","19.24","18.85","57.96K","-1.15%"
"04/04/2016","19.13","18.49","19.13","18.49","292.56K","1.76%"
"04/01/2016","18.80","18.84","19.17","18.48","79.35K","-0.16%"
"03/31/2016","18.83","18.62","18.91","18.59","108.33K","1.51%"
"03/30/2016","18.55","18.19","18.55","18.19","33.12K","1.87%"
"03/29/2016","18.21","18.70","18.70","18.19","65.55K","-1.46%"
"03/28/2016","18.48","17.93","18.62","17.93","180.78K","4.11%"
"03/25/2016","17.75","17.49","17.75","17.48","20.01K","0.79%"
"03/24/2016","17.61","17.86","17.88","17.46","16.56K","0.74%"
"03/22/2016","17.48","17.46","17.89","17.39","33.12K","-1.91%"
"03/21/2016","17.82","17.75","17.93","17.75","6.21K","1.65%"
"03/18/2016","17.53","17.07","18.12","17.39","109.02K","-2.45%"
"03/17/2016","17.97","17.97","18.12","17.94","10.35K","-0.83%"
"03/16/2016","18.12","17.79","18.12","17.79","37.26K","0.06%"
"03/15/2016","18.11","18.12","18.37","17.98","5.52K","-0.93%"
"03/14/2016","18.28","18.12","18.43","18.12","9.66K","0.83%"
"03/11/2016","18.13","17.21","18.91","17.21","88.32K","0.44%"
"03/10/2016","18.05","18.70","18.70","17.97","113.85K","-2.01%"
"03/09/2016","18.42","18.30","18.48","18.19","68.31K","0.11%"
"03/08/2016","18.40","18.48","18.83","18.33","77.28K","-2.95%"
"03/07/2016","18.96","18.48","19.02","18.48","179.40K","1.88%"
"03/04/2016","18.61","18.12","18.84","17.93","200.10K","2.87%"
"03/03/2016","18.09","18.04","18.19","17.93","131.79K","-0.11%"
"03/02/2016","18.11","18.12","18.12","17.57","34.50K","-0.06%"
"03/01/2016","18.12","17.75","18.19","17.75","92.46K","2.08%"
"02/29/2016","17.75","17.75","17.90","17.57","17.94K","-0.17%"
"02/26/2016","17.78","16.89","17.90","16.89","31.74K","0.11%"
"02/25/2016","17.76","18.26","18.26","17.75","28.98K","-0.84%"
"02/24/2016","17.91","18.11","18.12","17.62","40.02K","1.07%"
"02/23/2016","17.72","17.49","17.90","17.49","176.64K","-3.70%"
"02/22/2016","18.40","19.56","20.03","18.39","306.36K","-4.91%"
"02/19/2016","19.35","18.84","19.52","18.84","35.19K","-2.03%"
"02/18/2016","19.75","20.62","20.62","19.71","35.19K","-1.50%"
"02/17/2016","20.05","19.93","20.28","19.93","30.36K","0.50%"
"02/16/2016","19.95","20.57","20.62","19.68","32.43K","-2.01%"
"02/15/2016","20.36","20.28","20.96","20.28","106.95K","2.00%"
"02/12/2016","19.96","20.11","20.28","19.75","37.26K","-1.67%"
"02/11/2016","20.30","20.66","20.80","20.22","71.76K","-3.06%"
"02/10/2016","20.94","20.96","21.52","20.80","24.84K","-2.56%"
"02/09/2016","21.49","21.91","21.91","21.38","12.42K","-2.01%"
"02/08/2016","21.93","21.75","22.27","21.67","211.83K","2.05%"
"02/04/2016","21.49","20.80","21.49","20.65","438.85K","4.98%"
"02/03/2016","20.47","19.93","20.58","19.85","55.20K","0.94%"
"02/02/2016","20.28","20.21","20.80","19.85","86.25K","0.35%"
"02/01/2016","20.21","19.57","20.42","19.57","77.97K","2.80%"
"01/29/2016","19.66","19.85","20.04","19.60","99.36K","-0.96%"
"01/28/2016","19.85","19.78","20.11","19.56","114.54K","-1.83%"
"01/27/2016","20.22","20.29","20.47","20.11","53.82K","0.35%"
"01/26/2016","20.15","20.35","20.35","19.58","55.20K","-0.79%"
"01/25/2016","20.31","20.51","20.51","19.93","20.70K","0.79%"
"01/22/2016","20.15","19.75","20.22","19.93","25.53K","2.03%"
"01/21/2016","19.75","19.75","19.93","19.56","59.34K","1.33%"
"01/20/2016","19.49","19.28","19.92","19.20","44.16K","-2.40%"
"01/19/2016","19.97","19.20","20.00","19.06","109.02K","4.34%"
"01/18/2016","19.14","18.84","19.56","18.43","427.80K","-1.34%"
"01/15/2016","19.40","20.87","20.87","19.34","91.08K","-4.67%"
"01/14/2016","20.35","21.01","21.01","20.35","184.92K","-5.00%"
"01/13/2016","21.42","21.92","21.92","21.28","90.39K","0.00%"
"01/12/2016","21.42","21.49","21.59","21.23","40.71K","-1.83%"
"01/11/2016","21.82","22.10","22.17","21.78","47.61K","-1.80%"
"01/08/2016","22.22","22.17","22.46","21.91","41.40K","-0.04%"
"01/07/2016","22.23","22.30","22.86","22.17","152.49K","-1.51%"
"01/06/2016","22.57","21.78","23.19","21.78","127.65K","0.45%"
"01/05/2016","22.47","21.74","22.83","21.74","171.81K","-0.04%"
"01/04/2016","22.48","22.61","22.83","22.35","51.75K","-1.40%"
"01/01/2016","22.80","22.86","22.99","22.70","51.75K","0.00%"
"12/31/2015","22.80","22.46","23.19","22.46","208.38K","-0.22%"
"12/30/2015","22.85","23.19","23.22","22.76","69.00K","-1.47%"
"12/29/2015","23.19","23.17","23.69","22.58","363.63K","0.48%"
"12/28/2015","23.08","22.61","23.17","22.57","62.79K","1.54%"
"12/23/2015","22.73","22.46","23.15","22.46","87.63K","0.00%"
"12/22/2015","22.73","22.25","22.83","22.11","162.84K","2.16%"
"12/21/2015","22.25","21.74","22.35","21.67","189.06K","2.82%"
"12/18/2015","21.64","21.96","22.09","21.38","51.75K","-1.37%"
"12/17/2015","21.94","21.65","22.38","21.65","172.50K","1.48%"
"12/16/2015","21.62","21.88","21.88","21.16","132.48K","-0.23%"
"12/15/2015","21.67","22.10","23.08","21.66","1.22M","-4.96%"
"12/14/2015","22.80","23.79","23.84","22.59","395.37K","-4.12%"
"12/11/2015","23.78","23.48","24.28","23.19","1.44M","2.06%"
"12/10/2015","23.30","23.33","23.35","22.84","36.57K","0.82%"
"12/09/2015","23.11","23.33","23.55","23.01","240.81K","0.30%"
"12/08/2015","23.04","23.41","23.48","22.83","202.86K","-1.29%"
"12/07/2015","23.34","23.41","23.56","23.19","698.98K","-2.38%"
"12/04/2015","23.91","23.99","24.49","23.73","24.84K","-0.21%"
"12/03/2015","23.96","23.91","24.64","23.73","78.66K","-0.21%"
"12/02/2015","24.01","26.01","26.01","23.55","155.94K","-3.15%"
"12/01/2015","24.79","26.41","26.41","24.79","69.00K","-4.98%"
"11/30/2015","26.09","27.72","27.72","26.09","233.91K","-4.99%"
"11/27/2015","27.46","26.96","27.53","26.96","3.45K","0.15%"
"11/26/2015","27.42","26.99","28.38","26.60","183.54K","1.44%"
"11/25/2015","27.03","26.38","27.10","26.38","27.60K","-0.52%"
"11/24/2015","27.17","28.26","28.26","26.85","42.78K","-3.86%"
"11/23/2015","28.26","28.94","28.99","28.26","51.06K","-0.14%"
"11/20/2015","28.30","28.26","28.62","28.26","42.78K","-0.77%"
"11/19/2015","28.52","28.26","28.99","28.26","25.53K","0.78%"
"11/18/2015","28.30","28.91","28.99","28.26","62.10K","-3.41%"
"11/17/2015","29.30","29.06","30.43","28.80","105.57K","-3.30%"
"11/16/2015","30.30","31.16","31.16","29.90","31.05K","-1.46%"
"11/13/2015","30.75","30.22","31.35","29.78","369.15K","2.98%"
"11/12/2015","29.86","29.11","29.86","28.97","122.13K","4.99%"
"11/11/2015","28.44","28.26","28.44","28.26","4.83K","0.64%"
"11/10/2015","28.26","28.25","28.26","28.25","3.45K","0.82%"
"11/09/2015","28.03","28.99","29.45","27.61","37.95K","-3.31%"
"11/06/2015","28.99","28.99","29.70","28.99","9.66K","-0.28%"
"11/05/2015","29.07","30.25","30.25","28.99","25.53K","-0.95%"
"11/04/2015","29.35","29.71","29.71","29.28","9.66K","-1.21%"
"11/03/2015","29.71","30.07","30.07","29.64","11.73K","-1.20%"
"11/02/2015","30.07","29.43","30.43","29.43","25.53K","-2.05%"
"10/30/2015","30.70","29.56","31.99","29.56","46.23K","0.72%"
"10/29/2015","30.48","31.88","31.88","30.07","17.25K","-0.10%"
"10/28/2015","30.51","30.47","30.51","30.47","2.07K","-1.61%"
"10/26/2015","31.01","31.16","31.80","31.01","9.66K","-1.18%"
"10/22/2015","31.38","32.25","32.25","31.35","117.99K","1.36%"
"10/21/2015","30.96","30.07","31.16","30.07","13.80K","4.31%"
"10/20/2015","29.68","30.25","30.25","29.64","5.52K","-0.30%"
"10/19/2015","29.77","30.07","30.07","29.71","4.14K","-1.85%"
"10/16/2015","30.33","30.29","30.94","29.71","3.45K","0.86%"
"10/15/2015","30.07","30.22","30.25","29.89","47.61K","0.00%"
"10/14/2015","30.07","30.07","30.07","29.85","4.83K","1.21%"
"10/13/2015","29.71","29.02","30.33","29.02","13.11K","-0.17%"
"10/12/2015","29.76","29.71","29.80","29.53","9.66K","0.81%"
"10/09/2015","29.52","29.06","29.63","29.06","6.21K","4.42%"
"10/08/2015","28.27","27.68","29.33","27.68","16.56K","-4.62%"
"10/07/2015","29.64","29.28","29.89","29.26","53.23K","-0.64%"
"10/06/2015","29.83","28.48","30.21","28.48","155.72K","3.50%"
"10/05/2015","28.82","28.95","29.45","28.82","24.63K","0.49%"
"10/02/2015","28.68","28.95","28.95","28.39","7.15K","1.16%"
"10/01/2015","28.35","28.48","28.67","28.32","5.56K","1.21%"
"09/30/2015","28.01","28.01","28.92","28.01","6.36K","1.16%"
"09/29/2015","27.69","28.57","28.57","27.69","1.59K","-4.35%"
"09/28/2015","28.95","29.26","29.26","29.26","0.79K","0.00%"
"09/23/2015","28.95","28.63","28.98","28.63","10.33K","1.12%"
"09/22/2015","28.63","28.95","28.95","28.63","7.94K","-1.07%"
"09/18/2015","28.94","30.05","30.05","28.32","18.27K","0.28%"
"09/17/2015","28.86","28.70","29.89","28.63","16.68K","-1.30%"
"09/16/2015","29.24","28.23","29.24","28.23","7.15K","0.79%"
"09/15/2015","29.01","30.08","30.08","29.01","3.97K","-1.19%"
"09/14/2015","29.36","29.39","31.45","29.11","23.83K","-3.90%"
"09/11/2015","30.55","30.84","30.84","30.55","27.01K","-0.94%"
"09/10/2015","30.84","30.84","31.14","30.84","30.19K","-0.16%"
"09/09/2015","30.89","30.21","31.44","30.21","51.64K","-0.23%"
"09/08/2015","30.96","31.47","32.41","30.30","4.62M","-1.75%"
"09/07/2015","31.51","32.41","32.41","30.14","274.90K","-0.63%"
"09/04/2015","31.71","31.14","31.78","28.82","3.20M","4.55%"
"09/03/2015","30.33","29.86","30.51","29.39","945.45K","4.37%"
"09/02/2015","29.06","28.00","29.06","27.51","409.17K","4.99%"
"09/01/2015","27.68","27.69","27.82","26.15","268.54K","0.54%"
"08/31/2015","27.53","28.32","28.33","27.06","180.35K","-0.94%"
"08/28/2015","27.79","27.70","29.53","27.47","611.76K","-1.21%"
"08/27/2015","28.13","28.01","28.25","27.38","90.57K","4.53%"
"08/26/2015","26.91","27.38","28.26","26.75","115.20K","-3.13%"
"08/25/2015","27.78","27.03","28.32","27.03","166.84K","-2.25%"
"08/24/2015","28.42","29.11","29.11","28.42","161.28K","-4.98%"
"08/21/2015","29.91","30.21","30.27","29.38","337.66K","-3.27%"
"08/20/2015","30.92","31.78","32.03","30.77","189.09K","-1.40%"
"08/19/2015","31.36","31.15","31.36","30.37","763.51K","4.99%"
"08/18/2015","29.87","27.69","29.87","27.69","368.65K","4.99%"
"08/17/2015","28.45","29.04","29.08","28.38","11.12K","-4.18%"
"08/13/2015","29.69","30.14","30.64","29.58","100.11K","-1.43%"
"08/12/2015","30.12","29.04","30.48","29.04","312.24K","3.72%"
"08/11/2015","29.04","28.32","29.39","28.32","106.46K","2.58%"
"08/10/2015","28.31","28.89","28.89","27.39","34.96K","1.11%"
"08/07/2015","28.00","28.32","29.07","27.81","87.39K","1.12%"
"08/06/2015","27.69","27.56","28.01","26.43","56.41K","0.00%"
"08/05/2015","27.69","26.84","27.69","26.84","22.25K","2.33%"
"08/04/2015","27.06","27.06","27.06","26.43","34.16K","1.73%"
"08/03/2015","26.60","26.75","26.75","25.81","55.61K","-1.19%"
"07/31/2015","26.92","27.97","27.07","26.82","4.77K","-1.61%"
"07/30/2015","27.36","28.19","28.19","27.06","29.40K","-1.33%"
"07/29/2015","27.73","27.66","28.94","27.66","81.04K","-0.07%"
"07/28/2015","27.75","28.31","28.31","27.25","51.64K","0.40%"
"07/27/2015","27.64","28.89","28.89","27.64","46.08K","-4.98%"
"07/24/2015","29.09","30.52","30.52","28.35","91.37K","-0.51%"
"07/23/2015","29.24","27.56","29.24","27.56","128.71K","4.99%"
"07/22/2015","27.85","27.41","28.76","27.06","62.77K","1.61%"
"07/16/2015","27.41","28.32","28.32","27.41","19.86K","-0.94%"
"07/15/2015","27.67","27.88","28.01","27.50","21.45K","0.14%"
"07/14/2015","27.63","26.44","27.94","26.44","25.42K","3.79%"
"07/13/2015","26.62","26.43","26.87","26.37","92.96K","-1.63%"
"07/10/2015","27.06","27.06","27.06","27.06","2.38K","-0.73%"
"07/09/2015","27.26","27.08","28.01","27.06","50.85K","-1.94%"
"07/08/2015","27.80","27.69","28.31","27.63","52.44K","0.62%"
"07/07/2015","27.63","28.01","28.07","27.44","39.72K","-4.33%"
"07/06/2015","28.88","28.33","28.88","28.16","19.86K","-0.24%"
"07/03/2015","28.95","29.58","29.58","28.95","22.25K","-1.06%"
"07/02/2015","29.26","29.64","30.20","28.95","135.06K","-1.05%"
"07/01/2015","29.57","30.91","30.91","28.95","84.22K","0.41%"
"06/30/2015","29.45","28.16","29.45","28.13","102.49K","4.99%"
"06/29/2015","28.05","28.99","28.99","28.01","40.52K","1.59%"
"06/26/2015","27.61","26.43","27.61","26.43","88.98K","4.98%"
"06/25/2015","26.30","26.43","26.75","25.82","58.79K","-2.41%"
"06/24/2015","26.95","28.13","28.13","26.84","86.60K","-0.44%"
"06/23/2015","27.07","27.22","27.69","27.06","29.40K","-1.92%"
"06/22/2015","27.60","26.24","27.60","25.17","119.97K","4.98%"
"06/19/2015","26.29","26.90","26.94","26.29","38.14K","-4.99%"
"06/18/2015","27.67","27.69","27.85","27.53","16.68K","-1.32%"
"06/17/2015","28.04","28.32","28.63","28.04","11.92K","-2.44%"
"06/16/2015","28.74","29.26","29.26","28.45","41.31K","-1.51%"
"06/15/2015","29.18","27.56","29.21","27.69","247.09K","4.89%"
"06/12/2015","27.82","28.23","29.26","27.22","145.39K","-0.25%"
"06/11/2015","27.89","27.61","27.97","27.06","228.02K","4.69%"
"06/10/2015","26.64","25.68","26.80","25.43","125.53K","4.35%"
"06/09/2015","25.53","26.40","26.40","25.17","87.39K","0.55%"
"06/08/2015","25.39","24.64","25.80","24.64","12.71K","-1.01%"
"06/05/2015","25.65","25.58","25.65","25.17","10.33K","1.54%"
"06/04/2015","25.26","25.17","25.68","25.17","55.61K","-2.09%"
"06/03/2015","25.80","25.55","25.80","25.42","21.45K","-0.39%"
"06/02/2015","25.90","26.31","26.31","25.90","3.97K","0.62%"
"06/01/2015","25.74","25.65","25.74","25.65","3.97K","0.31%"
"05/29/2015","25.66","25.80","25.87","25.65","10.33K","-2.91%"
"05/28/2015","26.43","25.90","26.43","25.87","58.00K","0.00%"
"05/27/2015","26.43","27.38","27.38","26.43","8.74K","-1.42%"
"05/26/2015","26.81","26.49","26.81","26.49","7.94K","-1.22%"
"05/25/2015","27.14","27.69","27.69","27.12","19.07K","-1.81%"
"05/22/2015","27.64","27.06","27.64","27.06","80.24K","5.02%"
"05/21/2015","26.32","25.30","26.43","25.30","19.07K","0.00%"
"05/20/2015","26.32","25.17","26.51","25.02","42.11K","3.91%"
"05/18/2015","25.33","25.80","25.80","24.86","11.92K","-1.82%"
"05/15/2015","25.80","26.37","26.37","25.19","4.77K","0.23%"
"05/14/2015","25.74","25.17","25.77","25.17","7.15K","4.89%"
"05/12/2015","24.54","24.23","24.54","24.23","8.74K","2.04%"
"05/11/2015","24.05","24.23","24.23","23.66","19.86K","-2.00%"
"05/08/2015","24.54","24.54","24.54","24.54","3.18K","-0.41%"
"05/07/2015","24.64","24.61","25.17","24.59","14.30K","-2.11%"
"05/06/2015","25.17","25.17","25.18","24.54","40.52K","0.32%"
"05/05/2015","25.09","25.17","25.17","25.02","5.56K","-1.76%"
"05/04/2015","25.54","25.17","26.12","25.17","4.77K","-1.73%"
"04/30/2015","25.99","26.75","26.75","25.49","28.60K","-3.13%"
"04/29/2015","26.83","26.43","27.06","26.43","47.67K","-2.44%"
"04/28/2015","27.50","27.69","28.62","27.38","40.52K","-2.10%"
"04/27/2015","28.09","27.50","28.09","27.50","232.79K","4.97%"
"04/24/2015","26.76","25.80","26.76","25.02","67.53K","4.98%"
"04/23/2015","25.49","26.43","26.43","25.49","48.46K","-1.32%"
"04/22/2015","25.83","25.17","26.37","24.04","276.48K","2.22%"
"04/21/2015","25.27","27.06","27.06","25.21","24.63K","-4.75%"
"04/20/2015","26.53","27.06","27.06","26.53","13.51K","-1.96%"
"04/17/2015","27.06","27.06","27.97","26.75","55.61K","-1.42%"
"04/16/2015","27.45","26.75","28.26","26.43","126.32K","0.48%"
"04/15/2015","27.32","28.89","28.95","27.31","116.79K","-4.94%"
"04/14/2015","28.74","29.58","29.74","28.74","48.46K","-4.99%"
"04/13/2015","30.25","30.59","31.72","29.81","122.35K","-3.57%"
"04/10/2015","31.37","31.78","32.10","31.15","249.47K","2.62%"
"04/09/2015","30.57","29.58","30.57","29.57","197.03K","4.98%"
"04/08/2015","29.12","27.69","29.12","27.69","131.09K","5.01%"
"04/07/2015","27.73","28.12","28.12","26.90","358.32K","3.51%"
"04/06/2015","26.79","26.79","26.79","26.79","4.77K","4.98%"
"04/03/2015","25.52","25.52","25.52","25.52","11.12K","5.02%"
"04/02/2015","24.30","24.30","24.30","24.30","12.71K","4.97%"
"04/01/2015","23.15","22.49","23.15","22.49","66.74K","4.99%"
"03/31/2015","22.05","20.77","22.05","21.71","174.79K","4.95%"
"03/30/2015","21.01","22.34","22.34","21.01","76.27K","-4.98%"
"03/27/2015","22.11","23.44","22.88","22.03","120.76K","-3.32%"
"03/26/2015","22.87","24.51","24.51","22.69","65.15K","-3.09%"
"03/25/2015","23.60","23.45","24.42","23.45","19.07K","-2.60%"
"03/24/2015","24.23","23.60","24.26","23.60","56.41K","-1.66%"
"03/20/2015","24.64","24.04","24.86","24.04","13.51K","1.03%"
"03/19/2015","24.39","24.54","25.11","24.29","35.75K","-1.22%"
"03/18/2015","24.69","25.17","25.17","23.91","61.18K","-1.91%"
"03/17/2015","25.17","25.20","25.49","24.54","21.45K","-1.22%"
"03/16/2015","25.48","25.24","25.77","25.17","12.71K","0.12%"
"03/13/2015","25.45","25.71","25.71","25.17","21.45K","1.88%"
"03/12/2015","24.98","25.17","25.46","24.54","18.27K","-0.56%"
"03/11/2015","25.12","24.86","25.17","24.54","14.30K","-2.64%"
"03/10/2015","25.80","25.20","25.80","25.17","27.81K","0.00%"
"03/09/2015","25.80","25.96","26.31","24.87","90.57K","-1.41%"
"03/06/2015","26.17","26.49","26.49","26.12","19.07K","-1.54%"
"03/05/2015","26.58","27.66","27.66","26.46","58.79K","-1.34%"
"03/04/2015","26.94","27.22","27.63","26.75","30.19K","-0.85%"
"03/03/2015","27.17","27.06","27.69","26.97","48.46K","-0.04%"
"03/02/2015","27.18","27.66","28.01","26.90","114.41K","0.41%"
"02/27/2015","27.07","26.31","27.07","26.31","91.37K","5.00%"
"02/26/2015","25.78","26.72","26.75","25.68","120.76K","-1.34%"
"02/25/2015","26.13","26.05","26.40","25.61","149.37K","-0.72%"
"02/24/2015","26.32","27.41","27.82","26.32","243.91K","-5.02%"
"02/23/2015","27.71","28.08","28.76","27.71","364.67K","-4.97%"
"02/20/2015","29.16","30.52","30.99","29.16","185.91K","-4.99%"
"02/19/2015","30.69","29.58","30.88","28.07","728.55K","4.35%"
"02/18/2015","29.41","29.20","30.44","29.18","55.61K","-3.38%"
"02/17/2015","30.44","32.57","31.15","30.21","63.56K","-2.28%"
"02/16/2015","31.15","31.46","31.62","30.28","354.34K","-0.89%"
"02/13/2015","31.43","31.50","32.41","31.03","146.98K","-0.16%"
"02/12/2015","31.48","31.53","32.57","31.15","204.98K","-2.24%"
"02/11/2015","32.20","33.98","33.98","32.10","68.33K","-3.74%"
"02/10/2015","33.45","34.00","34.05","33.35","115.20K","-3.55%"
"02/09/2015","34.68","34.93","35.09","34.42","255.83K","0.14%"
"02/06/2015","34.63","35.56","35.56","34.30","166.05K","-1.98%"
"02/04/2015","35.33","35.87","36.34","35.25","111.23K","-2.24%"
"02/03/2015","36.14","37.76","38.26","35.95","293.17K","-4.49%"
"02/02/2015","37.84","38.63","39.25","37.45","638.77K","1.04%"
"01/30/2015","37.45","37.13","38.67","36.03","762.72K","1.68%"
"01/29/2015","36.83","34.61","37.16","33.64","889.83K","4.01%"
"01/28/2015","35.41","36.50","36.69","35.41","119.97K","-5.02%"
"01/27/2015","37.28","37.13","37.79","35.40","543.43K","1.03%"
"01/26/2015","36.90","37.24","37.24","35.87","1.31M","4.00%"
"01/23/2015","35.48","35.48","35.48","33.57","960.54K","5.00%"
"01/22/2015","33.79","33.79","33.79","33.20","651.49K","5.00%"
"01/21/2015","32.18","30.71","32.18","30.71","957.37K","4.99%"
"01/20/2015","30.65","30.77","30.84","29.58","702.33K","4.32%"
"01/19/2015","29.38","28.48","29.46","28.48","750.80K","4.70%"
"01/16/2015","28.06","28.07","28.07","26.75","1.04M","4.98%"
"01/15/2015","26.73","26.73","26.73","26.68","394.86K","4.99%"
"01/14/2015","25.46","25.46","25.46","24.86","846.93K","4.99%"
"01/13/2015","24.25","24.25","24.25","24.25","66.74K","4.98%"
"01/12/2015","23.10","23.10","23.10","23.10","43.70K","4.95%"
"01/09/2015","22.01","22.01","22.01","22.01","194.65K","5.01%"
"01/08/2015","20.96","20.96","20.96","20.96","21.45K","4.96%"
"01/07/2015","19.97","19.50","19.97","19.50","41.31K","4.99%"
"01/06/2015","19.02","19.19","19.19","18.88","33.37K","-2.36%"
"01/05/2015","19.48","18.88","19.51","18.88","15.10K","2.58%"
"01/02/2015","18.99","18.83","19.04","18.83","3.97K","0.58%"
"01/01/2015","18.88","18.88","19.41","18.88","14.30K","-1.62%"