Date,open,high,low,Price,Change %
2015-01-01,12.239159864838792,12.582737975451321,12.239159864838792,12.239159864838792,
2015-01-02,12.206746835535723,12.342881558608614,12.206746835535723,12.31046852930554,
2015-01-05,12.239159864838792,12.647564034057462,12.239159864838792,12.628116216475618,
2015-01-06,12.440120646517821,12.440120646517821,12.239159864838792,12.329916346887382,
2015-01-07,12.641081428196843,12.945763903645696,12.641081428196843,12.945763903645696,
2015-01-08,13.587541883846454,13.587541883846454,13.587541883846454,13.587541883846454,
2015-01-09,14.268215499210903,14.268215499210903,14.268215499210903,14.268215499210903,
2015-01-12,14.974819538017808,14.974819538017808,14.974819538017808,14.974819538017808,
2015-01-13,15.720319211988384,15.720319211988384,15.720319211988384,15.720319211988384,
2015-01-14,16.504714521122647,16.504714521122647,16.115758169485826,16.504714521122647,
2015-01-15,17.3280054654206,17.3280054654206,17.29559243611753,17.3280054654206,
2015-01-16,18.196674650742846,18.196674650742846,17.340970677141826,18.190192044882235,
2015-01-19,18.462461491028012,19.097756865368158,18.462461491028012,19.04589601848325,
2015-01-20,19.94697823310856,19.992356474132855,19.17554813569552,19.8691869627812,
2015-01-21,19.90808259794488,20.861025659455102,19.90808259794488,20.861025659455102,
2015-01-22,21.904725203013907,21.904725203013907,21.522251457237704,21.904725203013907,
2015-01-23,23.00028559345764,23.00028559345764,21.76210787408041,23.00028559345764,
2015-01-26,24.141224224925665,24.141224224925665,23.25310722202158,23.9208156256648,
2015-01-27,24.069915560458917,24.497767547259425,22.94842474657273,24.16715464836813,
2015-01-28,23.66151139124025,23.78468090259191,22.954907352433352,22.954907352433352,
2015-01-29,22.43629888358425,24.08936337804076,21.80748611510471,23.875437384640502,
2015-01-30,24.069915560458917,25.068236862993448,23.356828915791404,24.27735894799855,
2015-02-02,25.042306439550984,25.444228002909036,24.27735894799855,24.5301805765625,
2015-02-03,24.478319729677583,24.80245002270827,23.30496806890649,23.428137580258152,
2015-02-04,23.25310722202158,23.55778969747043,22.85118565866353,22.90304650554844,
2015-02-06,23.052146440342558,23.052146440342558,22.23533810190522,22.449264095305484,
2015-02-09,22.643742271123887,22.74746396489371,22.313129372232588,22.481677124608545,
2015-02-10,22.040859926086807,22.07327295538988,21.619490545146917,21.684316603753054,
2015-02-11,22.027894714365576,22.027894714365576,20.809164812570195,20.873990871176336,
2015-02-12,20.43965627851521,21.113847288019038,20.193317255811884,20.407243249212144,
2015-02-13,20.420208460933367,21.01012559424922,20.11552598548452,20.374830219909075,
2015-02-16,20.394278037490913,20.497999731260734,19.629330545938487,20.193317255811884,
2015-02-17,21.113847288019038,20.193317255811884,19.583952304914188,19.733052239708307,
2015-02-18,18.9292091129922,19.733052239708307,18.916243901270974,19.065343836065086,
2015-02-19,19.17554813569552,20.018286897575315,18.196674650742846,19.895117386223657,
2015-02-20,19.784913086593214,20.08959556204206,18.903278689549747,18.903278689549747,
2015-02-23,18.203157256603454,18.6439744551252,17.963300839760752,17.963300839760752,
2015-02-24,17.768822663942334,18.0346095042275,17.062218625135436,17.062218625135436,
2015-02-25,16.88718826689886,17.114079472020343,16.601953609031856,16.939049113783774,
2015-02-26,17.32152285955998,17.340970677141826,16.64733185005616,16.712157908662295,
2015-02-27,17.055736019274818,17.548414064681467,17.055736019274818,17.548414064681467,
2015-03-02,17.930887810457683,18.15777901557916,17.43820976505103,17.61972272914822,
2015-03-03,17.54193145882085,17.950335628039518,17.48358800607533,17.61324012328761,
2015-03-04,17.645653152590675,17.911439992875835,17.340970677141826,17.46414018849349,
2015-03-05,17.930887810457683,17.930887810457683,17.15297510718403,17.230766377511394,
2015-03-06,17.17242292476587,17.17242292476587,16.93256650792316,16.96497953722623,
2015-03-09,16.82884481415334,17.055736019274818,16.122240775346437,16.72512312038352,
2015-03-10,16.336166768746693,16.72512312038352,16.316718951164855,16.72512312038352,
2015-03-11,16.115758169485826,16.316718951164855,15.908314781946183,16.284305921861787,
2015-03-12,16.316718951164855,16.504714521122647,15.908314781946183,16.19354943981319,
2015-03-13,16.666779667637996,16.666779667637996,16.316718951164855,16.498231915262036,
2015-03-16,16.362097192189147,16.705675302801684,16.316718951164855,16.51767973284388,
2015-03-17,16.336166768746693,16.52416233870449,15.908314781946183,16.316718951164855,
2015-03-18,16.316718951164855,16.316718951164855,15.499910612727515,16.005553869855394,
2015-03-19,15.908314781946183,16.27782331600117,15.746249635430843,15.811075694036974,
2015-03-20,15.584184488915499,16.115758169485826,15.584184488915499,15.973140840552318,
2015-03-24,15.298949831048494,15.726801817849,15.298949831048494,15.707354000267154,
2015-03-25,15.201710743139284,15.83052351161882,15.201710743139284,15.298949831048494,
2015-03-26,15.888866964364341,15.888866964364341,14.709032697732635,14.825719603223684,
2015-03-27,15.19522813727867,14.8322022090843,14.281180710932132,14.333041557817038,
2015-03-30,14.482141492611152,14.482141492611152,13.619954913149524,13.619954913149524,
2015-03-31,13.464372372494795,14.294145922653357,14.073737323392491,14.294145922653357,
2015-04-01,14.579380580520358,15.007232567320871,14.579380580520358,15.007232567320871,
2015-04-02,15.752732241291454,15.752732241291454,15.752732241291454,15.752732241291454,
2015-04-03,16.543610156286338,16.543610156286338,16.543610156286338,16.543610156286338,
2015-04-06,17.366901100584286,17.366901100584286,17.366901100584286,17.366901100584286,
2015-04-07,18.229087680045918,18.229087680045918,17.43820976505103,17.97626605148198,
2015-04-08,17.950335628039518,18.87734826610729,17.950335628039518,18.87734826610729,
2015-04-09,19.17554813569552,19.817326115896286,19.16906552983491,19.817326115896286,
2015-04-10,20.60172142503055,20.809164812570195,20.193317255811884,20.33593458474539,
2015-04-13,19.83029132761751,20.56282578986687,19.32464807048964,19.60988272835664,
2015-04-14,19.17554813569552,19.279269829465346,18.63100924340397,18.63100924340397,
2015-04-15,18.728248331313182,18.767143966476855,17.7039966053362,17.710479211196816,
2015-04-16,17.340970677141826,18.31984416209451,17.133527289602185,17.79475308738479,
2015-04-17,17.54193145882085,18.131848592136713,17.340970677141826,17.54193145882085,
2015-04-20,17.54193145882085,17.54193145882085,17.198353348208325,17.198353348208325,
2015-04-21,17.54193145882085,17.54193145882085,16.342649374607312,16.38154500977099,
2015-04-22,16.316718951164855,17.094631654438505,15.584184488915499,16.74457093796536,
2015-04-23,17.133527289602185,17.133527289602185,16.52416233870449,16.52416233870449,
2015-04-24,16.72512312038352,17.34745328300244,16.219479863255646,17.34745328300244,
2015-04-27,17.827166116687863,18.209639862464073,17.827166116687863,18.209639862464073,
2015-04-28,17.950335628039518,18.553217973076606,17.749374846360496,17.827166116687863,
2015-04-29,17.133527289602185,17.54193145882085,17.133527289602185,17.392831524026732,
2015-04-30,17.340970677141826,17.340970677141826,16.52416233870449,16.848292631735184,
2015-05-04,16.316718951164855,16.93256650792316,16.316718951164855,16.556575368007564,
2015-05-05,16.316718951164855,16.316718951164855,16.219479863255646,16.264858104279938,
2015-05-06,16.316718951164855,16.323201557025467,15.908314781946183,16.316718951164855,
2015-05-07,15.953693022970484,16.316718951164855,15.940727811249257,15.973140840552318,
2015-05-08,15.908314781946183,15.908314781946183,15.908314781946183,15.908314781946183,
2015-05-11,15.707354000267154,15.707354000267154,15.337845466212169,15.590667094776114,
2015-05-12,15.707354000267154,15.908314781946183,15.707354000267154,15.908314781946183,
2015-05-14,16.316718951164855,16.705675302801684,16.316718951164855,16.686227485219835,
2015-05-15,17.094631654438505,17.094631654438505,16.329684162886082,16.72512312038352,
2015-05-18,16.72512312038352,16.72512312038352,16.115758169485826,16.420440644934665,
2015-05-20,16.316718951164855,17.1853881364871,16.219479863255646,17.062218625135436,
2015-05-21,16.40099282735283,17.133527289602185,16.40099282735283,17.062218625135436,
2015-05-22,17.54193145882085,17.91792259873645,17.54193145882085,17.91792259873645,
2015-05-25,17.950335628039518,17.950335628039518,17.580827093984542,17.59379230570577,
2015-05-26,17.17242292476587,17.37986631230551,17.17242292476587,17.37986631230551,
2015-05-27,17.749374846360496,17.749374846360496,17.133527289602185,17.133527289602185,
2015-05-28,16.78994917898966,17.133527289602185,16.770501361407817,17.133527289602185,
2015-05-29,16.72512312038352,16.770501361407817,16.62788403247431,16.634366638334928,
2015-06-01,16.62788403247431,16.686227485219835,16.62788403247431,16.686227485219835,
2015-06-02,17.055736019274818,17.055736019274818,16.78994917898966,16.78994917898966,
2015-06-03,16.56305797386818,16.72512312038352,16.478784097680197,16.72512312038352,
2015-06-04,16.316718951164855,16.64733185005616,16.316718951164855,16.375062403910377,
2015-06-05,16.582505791450018,16.62788403247431,16.316718951164855,16.62788403247431,
2015-06-08,15.973140840552318,16.72512312038352,15.973140840552318,16.459336280098356,
2015-06-09,17.114079472020343,17.114079472020343,16.316718951164855,16.550092762146953,
2015-06-10,16.64733185005616,17.373383706444898,16.485266703540805,17.269662012675074,
2015-06-11,17.89847478115461,18.131848592136713,17.54193145882085,18.0799877452518,
2015-06-12,18.300396344512663,18.968104748155884,17.645653152590675,18.0346095042275,
2015-06-15,17.866061751851543,18.935691718852816,17.950335628039518,18.916243901270974,
2015-06-16,18.968104748155884,18.968104748155884,18.443013673446167,18.63100924340397,
2015-06-17,18.35873979725819,18.559700578937218,18.177226833160997,18.177226833160997,
2015-06-18,17.950335628039518,18.05405732180934,17.846613934269705,17.937370416318295,
2015-06-19,17.43820976505103,17.46414018849349,17.04277080755359,17.04277080755359,
2015-06-22,17.010357778250526,17.891992175294,16.316718951164855,17.891992175294,
2015-06-23,17.645653152590675,17.950335628039518,17.54193145882085,17.548414064681467,
2015-06-24,18.235570285906526,18.235570285906526,17.399314129887355,17.470622794354107,
2015-06-25,17.133527289602185,17.340970677141826,16.73808833210475,17.04925341341421,
2015-06-26,17.133527289602185,17.89847478115461,17.133527289602185,17.89847478115461,
2015-06-29,18.793074389919312,18.793074389919312,18.15777901557916,18.183709439021616,
2015-06-30,18.25501810348837,19.091274259507543,18.235570285906526,19.091274259507543,
2015-07-01,20.037734715157157,20.037734715157157,18.767143966476855,19.16906552983491,
2015-07-02,19.214443770859205,19.57746969905358,18.767143966476855,18.968104748155884,
2015-07-03,19.17554813569552,19.17554813569552,18.767143966476855,18.767143966476855,
2015-07-06,18.365222403118803,18.72176572545256,18.25501810348837,18.72176572545256,
2015-07-07,18.15777901557916,18.196674650742846,17.788270481524176,17.911439992875835,
2015-07-08,17.950335628039518,18.352257191397573,17.911439992875835,18.021644292506274,
2015-07-09,17.554896670542078,18.15777901557916,17.54193145882085,17.671583576033132,
2015-07-10,17.54193145882085,17.54193145882085,17.54193145882085,17.54193145882085,
2015-07-13,17.133527289602185,17.418761947469196,17.094631654438505,17.256696800953847,
2015-07-14,17.140009895462796,18.11240077455487,17.140009895462796,17.911439992875835,
2015-07-15,18.073505139391184,18.15777901557916,17.827166116687863,17.937370416318295,
2015-07-16,18.35873979725819,18.35873979725819,17.768822663942334,17.768822663942334,
2015-07-22,17.768822663942334,18.6439744551252,17.54193145882085,18.05405732180934,
2015-07-23,17.866061751851543,18.955139536434654,17.866061751851543,18.955139536434654,
2015-07-24,19.784913086593214,19.784913086593214,18.378187614840034,18.85790044852545,
2015-07-27,18.728248331313182,18.728248331313182,17.91792259873645,17.91792259873645,
2015-07-28,18.352257191397573,18.352257191397573,17.66510097017252,17.989231263203205,
2015-07-29,17.930887810457683,18.760661360616243,17.930887810457683,17.97626605148198,
2015-07-30,18.27446592107021,18.27446592107021,17.54193145882085,17.73640963463927,
2015-07-31,18.131848592136713,17.548414064681467,17.38634891816612,17.451174976772258,
2015-08-03,17.340970677141826,17.340970677141826,16.73160572624413,17.243731589232624,
2015-08-04,17.54193145882085,17.54193145882085,17.133527289602185,17.54193145882085,
2015-08-05,17.399314129887355,17.950335628039518,17.399314129887355,17.950335628039518,
2015-08-06,17.866061751851543,18.15777901557916,17.133527289602185,17.950335628039518,
2015-08-07,18.35873979725819,18.844935236804222,18.02812689836689,18.151296409718544,
2015-08-10,18.728248331313182,18.728248331313182,17.755857452221107,18.352257191397573,
2015-08-11,18.35873979725819,19.052378624343856,18.35873979725819,18.82548741922238,
2015-08-12,18.82548741922238,19.758982663150768,18.82548741922238,19.52560885216867,
2015-08-13,19.538574063889897,19.862704356920585,19.17554813569552,19.24685680016228,
2015-08-17,18.82548741922238,18.851417842664837,18.397635432421875,18.443013673446167,
2015-08-18,17.950335628039518,19.363543705653324,17.950335628039518,19.363543705653324,
2015-08-19,20.193317255811884,20.329451978884773,19.68767399868401,20.329451978884773,
2015-08-20,20.60172142503055,20.763786571545896,19.94697823310856,20.044217321017772,
2015-08-21,19.583952304914188,19.622847940077875,19.04589601848325,19.389474129095785,
2015-08-24,18.870865660246672,18.870865660246672,18.423565855864332,18.423565855864332,
2015-08-25,17.522483641239013,18.35873979725819,17.522483641239013,18.008679080785047,
2015-08-26,17.749374846360496,18.31984416209451,17.340970677141826,17.44469237091165,
2015-08-27,18.15777901557916,18.313361556233893,17.749374846360496,18.235570285906526,
2015-08-28,17.956818233900137,19.14313510639246,17.807718299106018,18.015161686645662,
2015-08-31,18.35873979725819,18.365222403118803,17.54193145882085,17.846613934269705,
2015-09-01,17.950335628039518,18.0346095042275,16.952014325505004,17.943853022178907,
2015-09-02,18.151296409718544,18.838452630943603,17.833648722548475,18.838452630943603,
2015-09-03,19.357061099792713,19.77843048073261,19.052378624343856,19.66174357524156,
2015-09-04,20.186834649951273,20.60172142503055,18.682870090288876,20.556343184006256,
2015-09-07,21.01012559424922,21.01012559424922,19.538574063889897,20.42669106679399,
2015-09-08,20.40076064335153,21.01012559424922,19.642295757659717,20.070147744460225,
2015-09-09,19.583952304914188,20.381312825769683,19.583952304914188,20.024769503435927,
2015-09-10,19.992356474132855,20.186834649951273,19.992356474132855,19.992356474132855,
2015-09-11,19.992356474132855,19.992356474132855,19.804360904175063,19.804360904175063,
2015-09-14,19.052378624343856,20.3877954316303,18.870865660246672,19.03293080676202,
2015-09-15,19.499678428726213,19.499678428726213,18.80603960164054,18.80603960164054,
2015-09-16,18.300396344512663,18.955139536434654,18.300396344512663,18.955139536434654,
2015-09-17,18.605078819961513,19.376508917374554,18.559700578937218,18.708800513731333,
2015-09-18,19.48023061114437,19.48023061114437,18.35873979725819,18.760661360616243,
2015-09-22,18.767143966476855,18.767143966476855,18.559700578937218,18.559700578937218,
2015-09-23,18.559700578937218,18.7865917840587,18.559700578937218,18.767143966476855,
2015-09-28,18.968104748155884,18.968104748155884,18.968104748155884,18.767143966476855,
2015-09-29,18.520804943773538,18.520804943773538,17.950335628039518,17.950335628039518,
2015-09-30,18.15777901557916,18.747696148895017,18.15777901557916,18.15777901557916,
2015-10-01,18.462461491028012,18.585631002379674,18.35873979725819,18.378187614840034,
2015-10-02,18.767143966476855,18.767143966476855,18.404118038282487,18.59211360824029,
2015-10-05,18.767143966476855,19.091274259507543,18.682870090288876,18.682870090288876,
2015-10-06,18.462461491028012,19.583952304914188,18.462461491028012,19.337613282210867,
2015-10-07,18.98106995987711,19.376508917374554,18.968104748155884,19.214443770859205,
2015-10-08,18.446280906799917,19.545860512877223,18.446280906799917,18.839463917457866,
2015-10-09,19.365929304610024,19.745784077618552,19.365929304610024,19.67247877054673,
2015-10-12,19.79909702821624,19.859074097638636,19.679142889371448,19.832417622339797,
2015-10-13,19.339272829311184,20.21227239534832,19.339272829311184,19.79909702821624,
2015-10-14,20.03900530590584,20.03900530590584,19.892394691762195,20.03900530590584,
2015-10-15,20.138967088276498,20.15895944475063,19.919051167061042,20.03900530590584,
2015-10-16,20.185615920049475,20.618783643655693,19.79909702821624,20.21227239534832,
2015-10-19,20.03900530590584,20.03900530590584,19.79909702821624,19.839081741164506,
2015-10-20,20.15895944475063,20.15895944475063,19.752448196443265,19.779104671742104,
2015-10-21,20.03900530590584,20.765394257799326,20.03900530590584,20.63211188130511,
2015-10-22,21.49178320969283,21.49178320969283,20.89201251546884,20.912004871942973,
2015-10-26,20.765394257799326,21.19189786258083,20.66543247542867,20.66543247542867,
2015-10-28,20.305570058894276,20.332226534193122,20.305570058894276,20.332226534193122,
2015-10-29,21.24521081317852,21.24521081317852,20.03900530590584,20.312234177718988,
2015-10-30,19.699135245845575,21.318516120250337,19.699135245845575,20.458844791862624,
2015-11-02,19.612501701124334,20.278913583595426,19.612501701124334,20.03900530590584,
2015-11-03,20.03900530590584,20.03900530590584,19.752448196443265,19.79909702821624,
2015-11-04,19.79909702821624,19.79909702821624,19.51253991875367,19.55918875052665,
2015-11-05,20.15895944475063,20.15895944475063,19.319280472837054,19.37259342343474,
2015-11-06,19.319280472837054,19.79243290939153,19.319280472837054,19.319280472837054,
2015-11-09,19.319280472837054,19.625829938773755,18.39963207502694,18.6795250656648,
2015-11-10,18.82613567980844,18.832799798633154,18.82613567980844,18.832799798633154,
2015-11-11,18.832799798633154,18.95275393747795,18.832799798633154,18.95275393747795,
2015-11-12,19.39924989873358,19.899058810586908,19.305952235187632,19.899058810586908,
2015-11-13,20.138967088276498,20.89201251546884,19.84574585998922,20.49216538598618,
2015-11-16,20.765394257799326,20.765394257799326,19.92571528588575,20.19228003887419,
2015-11-17,19.365929304610024,20.278913583595426,19.192662215167545,19.525868156403096,
2015-11-18,19.265967522239364,19.319280472837054,18.832799798633154,18.859456273932,
2015-11-19,18.832799798633154,19.319280472837054,18.832799798633154,19.006066888075644,
2015-11-20,18.832799798633154,19.07270807632275,18.832799798633154,18.859456273932,
2015-11-23,19.2859598787135,19.319280472837054,18.832799798633154,18.832799798633154,
2015-11-24,18.832799798633154,18.832799798633154,17.893159044348906,18.106410846739664,
2015-11-25,17.579945459587492,18.059762014966683,17.579945459587492,18.013113183193706,
2015-11-26,17.986456707894867,18.91276922452969,17.72655607373114,18.273013817357434,
2015-11-27,17.96646435142074,18.346319124429257,17.96646435142074,18.299670292656277,
2015-11-30,18.472937382098756,18.472937382098756,17.386686013670882,17.386686013670882,
2015-12-01,17.599937816061626,17.599937816061626,16.52035056645845,16.52035056645845,
2015-12-02,17.333373063073193,17.333373063073193,15.693999832194294,16.000549298131002,
2015-12-03,15.933908109883886,16.420388784087784,15.81395397103909,15.967228704007445,
2015-12-04,15.987221060481582,16.320427001717118,15.81395397103909,15.933908109883886,
2015-12-07,15.60070216864834,15.700663951019004,15.454091554504705,15.554053336875368,
2015-12-08,15.60070216864834,15.647351000421319,15.214183276815104,15.354129772134037,
2015-12-09,15.547389218050654,15.693999832194294,15.334137415659908,15.400778603907012,
2015-12-10,15.547389218050654,15.560717455700077,15.220847395639813,15.52739686157652,
2015-12-11,15.647351000421319,16.18048050639819,15.454091554504705,15.847274565162644,
2015-12-14,15.853938683987355,15.88725927811091,15.054244425022043,15.194190920340976,
2015-12-15,14.727702602611204,15.380786247432875,14.434481374323928,14.441145493148635,
2015-12-16,14.581091988467563,14.581091988467563,14.101275433088379,14.407824899025082,
2015-12-17,14.427817255499209,14.914297929703109,14.427817255499209,14.62107670141583,
2015-12-18,14.634404939065254,14.721038483786495,14.247886047232015,14.421153136674507,
2015-12-21,14.487794324921609,14.89430557322898,14.441145493148635,14.82766438498187,
2015-12-22,14.82766438498187,15.214183276815104,14.734366721435915,15.147542088568002,
2015-12-23,14.967610880300796,15.427435079205855,14.967610880300796,15.147542088568002,
2015-12-28,15.067572662671468,15.440763316855275,15.040916187372623,15.380786247432875,
2015-12-29,15.440763316855275,15.787297495740246,15.047580306197332,15.454091554504705,
2015-12-30,15.454091554504705,15.47408391097883,15.16753444504213,15.227511514464528,
2015-12-31,14.967610880300796,15.454091554504705,14.967610880300796,15.194190920340976,
2016-01-01,15.234175633289237,15.32080917801048,15.127549732093863,15.194190920340976,
2016-01-04,15.067572662671468,15.214183276815104,14.89430557322898,14.980939117950216,
2016-01-05,14.487794324921609,15.214183276815104,14.487794324921609,14.974274999125509,
2016-01-06,14.514450800220457,15.454091554504705,14.514450800220457,15.040916187372623,
2016-01-07,14.860984979105421,15.234175633289237,14.774351434384183,14.814336147332451,
2016-01-08,14.774351434384183,14.967610880300796,14.601084344941697,14.807672028507737,
2016-01-11,14.727702602611204,14.774351434384183,14.514450800220457,14.5411072755193,
2016-01-12,14.321191354303838,14.387832542550948,14.147924264861354,14.274542522530863,
2016-01-13,14.607748463766407,14.607748463766407,14.181244858984908,14.274542522530863,
2016-01-14,14.00131365071771,14.00131365071771,13.561481808286793,13.561481808286793,
2016-01-15,13.908015987171758,13.908015987171758,12.888405806990981,12.928390519939246,
2016-01-18,12.555199865755434,13.035016421134621,12.281970993942286,12.755123430496765,
2016-01-19,12.795108143445031,13.32823764942191,12.701810479899077,13.308245292947776,
2016-01-20,12.848421094042719,13.27492469882422,12.795108143445031,12.988367589361646,
2016-01-21,13.161634678804132,13.281588817648931,13.035016421134621,13.161634678804132,
2016-01-22,13.161634678804132,13.474848263565548,13.281588817648931,13.42819943179257,
2016-01-25,13.668107709482165,13.668107709482165,13.281588817648931,13.534825332987944,
2016-01-26,13.561481808286793,13.561481808286793,13.048344658784044,13.42819943179257,
2016-01-27,13.521497095338525,13.64145123418332,13.401542956493728,13.474848263565548,
2016-01-28,13.181627035278268,13.401542956493728,13.035016421134621,13.228275867051241,
2016-01-29,13.228275867051241,13.35489412472075,13.06167289643347,13.101657609381736,
2016-02-01,13.041680539959334,13.608130640059764,13.041680539959334,13.468184144740839,
2016-02-02,13.468184144740839,13.861367155398785,13.228275867051241,13.514832976513812,
2016-02-03,13.281588817648931,13.714756541255136,13.228275867051241,13.64145123418332,
2016-02-04,13.861367155398785,14.321191354303838,13.761405373028113,14.321191354303838,
2016-02-08,14.494458443746323,14.840992622631292,14.441145493148635,14.614412582591118,
2016-02-09,14.601084344941697,14.601084344941697,14.247886047232015,14.321191354303838,
2016-02-10,13.967993056594155,14.341183710777967,13.861367155398785,13.95466481894474,
2016-02-11,13.768069491852827,13.861367155398785,13.474848263565548,13.528161214163234,
2016-02-12,13.401542956493728,13.514832976513812,13.161634678804132,13.301581174123065,
2016-02-15,13.514832976513812,13.967993056594155,13.514832976513812,13.568145927111502,
2016-02-16,13.70809242243043,13.74141301655399,13.114985847031157,13.294917055298345,
2016-02-17,13.281588817648931,13.514832976513812,13.281588817648931,13.361558243545462,
2016-02-18,13.74141301655399,13.74141301655399,13.13497820350529,13.161634678804132,
2016-02-19,12.555199865755434,13.00835994583578,12.555199865755434,12.895069925815694,
2016-02-22,13.035016421134621,13.34823000589604,12.25531451864344,12.261978637468152,
2016-02-23,11.655543824419455,11.928772696232603,11.655543824419455,11.80881855738781,
2016-02-24,12.068719191551535,12.075383310376248,11.742177369140702,11.935436815057315,
2016-02-25,12.1686809739222,12.1686809739222,11.828810913861942,11.835475032686652,
2016-02-26,11.255696694936798,11.928772696232603,11.255696694936798,11.848803270336075,
2016-02-29,11.828810913861942,11.928772696232603,11.708856775017146,11.828810913861942,
2016-03-01,11.828810913861942,12.122032142149223,11.828810913861942,12.075383310376248,
2016-03-02,12.075383310376248,12.075383310376248,11.708856775017146,12.068719191551535,
2016-03-03,12.022070359778558,12.122032142149223,11.948765052706737,12.055390953902112,
2016-03-04,12.075383310376248,12.555199865755434,11.948765052706737,12.401925132787085,
2016-03-07,12.315291588065843,12.675154004600229,12.315291588065843,12.63516929165197,
2016-03-08,12.315291588065843,12.548535746930723,12.21532980569518,12.261978637468152,
2016-03-09,12.195337449221045,12.315291588065843,12.122032142149223,12.27530687511758,
2016-03-10,12.461902202209481,12.461902202209481,11.975421528005583,12.028734478603269,
2016-03-11,11.46894849732755,12.60184869752841,11.46894849732755,12.082047429200959,
2016-03-14,12.075383310376248,12.281970993942286,12.075383310376248,12.182009211571623,
2016-03-15,12.075383310376248,12.241986280994022,11.98208564683029,12.068719191551535,
2016-03-16,11.855467389160783,12.075383310376248,11.855467389160783,12.075383310376248,
2016-03-17,11.975421528005583,12.075383310376248,11.95542917153145,11.975421528005583,
2016-03-18,11.375650833781595,12.075383310376248,11.588902636172351,11.6822002997183,
2016-03-21,11.828810913861942,11.948765052706737,11.828810913861942,11.875459745634918,
2016-03-22,11.635551467945325,11.922108577407894,11.588902636172351,11.648879705594748,
2016-03-24,11.902116220933761,11.915444458583181,11.635551467945325,11.735513250315986,
2016-03-25,11.655543824419455,11.828810913861942,11.648879705594748,11.828810913861942,
2016-03-28,11.948765052706737,12.408589251611792,11.948765052706737,12.315291588065843,
2016-03-29,12.461902202209481,12.461902202209481,12.122032142149223,12.135360379798648,
2016-03-30,12.122032142149223,12.361940419838819,12.122032142149223,12.361940419838819,
2016-03-31,12.408589251611792,12.60184869752841,12.388596895137663,12.548535746930723,
2016-04-01,12.555199865755434,12.775115786970897,12.315291588065843,12.528543390456592,
2016-04-04,12.321955706890556,12.748459311672052,12.321955706890556,12.748459311672052,
2016-04-05,12.775115786970897,12.821764618743872,12.561863984580148,12.60184869752841,
2016-04-06,12.748459311672052,12.968375232887512,12.675154004600229,12.748459311672052,
2016-04-07,12.755123430496765,13.20828351057711,12.755123430496765,13.114985847031157,
2016-04-08,13.281588817648931,13.761405373028113,13.20828351057711,13.581474164760921,
2016-04-11,13.474848263565548,13.494840620039678,13.035016421134621,13.088329371732309,
2016-04-12,12.895069925815694,13.281588817648931,12.895069925815694,13.281588817648931,
2016-04-13,13.248268223525374,13.281588817648931,12.921726401114535,12.988367589361646,
2016-04-14,13.27492469882422,13.434863550617282,13.161634678804132,13.19495527292769,
2016-04-15,13.494840620039678,13.614794758884477,13.334901768246619,13.521497095338525,
2016-04-18,13.088329371732309,13.521497095338525,13.088329371732309,13.254932342350086,
2016-04-19,13.06833701525818,13.754741254203406,13.06833701525818,13.35489412472075,
2016-04-20,13.401542956493728,13.448191788266703,13.281588817648931,13.301581174123065,
2016-04-21,13.35489412472075,13.961328937769446,13.35489412472075,13.441527669441994,
2016-04-22,13.761405373028113,13.761405373028113,13.414871194143146,13.474848263565548,
2016-04-25,13.521497095338525,13.521497095338525,13.161634678804132,13.254932342350086,
2016-04-26,13.474848263565548,13.521497095338525,13.048344658784044,13.161634678804132,
2016-04-27,13.161634678804132,13.761405373028113,13.161634678804132,13.40820707531844,
2016-04-28,13.521497095338525,13.514832976513812,13.281588817648931,13.448191788266703,
2016-04-29,13.421535312967864,13.474848263565548,13.035016421134621,13.168298797628847,
2016-05-02,13.374886481194881,13.374886481194881,13.035016421134621,13.241604104700665,
2016-05-03,13.294917055298345,13.294917055298345,13.108321728206446,13.128314084680579,
2016-05-04,13.281588817648931,13.281588817648931,13.13497820350529,13.13497820350529,
2016-05-05,13.161634678804132,13.401542956493728,13.041680539959334,13.214947629401818,
2016-05-06,13.13497820350529,13.181627035278268,13.06167289643347,13.108321728206446,
2016-05-09,13.035016421134621,13.281588817648931,13.035016421134621,13.228275867051241,
2016-05-10,13.228275867051241,13.714756541255136,13.228275867051241,13.40820707531844,
2016-05-11,13.421535312967864,13.521497095338525,13.32823764942191,13.341565887071331,
2016-05-12,13.521497095338525,14.007977769542421,13.521497095338525,14.007977769542421,
2016-05-13,14.487794324921609,14.487794324921609,13.881359511872912,13.967993056594155,
2016-05-16,14.074618957789536,14.074618957789536,13.761405373028113,13.761405373028113,
2016-05-17,13.814718323625803,14.034634244841264,13.688100065956295,13.761405373028113,
2016-05-18,13.761405373028113,13.974657175418866,13.521497095338525,13.861367155398785,
2016-05-19,13.881359511872912,13.881359511872912,13.621458877709191,13.688100065956295,
2016-05-20,13.761405373028113,14.00131365071771,13.521497095338525,13.788061848326958,
2016-05-23,13.808054204801094,13.808054204801094,13.648115353008029,13.754741254203406,
2016-05-24,13.761405373028113,13.761405373028113,13.521497095338525,13.64145123418332,
2016-05-25,13.568145927111502,13.754741254203406,13.548153570637364,13.614794758884477,
2016-05-26,13.714756541255136,13.714756541255136,13.401542956493728,13.474848263565548,
2016-05-27,13.494840620039678,13.614794758884477,13.474848263565548,13.541489451812655,
2016-05-30,13.35489412472075,13.521497095338525,13.35489412472075,13.514832976513812,
2016-05-31,13.494840620039678,13.64145123418332,13.334901768246619,13.50150473886439,
2016-06-01,13.521497095338525,13.521497095338525,13.334901768246619,13.421535312967864,
2016-06-02,13.521497095338525,13.521497095338525,13.301581174123065,13.368222362370172,
2016-06-03,13.521497095338525,13.568145927111502,13.32823764942191,13.441527669441994,
2016-06-06,13.521497095338525,13.521497095338525,13.401542956493728,13.474848263565548,
2016-06-07,13.35489412472075,13.448191788266703,13.281588817648931,13.368222362370172,
2016-06-08,13.288252936473642,13.474848263565548,13.288252936473642,13.441527669441994,
2016-06-09,13.20828351057711,13.281588817648931,13.20828351057711,13.228275867051241,
2016-06-10,13.228275867051241,13.281588817648931,13.088329371732309,13.088329371732309,
2016-06-13,12.915062282289822,13.181627035278268,12.915062282289822,13.14830644115471,
2016-06-14,12.608512816353125,13.27492469882422,13.035016421134621,13.094993490557025,
2016-06-15,13.035016421134621,13.254932342350086,12.655161648126095,13.035016421134621,
2016-06-16,12.821764618743872,13.015024064660492,12.821764618743872,12.928390519939246,
2016-06-17,12.988367589361646,12.988367589361646,12.795108143445031,12.861749331692138,
2016-06-20,12.701810479899077,12.795108143445031,12.368604538663531,12.51521515280717,
2016-06-21,12.555199865755434,12.581856341054278,12.435245726910638,12.481894558683619,
2016-06-22,12.748459311672052,12.748459311672052,12.528543390456592,12.621841054002546,
2016-06-23,12.528543390456592,12.668489885775521,12.528543390456592,12.58852045987899,
2016-06-24,12.555199865755434,12.555199865755434,12.268642756292866,12.508551033982455,
2016-06-27,12.555199865755434,12.555199865755434,12.508551033982455,12.528543390456592,
2016-06-28,12.481894558683619,12.555199865755434,12.022070359778558,12.308627469241127,
2016-06-29,12.72180283637321,12.795108143445031,12.435245726910638,12.655161648126095,
2016-06-30,12.555199865755434,12.748459311672052,12.555199865755434,12.615176935177834,
2016-07-04,12.555199865755434,12.948382876413381,12.555199865755434,12.935054638763958,
2016-07-11,12.655161648126095,12.935054638763958,12.655161648126095,12.881741688166269,
2016-07-12,12.895069925815694,13.13497820350529,12.795108143445031,12.828428737568585,
2016-07-13,12.895069925815694,13.035016421134621,12.895069925815694,13.015024064660492,
2016-07-14,13.035016421134621,13.035016421134621,12.988367589361646,13.035016421134621,
2016-07-15,13.035016421134621,13.448191788266703,12.941718757588674,13.301581174123065,
2016-07-18,13.228275867051241,13.521497095338525,13.228275867051241,13.474848263565548,
2016-07-19,13.381550600019596,13.64145123418332,13.374886481194881,13.488176501214964,
2016-07-20,13.521497095338525,13.521497095338525,13.45485590709141,13.488176501214964,
2016-07-21,13.521497095338525,14.161252502510777,13.448191788266703,14.054626601315404,
2016-07-22,14.247886047232015,14.341183710777967,14.007977769542421,14.141260146036647,
2016-07-25,14.367840186076812,14.387832542550948,14.127931908387218,14.127931908387218,
2016-07-26,14.247886047232015,14.247886047232015,14.00131365071771,14.147924264861354,
2016-07-27,14.074618957789536,14.19457309663433,14.00131365071771,14.007977769542421,
2016-07-28,14.007977769542421,14.007977769542421,13.761405373028113,13.948000700120021,
2016-07-29,14.027970126016555,14.127931908387218,13.91468010599647,14.007977769542421,
2016-08-01,14.00131365071771,14.247886047232015,13.934672462470603,14.00131365071771,
2016-08-02,14.00131365071771,14.00131365071771,13.808054204801094,13.98132129424358,
2016-08-03,13.761405373028113,13.974657175418866,13.714756541255136,13.848038917749358,
2016-08-04,13.948000700120021,14.534443156694591,13.788061848326958,14.534443156694591,
2016-08-05,14.727702602611204,15.214183276815104,14.721038483786495,14.887641454404264,
2016-08-08,14.87431321675485,14.96094676147609,14.387832542550948,14.421153136674507,
2016-08-09,14.487794324921609,14.867649097930132,14.441145493148635,14.687717889662942,
2016-08-10,14.940954405001959,14.940954405001959,14.534443156694591,14.67438965201352,
2016-08-11,14.534443156694591,14.67438965201352,14.441145493148635,14.461137849622768,
2016-08-12,14.70104612731236,14.727702602611204,14.387832542550948,14.414489017849796,
2016-08-15,14.561099631993434,15.134213850918572,14.487794324921609,15.134213850918572,
2016-08-16,15.840610446337928,15.88725927811091,15.120885613269149,15.247503870938662,
2016-08-17,15.400778603907012,15.427435079205855,14.967610880300796,15.014259712073777,
2016-08-18,15.067572662671468,15.32080917801048,14.727702602611204,14.847656741456003,
2016-08-19,14.920962048527823,15.58070981217421,14.774351434384183,15.58070981217421,
2016-08-22,15.893923396935621,16.12716755580051,16.12716755580051,16.36041171466539,
2016-08-23,16.846892388869286,17.140113617156572,16.427052902912497,16.680289418251515,
2016-08-24,16.733602368849205,16.853556507693998,16.193808744047615,16.480365853510186,
2016-08-25,16.420388784087784,16.94685417123995,16.300434645242994,16.826900032395148,
2016-08-26,17.13344949833186,17.666579004308737,17.04681595361062,17.666579004308737,
2016-08-29,18.05309789614197,18.159723797337353,17.40667837014501,17.54662486546394,
2016-08-30,17.74654843020527,17.74654843020527,16.913533577116397,17.006831240662354,
2016-08-31,17.140113617156572,17.380021894846163,16.75359472532334,17.126785379507147,
2016-09-01,17.020159478311776,17.36002953837203,16.900205339466975,16.966846527714083,
2016-09-02,16.9735106465388,17.80652549962766,16.880212982992834,17.26006775600137,
2016-09-05,17.386686013670882,17.7665407866794,17.04681595361062,17.080136547734174,
2016-09-06,17.333373063073193,17.340037181897898,17.00016712183764,17.033487715961197,
2016-09-07,17.020159478311776,17.579945459587492,17.020159478311776,17.41334248896972,
2016-09-08,17.43333484544385,17.579945459587492,17.00016712183764,17.07347242890946,
2016-09-09,17.020159478311776,17.526632508989806,17.020159478311776,17.36669365719674,
2016-09-15,17.386686013670882,17.499976033690963,17.120121260682442,17.146777735981285,
2016-09-16,17.06014419126004,17.999784945544285,17.05348007243533,17.973128470245438,
2016-09-19,18.199708510285614,18.58622740211885,17.380021894846163,17.606601934886342,
2016-09-20,17.846510212575932,18.206372629110326,17.246739518351948,17.866502569050063,
2016-09-21,17.986456707894867,17.986456707894867,17.093464785383592,17.15344185480599,
2016-09-22,17.386686013670882,18.006449064368994,17.386686013670882,18.006449064368994,
2016-09-23,18.472937382098756,18.906105105704974,18.22636498558446,18.906105105704974,
2016-09-26,19.21265457164168,19.84574585998922,19.21265457164168,19.84574585998922,
2016-09-27,20.485501267161467,20.838699564871153,20.15895944475063,20.838699564871153,
2016-09-28,21.49178320969283,21.878302101526053,21.24521081317852,21.878302101526053,
2016-09-29,22.2115080427616,22.697988716965504,21.0519513672619,21.445134377919846,
2016-09-30,21.82498915092837,21.82498915092837,20.79205073309817,20.92533310959239,
2016-10-03,20.858691921345287,21.478454972043398,20.118974731802364,20.265585345946008,
2016-10-04,20.278913583595426,21.271867288477363,20.278913583595426,21.271867288477363,
2016-10-05,21.731691487382417,21.964935646247298,20.525485980109732,20.63211188130511,
2016-10-06,20.572134811882712,20.958653703715946,20.37887536596609,20.525485980109732,
2016-10-07,20.618783643655693,21.345172595549183,20.525485980109732,20.83203544604644,
2016-10-10,20.765394257799326,21.731691487382417,20.618783643655693,21.305187882600915,
2016-10-13,21.24521081317852,21.471790853218685,20.59879128718156,20.69875306955222,
2016-10-14,20.62544776248039,21.005302535488926,20.405531841264935,20.678760713078088,
2016-10-17,20.572134811882712,21.24521081317852,20.572134811882712,20.931997228417107,
2016-10-18,20.96531782254066,21.24521081317852,20.66543247542867,21.025294891963057,
2016-10-19,21.24521081317852,21.758347962681256,21.105264317859586,21.5384320414658,
2016-10-20,22.101782374295766,22.170936887356763,21.797502516827365,21.977304250785963,
2016-10-21,21.797502516827365,21.92198064033716,21.797502516827365,21.804417968133464,
2016-10-24,22.046458763846967,22.046458763846967,21.320336376706457,21.458645402828463,
2016-10-25,20.822423882667255,21.54163081850166,20.38675045038295,20.552721281729355,
2016-10-26,19.854260699813253,20.41441225560735,19.556896293650944,19.68828986846685,
2016-10-27,19.79202163805835,19.79202163805835,18.70629578300064,18.73395758822504,
2016-10-28,18.595648562103037,19.39092546230454,18.04241245761504,19.052068348305646,
2016-10-31,19.045152896999536,19.529234488426543,19.045152896999536,19.190377374427644,
2016-11-01,18.789281198673844,20.15162510597555,18.789281198673844,20.130878752057246,
2016-11-02,21.13361919144176,21.13361919144176,20.296849583403656,20.62879124609645,
2016-11-03,20.172371459893853,20.39366590168905,19.944161566792552,20.08247059291455,
2016-11-04,19.992569725935248,21.085211032299053,19.992569725935248,20.66336850262695,
2016-11-07,20.545805830423255,20.787846626136755,20.25535687556705,20.296849583403656,
2016-11-08,20.324511388628046,20.794762077442858,19.695205319772953,19.957992469404747,
2016-11-09,19.54306539103875,20.172371459893853,19.54306539103875,20.027146982465748,
2016-11-10,20.248441424260953,20.44207406083175,20.047893336384053,20.137794203363352,
2016-11-11,20.047893336384053,20.248441424260953,19.944161566792552,19.957992469404747,
2016-11-14,20.19311781381215,20.73943846699406,19.847345248507146,19.985654274629148,
2016-11-15,19.868091602425448,20.545805830423255,19.32868640054964,19.591473550181448,
2016-11-16,19.54306539103875,19.79202163805835,19.494657231896046,19.591473550181448,
2016-11-17,19.418587267528938,19.764359832833946,19.418587267528938,19.418587267528938,
2016-11-18,19.045152896999536,19.54306539103875,19.045152896999536,19.27336279010084,
2016-11-21,19.294109144019142,19.96490792071085,19.10047650744834,19.418587267528938,
2016-11-22,19.11430741006054,20.38675045038295,19.11430741006054,20.38675045038295,
2016-11-23,20.787846626136755,21.244266412339357,20.248441424260953,20.68411485654526,
2016-11-24,20.44207406083175,20.843170236585557,20.296849583403656,20.504313122586648,
2016-11-25,20.67028395393306,20.98839471401366,20.44207406083175,20.642622148708657,
2016-11-28,21.285759120175957,21.645362588093167,20.995310165319758,21.389490889767462,
2016-11-29,21.299590022788156,21.389490889767462,20.870832041809955,20.898493847034356,
2016-11-30,20.870832041809955,20.697945759157456,20.44207406083175,20.504313122586648,
2016-12-01,20.794762077442858,20.919240200952654,20.172371459893853,20.296849583403656,
2016-12-02,20.296849583403656,20.490482219974453,20.096301495526745,20.19311781381215,
2016-12-05,20.67028395393306,21.19585825319666,20.538890379117152,20.80859298005506,
2016-12-06,21.043718324462453,21.368744535849157,20.960732908789257,21.009141067931957,
2016-12-07,21.292674571482056,21.444814500216264,20.822423882667255,21.27192821756376,
2016-12-08,20.946902006177055,21.258097314951556,20.82933933397336,21.009141067931957,
2016-12-09,21.043718324462453,21.52088446458336,20.538890379117152,20.60804489217815,
2016-12-13,20.67028395393306,20.67028395393306,19.584558098875345,19.646797160630246,
2016-12-14,19.16963102050934,20.096301495526745,19.16963102050934,19.93033066418035,
2016-12-15,20.047893336384053,20.269187778179248,19.91649976156815,20.040977885077954,
2016-12-16,20.144709654669455,20.144709654669455,20.047893336384053,20.047893336384053,
2016-12-19,20.047893336384053,20.296849583403656,19.418587267528938,19.695205319772953,
2016-12-20,20.02023153115965,20.677199405239158,19.79202163805835,20.061724238996252,
2016-12-21,20.047893336384053,20.172371459893853,19.54306539103875,19.62605080671195,
2016-12-22,19.674458965854647,19.944161566792552,19.39092546230454,19.411671816222846,
2016-12-23,19.695205319772953,20.047893336384053,19.370179108386242,19.89575340764985,
2016-12-26,19.695205319772953,20.03406243377185,19.667543514548548,20.01331607985355,
2016-12-27,20.248441424260953,20.269187778179248,19.695205319772953,19.97182337201695,
2016-12-28,19.729782576303453,20.03406243377185,19.729782576303453,19.91649976156815,
2016-12-29,20.172371459893853,20.19311781381215,19.944161566792552,20.00640062854745,
2016-12-30,20.28301868079145,20.898493847034356,19.95107701809865,20.15854055728165,
2017-01-02,20.096301495526745,20.39366590168905,20.047893336384053,20.310680486015855,
2017-01-03,20.545805830423255,21.320336376706457,20.421327706913456,21.320336376706457,
2017-01-04,21.797502516827365,22.302330462172673,21.05063377576856,22.004966056010367,
2017-01-05,22.302330462172673,23.10452281368027,22.295415010866567,23.10452281368027,
2017-01-06,23.554027148576775,24.252487730492884,23.554027148576775,24.252487730492884,
2017-01-09,24.805723834980885,25.23448181595909,23.80298339559638,24.06577054522818,
2017-01-10,24.300895889635587,25.10308824114319,23.75457523645368,24.81955473759309,
2017-01-11,25.006271922857778,25.746225212610486,24.681245711471092,25.17915820551028,
2017-01-12,25.40736809861159,26.00901236224229,25.255228169877388,25.580254381264094,
2017-01-13,26.707472944158397,26.707472944158397,24.681245711471092,24.874878348041886,
2017-01-16,24.30781134094169,25.027018276776083,24.23174137657458,24.390796756614883,
2017-01-17,24.30781134094169,24.453035818369777,23.17367732674128,23.17367732674128,
2017-01-18,22.84865111535457,23.80298339559638,22.35073862131537,23.305070901557176,
2017-01-19,23.75457523645368,23.85139155473908,23.429549025066976,23.574773502495074,
2017-01-20,23.678505272086575,23.80298339559638,23.201339131965668,23.616266210331673,
2017-01-23,24.252487730492884,24.342388597472187,23.85139155473908,24.01044693477938,
2017-01-24,23.80298339559638,24.058855093922077,23.554027148576775,23.657758918168277,
2017-01-25,23.920546067800085,24.300895889635587,23.429549025066976,23.540196245964584,
2017-01-26,23.10452281368027,23.678505272086575,23.056114654537573,23.547111697270676,
2017-01-27,24.04502419130988,24.155671412207482,23.429549025066976,23.519449892046275,
2017-01-30,23.325817255475474,23.325817255475474,22.35073862131537,22.51670945266177,
2017-01-31,22.302330462172673,23.180592778047377,22.046458763846967,22.68959573531427,
2017-02-01,23.401887219842582,23.429549025066976,22.84865111535457,23.194423680659572,
2017-02-02,23.305070901557176,23.50561898943408,22.578948514416663,22.765665699681367,
2017-02-03,22.558202160498364,22.80024295621187,22.053374215153067,22.371484975233667,
2017-02-06,22.55128670919227,23.049199203231467,22.302330462172673,22.558202160498364,
2017-02-07,22.80024295621187,22.876312920578968,22.170936887356763,22.54437125788617,
2017-02-08,22.55128670919227,23.450295378985274,22.42680858568247,22.807158407517967,
2017-02-09,22.57203306311057,23.049199203231467,22.55128670919227,22.558202160498364,
2017-02-10,22.599694868334968,22.675764832702075,22.247006851723867,22.302330462172673,
2017-02-13,22.55128670919227,23.408802671148678,22.55128670919227,23.408802671148678,
2017-02-14,23.796067944290275,24.24557227918678,23.554027148576775,23.858307006045184,
2017-02-15,24.051939642615988,24.051939642615988,22.82790476143627,23.22900093719008,
2017-02-16,23.547111697270676,24.02427783739158,23.049199203231467,23.588604405107272,
2017-02-17,23.75457523645368,23.885968811269578,23.152930972822972,23.215170034577866,
2017-02-20,23.602435307719478,24.37696585400268,22.212429595193367,22.73800389445697,
2017-02-21,23.049199203231467,23.450295378985274,22.157105984744565,22.502878550049566,
2017-02-22,22.558202160498364,22.599694868334968,21.403321792379653,21.576208075032156,
2017-02-23,21.797502516827365,21.797502516827365,20.642622148708657,21.31342092540036,
2017-02-24,21.54854626980776,21.54854626980776,21.043718324462453,21.13361919144176,
2017-02-27,20.919240200952654,21.119788288829557,20.144709654669455,20.213864167730453,
2017-02-28,20.172371459893853,20.545805830423255,19.944161566792552,20.040977885077954,
2017-03-01,20.545805830423255,21.036802873156354,20.545805830423255,20.97456381140146,
2017-03-02,21.500138110665063,21.797502516827365,21.299590022788156,21.534715367195563,
2017-03-03,21.54854626980776,21.749094357684662,21.299590022788156,21.54854626980776,
2017-03-06,21.749094357684662,21.749094357684662,21.299590022788156,21.299590022788156,
2017-03-07,20.697945759157456,21.52088446458336,20.697945759157456,21.085211032299053,
2017-03-08,21.299590022788156,21.299590022788156,20.88466294442216,21.022971970544155,
2017-03-09,21.043718324462453,21.071380129686858,20.718692113075758,20.85008568789166,
2017-03-10,20.345257742546348,20.67028395393306,20.345257742546348,20.504313122586648,
2017-03-13,20.67028395393306,21.043718324462453,20.296849583403656,20.324511388628046,
2017-03-14,20.372919547770753,20.372919547770753,19.549980842344848,19.99948517724135,
2017-03-15,20.289934132097557,20.289934132097557,19.556896293650944,20.040977885077954,
2017-03-16,20.601129440872057,20.601129440872057,20.03406243377185,20.262272326873155,
2017-03-17,20.981479262707555,20.981479262707555,20.23461052164875,20.248441424260953,
2017-03-20,20.33834229124025,20.317595937321954,19.97182337201695,20.08247059291455,
2017-03-21,19.992569725935248,20.289934132097557,19.992569725935248,20.23461052164875,
2017-03-22,20.262272326873155,21.244266412339357,20.11013239813895,20.774015723524556,
2017-03-24,20.767100272218453,21.54163081850166,20.767100272218453,21.036802873156354,
2017-03-27,21.14053464274786,21.14053464274786,20.66336850262695,20.822423882667255,
2017-03-28,21.13361919144176,21.13361919144176,20.614960343484256,20.66336850262695,
2017-03-29,20.504313122586648,20.767100272218453,20.248441424260953,20.476651317362254,
2017-03-30,20.23461052164875,20.289934132097557,19.70903622238515,19.847345248507146,
2017-03-31,19.715951673691247,19.97182337201695,19.16963102050934,19.36326365708014,
2017-04-03,19.68828986846685,20.23461052164875,19.68828986846685,19.715951673691247,
2017-04-04,20.23461052164875,20.33834229124025,19.70903622238515,20.11013239813895,
2017-04-05,20.23461052164875,20.33834229124025,19.702120771079045,19.93724611548645,
2017-04-06,20.23461052164875,20.23461052164875,19.785106186752248,19.97182337201695,
2017-04-07,19.840429797201047,19.840429797201047,19.44624907275335,19.639881709324147,
2017-04-10,19.598389001487547,19.646797160630246,19.32868640054964,19.425502718835045,
2017-04-11,19.16963102050934,19.224954630958145,19.01057564046904,19.065899250917848,
2017-04-12,19.16963102050934,19.224954630958145,19.01057564046904,19.052068348305646,
2017-04-13,19.155800117897147,19.16963102050934,18.906843870877545,19.086645604836143,
2017-04-14,19.162715569203247,19.162715569203247,18.79619664997994,18.810027552592143,
2017-04-17,18.906843870877545,18.906843870877545,17.973257944554035,18.04241245761504,
2017-04-18,18.097736068063835,18.187636935043137,17.841864369738133,17.945596139329634,
2017-04-19,17.57907722010633,18.374354120307835,17.44768364529043,18.305199607246834,
2017-04-20,17.924849785411336,19.218039179652045,17.924849785411336,18.98982928655074,
2017-04-21,19.11430741006054,19.93724611548645,19.11430741006054,19.93724611548645,
2017-04-24,20.545805830423255,20.66336850262695,18.95525203002024,19.045152896999536,
2017-04-25,19.27336279010084,18.87918206565314,18.63714126993964,18.82385845520434,
2017-04-26,18.64405672124575,18.830773906510437,18.429677730756634,18.471170438593237,
2017-04-27,18.61639491602134,18.74087303953114,18.159975129818736,18.45733953598104,
2017-04-28,18.505747695123738,18.768534844755543,17.572161768800232,17.779625307983235,
2017-05-02,17.786540759289334,18.097736068063835,17.33012097308673,17.54449996357583,
2017-05-03,17.357782778311126,17.917934334105237,17.094995628679325,17.247135557413532,
2017-05-04,17.357782778311126,18.000919749778436,17.46842999920873,17.841864369738133,
2017-05-05,17.59982357402463,17.994004298472333,17.572161768800232,17.60673902533073,
2017-05-08,17.80037166190153,17.973257944554035,17.44076819398433,17.592908122718534,
2017-05-09,17.93868068802354,18.471170438593237,17.696639892310035,18.471170438593237,
2017-05-10,19.16963102050934,19.39092546230454,18.69938033169454,19.36326365708014,
2017-05-11,19.702120771079045,20.130878752057246,19.646797160630246,19.743613478915645,
2017-05-12,19.660628063242452,20.359088645158554,19.224954630958145,20.17928691119995,
2017-05-15,20.359088645158554,20.504313122586648,19.57072719626315,19.847345248507146,
2017-05-16,19.944161566792552,19.96490792071085,19.017491091775145,19.14888466659104,
2017-05-17,18.906843870877545,19.16963102050934,18.74087303953114,19.00366018916294,
2017-05-18,19.045152896999536,19.411671816222846,18.913759322183648,19.16963102050934,
2017-05-19,19.425502718835045,19.702120771079045,19.16963102050934,19.27336279010084,
2017-05-22,19.045152896999536,19.439333621447247,19.045152896999536,19.294109144019142,
2017-05-23,19.307940046631344,19.80585254067055,19.307940046631344,19.529234488426543,
2017-05-24,19.32868640054964,19.95107701809865,19.176546471815445,19.32868640054964,
2017-05-25,19.439333621447247,19.702120771079045,19.197292825733747,19.25261643618254,
2017-05-26,18.934505676101942,19.32868640054964,18.934505676101942,19.16963102050934,
2017-05-29,18.851520260428742,18.906843870877545,18.775450296061642,18.865351163040945,
2017-05-30,19.57072719626315,19.57072719626315,18.63714126993964,18.761619393449436,
2017-05-31,19.43241817014114,19.439333621447247,18.63714126993964,18.65097217255184,
2017-06-01,18.38818502292004,18.948336578714144,17.890272528880836,18.166890581124836,
2017-06-02,17.30937461916843,18.04932790892114,17.30937461916843,17.848779821044232,
2017-06-05,18.63714126993964,18.74087303953114,18.159975129818736,18.74087303953114,
2017-06-06,19.031321994387344,19.16963102050934,18.782365747367745,18.913759322183648,
2017-06-07,18.906843870877545,19.031321994387344,18.63714126993964,18.97599838393854,
2017-06-08,18.97599838393854,19.92341521287425,18.906843870877545,19.92341521287425,
2017-06-09,20.22769507034265,20.66336850262695,19.038237445693447,19.377094559692345,
2017-06-12,18.72012668561284,18.768534844755543,18.41584682814444,18.41584682814444,
2017-06-13,18.851520260428742,19.11430741006054,17.841864369738133,18.29828415594074,
2017-06-14,18.72012668561284,18.851520260428742,18.10465151936994,18.125397873288236,
2017-06-15,17.73813260014663,18.505747695123738,17.73813260014663,18.10465151936994,
2017-06-16,17.945596139329634,18.10465151936994,17.945596139329634,18.04932790892114,
2017-06-19,17.786540759289334,18.10465151936994,17.786540759289334,17.786540759289334,
2017-06-20,17.572161768800232,17.841864369738133,16.894447540802425,16.90827844341463,
2017-06-21,16.65240674508892,17.039672018230522,16.38270414415102,17.039672018230522,
2017-06-22,16.776884868598724,17.302459167862327,16.93594024863902,17.067333823454927,
2017-06-29,16.54175952419132,17.08808017737323,16.403450498069322,16.597083134640126,
2017-06-30,16.72156125814992,16.92902479733292,16.521013170273022,16.659322196395028,
2017-07-03,16.50718226766082,16.562505878109622,15.850214393581323,15.88479165011182,
2017-07-04,15.974692517091125,16.03001612753992,15.089514749910315,15.635835403092221,
2017-07-05,15.711905367459314,15.947030711866718,15.179415616889615,15.207077422114013,
2017-07-06,15.179415616889615,15.310809191705513,14.965036626400517,15.027275688155408,
2017-07-07,14.377223265382003,15.338470996929917,14.377223265382003,15.248570129950613,
2017-07-10,15.04802204207371,16.009269773621618,15.04802204207371,15.974692517091125,
2017-07-11,15.442202766521412,15.974692517091125,15.234739227338416,15.338470996929917,
2017-07-12,14.937374821176114,15.442202766521412,14.937374821176114,15.442202766521412,
2017-07-13,15.601258146561717,15.698074464847117,15.179415616889615,15.220908324726215,
2017-07-14,15.656581757010521,15.86404529619352,15.532103633500713,15.711905367459314,
2017-07-17,15.442202766521412,15.960861614478915,15.442202766521412,15.960861614478915,
2017-07-18,16.375788692844925,16.749223063374327,15.711905367459314,16.659322196395028,
2017-07-19,16.50718226766082,16.50718226766082,16.24439511802902,16.26514147194732,
2017-07-20,16.18907150758022,16.403450498069322,15.877876198805724,15.912453455336225,
2017-07-21,15.877876198805724,16.10608609190702,15.815637137050816,16.009269773621618,
2017-07-24,16.10608609190702,16.45185865721202,16.10608609190702,16.306634179783924,
2017-07-25,16.50718226766082,16.59016768333403,16.355042338926623,16.521013170273022,
2017-07-26,16.666237647701127,16.666237647701127,15.974692517091125,16.20981786149852,
2017-07-27,16.24439511802902,16.50718226766082,16.24439511802902,16.49335136504862,
2017-07-28,15.974692517091125,16.846039381659722,15.732651721377618,16.458774108518124,
2017-07-31,17.032756566924427,17.281712813944033,16.776884868598724,17.219473752189128,
2017-08-01,17.44076819398433,17.48917635312703,16.984348407781724,17.21255830088303,
2017-08-02,17.30937461916843,17.73121714884053,17.30937461916843,17.662062635779535,
2017-08-03,17.841864369738133,17.841864369738133,17.094995628679325,17.21255830088303,
2017-08-04,17.516838158351423,17.565246317494132,17.21255830088303,17.26096646002573,
2017-08-07,16.95668660255733,17.039672018230522,16.776884868598724,16.797631222517026,
2017-08-08,16.984348407781724,17.039672018230522,16.403450498069322,16.417281400681524,
2017-08-09,16.403450498069322,16.73539216076213,16.24439511802902,16.631660391170627,
2017-08-10,17.032756566924427,17.039672018230522,16.50718226766082,16.666237647701127,
2017-08-11,16.87370118688413,16.88061663819023,16.87370118688413,16.88061663819023,
2017-08-15,16.59016768333403,16.59016768333403,16.036931578846026,16.064593384070424,
2017-08-16,15.60817359786782,15.974692517091125,15.60817359786782,15.711905367459314,
2017-08-17,15.476780023051912,15.974692517091125,14.930459369870013,15.248570129950613,
2017-08-18,14.805981246360211,15.172500165583514,14.487870486279608,14.577771353258909,
2017-08-21,14.646925866319913,14.667672220238213,14.294237849708809,14.612348609789409,
2017-08-22,14.404885070606404,14.640010415013814,13.879310771342803,13.886226222648906,
2017-08-23,14.294237849708809,14.577771353258909,14.059112505301401,14.349561460157606,
2017-08-24,14.59160225587111,14.59160225587111,13.685678134772006,13.768663550445208,
2017-08-25,13.858564417424505,14.218167885341702,13.844733514812306,14.121351567056305,
2017-08-28,14.114436115750204,14.114436115750204,13.5819463651805,13.623439073017103,
2017-08-29,13.3191592155487,13.678762683465905,13.3122437642426,13.415975533834096,
2017-08-30,13.526622754731699,13.761748099139105,13.4367218877524,13.4712991442829,
2017-08-31,12.841993075427796,13.789409904363504,12.841993075427796,13.741001745220805,
2017-09-05,14.114436115750204,14.114436115750204,13.837818063506205,14.059112505301401,
2017-09-06,14.114436115750204,14.114436115750204,13.713339939996402,13.900057125261101,
2017-09-07,13.796325355669598,13.823987160894006,13.457468241670698,13.492045498201202,
2017-09-08,13.4712991442829,13.92771893048551,13.395229179915798,13.623439073017103,
2017-09-11,13.817071709587907,14.052197053995304,13.685678134772006,13.727170842608603,
2017-09-12,13.741001745220805,13.948465284403806,13.644185426935403,13.713339939996402,
2017-09-13,13.858564417424505,14.245829690566108,13.844733514812306,13.955380735709904,
2017-09-14,14.003788894852603,14.377223265382003,14.003788894852603,14.114436115750204,
2017-09-15,14.245829690566108,14.812896697666313,14.245829690566108,14.812896697666313,
2017-09-18,14.750657635911415,15.068768395992013,14.570855901952806,14.750657635911415,
2017-09-19,14.114436115750204,15.483695474358015,14.646925866319913,15.483695474358015,
2017-09-20,16.258226020641224,16.258226020641224,16.258226020641224,16.258226020641224,
2017-09-21,16.500266816354724,16.500266816354724,15.60817359786782,15.718820818765424,
2017-09-22,15.718820818765424,15.718820818765424,15.207077422114013,15.386879156072615,
2017-09-25,15.54593453611291,15.566680890031213,15.179415616889615,15.283147386481113,
2017-09-26,15.49752637697022,15.670412659622714,15.310809191705513,15.49752637697022,
2017-09-27,15.124092006440815,15.331555545623814,14.99269843162491,15.144838360359111,
2017-09-28,15.041106590767614,15.179415616889615,14.778319441135809,15.006529334237111,
2017-09-29,15.172500165583514,15.386879156072615,15.172500165583514,15.386879156072615,
2017-10-02,14.965036626400517,15.006529334237111,14.805981246360211,14.826727600278511,
2017-10-03,14.646925866319913,14.646925866319913,14.377223265382003,14.38413871668811,
2017-10-04,14.142097920974606,14.598517707177209,13.844733514812306,14.086774310525806,
2017-10-05,14.750657635911415,14.750657635911415,13.4505527903646,13.789409904363504,
2017-10-06,14.003788894852603,14.377223265382003,14.003788894852603,14.218167885341702,
2017-10-09,13.976127089628207,14.321899654933206,13.976127089628207,13.976127089628207,
2017-10-10,13.851648966118406,14.114436115750204,13.5819463651805,13.900057125261101,
2017-10-11,13.844733514812306,14.114436115750204,13.844733514812306,13.92771893048551,
2017-10-12,13.685678134772006,13.976127089628207,13.685678134772006,13.844733514812306,
2017-10-13,13.443637339058503,14.114436115750204,13.443637339058503,13.906972576567206,
2017-10-16,13.858564417424505,14.570855901952806,13.858564417424505,14.529363194116208,
2017-10-17,14.880252721087404,15.120844754304398,14.034535270991306,14.18034862445615,
2017-10-18,14.31887131024775,14.59591668183096,14.31887131024775,14.340743313267481,
2017-10-19,14.041825938664548,15.047938077571976,14.041825938664548,15.047938077571976,
2017-10-20,15.550994147025694,15.609319488411629,15.128135421977639,15.32498344915518,
2017-10-23,15.427052796580575,15.43434346425382,14.880252721087404,14.880252721087404,
2017-10-24,14.209511295149118,14.59591668183096,14.209511295149118,14.39906865465342,
2017-10-25,14.734439367622564,14.880252721087404,14.457393996039354,14.880252721087404,
2017-10-26,14.136604618416694,14.289708639554787,14.136604618416694,14.165767289109665,
2017-10-27,14.136604618416694,14.231383298168847,13.896012585199705,13.896012585199705,
2017-10-30,13.757489899408105,13.779361902427828,13.473153860151655,13.546060536884077,
2017-10-31,13.473153860151655,13.640839216636227,13.196108488568449,13.363793845053022,
2017-11-01,13.363793845053022,13.677292555002436,13.349212509706538,13.677292555002436,
2017-11-02,13.473153860151655,13.88872191752646,13.473153860151655,13.516897866191107,
2017-11-03,13.502316530844622,13.531479201537593,13.502316530844622,13.516897866191107,
2017-11-06,13.779361902427828,13.779361902427828,13.473153860151655,13.473153860151655,
2017-11-07,13.443991189458684,13.443991189458684,13.414828518765715,13.429409854112206,
2017-11-08,13.422119186438959,13.473153860151655,13.363793845053022,13.385665848072748,
2017-11-09,13.640839216636227,13.64812988430947,13.611676545943256,13.611676545943256,
2017-11-10,13.473153860151655,13.757489899408105,13.473153860151655,13.757489899408105,
2017-11-13,13.341921842033294,13.611676545943256,13.341921842033294,13.458572524805167,
2017-11-14,13.473153860151655,13.502316530844622,13.247143162281144,13.473153860151655,
2017-11-15,13.560641872230562,13.611676545943256,13.531479201537593,13.531479201537593,
2017-11-16,13.473153860151655,13.611676545943256,13.30546850366708,13.385665848072748,
2017-11-17,13.611676545943256,13.757489899408105,13.473153860151655,13.509607198517863,
2017-11-20,13.604385878270014,13.757489899408105,13.604385878270014,13.699164558022163,
2017-11-21,13.757489899408105,13.757489899408105,13.473153860151655,13.52418853386435,
2017-11-22,14.143895286089935,14.143895286089935,13.757489899408105,13.764780567081342,
2017-11-23,13.764780567081342,13.757489899408105,13.640839216636227,13.742908564061617,
2017-11-24,13.677292555002436,13.757489899408105,13.670001887329194,13.757489899408105,
2017-11-27,13.808524573120797,13.815815240794036,13.779361902427828,13.801233905447555,
2017-11-28,13.808524573120797,14.17305795678291,13.808524573120797,13.815815240794036,
2017-11-29,13.808524573120797,14.034535270991306,13.618967213616497,13.830396576140526,
2017-11-30,13.808524573120797,13.896012585199705,13.808524573120797,13.896012585199705,
2017-12-04,13.925175255892674,13.925175255892674,13.611676545943256,13.699164558022163,
2017-12-06,13.896012585199705,13.903303252872945,13.88872191752646,13.896012585199705,
2017-12-07,13.611676545943256,13.757489899408105,13.611676545943256,13.699164558022163,
2017-12-08,13.699164558022163,13.859559246833493,13.699164558022163,13.757489899408105,
2017-12-11,14.442812660692875,14.442812660692875,14.027244603318062,14.209511295149118,
2017-12-12,14.027244603318062,14.457393996039354,13.502316530844622,13.706455225695406,
2017-12-13,13.757489899408105,14.260545968861813,13.757489899408105,13.88872191752646,
2017-12-14,13.757489899408105,13.837687243813761,13.670001887329194,13.830396576140526,
2017-12-15,13.896012585199705,13.947047258912399,13.896012585199705,13.896012585199705,
2017-12-18,13.976209929605368,14.245964633515328,13.976209929605368,14.063697941684273,
2017-12-19,13.808524573120797,14.085569944704002,13.808524573120797,14.019953935644818,
2017-12-20,14.019953935644818,14.202220627475876,13.896012585199705,14.165767289109665,
2017-12-21,13.896012585199705,14.625079352523926,13.896012585199705,14.581335346484478,
2017-12-22,14.880252721087404,15.157298092670604,14.880252721087404,15.018775406879008,
2017-12-26,14.610498017177443,14.705276696929593,14.515719337425297,14.574044678811234,
2017-12-27,14.821927379701464,15.295820778462213,14.457393996039354,14.712567364602833,
2017-12-28,14.836508715047955,15.157298092670604,14.59591668183096,14.923996727126857,
2017-12-29,14.603207349504203,14.705276696929593,14.59591668183096,14.639660687870414,
2018-01-01,14.59591668183096,14.59591668183096,14.070988609357515,14.47926599905908,
2018-01-02,14.457393996039354,14.566754011137993,14.31887131024775,14.39906865465342,
2018-01-03,14.31887131024775,14.53759134044502,14.18034862445615,14.18763929212939,
2018-01-04,14.31887131024775,14.457393996039354,14.31887131024775,14.31887131024775,
2018-01-05,14.19492995980263,14.53759134044502,14.19492995980263,14.435521993019632,
2018-01-08,14.530300672771778,15.098972751284672,14.530300672771778,14.625079352523926,
2018-01-09,14.59591668183096,14.59591668183096,14.42823132534639,14.566754011137993,
2018-01-10,14.880252721087404,15.098972751284672,14.654242023216893,14.923996727126857,
2018-01-11,15.120844754304398,15.376018122867881,14.880252721087404,15.244786104749517,
2018-01-12,15.098972751284672,15.098972751284672,14.880252721087404,14.89483405643389,
2018-01-15,14.544882008118256,14.544882008118256,14.369905983960448,14.369905983960448,
2018-01-16,14.581335346484478,14.836508715047955,14.31887131024775,14.362615316287206,
2018-01-17,14.31887131024775,14.68340469390987,14.31887131024775,14.340743313267481,
2018-01-18,14.880252721087404,14.880252721087404,14.31887131024775,14.59591668183096,
2018-01-19,14.821927379701464,14.880252721087404,14.59591668183096,14.654242023216893,
2018-01-22,14.654242023216893,15.098972751284672,14.654242023216893,14.938578062473338,
2018-01-23,14.909415391780374,14.909415391780374,14.59591668183096,14.72714869994932,
2018-01-24,14.734439367622564,15.463506134946787,14.734439367622564,15.463506134946787,
2018-01-25,15.828039518608898,16.229026240637218,15.828039518608898,16.229026240637218,
2018-01-26,16.28006091434991,16.38942092944854,15.463506134946787,15.966562204400496,
2018-01-29,15.857202189301866,16.06134088415265,15.68951683281729,16.06134088415265,
2018-01-30,16.28006091434991,16.28006091434991,15.609319488411629,15.704098168163782,
2018-01-31,15.718679503510259,15.915527530687802,15.52183147633272,15.718679503510259,
2018-02-01,15.718679503510259,16.506071612220428,15.718679503510259,16.506071612220428,
2018-02-02,17.293463720930585,17.293463720930585,16.702919639397965,16.73208231009093,
2018-02-06,16.56439695360636,16.56439695360636,16.00301554276671,16.33109558806261,
2018-02-07,16.418583600141517,16.506071612220428,16.14153822855831,16.170700899251283,
2018-02-08,16.28006091434991,16.56439695360636,16.221735572963976,16.28006091434991,
2018-02-09,16.338386255735855,16.338386255735855,16.14153822855831,16.170700899251283,
2018-02-12,15.777004844896204,16.73208231009093,15.777004844896204,16.265479579003426,
2018-02-13,16.841442325189572,16.841442325189572,16.00301554276671,16.090503554845615,
2018-02-14,16.032178213459677,16.11237555786534,15.660354162124326,15.718679503510259,
2018-02-15,15.718679503510259,16.506071612220428,15.711388835837022,15.755132841876474,
2018-02-16,15.806167515589168,16.170700899251283,15.660354162124326,15.806167515589168,
2018-02-19,15.97385287207374,16.024887545786434,15.777004844896204,15.784295512569438,
2018-02-20,15.886364859994833,15.944690201380773,15.499959473312998,15.645772826777844,
2018-02-21,15.777004844896204,15.944690201380773,15.550994147025694,15.609319488411629,
2018-02-22,15.295820778462213,15.580156817718658,15.26665810776925,15.354146119848147,
2018-02-23,15.44163413192706,16.07592221949913,15.32498344915518,15.879074192321594,
2018-02-26,16.549815618259878,16.673756968704993,16.024887545786434,16.673756968704993,
2018-02-27,17.067453023060075,17.504893083454615,17.060162355386833,17.504893083454615,
2018-02-28,18.372482536570434,18.372482536570434,18.372482536570434,18.372482536570434,
2018-03-01,19.29110666339896,19.29110666339896,18.19021584473938,18.48913321934231,
2018-03-02,18.467261216322576,19.41504801384408,18.42351721028313,19.152583977607357,
2018-03-05,19.37130400780462,19.874360077258338,18.99947995646927,19.633768044041343,
2018-03-06,19.648349379387827,19.8160347358724,18.80992259696497,18.977607953449542,
2018-03-07,19.22549065433978,19.08696796854818,18.38706387191692,18.459970548649345,
2018-03-08,18.52558655770852,18.532877225381764,17.90587980548293,18.24854118612532,
2018-03-09,18.24854118612532,19.152583977607357,18.219378515432354,18.897410609043877,
2018-03-12,18.831794599984693,19.837906738892126,18.70785324953958,19.837906738892126,
2018-03-13,20.209730790227475,20.82943754245307,19.84519740656537,20.82943754245307,
2018-03-14,21.135645584729247,21.86471235205347,20.77111220106713,21.412690956312453,
2018-03-15,21.52934163908433,21.66786432487593,20.82943754245307,21.004413566610886,
2018-03-16,20.77840286874038,20.989832231264398,19.954557421664006,20.027464098396422,
2018-03-19,19.84519740656537,20.610717512255803,19.735837391466735,20.144114781168295,
2018-03-20,20.158696116514783,20.938797557551702,20.129533445821814,20.224312125573967,
2018-03-21,20.224312125573967,20.57426417388959,20.042045433742906,20.355544143692324,
2018-03-22,20.377416146712047,20.90963488685874,20.209730790227475,20.362834811365566,
2018-03-26,20.362834811365566,21.376237617946238,20.362834811365566,21.062738907996827,
2018-03-27,21.55121364210405,21.55121364210405,20.807565539433345,20.931506889878467,
2018-03-28,20.77111220106713,21.055448240323578,20.632589515275534,20.807565539433345,
2018-03-29,20.77111220106713,20.90963488685874,20.377416146712047,20.545101503196623,
2018-03-30,20.545101503196623,20.57426417388959,20.209730790227475,20.297218802306382,
2018-04-02,20.377416146712047,20.6617521859685,20.217021457900724,20.45761349111772,
2018-04-03,20.34825347601908,21.055448240323578,20.129533445821814,20.31909080532611,
2018-04-04,20.494066829483927,20.77111220106713,20.16598678418803,20.224312125573967,
2018-04-05,20.479485494137442,21.23771493215464,20.31909080532611,21.23771493215464,
2018-04-06,21.893875022746435,22.294861744774753,21.86471235205347,22.294861744774753,
2018-04-09,22.39693109220015,22.87811515863414,21.762643004628078,22.411512427546633,
2018-04-10,22.455256433586086,22.79062714655523,22.367768421507186,22.469837768932575,
2018-04-11,22.593779119377686,23.592600590611877,22.46254710125933,23.592600590611877,
2018-04-12,23.592600590611877,24.773688753677114,23.104125856504652,23.811320620809145,
2018-04-13,23.971715309620475,25.00699011922087,23.760285947096452,25.00699011922087,
2018-04-16,25.823544898624,25.823544898624,24.75910741833063,24.904920771795474,
2018-04-17,24.985118116201146,25.32048882917028,24.700782076944698,24.824723427389817,
2018-04-18,25.123640801992757,25.203838146398407,24.30708602258962,24.379992699322038,
2018-04-19,24.139400666105047,24.496643382093918,23.162451197890583,23.162451197890583,
2018-04-20,22.455256433586086,22.929149832346834,22.00323503784507,22.01052570551831,
2018-04-23,21.616829651163226,22.39693109220015,20.90963488685874,20.931506889878467,
2018-04-24,20.85860021314604,21.332493611906784,20.71278685968119,21.09919224636303,
2018-04-25,21.354365614926508,22.149048391309915,21.317912276560296,22.149048391309915,
2018-04-26,22.455256433586086,22.681267131456593,21.048157572650336,21.048157572650336,
2018-04-27,20.43574148809799,21.332493611906784,20.38470681438529,21.077320243343305,
2018-04-30,21.616829651163226,21.616829651163226,21.055448240323578,21.055448240323578,
2018-05-02,21.055448240323578,21.245005599827877,20.515938832503654,20.938797557551702,
2018-05-03,20.77111220106713,20.77111220106713,20.209730790227475,20.588845509236073,
2018-05-04,20.268056131613417,20.77111220106713,20.268056131613417,20.705496192007953,
2018-05-07,20.71278685968119,20.960669560571436,20.297218802306382,20.428450820424747,
2018-05-08,20.209730790227475,20.217021457900724,19.735837391466735,19.80874406819916,
2018-05-09,19.983720092356968,20.15140544884154,19.02864262716224,19.509826693596224,
2018-05-10,19.254653325032745,20.479485494137442,19.254653325032745,19.99830142770346,
2018-05-11,20.042045433742906,20.209730790227475,19.648349379387827,19.713965388447008,
2018-05-14,19.101549303894657,19.37130400780462,18.919282612063604,19.37130400780462,
2018-05-15,19.08696796854818,19.53169869661595,18.919282612063604,19.37130400780462,
2018-05-16,19.167165312953838,20.042045433742906,19.145293309934114,19.546280031962436,
2018-05-17,19.37130400780462,19.837906738892126,19.22549065433978,19.40046667849759,
2018-05-18,18.831794599984693,19.22549065433978,18.751597255579032,18.970317285776297,
2018-05-21,18.948445282756573,19.08696796854818,18.52558655770852,18.591202566767706,
2018-05-22,18.547458560728252,19.39317601082435,18.547458560728252,19.18174664830032,
2018-05-23,19.538989364289193,19.538989364289193,18.919282612063604,19.050514630181965,
2018-05-24,18.89011994137064,18.89011994137064,18.58391189909446,18.69327191419309,
2018-05-25,18.430807877956372,18.744306587905793,18.56203989607473,18.642237240480398,
2018-05-28,18.328738530530988,18.80992259696497,18.24854118612532,18.48913321934231,
2018-05-29,18.69327191419309,19.407757346170833,18.69327191419309,19.2983973310722,
2018-05-30,19.590024038001893,20.260765463940178,19.590024038001893,20.260765463940178,
2018-05-31,20.494066829483927,21.018994901957367,20.31909080532611,20.58155484156283,
2018-06-01,20.690914856661472,20.23889346092045,19.65564004706108,20.049336101416152,
2018-06-04,19.75770939448646,21.040866904977094,19.75770939448646,20.902344219185494,
2018-06-05,20.873181548492525,21.441853627005415,20.588845509236073,21.34707494725327,
2018-06-06,21.332493611906784,21.893875022746435,20.95337889289819,21.602248315816748,
2018-06-07,21.41998162398569,21.8355496813605,21.193970926115185,21.412690956312453,
2018-06-11,21.332493611906784,21.332493611906784,20.632589515275534,20.683624188988226,
2018-06-12,20.53781083552338,20.77111220106713,19.93268541864428,20.195149454881,
2018-06-13,20.209730790227475,20.43574148809799,20.209730790227475,20.43574148809799,
2018-06-14,20.494066829483927,20.71278685968119,20.23889346092045,20.566973506216346,
2018-06-19,20.763821533393894,21.040866904977094,20.31909080532611,20.792984204086864,
2018-06-20,20.880472216165767,20.938797557551702,20.43574148809799,20.494066829483927,
2018-06-21,20.34825347601908,20.90963488685874,19.84519740656537,20.10037077512885,
2018-06-22,20.10037077512885,20.31909080532611,19.648349379387827,19.881650744931576,
2018-06-25,20.20244012255424,20.209730790227475,19.22549065433978,19.6264773763681,
2018-06-26,20.268056131613417,20.34825347601908,19.509826693596224,19.662930714734312,
2018-06-27,19.75770939448646,20.15140544884154,19.232781322013018,19.40046667849759,
2018-06-28,19.22549065433978,20.012882763049937,19.22549065433978,19.75770939448646,
2018-06-29,19.84519740656537,19.93268541864428,19.451501352210283,19.517117361269463,
2018-07-02,20.042045433742906,20.012882763049937,19.619186708694862,19.94726675399076,
2018-07-03,19.648349379387827,20.924216222205217,19.648349379387827,20.53781083552338,
2018-07-04,20.209730790227475,20.494066829483927,19.517117361269463,19.619186708694862,
2018-07-05,19.648349379387827,19.648349379387827,19.203618651320053,19.4369200168638,
2018-07-06,19.174455980627084,20.209730790227475,19.174455980627084,20.02017343072318,
2018-07-09,19.786872065179434,20.15140544884154,19.02864262716224,19.429629349190556,
2018-07-10,18.948445282756573,19.48066402290325,18.948445282756573,19.37130400780462,
2018-07-11,19.422338681517314,19.65564004706108,19.422338681517314,19.502536025922982,
2018-07-12,19.524408028942712,19.735837391466735,19.524408028942712,19.735837391466735,
2018-07-13,19.648349379387827,19.648349379387827,19.451501352210283,19.538989364289193,
2018-07-16,18.86824793835091,19.93268541864428,18.86824793835091,19.8160347358724,
2018-07-17,19.648349379387827,20.43574148809799,19.145293309934114,20.12224277814857,
2018-07-18,19.93268541864428,20.494066829483927,20.042045433742906,20.34096280834584,
2018-07-19,20.494066829483927,21.055448240323578,20.10037077512885,20.77840286874038,
2018-07-20,20.43574148809799,20.997122898937643,20.209730790227475,20.566973506216346,
2018-07-23,20.217021457900724,20.625298847602288,20.195149454881,20.508648164830408,
2018-07-24,20.71278685968119,21.15022692007573,20.34825347601908,21.011704234284124,
2018-07-26,20.77840286874038,21.332493611906784,20.501357497157173,21.070029575670063,
2018-07-27,21.274168270520843,21.87929368739995,21.055448240323578,21.383528285619477,
2018-07-30,21.471016297698384,21.784515007647798,21.390818953292726,21.689736327895655,
2018-07-31,22.13446705596343,22.13446705596343,20.82943754245307,21.018994901957367,
2018-08-01,21.332493611906784,21.332493611906784,20.71278685968119,21.201261593788423,
2018-08-02,21.609538983489987,21.66786432487593,21.055448240323578,21.441853627005415,
2018-08-03,21.390818953292726,21.893875022746435,21.332493611906784,21.383528285619477,
2018-08-06,21.332493611906784,21.72618966626186,21.332493611906784,21.565794977450537,
2018-08-07,21.500178968391353,21.638701654182956,21.361656282599757,21.47830696537163,
2018-08-08,21.390818953292726,22.55003511333824,21.339784279580023,22.55003511333824,
2018-08-09,22.9583125030398,23.468659240166755,22.455256433586086,22.761464475862258,
2018-08-10,23.01663784442574,23.01663784442574,22.17821106200288,22.447965765912844,
2018-08-13,22.455256433586086,22.681267131456593,22.455256433586086,22.542744445665,
2018-08-15,22.455256433586086,22.455256433586086,22.17821106200288,22.243827071062068,
2018-08-16,21.90845635809292,22.119885720616946,21.616829651163226,22.00323503784507,
2018-08-17,22.119885720616946,22.67397646378336,22.03239770853804,22.26569907408179,
2018-08-20,22.455256433586086,22.84166182026793,22.127176388290188,22.30944308012124,
2018-08-24,22.447965765912844,23.184323200910313,22.26569907408179,22.78333647888199,
2018-08-27,23.01663784442574,23.155160530217348,22.484419104279056,22.717720469822805,
2018-08-28,22.739592472842535,23.578019255265396,22.542744445665,22.761464475862258,
2018-08-29,22.52816311031851,22.9583125030398,22.455256433586086,22.746883140515774,
2018-08-30,22.593779119377686,23.352008557394882,22.593779119377686,23.198904536256798,
2018-08-31,23.30097388368219,24.358120696302308,23.271811212989224,24.19043533981774,
2018-09-03,24.00087798031344,24.132109998431808,23.031219179772226,23.833192623828868,
2018-09-04,24.139400666105047,24.248760681203677,23.774867282442933,23.98629664496696,
2018-09-05,23.60718192595836,23.614472593631604,22.79062714655523,22.79062714655523,
2018-09-06,22.564616448684717,22.739592472842535,21.65328298952944,21.65328298952944,
2018-09-07,20.916925554531975,21.52205097141108,20.57426417388959,20.610717512255803,
2018-09-10,20.60342684458256,21.638701654182956,20.60342684458256,21.536632306757568,
2018-09-11,21.893875022746435,21.893875022746435,21.106482914036274,21.54392297443081,
2018-09-12,21.86471235205347,21.893875022746435,21.055448240323578,21.368946950272992,
2018-09-13,21.87929368739995,22.119885720616946,21.274168270520843,21.806387010667535,
2018-09-14,21.893875022746435,22.89998716165387,21.87929368739995,22.89998716165387,
2018-09-17,22.455256433586086,23.125997859524375,21.762643004628078,21.762643004628078,
2018-09-18,21.697026995568898,22.39693109220015,20.676333521314984,21.828259013687262,
2018-09-19,21.87929368739995,22.863533823287653,21.886584355073197,22.39693109220015,
2018-09-24,22.739592472842535,23.24264854229625,22.564616448684717,22.739592472842535,
2018-09-25,23.01663784442574,23.578019255265396,21.609538983489987,21.8355496813605,
2018-09-26,21.390818953292726,21.587666980470264,20.741949530374164,20.741949530374164,
2018-09-27,20.741949530374164,20.741949530374164,19.706674720773766,20.209730790227475,
2018-09-28,20.071208104435883,20.209730790227475,19.254653325032745,19.546280031962436,
2018-10-01,19.08696796854818,19.75770939448646,18.817213264638212,18.853666603004427,
2018-10-02,19.08696796854818,19.75770939448646,18.977607953449542,19.611896041021613,
2018-10-03,19.983720092356968,19.983720092356968,19.648349379387827,19.65564004706108,
2018-10-04,19.648349379387827,19.75770939448646,19.22549065433978,19.29110666339896,
2018-10-05,18.817213264638212,19.08696796854818,18.336029198204223,18.700562581866336,
2018-10-08,18.58391189909446,18.66410924350013,17.767357119691336,17.767357119691336,
2018-10-09,17.94962381152239,18.518295890035283,16.950802340288195,17.38824240068273,
2018-10-10,17.526765086474338,18.24854118612532,17.12577836444601,18.124599835680197,
2018-10-11,17.964205146868867,18.38706387191692,17.687159775285664,17.91317047315618,
2018-10-12,17.628834433899723,17.90587980548293,17.18410370583195,17.359079729989762,
2018-10-15,16.848732992862807,17.679869107612422,16.841442325189572,17.512183751127854,
2018-10-16,18.039713752781093,18.032108477168624,16.876106584073042,17.13468595489705,
2018-10-17,17.29439674275894,17.994082099106265,17.07384374999728,17.994082099106265,
2018-10-18,17.408475876946007,18.883899345765368,17.408475876946007,18.823057140865604,
2018-10-19,19.005583755564906,19.766111316811998,18.99037320433996,19.766111316811998,
2018-10-22,20.29087533407249,20.747191870820757,20.009480136411064,20.35932281458473,
2018-10-23,19.971453758348716,20.6026916341838,19.971453758348716,19.986664309573655,
2018-10-24,20.90690265868264,20.99056069041982,20.45058612193438,20.98295541480735,
2018-10-25,21.386035022268313,21.454482502780547,19.93342738028636,20.009480136411064,
2018-10-26,19.325005331288683,20.100743443760717,19.08163651168961,19.30218950445127,
2018-10-29,19.355426433738565,19.956243207123773,19.13487344097691,19.431479189863282,
2018-10-30,19.264163126388908,19.264163126388908,18.549267218816645,18.71658328229101,
2018-10-31,18.290687847992636,19.005583755564906,18.229845643092865,18.944741550665135,
2018-11-01,19.096847062914556,19.895401002224002,18.997978479952433,19.64442690701246,
2018-11-02,19.84216407293671,20.27566478284755,19.325005331288683,19.537953048437874,
2018-11-05,19.165294543426793,19.195715645876675,18.67855690422865,18.731793833515948,
2018-11-06,18.67855690422865,18.86868879454043,17.79634493318202,18.024503201556147,
2018-11-07,18.47321446269194,18.488425013916878,18.199424540642983,18.260266745542754,
2018-11-08,18.199424540642983,18.41997753340464,17.978871547881326,18.024503201556147,
2018-11-09,18.039713752781093,18.488425013916878,18.039713752781093,18.115766508905804,
2018-11-12,18.039713752781093,18.52645139197923,17.971266272268853,18.016897925943677,
2018-11-13,17.78113438195708,18.00168737471874,17.71268690144484,17.826766035631906,
2018-11-14,17.880002964919207,18.10055595768086,17.58339721603284,17.933239894206498,
2018-11-15,17.811555484406966,18.359135328504873,17.811555484406966,18.19181926503051,
2018-11-16,18.229845643092865,18.587293596879004,18.130977060130743,18.518846116366763,
2018-11-19,18.67855690422865,19.43908446547575,18.359135328504873,19.363031709351034,
2018-11-20,19.461900292313164,20.29087533407249,19.325005331288683,19.766111316811998,
2018-11-22,19.903006277836475,20.29087533407249,19.325005331288683,19.3478211581261,
2018-11-23,19.325005331288683,19.42387391425081,18.6937674554536,19.13487344097691,
2018-11-26,19.325005331288683,19.325005331288683,18.937136275052666,19.005583755564906,
2018-11-27,18.747004384740887,19.06642596046467,18.617714699328882,18.95995210189008,
2018-11-28,18.77742548719078,18.96755737750255,18.617714699328882,18.67095162861618,
2018-11-29,18.518846116366763,18.838267692090543,18.518846116366763,18.67855690422865,
2018-11-30,18.67855690422865,19.005583755564906,18.359135328504873,18.404766982179705,
2018-12-03,17.720292177057313,17.910424067369085,17.492133908683183,17.492133908683183,
2018-12-04,17.39326532572106,18.123371784518277,17.39326532572106,17.895213516144143,
2018-12-05,17.58339721603284,17.70508162583237,17.13468595489705,17.362844223271175,
2018-12-06,17.39326532572106,17.52255501113307,17.03581737193493,17.195528159796822,
2018-12-07,17.165107057346937,17.70508162583237,17.104264852447162,17.408475876946007,
2018-12-10,17.157501781734464,17.94084516981897,17.157501781734464,17.575791940420363,
2018-12-11,17.454107530620828,17.834371311244375,17.454107530620828,17.727897452669783,
2018-12-12,17.552976113582947,18.016897925943677,17.347633672046236,17.834371311244375,
2018-12-13,17.52255501113307,18.024503201556147,17.39326532572106,17.400870601333533,
2018-12-14,17.492133908683183,17.70508162583237,17.39326532572106,17.659449972157542,
2018-12-17,17.52255501113307,17.78113438195708,17.423686428170946,17.78113438195708,
2018-12-18,17.70508162583237,18.039713752781093,17.492133908683183,17.545370837970477,
2018-12-19,17.727897452669783,17.841976586856845,17.492133908683183,17.575791940420363,
2018-12-20,17.71268690144484,17.841976586856845,17.651844696545076,17.689871074607428,
2018-12-21,17.39326532572106,17.70508162583237,17.39326532572106,17.70508162583237,
2018-12-24,17.423686428170946,17.834371311244375,17.423686428170946,17.834371311244375,
2018-12-26,17.492133908683183,17.70508162583237,17.492133908683183,17.66705524777002,
2018-12-27,17.58339721603284,17.70508162583237,17.454107530620828,17.537765562358008,
2018-12-28,17.400870601333533,17.400870601333533,17.324817845208827,17.355238947658712,
2018-12-31,16.693579969373737,17.454107530620828,16.685974693761263,17.454107530620828,
2019-01-01,17.70508162583237,17.71268690144484,17.58339721603284,17.674660523382485,
2019-01-02,17.552976113582947,17.70508162583237,16.792448552335856,16.84568548162315,
2019-01-03,16.906527686522924,16.906527686522924,16.587106110799144,16.587106110799144,
2019-01-04,16.746816898661034,16.754422174273504,16.73921162304856,16.746816898661034,
2019-01-07,16.746816898661034,17.23355453785917,16.746816898661034,17.157501781734464,
2019-01-08,17.385660050108587,17.454107530620828,16.982580442647627,17.028212096322456,
2019-01-09,17.07384374999728,17.165107057346937,16.906527686522924,16.921738237747864,
2019-01-10,17.07384374999728,17.13468595489705,17.005396269485043,17.005396269485043,
2019-01-11,16.427395322937254,17.07384374999728,16.427395322937254,16.952159340197746,
2019-01-14,17.324817845208827,17.58339721603284,17.20313343540929,17.537765562358008,
2019-01-15,17.400870601333533,17.71268690144484,17.400870601333533,17.606213042870248,
2019-01-16,17.400870601333533,17.552976113582947,17.324817845208827,17.416081152558473,
2019-01-17,17.37805477449612,17.385660050108587,17.23355453785917,17.385660050108587,
2019-01-18,17.545370837970477,17.58339721603284,17.492133908683183,17.58339721603284,
2019-01-21,17.195528159796822,17.811555484406966,17.195528159796822,17.423686428170946,
2019-01-22,17.34002839643377,17.552976113582947,17.34002839643377,17.52255501113307,
2019-01-23,17.52255501113307,17.644239420932603,17.52255501113307,17.52255501113307,
2019-01-24,17.52255501113307,17.52255501113307,17.39326532572106,17.492133908683183,
2019-01-25,17.39326532572106,17.492133908683183,17.39326532572106,17.492133908683183,
2019-01-28,17.39326532572106,17.39326532572106,17.23355453785917,17.39326532572106,
2019-01-29,17.39326532572106,17.58339721603284,17.39326532572106,17.39326532572106,
2019-01-30,17.39326532572106,17.644239420932603,17.39326532572106,17.636634145320137,
2019-01-31,17.52255501113307,17.71268690144484,17.408475876946007,17.58339721603284,
2019-02-01,17.552976113582947,18.465609187079465,17.552976113582947,18.412372257792175,
2019-02-04,18.617714699328882,19.325005331288683,18.549267218816645,19.325005331288683,
2019-02-06,19.712874387524703,19.712874387524703,19.264163126388908,19.27176840200138,
2019-02-07,19.195715645876675,20.230033129172728,19.195715645876675,20.131164546210602,
2019-02-08,20.138769821823075,20.610296909796276,19.826953521711765,20.001874860798598,
2019-02-11,20.29087533407249,20.35932281458473,19.773716592424474,20.032295963248483,
2019-02-12,20.541849429284035,20.35932281458473,19.811742970486822,19.971453758348716,
2019-02-13,19.979059033961185,20.131164546210602,19.62161108017505,19.67484800946235,
2019-02-14,19.325005331288683,19.705269111912234,19.325005331288683,19.537953048437874,
2019-02-15,19.553163599662813,19.553163599662813,19.294584228838797,19.325005331288683,
2019-02-18,20.062717065698365,20.25284895601014,19.325005331288683,19.93342738028636,
2019-02-19,19.712874387524703,19.956243207123773,19.712874387524703,19.811742970486822,
2019-02-20,19.64442690701246,19.872585175386593,19.454295016700687,19.781321868036944,
2019-02-21,19.93342738028636,20.770007697658166,19.515137221600458,20.374533365809675,
2019-02-22,20.579875807346387,20.671139114696043,19.811742970486822,20.427770295096966,
2019-02-25,20.610296909796276,20.770007697658166,20.260454231622607,20.29087533407249,
2019-02-26,20.260454231622607,20.260454231622607,19.325005331288683,19.370636984963507,
2019-02-27,18.71658328229101,19.64442690701246,18.549267218816645,19.355426433738565,
2019-02-28,19.64442690701246,20.100743443760717,19.051215409239727,19.880190450999066,
2019-03-01,19.781321868036944,20.73198131959581,19.895401002224002,20.58748108295886,
2019-03-04,20.610296909796276,21.614193290642444,20.610296909796276,21.104639824606885,
2019-03-05,21.507719432067844,21.576166912580085,20.73198131959581,20.929718485520056,
2019-03-06,20.90690265868264,20.90690265868264,20.61790218540875,20.61790218540875,
2019-03-07,20.610296909796276,20.739586595208277,20.549454704896505,20.57227053173392,
2019-03-08,21.416456124718195,21.500114156455375,20.45058612193438,20.481007224384268,
2019-03-11,20.481007224384268,20.77761297327064,20.35932281458473,20.35932281458473,
2019-03-12,19.903006277836475,20.389743917034615,19.903006277836475,20.298480609684965,
2019-03-13,20.610296909796276,20.90690265868264,20.35932281458473,20.595086358571333,
2019-03-14,20.29087533407249,20.29087533407249,20.07032234131084,20.146375097435545,
2019-03-15,19.903006277836475,20.610296909796276,19.682453285074818,20.404954468259554,
2019-03-18,20.366928090197206,20.45058612193438,20.35932281458473,20.45058612193438,
2019-03-19,20.610296909796276,20.73198131959581,20.093138168148254,20.131164546210602,
2019-03-20,19.971453758348716,19.971453758348716,19.94103265589883,19.971453758348716,
2019-03-21,19.325005331288683,19.84216407293671,19.325005331288683,19.84216407293671,
2019-03-22,19.64442690701246,19.887795726611536,19.264163126388908,19.370636984963507,
2019-03-25,19.165294543426793,19.294584228838797,18.686162179841126,18.891504621377837,
2019-03-26,18.169003438193098,18.67855690422865,18.169003438193098,18.458003911466992,
2019-03-27,18.359135328504873,19.325005331288683,18.359135328504873,18.815451865253127,
2019-03-28,18.214635091867923,18.838267692090543,18.214635091867923,18.77742548719078,
2019-03-29,18.937136275052666,19.096847062914556,18.906715172602777,19.005583755564906,
2019-04-01,18.397161706567232,18.71658328229101,18.267872021155224,18.290687847992636,
2019-04-02,18.039713752781093,18.412372257792175,18.039713752781093,18.039713752781093,
2019-04-03,17.880002964919207,18.199424540642983,17.880002964919207,18.039713752781093,
2019-04-04,17.811555484406966,18.108161233293327,17.811555484406966,18.039713752781093,
2019-04-05,18.351530052892404,18.351530052892404,18.039713752781093,18.039713752781093,
2019-04-08,17.71268690144484,17.71268690144484,17.29439674275894,17.39326532572106,
2019-04-09,17.552976113582947,17.773529106344608,17.39326532572106,17.59100249164531,
2019-04-10,17.438896979395885,17.552976113582947,17.23355453785917,17.256370364696583,
2019-04-11,16.815264379173268,17.39326532572106,16.815264379173268,17.07384374999728,
2019-04-12,17.887608240531673,17.887608240531673,17.104264852447162,17.674660523382485,
2019-04-15,18.199424540642983,18.199424540642983,18.199424540642983,18.199424540642983,
2019-04-16,18.792636038415715,18.792636038415715,17.79634493318202,18.085345406455914,
2019-04-17,18.039713752781093,18.039713752781093,17.52255501113307,17.689871074607428,
2019-04-18,17.271580915921525,17.682265798994955,17.263975640309056,17.552976113582947,
2019-04-19,17.62142359409519,18.41997753340464,17.62142359409519,17.788739657569554,
2019-04-22,18.359135328504873,18.67095162861618,18.10055595768086,18.290687847992636,
2019-04-23,17.872397689306734,18.602504148103947,17.37805477449612,17.70508162583237,
2019-04-24,17.71268690144484,17.71268690144484,16.84568548162315,17.165107057346937,
2019-04-25,17.39326532572106,17.39326532572106,16.906527686522924,17.39326532572106,
2019-04-26,17.39326532572106,18.260266745542754,17.39326532572106,18.169003438193098,
2019-04-29,18.359135328504873,18.67855690422865,18.04731902839356,18.199424540642983,
2019-04-30,18.359135328504873,18.549267218816645,17.910424067369085,18.169003438193098,
2019-05-03,18.039713752781093,18.039713752781093,17.910424067369085,17.910424067369085,
2019-05-06,17.71268690144484,17.71268690144484,17.013001545097516,17.013001545097516,
2019-05-07,17.07384374999728,17.355238947658712,16.746816898661034,16.990185718260097,
2019-05-08,16.427395322937254,16.427395322937254,16.146000125275826,16.146000125275826,
2019-05-09,16.427395322937254,16.427395322937254,16.199237054563124,16.36655311803748,
2019-05-10,15.750525793427336,16.48063225222455,15.750525793427336,16.161210676500772,
2019-05-13,16.107973747213475,16.168815952113242,15.469130595765911,15.818973273939577,
2019-05-14,15.461525320153438,15.849394376389458,15.461525320153438,15.682078312915102,
2019-05-15,16.039526266701237,16.1536054008883,15.910236581289226,16.130789574050887,
2019-05-16,15.780946895877218,15.887420754451812,15.423498942091086,15.780946895877218,
2019-05-17,15.393077839641197,15.393077839641197,14.997603507792713,15.005208783405184,
2019-05-20,15.134498468817192,15.750525793427336,14.503260592982102,15.59842028117792,
2019-05-21,15.423498942091086,16.092763195988532,15.423498942091086,16.08515792037606,
2019-05-22,16.40457949609984,16.876106584073042,16.40457949609984,16.84568548162315,
2019-05-23,16.746816898661034,17.682265798994955,16.617527213249026,17.49973918429566,
2019-05-24,18.00168737471874,18.00168737471874,16.906527686522924,17.157501781734464,
2019-05-27,17.910424067369085,17.910424067369085,16.906527686522924,17.61381831848272,
2019-05-28,18.032108477168624,18.032108477168624,17.07384374999728,17.62142359409519,
2019-05-29,17.682265798994955,18.039713752781093,17.5681866648079,18.039713752781093,
2019-05-30,18.921925723827716,18.921925723827716,17.552976113582947,17.70508162583237,
2019-06-03,17.71268690144484,17.71268690144484,17.08905430122222,17.324817845208827,
2019-06-10,16.754422174273504,16.754422174273504,16.754422174273504,16.754422174273504,
2019-06-11,16.746816898661034,17.07384374999728,16.746816898661034,17.07384374999728,
2019-06-12,17.52255501113307,17.91802934298156,17.256370364696583,17.85718713808179,
2019-06-13,18.20702981625545,18.747004384740887,18.199424540642983,18.71658328229101,
2019-06-14,19.38584753618845,19.652032182624932,18.458003911466992,19.03600485801479,
2019-06-17,18.67855690422865,18.845872967703016,18.42758280901711,18.587293596879004,
2019-06-18,18.41997753340464,18.41997753340464,18.199424540642983,18.283082572380163,
2019-06-19,18.41997753340464,18.549267218816645,18.199424540642983,18.549267218816645,
2019-06-20,18.67855690422865,19.005583755564906,18.67855690422865,19.005583755564906,
2019-06-21,19.22613674832656,19.22613674832656,18.8762940701529,19.165294543426793,
2019-06-24,18.496030289529347,18.67095162861618,18.42758280901711,18.518846116366763,
2019-06-25,18.199424540642983,18.199424540642983,17.910424067369085,18.039713752781093,
2019-06-26,18.039713752781093,18.039713752781093,17.431291703783423,17.454107530620828,
2019-06-27,17.910424067369085,17.910424067369085,17.39326532572106,17.44650225500836,
2019-06-28,17.07384374999728,17.44650225500836,17.07384374999728,17.370449498883648,
2019-07-01,17.39326532572106,17.39326532572106,17.195528159796822,17.370449498883648,
2019-07-02,17.39326532572106,17.71268690144484,17.39326532572106,17.59100249164531,
2019-07-03,18.38195115534229,18.465609187079465,17.62142359409519,17.70508162583237,
2019-07-04,18.039713752781093,18.039713752781093,17.400870601333533,17.44650225500836,
2019-07-05,17.44650225500836,17.44650225500836,16.746816898661034,16.777238001110913,
2019-07-08,17.454107530620828,17.454107530620828,16.556685008349255,16.556685008349255,
2019-07-09,17.165107057346937,17.165107057346937,16.906527686522924,16.906527686522924,
2019-07-10,17.385660050108587,17.385660050108587,16.427395322937254,16.47302697661208,
2019-07-11,16.427395322937254,16.67836941814879,16.26768453507536,16.617527213249026,
2019-07-12,16.587106110799144,16.587106110799144,16.32852673997513,16.3361320155876,
2019-07-15,16.107973747213475,16.107973747213475,15.522367525053207,15.522367525053207,
2019-07-16,15.453920044540968,15.453920044540968,14.891129649218117,15.157314295654604,
2019-07-17,15.720104690977454,15.879815478839344,15.104077366367305,15.11168264197978,
2019-07-18,15.71249941536498,15.71249941536498,14.913945476055535,14.989998232180241,
2019-07-19,14.556497522269398,14.754234688193637,14.381576183182563,14.480444766144688,
2019-07-22,14.343549805120208,14.427207836857395,14.168628466033377,14.168628466033377,
2019-07-23,14.168628466033377,14.168628466033377,13.719917204897593,13.81118051224724,
2019-07-24,13.750338307347471,13.849206890309603,13.659074999997829,13.697101378060182,
2019-07-25,13.68949610244771,13.849206890309603,13.567811692648172,13.750338307347471,
2019-07-26,14.43481311246986,14.43481311246986,13.21036373886204,13.248390116924394,
2019-07-29,12.88333688752579,13.164732085187211,12.88333688752579,12.89094216313826,
2019-07-30,12.88333688752579,13.423311456011227,12.88333688752579,13.21796901447451,
2019-07-31,13.76554885857242,13.872022717147013,13.111495155899917,13.757943582959946,
2019-08-01,13.940470197659254,13.948075473271725,13.119100431512392,13.339653424274044,
2019-08-02,13.111495155899917,13.271205943761807,13.111495155899917,13.195153187637098,
2019-08-05,12.89094216313826,13.202758463249568,12.88333688752579,13.06586350222509,
2019-08-06,13.012626572937796,13.012626572937796,12.822494682626022,12.852915785075904,
2019-08-07,12.56391531180201,12.88333688752579,12.56391531180201,12.693204997214018,
2019-08-08,13.012626572937796,13.202758463249568,12.56391531180201,12.73123137527637,
2019-08-09,12.822494682626022,12.822494682626022,12.56391531180201,12.56391531180201,
2019-08-16,12.176046255565991,12.236888460465757,12.176046255565991,12.18365153117846,
2019-08-19,12.693204997214018,12.822494682626022,12.685599721601546,12.761652477726255,
2019-08-20,13.164732085187211,13.408100904786286,13.012626572937796,13.408100904786286,
2019-08-21,13.52218003897335,13.719917204897593,13.202758463249568,13.613443346322995,
2019-08-22,14.130602087971026,14.290312875832916,13.788364685409832,14.290312875832916,
2019-08-23,14.586918624719281,14.624945002781633,14.039338780621371,14.252286497770559,
2019-08-26,14.495655317369632,14.495655317369632,13.697101378060182,13.795969961022301,
2019-08-27,13.788364685409832,14.008917678171496,13.400495629173816,14.008917678171496,
2019-08-28,14.168628466033377,14.708603034518816,14.039338780621371,14.381576183182563,
2019-08-29,14.191444292870793,14.366365631957626,14.077365158683731,14.077365158683731,
2019-08-30,14.33594452950774,14.33594452950774,13.370074526723927,13.370074526723927,
2019-09-02,13.77315413418489,13.77315413418489,13.77315413418489,13.77315413418489,
2019-09-03,13.849206890309603,13.849206890309603,13.271205943761807,13.271205943761807,
2019-09-04,13.841601614697131,13.841601614697131,13.49175893652346,13.529785314585817,
2019-09-05,13.309232321824162,13.309232321824162,13.271205943761807,13.286416494986748,
2019-09-11,13.49175893652346,13.529785314585817,12.94417909242556,12.974600194875439,
2019-09-12,12.89094216313826,13.012626572937796,12.56391531180201,12.60954696547683,
2019-09-13,12.396599248327648,12.88333688752579,12.396599248327648,12.449836177614944,
2019-09-16,12.56391531180201,12.56391531180201,12.396599248327648,12.396599248327648,
2019-09-17,12.33575704342788,12.56391531180201,12.107598775053752,12.145625153116107,
2019-09-18,12.206467358015875,12.236888460465757,11.978309089641746,12.07717767260387,
2019-09-19,11.978309089641746,12.176046255565991,11.978309089641746,12.061967121378927,
2019-09-20,12.229283184853285,12.708415548438957,12.176046255565991,12.708415548438957,
2019-09-23,13.141916258349802,13.354863975498986,12.88333688752579,13.354863975498986,
2019-09-24,13.52218003897335,13.659074999997829,12.693204997214018,12.708415548438957,
2019-09-25,12.94417909242556,13.111495155899917,12.061967121378927,12.061967121378927,
2019-09-26,11.605650584630668,11.849019404229738,11.423123969931366,11.423123969931366,
2019-09-27,11.339465938194188,11.75775609688009,11.179755150332294,11.575229482180788,
2019-09-30,11.87183523106715,11.87183523106715,11.506782001668547,11.651282238305496,
2019-10-01,11.658887513917964,12.236888460465757,11.658887513917964,11.894651057904568,
2019-10-02,12.107598775053752,12.198862082403402,11.91746688474198,12.046756570153983,
2019-10-03,12.046756570153983,12.427020350777532,11.849019404229738,12.054361845766454,
2019-10-04,12.229283184853285,12.33575704342788,12.046756570153983,12.206467358015875,
2019-10-07,12.236888460465757,12.852915785075904,12.236888460465757,12.662783894764134,
2019-10-08,13.005021297325325,13.172337360799686,12.693204997214018,12.746441926501314,
2019-10-09,12.87573161191332,13.316837597436635,12.822494682626022,12.906152714363198,
2019-10-10,13.043047675387678,13.370074526723927,12.88333688752579,12.92136326558814,
2019-10-11,12.94417909242556,13.271205943761807,12.94417909242556,12.966994919262971,
2019-10-14,12.94417909242556,13.07346877783756,12.776863028951198,12.776863028951198,
2019-10-15,12.693204997214018,12.94417909242556,12.693204997214018,12.754047202113782,
2019-10-16,12.91375798997567,12.94417909242556,12.754047202113782,12.754047202113782,
2019-10-17,12.693204997214018,12.73123137527637,12.571520587414483,12.586731138639424,
2019-10-18,12.624757516701774,12.624757516701774,12.624757516701774,12.624757516701774,
2019-10-21,12.548704760577067,12.548704760577067,12.07717767260387,12.236888460465757,
2019-10-22,12.16844097995352,12.229283184853285,11.91746688474198,11.947887987191864,
2019-10-23,11.925072160354448,12.145625153116107,11.91746688474198,12.07717767260387,
2019-10-24,12.236888460465757,12.35096759465282,11.430729245543837,11.430729245543837,
2019-10-25,11.271018457681945,11.590440033405729,10.951596881958169,11.194965701557239,
2019-10-28,11.080886567370174,11.430729245543837,11.080886567370174,11.347071213806657,
2019-10-29,11.149334047882412,11.529597828505963,11.149334047882412,11.347071213806657,
2019-10-30,11.347071213806657,11.461150347993723,11.339465938194188,11.43833452115631,
2019-10-31,11.499176726056076,11.658887513917964,11.499176726056076,11.529597828505963,
2019-11-01,11.651282238305496,11.651282238305496,11.339465938194188,11.415518694318896,
2019-11-04,11.590440033405729,11.643676962693023,11.400308143093953,11.537203104118431,
2019-11-05,11.453545072381251,12.016335467704101,11.430729245543837,11.742545545655148,
2019-11-06,11.909861609129507,12.229283184853285,11.887045782292095,12.039151294541517,
2019-11-07,12.046756570153983,12.107598775053752,11.795782474942444,11.955493262804332,
2019-11-08,11.947887987191864,12.092388223828811,11.925072160354448,11.955493262804332,
2019-11-11,12.016335467704101,12.601941689864365,12.001124916479156,12.601941689864365,
2019-11-12,13.012626572937796,13.240784841311928,12.784468304563667,13.081074053450033,
2019-11-13,13.30162704621169,13.735127756122532,13.020231848550265,13.727522480510062,
2019-11-14,14.168628466033377,14.33594452950774,13.27881121937428,13.408100904786286,
2019-11-15,13.514574763360878,14.077365158683731,13.111495155899917,14.069759883071258,
2019-11-18,14.343549805120208,14.647760829619049,13.370074526723927,14.161023190420908,
2019-11-19,14.206654844095732,14.777050515031055,14.039338780621371,14.510865868594573,
2019-11-20,14.564102797881867,14.777050515031055,14.107786261133613,14.18383901725832,
2019-11-21,14.168628466033377,14.168628466033377,13.476548385298523,13.52218003897335,
2019-11-22,14.008917678171496,14.008917678171496,13.240784841311928,13.529785314585817,
2019-11-25,13.659074999997829,14.107786261133613,13.659074999997829,14.008917678171496,
2019-11-26,14.168628466033377,14.708603034518816,13.788364685409832,14.670576656456461,
2019-11-27,14.799866341868466,15.073656263917423,14.662971380843993,14.845497995543296,
2019-11-28,14.845497995543296,15.012814059017652,14.624945002781633,14.723813585743756,
2019-11-29,14.883524373605649,15.461525320153438,14.503260592982102,14.853103271155767,
2019-12-02,15.324630359128966,15.59842028117792,15.20294594932943,15.583209729952971,
2019-12-03,15.8113679983271,15.955868234964052,14.974787680955304,15.066050988304955,
2019-12-04,15.142103744429665,15.431104217703558,14.982392956567772,15.096472090754835,
2019-12-05,15.20294594932943,15.65165721046521,15.088866815142369,15.438709493316027,
2019-12-06,15.301814532291553,15.431104217703558,15.134498468817192,15.218156500554372,
2019-12-09,14.982392956567772,15.248577603004255,14.81507689309341,14.837892719930824,
2019-12-10,14.685787207681402,14.716208310131286,14.427207836857395,14.602129175944224,
2019-12-11,14.624945002781633,15.332235634741435,14.624945002781633,15.332235634741435,
2019-12-12,15.567999178728034,15.780946895877218,15.393077839641197,15.438709493316027,
2019-12-13,15.461525320153438,15.522367525053207,15.134498468817192,15.385472564028731,
2019-12-16,15.377867288416262,15.65165721046521,15.377867288416262,15.507156973828273,
2019-12-17,15.590815005565446,15.621236108015328,15.11168264197978,15.507156973828273,
2019-12-18,15.142103744429665,15.780946895877218,15.142103744429665,15.393077839641197,
2019-12-19,15.583209729952971,15.621236108015328,14.655366105231517,14.799866341868466,
2019-12-20,15.20294594932943,15.20294594932943,14.465234214919743,14.586918624719281,
2019-12-23,14.39678673440751,14.556497522269398,14.366365631957626,14.465234214919743,
2019-12-24,14.267497048995502,14.617339727169165,14.267497048995502,14.533681695431985,
2019-12-26,14.81507689309341,14.936761302892943,14.632550278394106,14.82268216870588,
2019-12-27,14.81507689309341,15.03562988585507,14.655366105231517,14.662971380843993,
2019-12-30,14.997603507792713,15.134498468817192,14.495655317369632,14.883524373605649,
2019-12-31,14.989998232180241,15.134498468817192,14.784655790643528,14.81507689309341,
2020-01-01,14.81507689309341,15.560393903115564,14.81507689309341,15.415893666478613,
2020-01-02,15.431104217703558,15.978684061801465,15.263788154229196,15.735315242202391,
2020-01-03,16.32852673997513,16.32852673997513,14.95197185411789,15.393077839641197,
2020-01-06,14.82268216870588,15.248577603004255,14.632550278394106,14.716208310131286,
2020-01-07,14.81507689309341,15.04323516146754,14.624945002781633,14.746629412581168,
2020-01-08,14.685787207681402,14.754234688193637,14.39678673440751,14.427207836857395,
2020-01-09,15.073656263917423,15.073656263917423,14.81507689309341,15.005208783405184,
2020-01-10,15.119287917592247,15.134498468817192,14.837892719930824,14.906340200443065,
2020-01-13,15.195340673716963,15.195340673716963,14.883524373605649,14.891129649218117,
2020-01-14,15.04323516146754,15.134498468817192,14.81507689309341,14.883524373605649,
2020-01-15,14.685787207681402,14.936761302892943,14.662971380843993,14.716208310131286,
2020-01-16,14.936761302892943,14.936761302892943,14.769445239418589,14.799866341868466,
2020-01-17,14.81507689309341,14.936761302892943,14.708603034518816,14.784655790643528,
2020-01-20,14.662971380843993,14.845497995543296,14.495655317369632,14.541286971044457,
2020-01-21,14.168628466033377,14.81507689309341,14.168628466033377,14.799866341868466,
2020-01-22,14.81507689309341,15.104077366367305,14.81507689309341,14.830287444318348,
2020-01-23,14.81507689309341,14.974787680955304,14.556497522269398,14.57931334910681,
2020-01-24,14.655366105231517,14.655366105231517,14.624945002781633,14.624945002781633,
2020-01-27,14.96718240534283,15.20294594932943,14.632550278394106,15.050840437080014,
2020-01-28,15.332235634741435,15.613630832402864,14.81507689309341,15.461525320153438,
2020-01-29,15.522367525053207,15.590815005565446,14.609734451556696,14.624945002781633,
2020-01-30,14.81507689309341,14.81507689309341,14.754234688193637,14.81507689309341,
2020-01-31,14.81507689309341,14.81507689309341,14.685787207681402,14.685787207681402,
2020-02-03,15.012814059017652,15.012814059017652,14.297918151445387,14.33594452950774,
2020-02-04,14.427207836857395,14.43481311246986,14.39678673440751,14.39678673440751,
2020-02-06,14.39678673440751,14.81507689309341,14.39678673440751,14.503260592982102,
2020-02-07,14.495655317369632,14.495655317369632,13.849206890309603,13.849206890309603,
2020-02-10,13.849206890309603,13.849206890309603,13.081074053450033,13.134310982737329,
2020-02-11,13.21036373886204,13.240784841311928,12.852915785075904,12.88333688752579,
2020-02-12,12.88333688752579,13.141916258349802,12.693204997214018,12.738836650888842,
2020-02-13,12.860521060688376,13.49175893652346,12.65517861915166,12.693204997214018,
2020-02-14,12.624757516701774,12.624757516701774,12.495467831289771,12.624757516701774,
2020-02-17,13.043047675387678,13.043047675387678,12.434625626390005,12.807284131401081,
2020-02-18,12.852915785075904,12.87573161191332,12.624757516701774,12.738836650888842,
2020-02-19,12.624757516701774,13.172337360799686,12.624757516701774,12.87573161191332,
2020-02-20,12.442230902002475,12.716020824051428,12.442230902002475,12.525888933739655,
2020-02-21,12.617152241089304,12.617152241089304,12.48025728006483,12.60954696547683,
2020-02-24,12.434625626390005,12.434625626390005,12.092388223828811,12.107598775053752,
2020-02-25,12.176046255565991,12.366178145877766,12.176046255565991,12.366178145877766,
2020-02-26,12.115204050666222,12.214072633628346,12.107598775053752,12.206467358015875,
2020-02-27,11.91746688474198,12.206467358015875,11.765361372492562,12.046756570153983,
2020-02-28,12.07717767260387,12.495467831289771,12.07717767260387,12.25970428730317,
2020-03-02,12.56391531180201,12.88333688752579,12.366178145877766,12.776863028951198,
2020-03-03,12.65517861915166,12.677994445989075,12.57912586302695,12.57912586302695,
2020-03-04,12.495467831289771,12.746441926501314,12.495467831289771,12.746441926501314,
2020-03-05,12.784468304563667,13.111495155899917,12.769257753338723,12.89094216313826,
2020-03-06,13.111495155899917,13.141916258349802,12.434625626390005,12.525888933739655,
2020-03-09,11.91746688474198,12.88333688752579,11.849019404229738,12.837705233850961,
2020-03-10,12.56391531180201,13.027837124162737,12.56391531180201,12.761652477726255,
2020-03-11,12.88333688752579,13.111495155899917,12.396599248327648,12.449836177614944,
2020-03-12,12.33575704342788,13.324442873049103,12.236888460465757,13.324442873049103,
2020-03-13,13.49175893652346,14.252286497770559,13.49175893652346,14.252286497770559,
2020-03-16,14.252286497770559,14.716208310131286,13.849206890309603,14.259891773383032,
2020-03-17,14.297918151445387,14.913945476055535,14.168628466033377,14.465234214919743,
2020-03-18,14.168628466033377,14.328339253895267,13.377679802336399,13.400495629173816,
2020-03-19,12.396599248327648,14.138207363583497,12.396599248327648,13.537390590198292,
2020-03-20,13.849206890309603,13.849206890309603,12.56391531180201,13.202758463249568,
2020-03-24,12.214072633628346,12.214072633628346,12.214072633628346,12.214072633628346,
2020-03-25,12.236888460465757,12.236888460465757,11.301439560131833,11.301439560131833,
2020-03-26,11.271018457681945,11.90225633351704,11.271018457681945,11.598045309018199,
2020-03-27,11.598045309018199,11.598045309018199,11.598045309018199,11.598045309018199,
2020-03-30,10.951596881958169,11.598045309018199,10.951596881958169,11.598045309018199,
2020-03-31,11.887045782292095,12.236888460465757,11.849019404229738,12.221677909240816,
2020-04-01,12.07717767260387,12.107598775053752,11.727334994430203,11.856624679842211,
2020-04-02,12.046756570153983,12.746441926501314,11.91746688474198,12.746441926501314,
2020-04-03,13.126705707124863,13.636259173160411,13.126705707124863,13.529785314585817,
2020-04-06,14.168628466033377,14.168628466033377,12.89094216313826,13.529785314585817,
2020-04-07,13.529785314585817,14.168628466033377,13.529785314585817,14.008917678171496,
2020-04-08,14.168628466033377,14.168628466033377,13.849206890309603,14.024128229396432,
2020-04-09,14.168628466033377,14.655366105231517,14.168628466033377,14.404392010019981,
2020-04-10,14.107786261133613,14.358760356345153,14.107786261133613,14.122996812358554,
2020-04-13,13.271205943761807,13.271205943761807,13.07346877783756,13.149521533962272,
2020-04-14,12.88333688752579,13.461337834073579,12.88333688752579,13.21036373886204,
2020-04-15,13.529785314585817,14.199049568483263,13.453732558461109,14.199049568483263,
2020-04-16,14.708603034518816,14.754234688193637,14.297918151445387,14.465234214919743,
2020-04-17,15.104077366367305,15.545183351890623,14.974787680955304,15.545183351890623,
2020-04-20,16.701185244986206,16.701185244986206,15.621236108015328,16.107973747213475,
2020-04-21,15.720104690977454,16.57950083518667,15.461525320153438,16.107973747213475,
2020-04-22,16.039526266701237,16.52626390589937,15.849394376389458,16.12318429843841,
2020-04-23,16.107973747213475,16.107973747213475,15.780946895877218,16.107973747213475,
2020-04-24,16.107973747213475,16.107973747213475,16.039526266701237,16.039526266701237,
2020-04-27,15.940657683739108,16.587106110799144,15.780946895877218,16.260079259462888,
2020-04-28,16.107973747213475,16.26768453507536,15.780946895877218,16.054736817926173,
2020-04-29,16.929343513360333,17.07384374999728,16.107973747213475,16.214447605788067,
2020-04-30,16.52626390589937,16.876106584073042,16.427395322937254,16.587106110799144,
2020-05-04,16.305710913137716,16.67836941814879,16.298105637525246,16.640343040086435,
2020-05-05,16.45781642538714,16.906527686522924,16.358947842425014,16.625132488861496,
2020-05-06,16.556685008349255,16.587106110799144,16.48823752783702,16.48823752783702,
2020-05-07,16.229658157013006,16.906527686522924,16.229658157013006,16.822869654785737,
2020-05-08,17.07384374999728,18.07774013084344,16.556685008349255,18.00929265033121,
2020-05-11,19.005583755564906,19.005583755564906,18.039713752781093,18.10055595768086,
2020-05-12,18.039713752781093,19.005583755564906,18.039713752781093,18.929530999440193,
2020-05-13,19.195715645876675,19.294584228838797,18.039713752781093,18.71658328229101,
2020-05-14,18.67855690422865,18.67855690422865,18.36674060411734,18.450398635854523,
2020-05-15,18.10055595768086,19.64442690701246,18.039713752781093,19.3478211581261,
2020-05-18,19.264163126388908,19.264163126388908,18.404766982179705,18.70897800667854,
2020-05-19,18.359135328504873,18.67855690422865,18.359135328504873,18.38195115534229,
2020-05-20,18.38195115534229,18.38195115534229,18.039713752781093,18.039713752781093,
2020-05-21,18.039713752781093,18.039713752781093,17.872397689306734,18.039713752781093,
2020-05-28,17.111870128059635,18.41997753340464,17.111870128059635,17.71268690144484,
2020-05-29,17.71268690144484,18.039713752781093,17.454107530620828,18.039713752781093,
2020-06-01,17.39326532572106,17.39326532572106,17.210738711021758,17.263975640309056,
2020-06-02,17.07384374999728,17.07384374999728,16.685974693761263,16.784843276723386,
2020-06-03,16.685974693761263,17.07384374999728,16.50344807906196,17.020606820709983,
2020-06-04,16.754422174273504,17.03581737193493,16.685974693761263,17.03581737193493,
2020-06-05,16.685974693761263,16.685974693761263,16.556685008349255,16.625132488861496,
2020-06-08,17.71268690144484,17.71268690144484,16.746816898661034,16.822869654785737,
2020-06-09,16.34373729120007,16.746816898661034,16.34373729120007,16.45781642538714,
2020-06-10,16.427395322937254,17.225949262246704,16.427395322937254,17.08905430122222,
2020-06-11,17.286791467146475,18.290687847992636,17.104264852447162,18.085345406455914,
2020-06-12,17.71268690144484,18.039713752781093,17.560581389195423,17.682265798994955,
2020-06-15,17.682265798994955,17.71268690144484,17.400870601333533,17.400870601333533,
2020-06-16,17.07384374999728,17.872397689306734,17.005396269485043,17.743108003894726,
2020-06-17,17.552976113582947,17.58339721603284,17.39326532572106,17.39326532572106,
2020-06-18,17.39326532572106,17.39326532572106,17.07384374999728,17.18792288418435,
2020-06-19,17.07384374999728,17.39326532572106,17.07384374999728,17.39326532572106,
2020-06-22,17.23355453785917,17.23355453785917,17.23355453785917,17.23355453785917,
2020-06-23,17.195528159796822,17.29439674275894,17.195528159796822,17.29439674275894,
2020-06-24,17.23355453785917,17.324817845208827,17.165107057346937,17.195528159796822,
2020-06-26,17.492133908683183,17.697476350219905,16.754422174273504,17.028212096322456,
2020-06-29,16.746816898661034,16.746816898661034,16.746816898661034,16.746816898661034,
2020-06-30,16.883711859685512,16.97497516703516,16.822869654785737,16.97497516703516,
2020-07-01,16.97497516703516,17.07384374999728,16.746816898661034,17.07384374999728,
2020-07-02,17.324817845208827,17.48452863307071,17.13468595489705,17.256370364696583,
2020-07-03,17.39326532572106,17.52255501113307,17.39326532572106,17.39326532572106,
2020-07-06,17.39326532572106,17.39326532572106,17.07384374999728,17.317212569596354,
2020-07-07,17.13468595489705,17.256370364696583,16.876106584073042,16.876106584073042,
2020-07-08,16.822869654785737,17.195528159796822,16.822869654785737,17.07384374999728,
2020-07-09,17.111870128059635,17.385660050108587,17.07384374999728,17.119475403672105,
2020-07-10,17.07384374999728,17.07384374999728,16.944554064585276,16.97497516703516,
2020-07-13,17.23355453785917,17.651844696545076,17.23355453785917,17.552976113582947,
2020-07-14,17.271580915921525,17.644239420932603,17.195528159796822,17.416081152558473,
2020-07-15,17.271580915921525,17.5149497355206,17.07384374999728,17.39326532572106,
2020-07-16,17.743108003894726,17.963660996656387,17.408475876946007,17.59100249164531,
2020-07-17,17.560581389195423,18.57208304565406,17.39326532572106,18.123371784518277,
2020-07-20,18.518846116366763,18.906715172602777,18.199424540642983,18.36674060411734,
2020-07-21,18.359135328504873,18.98276792872749,18.359135328504873,18.883899345765368,
2020-07-22,18.853478243315486,19.454295016700687,18.853478243315486,19.30979478006374,
2020-07-23,19.583584702112695,19.811742970486822,19.005583755564906,19.172899819039266,
2020-07-24,19.005583755564906,19.165294543426793,18.807846589640658,18.96755737750255,
2020-07-27,19.005583755564906,19.325005331288683,19.005583755564906,19.03600485801479,
2020-07-28,18.747004384740887,19.195715645876675,18.747004384740887,18.861083518927956,
2020-07-29,18.70137273106607,19.553163599662813,18.67855690422865,19.492321394763046,
2020-07-30,19.682453285074818,20.29087533407249,19.325005331288683,20.153980373048018,
2020-08-03,20.25284895601014,20.610296909796276,19.720479663137173,20.01708541202354,
2020-08-04,20.1844014754979,20.29087533407249,19.682453285074818,19.979059033961185,
2020-08-05,19.61400580456258,20.283270058460023,19.61400580456258,19.963848482736246,
2020-08-06,19.971453758348716,21.408850849105725,19.64442690701246,20.815639351332994,
2020-08-07,20.709165492758395,20.93732376113253,20.45058612193438,20.610296909796276,
2020-08-10,21.15027147828171,21.15027147828171,20.283270058460023,20.313691160909904,
2020-08-11,20.313691160909904,20.58748108295886,20.062717065698365,20.27566478284755,
2020-08-12,20.77761297327064,21.796719905341746,19.971453758348716,20.29087533407249,
2020-08-13,20.610296909796276,20.610296909796276,19.264163126388908,19.325005331288683,
2020-08-17,19.165294543426793,19.325005331288683,18.67855690422865,18.70897800667854,
2020-08-18,19.22613674832656,19.264163126388908,18.67855690422865,18.71658328229101,
2020-08-19,18.997978479952433,19.005583755564906,18.359135328504873,18.61010942371641,
2020-08-20,18.20702981625545,18.488425013916878,18.108161233293327,18.199424540642983,
2020-08-21,18.71658328229101,18.71658328229101,18.229845643092865,18.359135328504873,
2020-08-24,18.176608713805564,18.351530052892404,18.039713752781093,18.039713752781093,
2020-08-25,17.910424067369085,18.290687847992636,17.872397689306734,18.039713752781093,
2020-08-26,18.039713752781093,18.351530052892404,18.039713752781093,18.283082572380163,
2020-08-27,18.039713752781093,18.359135328504873,18.039713752781093,18.20702981625545,
2020-08-28,18.199424540642983,18.800241314028185,18.199424540642983,18.52645139197923,
2020-08-31,18.67855690422865,19.64442690701246,18.67095162861618,19.43908446547575,
2020-09-01,19.971453758348716,20.549454704896505,19.659637458237405,19.986664309573655,
2020-09-02,20.610296909796276,20.610296909796276,20.001874860798598,20.442980846321912,
2020-09-03,20.169190924272954,20.868876280620285,20.169190924272954,20.62550746102122,
2020-09-04,20.298480609684965,21.872772661466456,20.298480609684965,21.743482976054445,
2020-09-07,21.576166912580085,22.222615339640114,21.576166912580085,21.89558848830386,
2020-09-08,21.77390407850433,21.903193763916338,21.09703454899442,21.09703454899442,
2020-09-09,20.230033129172728,21.2567453368563,20.230033129172728,21.036192344094648,
2020-09-10,21.2567453368563,21.500114156455375,20.709165492758395,20.716770768370864,
2020-09-11,20.929718485520056,21.743482976054445,20.35932281458473,21.416456124718195,
2020-09-14,22.222615339640114,22.222615339640114,21.2567453368563,21.849956834629037,
2020-09-15,21.910799039528808,22.09332565422811,21.14266620266924,21.65982494431727,
2020-09-16,21.576166912580085,21.576166912580085,20.99816596603229,20.99816596603229,
2020-09-17,20.99816596603229,21.09703454899442,20.929718485520056,21.09703454899442,
2020-09-18,20.93732376113253,22.481194710464123,19.515137221600458,19.515137221600458,
2020-09-21,19.477110843538103,19.484716119150573,18.67855690422865,18.96755737750255,
2020-09-22,18.67855690422865,19.005583755564906,18.67855690422865,18.823057140865604,
2020-09-23,19.13487344097691,19.332610606901152,18.8762940701529,19.028399582402315,
2020-09-24,19.165294543426793,19.165294543426793,18.67855690422865,18.769820211578303,
2020-09-25,18.686162179841126,19.104452338527025,18.36674060411734,18.67855690422865,
2020-09-28,18.374345879729816,18.67855690422865,17.286791467146475,17.324817845208827,
2020-09-29,17.324817845208827,17.910424067369085,17.324817845208827,17.454107530620828,
2020-09-30,17.78113438195708,18.161398162580625,17.651844696545076,17.773529106344608,
2020-10-01,17.52255501113307,17.94084516981897,16.746816898661034,17.50734445990813,
2020-10-02,17.71268690144484,18.039713752781093,17.58339721603284,17.720292177057313,
2020-10-05,17.08144902560975,17.165107057346937,17.08144902560975,17.13468595489705,
2020-10-06,17.324817845208827,17.71268690144484,17.324817845208827,17.71268690144484,
2020-10-07,17.933239894206498,18.290687847992636,17.880002964919207,18.23745091870534,
2020-10-08,18.10055595768086,18.937136275052666,18.10055595768086,18.67855690422865,
2020-10-09,18.96755737750255,19.64442690701246,18.96755737750255,19.5303477728254,
2020-10-12,19.64442690701246,19.971453758348716,19.06642596046467,19.30979478006374,
2020-10-13,19.30979478006374,19.325005331288683,18.67855690422865,19.08924178730208,
2020-10-14,19.06642596046467,19.317400055676213,18.937136275052666,19.30218950445127,
2020-10-15,19.84216407293671,19.93342738028636,18.747004384740887,19.028399582402315,
2020-10-16,19.263120681006598,19.994930412760528,19.263120681006598,19.89263442875191,
2020-10-19,19.98706149091371,19.994930412760528,19.160824696997988,19.24738283731297,
2020-10-20,19.003446260061654,19.994930412760528,18.93262596344031,19.994930412760528,
2020-10-21,20.325425130326813,21.497894485502467,20.223129146318204,21.411336345187483,
2020-10-22,21.962160874464633,21.993636561851897,20.99428348730621,21.922816265230544,
2020-10-23,21.922816265230544,22.992989636397585,21.796913515681492,22.91430041792942,
2020-10-26,23.18184376072118,23.960867023556006,22.261179904643658,23.417911416125673,
2020-10-27,23.59102769675563,24.96022009810169,23.331353275810685,24.078900851258247,
2020-10-28,24.33070635035638,24.669069989769483,23.12676130779346,23.834964274006943,
2020-10-29,24.149721147879603,24.149721147879603,22.22970421725639,23.06380993301893,
2020-11-02,22.064456858473243,22.662494918831296,22.064456858473243,22.394951576039535,
2020-11-03,23.32348435396387,23.32348435396387,22.32413127941819,23.213319448108443,
2020-11-04,23.394304650585223,23.394304650585223,22.198228529869123,22.37134481049909,
2020-11-05,22.261179904643658,22.859217965001704,22.174621764328677,22.45790295081407,
2020-11-06,22.32413127941819,24.141852226032785,22.32413127941819,23.716930446304698,
2020-11-09,24.157590069726414,24.5825118494545,23.32348435396387,23.787750742926043,
2020-11-10,23.984473789096455,24.259886053735027,23.12676130779346,23.229057291802075,
2020-11-11,22.992989636397585,23.32348435396387,22.32413127941819,22.363475888652275,
2020-11-12,22.4736407945077,22.497247560048148,21.427074188881114,21.58445262581745,
2020-11-13,21.66314184428561,21.726093219060136,21.159530846089353,21.30904036117887,
2020-11-16,21.30904036117887,21.497894485502467,20.797560441135797,20.876249659603964,
2020-11-17,21.12805515870209,21.324778204872505,20.868380737757146,21.096579471314826,
2020-11-18,21.324778204872505,21.962160874464633,21.00215240915303,21.10444839316164,
2020-11-19,21.324778204872505,21.427074188881114,20.99428348730621,21.293302517485234,
2020-11-20,20.99428348730621,21.324778204872505,20.498541410956776,20.703133378974,
2020-11-23,20.19165345893094,20.530017098344047,19.994930412760528,20.33329405217363,
2020-11-24,20.530017098344047,20.65591984789311,19.727387069968767,19.92411011613918,
2020-11-25,20.19165345893094,20.19165345893094,19.32607205578113,19.50705725825791,
2020-11-26,19.89263442875191,19.89263442875191,19.32607205578113,19.45984372717701,
2020-11-27,19.66443569519424,19.92411011613918,19.45984372717701,19.585746476726072,
2020-11-30,19.538532945645173,20.829036128523065,19.32607205578113,19.93197903798599,
2020-12-01,20.160177771543673,20.23099806816502,19.570008633032437,19.96345472537326,
2020-12-02,20.042143943841424,21.450680954421568,20.042143943841424,21.191006533476624,
2020-12-03,21.57658370397063,21.623797235051523,20.262473755552286,20.40411434879498,
2020-12-04,20.396245426948166,21.15166192424254,20.396245426948166,20.718871222667637,
2020-12-07,21.191006533476624,21.191006533476624,20.4591968017227,20.51427925465041,
2020-12-08,20.262473755552286,21.26182683009797,20.16804669339049,21.033628096540298,
2020-12-09,21.033628096540298,21.057234862080744,20.663788769739924,20.73460906636127,
2020-12-10,20.56149278573131,20.829036128523065,20.4591968017227,20.711002300820823,
2020-12-11,20.797560441135797,20.860511815910336,20.663788769739924,20.77395367559535,
2020-12-14,21.285433595638423,21.324778204872505,20.860511815910336,20.95493887807213,
2020-12-15,21.191006533476624,21.285433595638423,20.860511815910336,21.01789025284666,
2020-12-16,21.12805515870209,21.993636561851897,20.829036128523065,21.58445262581745,
2020-12-17,21.66314184428561,22.261179904643658,21.66314184428561,21.985767640005086,
2020-12-18,22.261179904643658,22.45790295081407,21.497894485502467,21.828389203068756,
2020-12-21,21.66314184428561,21.930685187077366,21.395598501493854,21.474287719962014,
2020-12-22,21.324778204872505,21.497894485502467,20.829036128523065,21.07297270577438,
2020-12-23,20.931332112531685,21.427074188881114,20.931332112531685,21.332647126719323,
2020-12-24,21.58445262581745,22.937907183469868,21.58445262581745,22.33986912311182,
2020-12-28,22.60741246590358,22.662494918831296,22.23757313910321,22.38708265419272,
2020-12-29,22.32413127941819,22.32413127941819,21.44281203257475,21.53723909473655,
2020-12-30,21.40346742334067,21.985767640005086,21.40346742334067,21.875602734149652,
2020-12-31,21.52937017288973,22.261179904643658,21.324778204872505,21.332647126719323,
2021-01-01,21.395598501493854,21.993636561851897,21.395598501493854,21.69461753167288,
2021-01-04,21.66314184428561,21.954291952617815,21.324778204872505,21.55297693843018,
2021-01-05,21.545108016583363,22.32413127941819,21.545108016583363,22.04871901477961,
2021-01-06,22.198228529869123,23.26053297918934,22.064456858473243,22.937907183469868,
2021-01-07,23.425780337972487,23.457256025359754,22.662494918831296,22.71757737175901,
2021-01-08,22.45790295081407,22.859217965001704,22.363475888652275,22.48150971635452,
2021-01-11,22.662494918831296,22.961513949010318,22.544461091129048,22.544461091129048,
2021-01-12,22.332000201265007,24.220541444500945,22.332000201265007,24.094638694951882,
2021-01-13,24.66120106792267,25.85727718863876,24.22841036634776,25.64481629877472,
2021-01-14,25.991048860034645,26.156296218817783,25.062516082110303,25.463831096297938,
2021-01-15,25.393010799676592,25.92809748526011,24.82644842670581,25.416617565217038,
2021-01-18,25.330059424902057,25.330059424902057,24.66120106792267,24.716283520850382,
2021-01-19,25.243501284587076,25.282845893821168,24.834317348552624,24.85005519224626,
2021-01-20,25.133336378731652,25.133336378731652,24.50382263098634,24.708414599003564,
2021-01-21,24.692676755309932,24.936613332561244,24.33070635035638,24.370050959590454,
2021-01-22,24.36218203774364,24.98382686364214,23.992342710943266,24.621856458688583,
2021-01-25,24.92874441071442,25.66055414246835,24.110376538645518,25.298583737514793,
2021-01-26,25.330059424902057,25.42448648706386,24.857924114093073,25.015302551029404,
2021-01-27,24.70054567715675,24.991695785488957,24.43300233436499,24.645463224229033,
2021-01-28,24.65333214607585,24.66120106792267,24.33070635035638,24.66120106792267,
2021-01-29,24.495953709139517,24.66120106792267,24.102507616798697,24.259886053735027,
2021-02-01,24.275623897428662,24.45660909990543,24.236279288194577,24.283492819275477,
2021-02-02,24.36218203774364,24.36218203774364,24.157590069726414,24.189065757113678,
2021-02-03,24.39365772513091,24.45660909990543,24.259886053735027,24.37791988143727,
2021-02-04,24.65333214607585,24.98382686364214,24.39365772513091,24.629725380535405,
2021-02-08,25.054647160263485,25.589733845847007,24.33070635035638,25.086122847650753,
2021-02-09,25.322190503055243,25.589733845847007,25.070385003957117,25.196287753506184,
2021-02-10,25.031040394723036,25.031040394723036,24.66120106792267,24.73989028639083,
2021-02-11,25.243501284587076,25.243501284587076,24.598249693148134,24.66120106792267,
2021-02-12,24.991695785488957,25.02317147287622,24.39365772513091,24.480215865445885,
2021-02-15,24.7241524426972,25.196287753506184,24.7241524426972,24.85005519224626,
2021-02-16,24.991695785488957,25.02317147287622,24.732021364544014,24.7713659737781,
2021-02-17,24.991695785488957,25.393010799676592,24.98382686364214,25.330059424902057,
2021-02-18,25.330059424902057,25.794325813864226,25.02317147287622,25.56612708030656,
2021-02-19,24.66120106792267,27.470406167236128,24.66120106792267,26.730727513635383,
2021-02-22,27.226469589984816,28.729433662726755,26.52613554561816,28.509103851015894,
2021-02-23,28.556317382096793,29.78386919020016,27.997623930972825,29.29599603569753,
2021-02-24,29.201568973535736,29.327471723084805,28.194346977143244,28.784516115654462,
2021-02-25,28.729433662726755,29.327471723084805,28.25729835191777,28.42254571070091,
2021-02-26,28.42254571070091,28.461890319934998,27.328765573993426,27.5018818546234,
2021-03-01,27.65926029155973,29.059928380293044,27.596308916785194,28.713695819033124,
2021-03-02,29.319602801237984,29.988461158217387,29.01271484921215,29.886165174208756,
2021-03-03,29.996330080064205,30.311086953936854,29.390423097859326,29.713048893578808,
2021-03-04,28.658613366105413,29.626490753263827,27.966148243585565,28.00549285281965,
2021-03-05,28.59566199133088,28.59566199133088,27.7930319629556,27.966148243585565,
2021-03-08,28.060575305747356,28.493366007322265,25.873015032332397,26.038262391115538,
2021-03-09,25.50317570553202,26.32941249944775,24.527429396526784,24.944482254408054,
2021-03-10,25.925427642599885,25.925427642599885,24.724249527884837,24.941128909708393,
2021-03-11,25.08293465936225,25.424936761468622,23.94848866213137,24.081952897099708,
2021-03-12,24.34053985235086,25.258106467758196,24.023562294301062,25.049568600620166,
2021-03-15,25.00786102719256,25.433278276154137,24.724249527884837,25.07459314467673,
2021-03-16,25.258106467758196,25.683523716719776,24.866055277538702,25.041227085934647,
2021-03-17,26.06723339225375,26.28411277407731,25.291472526500286,26.05055036288271,
2021-03-18,25.508351908323828,26.133965509737923,25.433278276154137,25.625133113921127,
2021-03-19,25.433278276154137,26.06723339225375,25.433278276154137,25.98381824539854,
2021-03-22,25.433278276154137,25.925427642599885,25.433278276154137,25.775280378260508,
2021-03-24,26.000501274769583,26.025525818826143,25.291472526500286,25.37488767335549,
2021-03-25,25.366546158669976,25.566742511122484,25.016202541878084,25.23308192370163,
2021-03-26,25.08293465936225,25.08293465936225,24.724249527884837,25.049568600620166,
2021-03-29,24.30717379360878,24.61580983697306,23.89843957401824,24.015220779615532,
2021-03-30,24.023562294301062,24.590785292916497,23.80668291247751,24.173709558640446,
2021-03-31,24.724249527884837,24.866055277538702,24.30717379360878,24.348881367036388,
2021-04-01,24.13200198521283,24.549077719488892,24.13200198521283,24.182051073325965,
2021-04-02,24.13200198521283,24.54073620480337,24.023562294301062,24.023562294301062,
2021-04-05,24.023562294301062,24.023562294301062,22.96418992923987,23.11433719357925,
2021-04-06,23.139361737635813,23.531412927855307,23.139361737635813,23.422973236943527,
2021-04-07,24.624151351658583,24.624151351658583,23.314533546031754,23.389607178201445,
2021-04-08,23.940147147445845,24.37390591109295,23.389607178201445,24.165368043954917,
2021-04-09,24.34053985235086,25.049568600620166,24.34053985235086,24.640834381029627,
2021-04-12,24.724249527884837,25.14966677684642,24.640834381029627,25.06625162999121,
2021-04-13,24.549077719488892,25.933769157285415,24.515711660746806,25.449961305525186,
2021-04-14,25.775280378260508,25.775280378260508,25.08293465936225,25.10795920341882,
2021-04-15,25.191374350274028,25.433278276154137,25.191374350274028,25.22474040901611,
2021-04-16,25.191374350274028,25.39991221741206,25.08293465936225,25.14966677684642,
2021-04-19,24.482345602004727,25.00786102719256,24.37390591109295,24.724249527884837,
2021-04-20,25.08293465936225,25.08293465936225,24.724249527884837,24.891079821595266,
2021-04-21,24.724249527884837,24.907762850966307,24.724249527884837,24.790981645369012,
2021-04-22,24.832689218796613,25.08293465936225,24.590785292916497,24.715908013199318,
2021-04-23,24.382247425778473,25.06625162999121,24.26546622018117,24.37390591109295,
2021-04-26,24.03190380898658,24.507370146061287,22.972531443925384,23.23945991386206,
2021-04-27,23.389607178201445,23.606486560025,23.314533546031754,23.314533546031754,
2021-04-28,23.322875060717273,23.489705354427702,23.247801428547586,23.314533546031754,
2021-04-29,23.247801428547586,23.739950794993337,23.247801428547586,23.347899604773836,
2021-04-30,23.322875060717273,23.322875060717273,22.605504797762457,22.605504797762457,
2021-05-03,21.913159078864197,22.738969032730797,21.37096062430532,22.59716328307693,
2021-05-04,22.605504797762457,22.822384179586006,22.605504797762457,22.68057842993215,
2021-05-05,22.96418992923987,22.96418992923987,22.605504797762457,22.672236915246625,
2021-05-06,22.955848414554346,23.297850516660713,22.605504797762457,22.655553885875584,
2021-05-17,22.85575023832809,23.247801428547586,22.605504797762457,22.98087295861091,
2021-05-18,23.30619203134624,24.37390591109295,23.139361737635813,24.13200198521283,
2021-05-19,23.773316853735427,24.482345602004727,23.739950794993337,24.173709558640446,
2021-05-20,24.37390591109295,25.97547673071302,24.37390591109295,25.97547673071302,
2021-05-21,26.82631122863618,26.842994258007224,25.433278276154137,25.791963407631556,
2021-05-24,25.775280378260508,26.142307024423445,25.508351908323828,25.783621892946034,
2021-05-25,25.541717967065917,27.710511785301428,25.541717967065917,27.710511785301428,
2021-05-26,28.419540533570725,29.754182883254124,27.710511785301428,28.98676353218617,
2021-05-27,28.68646900350741,29.43720532520432,27.55202300627653,28.928372929387525,
2021-05-28,28.26105175454583,30.046135897247368,28.26105175454583,28.91168990001648,
2021-05-31,28.970080502815126,29.32042411960703,27.835634505584242,27.952415711181548,
2021-06-01,28.26105175454583,28.26105175454583,27.201679389484635,27.702170270615916,
2021-06-02,28.185978122376127,28.185978122376127,27.31011908039641,27.894025108382895,
2021-06-03,27.72719481467247,29.32042411960703,27.72719481467247,28.619736886023244,
2021-06-04,28.65310294476533,28.786567179733662,28.11924600489197,28.394515989514176,
2021-06-07,28.294417813287907,29.670767736398915,28.26105175454583,28.95339747344409,
2021-06-08,29.312082604921507,29.312082604921507,28.15261206363405,28.194319637061657,
2021-06-09,28.68646900350741,28.68646900350741,28.0525138874078,28.302759327973433,
2021-06-10,28.26105175454583,28.886665355959924,28.15261206363405,28.569687797910113,
2021-06-11,28.961738988129607,28.961738988129607,28.085879946149888,28.169295093005093,
2021-06-14,28.41119901888521,29.32042411960703,27.977440255238108,28.377832960143124,
2021-06-15,28.294417813287907,28.427882048256254,27.55202300627653,27.593730579704133,
2021-06-16,27.635438153131744,27.90236662306842,27.48529088879236,27.685487241244864,
2021-06-17,28.04417237272228,28.04417237272228,27.201679389484635,27.24338696291224,
2021-06-18,27.2684115069688,27.543681491591006,26.709530023038887,27.2684115069688,
2021-06-21,27.201679389484635,28.928372929387525,27.126605757314948,28.344466901401034,
2021-06-22,28.4445650776273,29.32042411960703,27.62709663844622,28.14427054894854,
2021-06-23,27.91070813775394,28.11924600489197,27.026507581088687,27.210020904170154,
2021-06-24,27.835634505584242,27.835634505584242,27.059873639830773,27.134947272000463,
2021-06-25,27.059873639830773,27.201679389484635,26.984800007661086,27.16831333074255,
2021-06-28,27.059873639830773,27.16831333074255,26.60109033212711,26.801286684579622,
2021-06-29,26.851335772692742,27.435241800679233,26.776262140523055,27.2684115069688,
2021-06-30,27.201679389484635,27.451924830050274,26.717871537724406,26.884701831434825,
2021-07-01,26.851335772692742,26.851335772692742,26.52601669995742,26.634456390869197,
2021-07-02,26.667822449611283,26.667822449611283,26.142307024423445,26.41757700904564,
2021-07-05,26.184014597851053,26.184014597851053,26.008842789455105,26.05055036288271,
2021-07-06,26.142307024423445,26.142307024423445,25.816987951688112,25.816987951688112,
2021-07-07,25.791963407631556,25.800304922317075,25.575084025808,25.791963407631556,
2021-07-08,26.142307024423445,26.142307024423445,25.925427642599885,26.075574906939273,
2021-07-09,26.158990053794486,26.158990053794486,25.791963407631556,25.808646437002597,
2021-07-12,25.608450084550086,25.683523716719776,25.433278276154137,25.508351908323828,
2021-07-13,25.441619790839663,26.142307024423445,25.433278276154137,26.025525818826143,
2021-07-14,26.142307024423445,26.17567308316553,25.791963407631556,25.90040309854333,
2021-07-15,25.791963407631556,25.925427642599885,25.508351908323828,25.741914319518425,
2021-07-16,25.741914319518425,26.06723339225375,25.65015765797769,26.03386733351167,
2021-07-19,25.791963407631556,26.06723339225375,25.716889775461862,25.858695525115728,
2021-07-23,25.858695525115728,27.093239698572855,25.858695525115728,26.734554567095444,
2021-07-26,26.634456390869197,26.634456390869197,26.142307024423445,26.225722171278655,
2021-07-27,25.925427642599885,26.484309126529816,25.925427642599885,25.942110671970937,
2021-07-28,25.791963407631556,26.142307024423445,25.716889775461862,25.775280378260508,
2021-07-29,25.0996176887333,25.98381824539854,25.0996176887333,25.716889775461862,
2021-07-30,25.466644334896227,26.06723339225375,25.466644334896227,25.608450084550086,
2021-08-02,25.433278276154137,25.958793701341975,25.433278276154137,25.958793701341975,
2021-08-03,25.791963407631556,26.108940965681363,25.575084025808,25.75859734888947,
2021-08-04,25.800304922317075,26.133965509737923,25.791963407631556,26.000501274769583,
2021-08-05,26.142307024423445,26.142307024423445,25.791963407631556,25.842012495744676,
2021-08-06,25.867037039801247,26.142307024423445,25.858695525115728,25.875378554486765,
2021-08-09,25.733572804832907,25.733572804832907,25.65015765797769,25.65015765797769,
2021-08-10,25.433278276154137,25.750255834203948,25.433278276154137,25.51669342300935,
2021-08-11,25.433278276154137,25.875378554486765,25.291472526500286,25.791963407631556,
2021-08-12,25.158008291531942,25.75859734888947,25.158008291531942,25.449961305525186,
2021-08-13,25.433278276154137,25.566742511122484,25.433278276154137,25.558400996436962,
2021-08-16,25.39991221741206,25.791963407631556,25.39991221741206,25.791963407631556,
2021-08-17,25.433278276154137,25.791963407631556,24.724249527884837,25.608450084550086,
2021-08-20,25.441619790839663,25.741914319518425,25.158008291531942,25.700206746090817,
2021-08-23,25.791963407631556,26.142307024423445,25.583425540493522,26.142307024423445,
2021-08-24,26.45928458247325,26.45928458247325,25.82532946637364,26.1256239950524,
2021-08-25,26.1256239950524,28.085879946149888,25.967135216027494,28.085879946149888,
2021-08-26,28.085879946149888,28.52798022448251,26.74289608178097,26.984800007661086,
2021-08-27,26.43426003841669,26.492650641215338,26.167331568480012,26.384210950303558,
2021-08-30,26.209039141907617,26.350844891561472,25.97547673071302,26.250746715335218,
2021-08-31,26.06723339225375,26.492650641215338,26.017184304140628,26.28411277407731,
2021-09-01,26.28411277407731,26.350844891561472,26.142307024423445,26.184014597851053,
2021-09-02,26.142307024423445,26.142307024423445,25.892061583857807,25.99215976008406,
2021-09-03,26.142307024423445,26.142307024423445,25.933769157285415,25.933769157285415,
2021-09-06,25.65015765797769,26.484309126529816,25.65015765797769,26.117282480366878,
2021-09-07,26.142307024423445,26.158990053794486,24.724249527884837,24.93278739502287,
2021-09-08,25.750255834203948,25.858695525115728,25.174691320902987,25.608450084550086,
2021-09-09,25.433278276154137,25.700206746090817,25.258106467758196,25.608450084550086,
2021-09-10,25.82532946637364,26.851335772692742,25.258106467758196,25.51669342300935,
2021-09-13,25.433278276154137,25.791963407631556,25.08293465936225,25.583425540493522,
2021-09-14,25.433278276154137,26.142307024423445,25.291472526500286,25.39157070272654,
2021-09-15,25.39157070272654,25.625133113921127,25.14966677684642,25.366546158669976,
2021-09-16,25.291472526500286,25.366546158669976,25.14966677684642,25.191374350274028,
2021-09-17,25.22474040901611,25.750255834203948,25.22474040901611,25.39991221741206,
2021-09-20,25.424936761468622,25.791963407631556,25.22474040901611,25.241423438387155,
2021-09-21,25.65015765797769,25.65015765797769,23.664877162823647,24.03190380898658,
2021-09-22,23.564778986597393,23.564778986597393,22.230136636913997,22.23847815159952,
2021-09-23,22.25516118097056,23.28116748728967,21.904817564178675,22.06330634320358,
2021-09-24,22.04662331383253,22.68057842993215,21.729645755782727,22.36360087188234,
2021-09-27,22.605504797762457,22.672236915246625,21.487741829902614,21.629547579556473,
2021-09-28,22.079989372574616,22.605504797762457,21.66291363829856,21.788036358581376,
2021-09-29,21.904817564178675,21.904817564178675,20.486760067640066,21.19578881590937,
2021-09-30,21.162422757167285,21.54613243270126,21.129056698425195,21.220813359965938,
2021-10-01,21.312570021506673,22.80570115021497,21.270862448079065,22.71394448867423,
2021-10-04,23.139361737635813,23.139361737635813,22.25516118097056,22.822384179586006,
2021-10-05,22.822384179586006,22.96418992923987,22.605504797762457,22.605504797762457,
2021-10-06,22.33023481314025,22.822384179586006,21.904817564178675,22.105013916631183,
2021-10-07,22.538772680278285,22.605504797762457,21.938183622920757,21.938183622920757,
2021-10-08,21.904817564178675,22.430332989366505,21.020617007513422,22.079989372574616,
2021-10-11,22.04662331383253,22.04662331383253,21.19578881590937,21.204130330594893,
2021-10-12,21.262520933393542,21.971549681662843,20.853786713803004,21.170764271852807,
2021-10-13,21.129056698425195,21.245837904022498,21.095690639683117,21.095690639683117,
2021-10-14,21.087349124997594,21.47940031521709,20.311588259244125,20.570175214495283,
2021-10-15,20.77037156694779,21.020617007513422,20.59519975855185,20.795396111004358,
2021-10-18,20.528467641067675,20.945543375343735,20.528467641067675,20.661931876036014,
2021-10-20,20.828762169746437,21.19578881590937,20.828762169746437,21.020617007513422,
2021-10-21,21.18744730122385,21.404326683047405,21.05398306625551,21.312570021506673,
2021-10-22,21.512766373959177,21.512766373959177,20.13641645084818,20.77037156694779,
2021-10-25,21.05398306625551,21.129056698425195,20.945543375343735,21.12071518373968,
2021-10-26,20.77037156694779,21.129056698425195,20.486760067640066,21.020617007513422,
2021-10-27,21.44603425647501,22.59716328307693,21.404326683047405,22.146721490058788,
2021-10-28,21.904817564178675,22.1884290634864,20.486760067640066,21.087349124997594,
2021-10-29,20.84544519911748,21.44603425647501,20.77037156694779,21.162422757167285,
2021-11-01,21.19578881590937,21.904817564178675,21.19578881590937,21.721304241097208,
2021-11-02,21.77135332921034,21.7963778732669,21.621206064870954,21.687938182355126,
2021-11-03,21.687938182355126,21.86310999075107,21.637889094242,21.6795966676696,
2021-11-04,21.412668197732927,21.763011814524816,21.412668197732927,21.729645755782727,
2021-11-05,22.1884290634864,22.538772680278285,21.587840006128868,21.704621211726163,
2021-11-08,21.77135332921034,22.04662331383253,21.646230608927517,21.729645755782727,
2021-11-09,21.529449403330215,22.480382077479636,21.18744730122385,21.429351227103968,
2021-11-10,21.6795966676696,21.6795966676696,21.437692741789487,21.604523035499913,
2021-11-11,21.604523035499913,21.604523035499913,21.270862448079065,21.46271728584605,
2021-11-12,21.270862448079065,21.270862448079065,21.020617007513422,21.02895852219895,
2021-11-15,21.229154874651456,21.270862448079065,20.645248846664977,21.003933978142385,
2021-11-16,20.787054596318832,21.087349124997594,20.787054596318832,20.945543375343735,
2021-11-17,20.478418552954547,20.853786713803004,20.478418552954547,20.77037156694779,
2021-11-18,20.18646553896131,21.020617007513422,20.04465978930745,20.91217731660165,
2021-11-19,20.84544519911748,20.853786713803004,20.83710368443196,20.83710368443196,
2021-11-22,20.853786713803004,21.18744730122385,20.311588259244125,20.603541273237365,
2021-11-23,20.853786713803004,20.853786713803004,20.027976759936404,20.094708877420572,
2021-11-24,19.193825291384286,20.603541273237365,19.035336512359386,19.318948011667104,
2021-11-25,19.318948011667104,19.419046187893358,19.01865348298834,19.18548377669876,
2021-11-26,19.22719135012637,20.019635245250882,19.01865348298834,19.727682231257642,
2021-11-29,20.019635245250882,20.38666189141382,19.477436790692007,20.094708877420572,
2021-11-30,20.094708877420572,20.094708877420572,19.727682231257642,19.744365260628683,
2021-12-01,20.253197656445476,20.253197656445476,19.769389804685243,20.00295221587984,
2021-12-02,19.852804951540456,19.852804951540456,18.559870175284672,18.643285322139885,
2021-12-03,19.502461334748567,19.602559510974825,17.70903567736151,18.192843529121742,
2021-12-06,18.309624734719037,18.309624734719037,16.891567238180432,17.525522354280042,
2021-12-07,17.525522354280042,17.884207485757454,17.517180839594523,17.734060221418076,
2021-12-08,17.809133853587767,18.18450201443622,17.809133853587767,18.034354750096835,
2021-12-09,17.99264717666923,17.99264717666923,17.725718706732554,17.734060221418076,
2021-12-13,17.925915059185062,17.925915059185062,16.933274811608037,17.12512964937503,
2021-12-14,17.100105105318463,17.517180839594523,17.100105105318463,17.508839324908998,
2021-12-15,18.518162601857068,18.81845713053583,17.93425657387058,18.81845713053583,
2021-12-16,19.761048289999724,19.761048289999724,19.060361056415946,19.177142262013238,
2021-12-17,18.976945909560733,19.936220098395665,18.976945909560733,19.602559510974825,
2021-12-20,19.477436790692007,19.811097378112855,19.402363158522313,19.444070731949918,
2021-12-21,19.110410144529073,19.761048289999724,19.110410144529073,19.460753761320962,
2021-12-22,19.602559510974825,19.602559510974825,19.39402164383679,19.39402164383679,
2021-12-23,19.769389804685243,20.019635245250882,19.769389804685243,19.82778040748389,
2021-12-24,19.852804951540456,20.853786713803004,19.852804951540456,20.253197656445476,
2021-12-27,20.27822220050204,21.062324580941027,20.26988068581652,20.84544519911748,
2021-12-28,20.853786713803004,22.105013916631183,20.853786713803004,21.82974393200898,
2021-12-29,21.896476049493156,22.06330634320358,21.287545477450106,21.412668197732927,
2021-12-30,20.962226404714777,21.687938182355126,20.962226404714777,21.312570021506673,
2021-12-31,21.612864550185435,21.77135332921034,21.47940031521709,21.629547579556473,
2022-01-03,21.687938182355126,23.14770325232133,21.18744730122385,22.955848414554346,
2022-01-04,22.98087295861091,23.431314751629053,22.939165385183305,23.18941082574894,
2022-01-05,23.18941082574894,24.190392588011484,22.93082387049778,24.03190380898658,
2022-01-06,23.45633929568562,24.190392588011484,23.122678708264765,23.7649753390499,
2022-01-07,23.564778986597393,24.816006189425572,23.564778986597393,24.549077719488892,
2022-01-10,24.549077719488892,24.549077719488892,23.70658473625126,23.773316853735427,
2022-01-11,23.789999883106468,23.789999883106468,23.314533546031754,23.447997781000094,
2022-01-12,23.35624111945936,23.773316853735427,23.35624111945936,23.389607178201445,
2022-01-13,22.797359635529443,23.33955809008832,22.797359635529443,22.989214473296432,
2022-01-14,23.35624111945936,24.39893045514951,23.35624111945936,24.198734102697006,
2022-01-17,24.190392588011484,24.740932557255878,23.606486560025,24.63249286634411,
2022-01-18,24.64917589571515,24.874396792224225,24.273807734866693,24.273807734866693,
2022-01-19,24.273807734866693,24.273807734866693,23.14770325232133,23.347899604773836,
2022-01-20,23.33955809008832,23.35624111945936,22.939165385183305,23.322875060717273,
2022-01-21,23.35624111945936,23.773316853735427,23.14770325232133,23.581462015968434,
2022-01-24,24.10697744115627,24.198734102697006,23.573120501282915,24.190392588011484,
2022-01-25,24.198734102697006,25.23308192370163,24.198734102697006,24.765957101312445,
2022-01-26,25.024544056563602,25.10795920341882,24.448979543262638,25.024544056563602,
2022-01-27,25.024544056563602,25.10795920341882,24.816006189425572,25.024544056563602,
2022-01-28,25.39157070272654,26.359186406246998,25.308155555871323,25.97547673071302,
2022-01-31,26.567724273385025,26.609431846812633,25.27478949712924,25.358204643984447,
2022-02-01,25.191374350274028,25.38322918804101,24.699224983828277,25.06625162999121,
2022-02-02,25.06625162999121,25.441619790839663,24.690883469142754,25.299814041185805,
2022-02-03,25.316497070556842,26.27577125939178,25.316497070556842,25.666840687348735,
2022-02-04,25.942110671970937,26.017184304140628,24.941128909708393,25.316497070556842,
2022-02-07,24.60746832228754,24.774298615997964,23.564778986597393,23.756633824364382,
2022-02-08,23.89843957401824,23.89843957401824,22.98087295861091,23.381265663515926,
2022-02-09,23.73160928030782,25.13298374747538,23.73160928030782,25.13298374747538,
2022-02-10,25.65015765797769,25.842012495744676,24.34053985235086,24.549077719488892,
2022-02-11,24.80766467474005,26.27577125939178,24.190392588011484,25.166349806217468,
2022-02-14,25.024544056563602,25.858695525115728,24.690883469142754,25.324838585242365,
2022-02-15,25.10795920341882,25.925427642599885,24.857713762853177,25.424936761468622,
2022-02-16,25.191374350274028,25.191374350274028,25.024544056563602,25.024544056563602,
2022-02-17,25.024544056563602,25.024544056563602,24.60746832228754,24.80766467474005,
2022-02-18,25.024544056563602,25.024544056563602,25.016202541878084,25.024544056563602,
2022-02-21,24.816006189425572,25.024544056563602,24.60746832228754,24.60746832228754,
2022-02-22,24.39058894046399,24.39058894046399,24.190392588011484,24.198734102697006,
2022-02-23,24.26546622018117,24.273807734866693,24.26546622018117,24.273807734866693,
2022-02-24,23.773316853735427,23.773316853735427,23.11433719357925,23.164386281692373,
2022-02-25,23.35624111945936,23.39794869288697,22.563797224334852,23.39794869288697,
2022-02-28,22.939165385183305,23.48136383974218,22.52208965090724,23.48136383974218,
2022-03-01,23.773316853735427,23.773316853735427,23.773316853735427,23.773316853735427,
2022-03-02,23.35624111945936,23.35624111945936,23.35624111945936,23.35624111945936,
2022-03-03,23.35624111945936,23.35624111945936,23.35624111945936,23.35624111945936,
2022-03-07,21.82140241732346,22.430332989366505,21.779694843895854,21.913159078864197,
2022-03-08,22.505406621536203,22.52208965090724,21.687938182355126,21.687938182355126,
2022-03-09,22.31355178376921,22.85575023832809,22.146721490058788,23.18941082574894,
2022-03-10,22.93082387049778,22.939165385183305,22.271844210341605,22.271844210341605,
2022-03-14,21.270862448079065,21.85476847606554,21.270862448079065,21.85476847606554,
2022-03-15,22.52208965090724,22.52208965090724,21.85476847606554,21.938183622920757,
2022-03-16,22.52208965090724,22.52208965090724,22.1884290634864,22.1884290634864,
2022-03-17,22.52208965090724,22.52208965090724,22.105013916631183,22.105013916631183,
2022-03-18,20.91217731660165,21.279203962764587,20.853786713803004,21.020617007513422,
2022-03-21,21.687938182355126,21.687938182355126,21.270862448079065,21.270862448079065,
2022-03-22,21.687938182355126,21.687938182355126,21.312570021506673,21.312570021506673,
2022-03-24,21.270862448079065,21.270862448079065,20.93720186065821,21.270862448079065,
2022-03-25,20.89549428723061,21.687938182355126,20.89549428723061,21.687938182355126,
2022-03-28,21.312570021506673,23.30619203134624,21.312570021506673,22.346917842511296,
2022-03-29,22.430332989366505,22.772335091472875,22.31355178376921,22.772335091472875,
2022-03-30,22.52208965090724,22.85575023832809,22.52208965090724,22.730627518045274,
2022-03-31,22.605504797762457,23.181069311063418,22.355259357196818,22.939165385183305,
2022-04-01,23.139361737635813,24.657517410400665,23.139361737635813,24.223758646753566,
2022-04-04,22.772335091472875,24.081952897099708,22.772335091472875,23.35624111945936,
2022-04-05,23.35624111945936,24.357222881721906,23.347899604773836,24.190392588011484,
2022-04-06,24.190392588011484,24.190392588011484,24.190392588011484,24.190392588011484,
2022-04-07,24.190392588011484,24.190392588011484,24.190392588011484,24.190392588011484,
2022-04-08,23.85673200059064,24.357222881721906,23.614828074710516,24.190392588011484,
2022-04-11,24.60746832228754,26.017184304140628,24.60746832228754,26.017184304140628,
2022-04-12,25.358204643984447,26.31747883281939,25.358204643984447,26.27577125939178,
2022-04-13,25.858695525115728,26.234063685964177,25.48332736426727,26.150648539108968,
2022-04-14,26.484309126529816,26.484309126529816,25.858695525115728,25.858695525115728,
2022-04-15,26.692846993667843,27.026507581088687,25.500010393638313,25.500010393638313,
2022-04-18,25.65015765797769,25.65015765797769,25.024544056563602,25.024544056563602,
2022-04-19,25.14966677684642,25.14966677684642,24.60746832228754,24.60746832228754,
2022-04-20,24.357222881721906,24.357222881721906,24.190392588011484,24.190392588011484,
2022-04-21,25.858695525115728,25.858695525115728,25.016202541878084,25.191374350274028,
2022-04-22,25.024544056563602,25.308155555871323,25.024544056563602,25.308155555871323,
2022-04-25,25.63347462860665,25.63347462860665,24.816006189425572,25.024544056563602,
2022-04-26,25.191374350274028,25.191374350274028,24.60746832228754,24.624151351658583,
2022-04-27,24.29297067400911,25.278171192272016,24.29297067400911,24.846065701805834,
2022-04-28,24.80285515275921,24.811497262568537,24.457170760386262,24.457170760386262,
2022-05-06,25.49422393750511,26.349792808628163,24.517665529051527,26.349792808628163,
2022-05-09,25.49422393750511,25.9263294279713,24.457170760386262,25.9263294279713,
2022-05-10,26.773256189285025,26.79054040890368,24.5435918584795,25.49422393750511,
2022-05-11,25.062118447038927,25.062118447038927,24.776928823331243,24.785570933140566,
2022-05-12,24.630012956572738,26.531277114623965,24.621370846763412,25.710276682738204,
2022-05-16,25.36459229036526,27.654751389836054,25.36459229036526,27.37820387593769,
2022-05-17,27.55104607212417,27.55104607212417,26.539919224433287,26.799182518713003,
2022-05-18,26.712761420619763,27.646109280026728,26.704119310810437,27.13622480127663,
2022-05-19,27.13622480127663,27.13622480127663,26.66090876176382,26.66090876176382,
2022-05-20,26.367077028246815,26.57448766367058,26.367077028246815,26.57448766367058,
2022-05-23,26.142382173204393,26.142382173204393,25.641139804263616,25.641139804263616,
2022-05-24,25.9263294279713,26.349792808628163,25.9263294279713,26.349792808628163,
2022-05-25,26.012750526064544,26.401645467484112,25.9263294279713,25.9263294279713,
2022-05-26,26.79054040890368,27.525119742696198,26.79054040890368,27.421414424984317,
2022-05-27,27.63746717021741,27.654751389836054,26.997951044327447,26.997951044327447,
2022-05-30,26.030034745683185,26.79054040890368,26.030034745683185,26.79054040890368,
2022-05-31,26.79054040890368,26.79054040890368,26.401645467484112,26.401645467484112,
2022-06-01,26.142382173204393,26.142382173204393,25.98682419663657,25.98682419663657,
2022-06-02,25.667066133691584,25.9263294279713,25.667066133691584,25.9263294279713,
2022-06-03,25.511508157123757,25.511508157123757,25.49422393750511,25.49422393750511,
2022-06-06,25.105328996085543,26.35843491843749,25.07076055684825,25.710276682738204,
2022-06-07,25.710276682738204,25.9263294279713,25.710276682738204,25.9263294279713,
2022-06-08,25.49422393750511,25.58064503559835,25.49422393750511,25.58064503559835,
2022-06-09,27.222645899369866,27.222645899369866,25.9263294279713,25.9263294279713,
2022-06-10,25.9263294279713,26.29794014977222,25.9263294279713,26.29794014977222,
2022-06-13,25.9263294279713,25.9263294279713,25.9263294279713,25.9263294279713,
2022-06-14,25.49422393750511,25.49422393750511,25.49422393750511,25.49422393750511,
2022-06-16,25.49422393750511,25.49422393750511,24.733718274284623,24.733718274284623,
2022-06-17,24.846065701805834,25.105328996085543,24.630012956572738,24.647297176191387,
2022-06-20,24.34482333286505,24.34482333286505,24.34482333286505,24.34482333286505,
2022-06-21,24.42260232114897,26.168308502632367,24.413960211339642,25.58064503559835,
2022-06-22,25.909045208352655,27.21400378956054,25.58064503559835,26.367077028246815,
2022-06-23,25.9263294279713,26.142382173204393,25.49422393750511,25.49422393750511,
2022-06-24,25.2349606432254,25.278171192272016,25.2349606432254,25.278171192272016,
2022-06-27,24.63865506638206,25.14853954513216,24.63865506638206,25.062118447038927,
2022-06-28,24.80285515275921,24.80285515275921,24.5435918584795,24.80285515275921,
2022-06-29,24.413960211339642,24.716434054665978,24.413960211339642,24.474454980004904,
2022-06-30,24.5435918584795,25.81398200045009,24.5435918584795,25.81398200045009,
2022-07-01,25.710276682738204,25.710276682738204,25.278171192272016,25.278171192272016,
2022-07-04,24.284328564199782,24.837423591996505,24.284328564199782,24.63865506638206,
2022-07-05,24.630012956572738,24.630012956572738,22.9448015437546,24.630012956572738,
2022-07-06,24.846065701805834,24.846065701805834,24.846065701805834,24.846065701805834,
2022-07-07,25.018907897992303,25.018907897992303,25.018907897992303,25.018907897992303,
2022-07-14,25.278171192272016,25.49422393750511,25.278171192272016,25.49422393750511,
2022-07-15,24.716434054665978,25.2349606432254,24.716434054665978,25.2349606432254,
2022-07-18,24.50038130943288,24.975697348945687,24.457170760386262,24.975697348945687,
2022-07-19,24.630012956572738,24.716434054665978,23.981854720873454,23.981854720873454,
2022-07-20,23.981854720873454,24.630012956572738,23.981854720873454,24.630012956572738,
2022-07-21,23.981854720873454,24.5435918584795,23.938644171826837,24.5435918584795,
2022-07-22,24.197907466106543,24.37074966229302,23.376907034220793,24.37074966229302,
2022-07-27,24.413960211339642,24.413960211339642,24.413960211339642,24.413960211339642,
2022-07-28,23.852223073733597,24.5435918584795,23.76580197564036,23.90407573258954,
2022-07-29,24.025065269920074,25.667066133691584,24.025065269920074,25.667066133691584,
2022-08-01,24.20654957591587,24.413960211339642,23.74851775602171,23.74851775602171,
2022-08-02,22.918875214326626,23.3423385949835,22.46084339443247,22.512696053288412,
2022-08-03,23.33369648517417,23.33369648517417,22.68553824947489,22.68553824947489,
2022-08-04,23.58431766964456,23.58431766964456,22.81516989661474,23.117643739941073,
2022-08-05,23.59295977945388,24.681865615428674,23.59295977945388,24.11148636801331,
2022-08-10,24.630012956572738,24.975697348945687,24.58680240752612,24.975697348945687,
2022-08-11,25.053476337229604,25.053476337229604,24.20654957591587,24.61272873695409,
2022-08-12,24.327539113246402,26.453498126340047,23.9991389404921,26.453498126340047,
2022-08-15,28.043646331255626,28.043646331255626,26.799182518713003,26.876961506996917,
2022-08-16,26.876961506996917,27.654751389836054,26.6176982127172,27.13622480127663,
2022-08-17,26.79054040890368,27.222645899369866,26.79054040890368,27.222645899369866,
2022-08-18,26.79054040890368,26.79054040890368,26.6176982127172,26.6176982127172,
2022-08-22,25.49422393750511,25.53743448655173,25.07076055684825,25.07076055684825,
2022-08-23,26.738687750047735,26.738687750047735,26.055961075111156,26.055961075111156,
2022-08-24,26.055961075111156,26.055961075111156,25.49422393750511,25.9263294279713,
2022-08-25,25.9263294279713,25.9263294279713,25.502866047314434,25.9263294279713,
2022-08-26,25.58064503559835,26.185592722251016,25.58064503559835,25.9263294279713,
2022-08-29,25.9263294279713,25.9263294279713,25.9263294279713,25.9263294279713,
2022-08-30,26.704119310810437,27.87080413506915,26.35843491843749,27.87080413506915,
2022-08-31,27.87080413506915,28.25969907648872,27.654751389836054,27.914014684115763,
2022-09-01,28.06093055087427,28.06093055087427,27.13622480127663,27.914014684115763,
2022-09-02,27.732530378119968,27.957225233162387,27.697961938882667,27.741172487929294,
2022-09-05,27.697961938882667,27.741172487929294,27.697961938882667,27.741172487929294,
2022-09-06,27.568330291742818,27.948583123353067,27.568330291742818,27.948583123353067,
2022-09-07,27.654751389836054,28.000435782209,25.857192549496716,27.48190919364958,
2022-09-08,27.914014684115763,27.96586734297171,27.914014684115763,27.957225233162387,
2022-09-09,27.983151562590358,28.000435782209,27.931298903734415,28.000435782209,
2022-09-12,27.499193413268227,28.000435782209,27.499193413268227,27.87080413506915,
2022-09-13,27.654751389836054,27.654751389836054,27.222645899369866,27.222645899369866,
2022-09-15,27.058445812992712,27.058445812992712,26.79054040890368,26.79054040890368,
2022-09-16,26.35843491843749,26.444856016530725,25.9263294279713,25.9263294279713,
2022-09-19,26.531277114623965,26.531277114623965,25.9263294279713,25.9263294279713,
2022-09-20,25.58064503559835,25.58064503559835,25.58064503559835,25.58064503559835,
2022-09-21,24.630012956572738,24.630012956572738,24.197907466106543,24.197907466106543,
2022-09-22,23.549749230407265,24.197907466106543,23.33369648517417,24.197907466106543,
2022-09-23,24.154696917059926,25.710276682738204,23.33369648517417,23.33369648517417,
2022-09-26,24.578160297716796,24.58680240752612,23.610243999072534,23.981854720873454,
2022-09-27,23.76580197564036,24.578160297716796,23.420117583267412,24.569518187907473,
2022-09-29,24.37074966229302,24.630012956572738,24.06827581896669,24.630012956572738,
2022-09-30,24.67322350561935,24.88927625085245,24.67322350561935,24.67322350561935,
2022-10-03,24.58680240752612,24.630012956572738,24.58680240752612,24.630012956572738,
2022-10-04,24.20654957591587,25.19175009417878,24.20654957591587,25.062118447038927,
2022-10-05,24.215191685725195,24.630012956572738,24.197907466106543,24.197907466106543,
2022-10-06,24.413960211339642,24.5435918584795,24.310254893627754,24.5435918584795,
2022-10-07,24.975697348945687,26.349792808628163,24.197907466106543,24.630012956572738,
2022-10-10,24.630012956572738,24.630012956572738,24.630012956572738,24.630012956572738,
2022-10-11,24.197907466106543,24.630012956572738,24.197907466106543,24.630012956572738,
2022-10-12,24.630012956572738,24.630012956572738,24.630012956572738,24.630012956572738,
2022-10-13,24.5435918584795,24.5435918584795,24.5435918584795,24.5435918584795,
2022-10-14,25.796697780831447,25.796697780831447,24.647297176191387,25.710276682738204,
2022-10-17,24.20654957591587,24.80285515275921,24.20654957591587,24.20654957591587,
2022-10-18,24.88927625085245,24.88927625085245,24.88927625085245,24.88927625085245,
2022-10-19,24.88927625085245,25.062118447038927,24.413960211339642,24.630012956572738,
2022-10-20,25.053476337229604,25.062118447038927,25.053476337229604,25.062118447038927,
2022-10-21,24.630012956572738,25.062118447038927,24.197907466106543,25.062118447038927,
2022-10-24,24.197907466106543,24.604086627144763,23.33369648517417,24.301612783818435,
2022-10-25,24.18926535629722,24.20654957591587,23.33369648517417,24.08556003858534,
2022-10-26,24.102844258203987,25.243602753034725,23.774444085449687,25.243602753034725,
2022-10-27,25.226318533416077,25.753487231784824,24.716434054665978,24.716434054665978,
2022-10-28,25.062118447038927,25.062118447038927,25.062118447038927,25.062118447038927,
2022-10-31,24.630012956572738,25.753487231784824,24.630012956572738,25.062118447038927,
2022-11-01,24.80285515275921,25.485581827695786,24.630012956572738,24.630012956572738,
2022-11-02,24.457170760386262,24.630012956572738,23.76580197564036,23.852223073733597,
2022-11-03,23.852223073733597,23.895433622780214,23.852223073733597,23.895433622780214,
2022-11-04,23.76580197564036,24.06827581896669,23.65345454811915,23.679380877547118,
2022-11-07,24.231146349988563,24.231146349988563,23.701650929748073,24.231146349988563,
2022-11-08,24.01575838243311,24.231146349988563,24.006783883784962,24.231146349988563,
2022-11-10,24.24012084863671,24.679871282395762,24.231146349988563,24.679871282395762,
2022-11-11,24.24012084863671,24.24909534728485,24.231146349988563,24.231146349988563,
2022-11-15,24.50038130943288,24.50038130943288,24.419610821599587,24.419610821599587,
2022-11-16,24.814488762117914,24.814488762117914,24.814488762117914,24.814488762117914,
2022-11-17,24.72474377563648,24.814488762117914,24.72474377563648,24.814488762117914,
2022-11-18,24.231146349988563,24.276018843229284,24.14140136350712,24.14140136350712,
2022-11-22,24.14140136350712,25.94527559178405,24.14140136350712,25.94527559178405,
2022-11-23,26.295281039061663,26.465796513376393,26.295281039061663,26.02604607961735,
2022-11-24,25.667066133691595,26.017071580969205,25.667066133691595,26.017071580969205,
2022-11-28,25.12859621480295,25.308086187765827,24.06960537432197,24.06960537432197,
2022-11-29,25.029876729673372,25.029876729673372,24.051656377025687,24.22217185134042,
2022-11-30,24.231146349988563,24.590126295914317,24.231146349988563,24.590126295914317,
2022-12-01,24.679871282395762,24.949106241840077,24.679871282395762,24.679871282395762,
2022-12-02,24.168324859451555,24.231146349988563,23.45036496760004,23.890115401359097,
2022-12-05,23.782421417581368,23.890115401359097,23.692676431099926,23.782421417581368,
2022-12-06,23.513186458137046,23.513186458137046,23.333696485174173,23.333696485174173,
2022-12-07,22.893946051415124,23.423441471655615,22.884971552766977,23.118308517618722,
2022-12-09,23.315747487877882,24.50038130943288,23.315747487877882,24.50038130943288,
2022-12-12,24.231146349988563,24.473457813488448,24.231146349988563,24.473457813488448,
2022-12-13,24.231146349988563,24.679871282395762,24.231146349988563,24.679871282395762,
2022-12-15,24.805514263469775,24.814488762117914,24.590126295914317,24.590126295914317,
2022-12-16,24.231146349988563,24.590126295914317,24.231146349988563,24.545253802673603,
2022-12-19,24.72474377563648,24.94013174319193,24.679871282395762,24.688845781043906,
2022-12-20,24.45550881619216,24.590126295914317,24.22217185134042,24.231146349988563,
2022-12-21,24.231146349988563,24.50038130943288,24.231146349988563,24.50038130943288,
2022-12-22,24.231146349988563,24.45550881619216,24.186273856747846,24.186273856747846,
2022-12-23,24.231146349988563,24.231146349988563,24.231146349988563,24.231146349988563,
2022-12-26,23.558058951377774,24.45550881619216,23.558058951377774,24.45550881619216,
2022-12-27,23.468313964896332,25.029876729673372,23.468313964896332,25.029876729673372,
2022-12-28,24.634998789155038,24.679871282395762,24.276018843229284,24.45550881619216,
2022-12-29,24.24012084863671,24.50038130943288,24.231146349988563,24.45550881619216,
2022-12-30,24.365763829710723,24.679871282395762,24.231146349988563,24.679871282395762,
2023-01-02,24.45550881619216,25.12859621480295,24.45550881619216,25.12859621480295,
2023-01-03,25.559372149913862,26.645286486339273,24.85936125535864,26.017071580969205,
2023-01-04,26.02604607961735,26.02604607961735,24.949106241840077,25.12859621480295,
2023-01-05,25.12859621480295,25.12859621480295,24.679871282395762,24.769616268877197,
2023-01-06,24.72474377563648,24.72474377563648,24.231146349988563,24.545253802673603,
2023-01-09,24.464483314840308,25.12859621480295,24.464483314840308,25.12859621480295,
2023-01-10,25.119621716154807,25.12859621480295,25.119621716154807,25.12859621480295,
2023-01-11,25.12859621480295,25.44270366748799,24.904233748599356,25.12859621480295,
2023-01-12,25.577321147210153,25.577321147210153,24.814488762117914,25.48757616072871,
2023-01-13,24.993978735080795,26.02604607961735,24.993978735080795,26.02604607961735,
2023-01-16,25.26321369452511,26.286306540413516,25.26321369452511,26.02604607961735,
2023-01-17,26.02604607961735,26.02604607961735,25.622193640450867,25.80168361341375,
2023-01-18,25.577321147210153,26.02604607961735,25.35295868100655,25.936301093135906,
2023-01-19,25.80168361341375,25.80168361341375,25.80168361341375,25.80168361341375,
2023-01-20,25.577321147210153,26.02604607961735,25.577321147210153,26.02604607961735,
2023-01-23,25.577321147210153,25.80168361341375,25.577321147210153,25.80168361341375,
2023-01-24,26.02604607961735,26.02604607961735,25.80168361341375,26.02604607961735,
2023-01-25,25.80168361341375,26.923495944431735,25.80168361341375,26.923495944431735,
2023-01-26,26.968368437672456,27.37222087683893,26.968368437672456,27.37222087683893,
2023-01-31,27.82094580924613,27.82094580924613,27.82094580924613,27.82094580924613,
2023-02-01,26.070918572858066,26.923495944431735,26.070918572858066,26.564515998505982,
2023-02-02,26.690158979579994,26.690158979579994,26.02604607961735,26.02604607961735,
2023-02-03,26.02604607961735,26.42989851878382,26.02604607961735,26.02604607961735,
2023-02-06,26.295281039061663,26.304255537709803,26.02604607961735,26.02604607961735,
2023-02-07,26.02604607961735,26.02604607961735,25.577321147210153,25.577321147210153,
2023-02-08,26.02604607961735,26.923495944431735,25.846556106654468,26.923495944431735,
2023-02-09,27.37222087683893,27.955563288968282,27.37222087683893,27.82094580924613,
2023-02-10,27.37222087683893,28.269670741653325,26.9773429363206,28.000435782209003,
2023-02-13,27.82094580924613,28.71839567406052,27.82094580924613,28.71839567406052,
2023-02-14,28.71839567406052,28.71839567406052,28.494033207856923,28.71839567406052,
2023-02-15,29.60687104022677,30.87227534961506,29.16712060646771,30.87227534961506,
2023-02-16,30.665861880707748,31.63510773470729,30.15431545776355,30.55816789693002,
2023-02-17,30.064570471282106,30.94407133880021,29.97482548480066,30.064570471282106,
2023-02-20,28.8978856470234,30.136366460467254,28.8978856470234,29.391483072671317,
2023-02-21,29.14917160917142,29.88508049831923,29.14917160917142,29.88508049831923,
2023-02-22,30.23508594559684,30.7376578698929,30.23508594559684,30.7376578698929,
2023-02-23,30.917147842855783,30.962020336096504,30.064570471282106,30.064570471282106,
2023-02-24,30.064570471282106,31.41074526850369,30.064570471282106,30.61201488881888,
2023-02-27,30.064570471282106,31.41074526850369,30.064570471282106,31.32100028202225,
2023-02-28,30.064570471282106,30.5132954036893,30.064570471282106,30.5132954036893,
2023-03-01,30.42355041720786,30.42355041720786,29.840208005078512,29.840208005078512,
2023-03-02,29.840208005078512,29.840208005078512,29.61584553887491,29.840208005078512,
2023-03-03,29.61584553887491,30.05559597263397,29.61584553887491,30.05559597263397,
2023-03-06,29.61584553887491,29.624820037523055,29.61584553887491,29.624820037523055,
2023-03-07,30.5132954036893,31.32100028202225,30.2889329374857,30.2889329374857,
2023-03-08,30.073544969930254,30.073544969930254,30.073544969930254,30.073544969930254,
2023-03-09,30.87227534961506,31.27612778878153,30.064570471282106,31.27612778878153,
2023-03-10,30.5132954036893,30.5132954036893,30.5132954036893,30.5132954036893,
2023-03-14,31.303051284725967,31.303051284725967,30.53124440098559,30.53124440098559,
2023-03-15,30.5132954036893,30.52226990233744,30.5132954036893,30.5132954036893,
2023-03-16,29.840208005078512,30.962020336096504,29.840208005078512,30.962020336096504,
2023-03-21,30.962020336096504,30.962020336096504,30.87227534961506,30.87227534961506,
2023-03-24,28.87993664972711,28.87993664972711,28.87993664972711,28.87993664972711,
2023-03-29,28.808140660541962,28.853013153782673,28.736344671356807,28.808140660541962,
2023-03-31,28.74531917000495,28.74531917000495,28.74531917000495,28.74531917000495,
2023-04-03,28.736344671356807,29.16712060646771,28.72737017270866,29.16712060646771,
2023-04-04,29.158146107819576,29.391483072671317,29.158146107819576,29.391483072671317,
2023-04-05,28.72737017270866,29.38250857402317,27.82094580924613,29.38250857402317,
2023-04-06,28.41326272002363,28.41326272002363,28.359415728134763,28.359415728134763,
2023-04-11,28.269670741653325,28.269670741653325,28.269670741653325,28.269670741653325,
2023-04-12,28.278645240301472,28.278645240301472,28.278645240301472,28.278645240301472,
2023-04-13,27.838894806542417,28.269670741653325,27.838894806542417,28.269670741653325,
2023-04-17,28.269670741653325,29.16712060646771,28.269670741653325,29.16712060646771,
2023-04-18,28.72737017270866,29.61584553887491,28.71839567406052,29.61584553887491,
2023-04-19,29.60687104022677,29.61584553887491,29.60687104022677,29.61584553887491,
2023-04-20,29.16712060646771,30.5132954036893,29.16712060646771,30.5132954036893,
2023-04-26,31.32100028202225,32.67614957789198,30.962020336096504,32.67614957789198,
2023-04-27,32.31716963196622,34.094120364298725,32.31716963196622,32.75692006572528,
2023-04-28,32.46973610898467,32.75692006572528,32.30819513331809,32.30819513331809,
2023-05-02,31.86844469955903,32.48768510628096,31.85947020091089,32.30819513331809,
2023-05-03,32.30819513331809,33.537701448113786,32.30819513331809,33.43000746433607,
2023-05-04,33.63642093324338,34.08514586565057,32.93641003868817,32.93641003868817,
2023-05-05,33.026155025169594,33.20564499813248,32.353067626558804,32.66717507924385,
2023-05-08,32.353067626558804,32.92743554004001,31.850495702262744,32.48768510628096,
2023-05-10,33.169747003539904,33.42103296568793,32.75692006572528,33.24154299272505,
2023-05-11,33.43000746433607,34.10309486294686,33.20564499813248,34.30053383320603,
2023-05-12,34.013349876465426,34.282584835909745,34.013349876465426,34.282584835909745,
2023-05-15,33.65436993053967,34.32745732915047,33.65436993053967,34.10309486294686,
2023-05-16,34.19283984942831,35.00054472776125,34.10309486294686,35.00054472776125,
2023-05-17,34.37232982239118,35.045417221001976,34.37232982239118,35.00054472776125,
2023-05-18,34.99157022911312,35.13516220748342,34.99157022911312,35.00054472776125,
2023-05-19,35.21593269531671,35.449269660168454,35.00054472776125,35.449269660168454,
2023-05-22,35.449269660168454,35.90696909122378,35.18003470072414,35.89799459257566,
2023-05-23,35.89799459257566,35.89799459257566,35.8082496060942,35.89799459257566,
2023-05-24,35.35952467368701,36.077484565538526,35.35952467368701,35.89799459257566,
2023-05-25,35.89799459257566,35.89799459257566,35.00054472776125,35.8082496060942,
2023-05-26,34.776182261557665,36.077484565538526,34.776182261557665,36.077484565538526,
2023-05-29,36.678775974964175,36.678775974964175,34.910799741279824,36.122357058779244,
2023-05-30,35.22490719396485,36.52620949794573,35.22490719396485,35.89799459257566,
2023-05-31,36.24800003985326,36.79544445739004,33.3941094697435,35.89799459257566,
2023-06-01,35.89799459257566,35.89799459257566,35.00054472776125,35.89799459257566,
2023-06-02,35.449269660168454,35.89799459257566,35.449269660168454,35.89799459257566,
2023-06-05,35.89799459257566,35.89799459257566,35.18003470072414,35.89799459257566,
2023-06-06,35.89799459257566,35.89799459257566,35.314652180446295,35.50311665205732,
2023-06-07,35.89799459257566,35.89799459257566,35.4582441588166,35.4582441588166,
2023-06-08,35.87107109663122,35.89799459257566,35.76337711285349,35.76337711285349,
2023-06-09,35.89799459257566,35.89799459257566,35.889020093927506,35.89799459257566,
2023-06-12,34.776182261557665,36.346719524982845,34.776182261557665,35.89799459257566,
2023-06-13,34.38130432103933,34.38130432103933,34.38130432103933,34.38130432103933,
2023-06-14,35.00054472776125,35.71850461961277,34.79413125885395,35.8082496060942,
2023-06-15,34.551819795354064,35.57491264124247,34.551819795354064,35.57491264124247,
2023-06-16,35.44029516152032,35.89799459257566,35.44029516152032,35.89799459257566,
2023-06-19,35.00951922640941,35.89799459257566,35.00951922640941,35.89799459257566,
2023-06-20,35.88004559527936,35.89799459257566,35.88004559527936,35.89799459257566,
2023-06-21,35.889020093927506,35.889020093927506,35.889020093927506,35.889020093927506,
2023-06-22,35.8082496060942,35.8082496060942,34.39925331833562,34.39925331833562,
2023-06-26,35.00054472776125,35.22490719396485,34.596692288594774,35.22490719396485,
2023-06-27,34.99157022911312,34.99157022911312,34.99157022911312,34.99157022911312,
2023-07-03,36.777495460093746,36.777495460093746,35.00054472776125,35.26977968720558,
2023-07-04,35.449269660168454,35.85312209933493,35.449269660168454,35.54798914529803,
2023-07-05,35.00054472776125,35.449269660168454,34.785156760205794,34.847978250742806,
2023-07-06,35.045417221001976,35.045417221001976,35.00054472776125,35.00054472776125,
2023-07-07,35.89799459257566,35.89799459257566,35.89799459257566,35.98773957905709,
2023-07-10,35.045417221001976,35.89799459257566,35.00054472776125,35.89799459257566,
2023-07-11,35.449269660168454,38.59034418701882,35.40439716692774,36.69672497226047,
2023-07-12,35.996714077705235,36.66082697766789,35.889020093927506,36.346719524982845,
2023-07-13,36.03261207229781,36.346719524982845,35.90696909122378,35.915943589871944,
2023-07-14,36.346719524982845,36.7056994709086,35.90696909122378,35.94286708581636,
2023-07-17,35.93389258716822,35.98773957905709,35.89799459257566,35.83517310203864,
2023-07-18,35.889020093927506,35.889020093927506,35.5390146466499,35.5390146466499,
2023-07-19,35.67363212637205,35.76337711285349,35.00054472776125,35.71850461961277,
2023-07-20,35.89799459257566,35.89799459257566,35.67363212637205,35.89799459257566,
2023-07-21,36.122357058779244,36.122357058779244,35.5390146466499,35.5390146466499,
2023-07-24,35.090289714242694,35.89799459257566,35.090289714242694,35.314652180446295,
2023-07-25,35.59286163853876,36.571081991186446,35.59286163853876,35.89799459257566,
2023-07-26,36.51723499929758,36.69672497226047,36.2569745385014,36.2569745385014,
2023-07-27,36.346719524982845,36.7056994709086,35.89799459257566,36.122357058779244,
2023-07-31,36.7056994709086,38.051874268130184,36.122357058779244,36.79544445739004,
2023-08-01,37.69289432220443,38.14161925461163,37.02878142224178,37.244169389797236,
2023-08-02,38.50059920053739,38.59034418701882,37.33391437627867,38.12367025731534,
2023-08-03,37.980078278945044,38.58136968837067,37.49545535194526,37.49545535194526,
2023-08-04,37.244169389797236,39.03906911942602,37.244169389797236,38.59034418701882,
2023-08-07,39.478819553185076,39.478819553185076,37.701868820852575,37.701868820852575,
2023-08-08,37.69289432220443,37.69289432220443,37.244169389797236,37.244169389797236,
2023-08-09,37.42365936276011,37.42365936276011,36.61595448442716,37.42365936276011,
2023-08-10,37.163398901963944,37.163398901963944,36.79544445739004,36.79544445739004,
2023-08-11,36.79544445739004,38.051874268130184,36.79544445739004,37.33391437627867,
2023-08-15,37.01980692359364,37.01980692359364,36.58005648983459,36.58005648983459,
2023-08-16,36.9300619371122,37.540327845185985,36.35569402363098,37.540327845185985,
2023-08-17,36.346719524982845,37.58520033842671,36.346719524982845,37.58520033842671,
2023-08-21,35.969790581760805,36.777495460093746,35.89799459257566,36.777495460093746,
2023-08-22,35.89799459257566,36.69672497226047,35.89799459257566,36.69672497226047,
2023-08-23,35.89799459257566,35.89799459257566,35.89799459257566,35.89799459257566,
2023-08-24,35.68260662502019,35.889020093927506,35.67363212637205,35.889020093927506,
2023-08-25,35.5390146466499,35.5390146466499,35.449269660168454,35.5390146466499,
2023-08-28,36.5621074925383,36.5621074925383,35.89799459257566,35.89799459257566,
2023-08-29,35.89799459257566,35.89799459257566,35.00054472776125,35.00054472776125,
2023-08-30,35.88004559527936,37.51340434924155,34.56079429400221,34.56079429400221,
2023-08-31,33.34923697650278,35.00054472776125,33.20564499813248,34.10309486294686,
2023-09-01,34.10309486294686,34.10309486294686,34.10309486294686,34.10309486294686,
2023-09-04,35.00054472776125,35.754402614205354,34.551819795354064,34.551819795354064,
2023-09-05,34.37232982239118,34.37232982239118,34.37232982239118,34.37232982239118,
2023-09-07,35.00054472776125,35.44029516152032,35.00054472776125,35.00054472776125,
2023-09-08,34.309508331854175,35.00054472776125,34.309508331854175,35.00054472776125,
2023-09-11,34.336431827798606,34.336431827798606,34.32745732915047,34.32745732915047,
2023-09-12,35.00054472776125,35.00054472776125,35.00054472776125,35.00054472776125,
2023-09-13,35.78132611014977,35.85312209933493,35.70953012096463,35.70953012096463,
2023-09-14,35.449269660168454,35.449269660168454,35.00951922640941,35.00951922640941,
2023-09-15,35.00054472776125,35.00054472776125,35.00054472776125,35.00054472776125,
2023-09-18,34.201814348076454,34.82105475479837,34.10309486294686,34.82105475479837,
2023-09-19,35.26977968720558,35.89799459257566,35.26977968720558,35.449269660168454,
2023-09-20,35.889020093927506,36.79544445739004,34.32745732915047,34.56079429400221,
2023-09-21,34.910799741279824,34.910799741279824,34.46207480887262,34.82105475479837,
2023-09-22,34.282584835909745,34.282584835909745,34.10309486294686,34.10309486294686,
2023-09-25,34.19283984942831,34.551819795354064,33.65436993053967,34.10309486294686,
2023-09-26,34.10309486294686,34.73130976831694,33.56462494405823,34.10309486294686,
2023-09-27,34.37232982239118,35.583887139890614,34.05822236970616,35.583887139890614,
2023-09-28,35.76337711285349,36.077484565538526,34.551819795354064,35.28772868450187,
2023-10-02,35.00054472776125,35.09926421289084,34.596692288594774,34.68643727507622,
2023-10-03,34.551819795354064,35.00054472776125,34.282584835909745,34.38130432103933,
2023-10-04,34.551819795354064,34.551819795354064,34.29155933455789,34.551819795354064,
2023-10-05,34.6415647818355,36.24800003985326,34.6415647818355,35.98773957905709,
2023-10-06,35.89799459257566,36.79544445739004,35.89799459257566,36.79544445739004,
2023-10-09,35.045417221001976,35.89799459257566,35.045417221001976,35.89799459257566,
2023-10-10,35.996714077705235,36.61595448442716,35.89799459257566,36.52620949794573,
2023-10-11,35.89799459257566,36.79544445739004,35.494142153409165,36.79544445739004,
2023-10-12,37.244169389797236,37.244169389797236,36.077484565538526,35.98773957905709,
2023-10-13,35.89799459257566,36.346719524982845,35.89799459257566,35.89799459257566,
2023-10-16,35.89799459257566,35.89799459257566,35.35952467368701,35.89799459257566,
2023-10-17,34.551819795354064,35.00054472776125,34.19283984942831,34.19283984942831,
2023-10-18,34.14796735618759,34.282584835909745,33.87873239674327,34.282584835909745,
2023-10-19,34.551819795354064,35.00054472776125,33.717191421076684,35.00054472776125,
2023-10-20,34.551819795354064,34.596692288594774,34.10309486294686,34.10309486294686,
2023-10-23,34.99157022911312,35.43132066287216,34.776182261557665,35.00054472776125,
2023-10-24,35.00054472776125,35.76337711285349,35.00054472776125,35.76337711285349,
2023-10-25,35.449269660168454,37.244169389797236,35.13516220748342,36.21210204526068,
2023-10-26,35.98773957905709,36.346719524982845,35.89799459257566,35.89799459257566,
2023-10-27,35.89799459257566,37.60314933572299,35.68260662502019,37.19929689655652,
2023-10-30,37.683919823556295,39.03906911942602,36.88518944387148,38.59931868566696,
2023-10-31,39.26343158562962,39.442921558592495,37.87238429516731,37.96212928164875,
2023-11-01,39.2185590923889,39.2185590923889,37.244169389797236,37.782639308685866,
2023-11-02,37.87238429516731,38.051874268130184,37.34288887492682,38.051874268130184,
2023-11-03,37.69289432220443,40.90576483823995,37.69289432220443,40.90576483823995,
2023-11-06,41.10320380849912,43.84940039483116,41.10320380849912,43.84940039483116,
2023-11-07,43.57119093673869,44.42376830831237,42.808358551646464,42.808358551646464,
2023-11-08,42.85323104488718,43.39170096377582,42.41348061112812,43.07759351109078,
2023-11-10,41.10320380849912,43.625037928627556,41.10320380849912,42.85323104488718,
2023-11-13,42.18014364627639,44.36094681777536,42.18014364627639,42.63784307733173,
2023-11-14,43.43657345701654,43.43657345701654,42.18014364627639,42.18014364627639,
2023-11-15,41.462183754424885,42.62886857868359,41.462183754424885,42.26988863275783,
2023-11-16,42.18014364627639,43.07759351109078,42.18014364627639,43.032721017850065,
2023-11-17,41.29166828011014,42.85323104488718,41.29166828011014,42.85323104488718,
2023-11-20,42.18014364627639,44.872493240719564,41.73141871386919,44.46864080155309,
2023-11-21,44.86351874207142,44.962238227201,43.07759351109078,43.08656800973892,
2023-11-22,43.30195597729438,44.36992131642349,43.212210990812935,43.61606342997942,
2023-11-23,43.07759351109078,44.872493240719564,43.07759351109078,44.244278335349485,
2023-11-24,43.975043375905166,44.06478836238661,43.52631844349797,43.975043375905166,
2023-11-27,44.737875760997404,44.78274825423812,43.625037928627556,44.42376830831237,
2023-11-28,43.31990497459067,44.827620747478846,43.07759351109078,43.975043375905166,
2023-11-29,43.975043375905166,43.975043375905166,43.52631844349797,43.52631844349797,
2023-11-30,42.62886857868359,43.43657345701654,42.18014364627639,42.62886857868359,
2023-12-01,43.17631299622036,44.64813077451597,43.07759351109078,44.64813077451597,
2023-12-04,43.12246600433149,44.64813077451597,43.07759351109078,44.19940584210876,
2023-12-05,44.15453334886805,46.16482104605228,43.975043375905166,44.33402332183093,
2023-12-06,44.86351874207142,45.769943105533955,44.64813077451597,45.769943105533955,
2023-12-07,46.039178064978266,46.21866803794115,45.59045313257107,45.769943105533955,
2023-12-08,46.21866803794115,46.5776479838669,45.32121817312675,45.94943307849683,
2023-12-11,45.32121817312675,47.11611790275555,44.872493240719564,47.11611790275555,
2023-12-12,47.34048036895914,48.23793023377353,45.99430557173755,48.013567767569924,
2023-12-13,47.564842835162736,47.564842835162736,45.769943105533955,45.769943105533955,
2023-12-14,43.167338497572224,45.72507061229324,43.12246600433149,45.72507061229324,
2023-12-15,46.92765343114451,46.92765343114451,45.68019811905251,46.61354597845948,
2023-12-18,45.141728200163875,47.205862889236975,44.872493240719564,45.01608521908985,
2023-12-19,45.23147318664531,45.23147318664531,43.75068090970157,44.872493240719564,
2023-12-20,43.79555340294229,43.975043375905166,43.12246600433149,43.975043375905166,
2023-12-21,43.975043375905166,44.42376830831237,43.975043375905166,44.42376830831237,
2023-12-22,44.01991586914589,44.01991586914589,43.975043375905166,44.01991586914589,
2023-12-26,43.167338497572224,43.975043375905166,43.07759351109078,43.07759351109078,
2023-12-27,43.948119879960736,44.97121272584915,43.07759351109078,43.07759351109078,
2023-12-28,44.16350784751619,45.07890670962687,43.975043375905166,44.872493240719564,
2023-12-29,43.975043375905166,45.68019811905251,43.975043375905166,44.872493240719564,
2024-01-01,45.94943307849683,45.94943307849683,44.78274825423812,45.76096860688581,
2024-01-02,44.86351874207142,44.872493240719564,44.42376830831237,44.42376830831237,
2024-01-03,44.85454424342327,45.95840757714498,44.253252833997635,44.872493240719564,
2024-01-04,44.872493240719564,45.222498687997174,44.450691804256806,45.21352418934903,
2024-01-05,44.872493240719564,45.491733647441485,44.42376830831237,44.872493240719564,
2024-01-08,44.872493240719564,44.872493240719564,44.244278335349485,44.244278335349485,
2024-01-09,44.872493240719564,44.872493240719564,44.872493240719564,44.872493240719564,
2024-01-10,44.19940584210876,45.05198321368243,44.19940584210876,45.05198321368243,
2024-01-11,44.872493240719564,45.05198321368243,43.99299237320146,44.872493240719564,
2024-01-12,43.975043375905166,45.769943105533955,43.07759351109078,44.827620747478846,
2024-01-15,44.872493240719564,44.872493240719564,43.346828470535094,43.346828470535094,
2024-01-16,43.975043375905166,44.41479380966423,43.52631844349797,43.75068090970157,
2024-01-17,43.52631844349797,43.61606342997942,43.30195597729438,43.52631844349797,
2024-01-18,44.78274825423812,44.78274825423812,43.07759351109078,43.09554250838707,
2024-01-19,43.07759351109078,43.09554250838707,43.07759351109078,43.07759351109078,
2024-01-22,43.08656800973892,43.08656800973892,42.63784307733173,43.07759351109078,
2024-01-23,43.07759351109078,43.07759351109078,42.18014364627639,42.18014364627639,
2024-01-24,42.18014364627639,42.62886857868359,41.282693781461994,42.62886857868359,
2024-01-25,42.404506112479986,42.62886857868359,41.282693781461994,41.282693781461994,
2024-01-26,41.29166828011014,41.73141871386919,40.49293790042533,41.73141871386919,
2024-01-29,41.282693781461994,41.282693781461994,41.282693781461994,41.282693781461994,
2024-01-30,40.833968849054806,41.19294879498056,40.39421841529575,41.19294879498056,
2024-01-31,41.282693781461994,41.282693781461994,40.609606382851204,40.609606382851204,
2024-02-01,40.842943347702935,40.842943347702935,40.3852439166476,40.3852439166476,
2024-02-02,40.474988903129045,40.833968849054806,40.295498930166154,40.3852439166476,
2024-02-06,40.3852439166476,40.609606382851204,40.295498930166154,40.295498930166154,
2024-02-07,40.833968849054806,43.418624459720256,38.572395189722535,39.48779405183321,
2024-02-09,38.680089173500264,39.48779405183321,36.19415304796439,39.48779405183321,
2024-02-12,38.23136424109307,39.38010006805549,38.186491747852344,39.38010006805549,
2024-02-13,36.804418956038184,42.33271012329484,36.804418956038184,40.609606382851204,
2024-02-14,40.609606382851204,41.282693781461994,39.99036597612927,40.833968849054806,
2024-02-15,40.87884134229551,41.282693781461994,40.43011640988832,40.43011640988832,
2024-02-16,40.3852439166476,40.56473388961049,40.07113646396257,40.07113646396257,
2024-02-19,39.48779405183321,41.22884678957313,39.48779405183321,41.22884678957313,
2024-02-20,38.186491747852344,41.22884678957313,38.186491747852344,40.3852439166476,
2024-02-21,41.19294879498056,41.19294879498056,37.96212928164875,37.96212928164875,
2024-02-22,35.889020093927506,36.122357058779244,35.11721321018713,35.11721321018713,
2024-02-23,35.67363212637205,36.75057196414932,34.596692288594774,35.89799459257566,
2024-02-26,35.89799459257566,36.79544445739004,35.89799459257566,36.544158495242016,
2024-02-27,36.346719524982845,36.7056994709086,36.122357058779244,36.346719524982845,
2024-02-28,36.75057196414932,36.91211293981591,34.201814348076454,36.69672497226047,
2024-02-29,35.5390146466499,36.2569745385014,35.00054472776125,36.167229552019975,
2024-03-01,36.122357058779244,36.346719524982845,35.5390146466499,35.62875963313133,
2024-03-04,35.090289714242694,36.66082697766789,35.090289714242694,35.71850461961277,
2024-03-05,36.11338256013111,36.571081991186446,35.67363212637205,35.67363212637205,
2024-03-06,35.449269660168454,35.71850461961277,35.00054472776125,35.05439171965013,
2024-03-07,35.00054472776125,35.18003470072414,34.776182261557665,34.83900375209467,
2024-03-08,35.00054472776125,35.26977968720558,34.95567223452054,35.00054472776125,
2024-03-11,34.73130976831694,36.03261207229781,34.73130976831694,35.8082496060942,
2024-03-12,35.85312209933493,35.85312209933493,35.090289714242694,35.090289714242694,
2024-03-13,35.449269660168454,35.5390146466499,35.09926421289084,35.09926421289084,
2024-03-14,35.4582441588166,35.67363212637205,35.449269660168454,35.5390146466499,
2024-03-15,35.10823871153898,35.153111204779705,35.00054472776125,35.00054472776125,
2024-03-18,35.00054472776125,35.5390146466499,35.00054472776125,35.22490719396485,
2024-03-19,34.6415647818355,35.449269660168454,34.6415647818355,35.26977968720558,
2024-03-20,35.449269660168454,35.449269660168454,35.00054472776125,35.00054472776125,
2024-03-21,35.22490719396485,35.67363212637205,35.13516220748342,35.13516220748342,
2024-03-22,35.84414760068679,35.84414760068679,34.82105475479837,34.82105475479837,
2024-03-25,35.89799459257566,36.571081991186446,35.00054472776125,35.18003470072414,
2024-03-26,35.00951922640941,35.449269660168454,35.00951922640941,35.26977968720558,
2024-03-27,35.449269660168454,35.70953012096463,35.26977968720558,35.449269660168454,
2024-03-28,35.00951922640941,35.00951922640941,35.00951922640941,35.00951922640941,
2024-03-29,35.00951922640941,35.22490719396485,35.00054472776125,35.00054472776125,
2024-04-01,35.00951922640941,35.449269660168454,35.00054472776125,35.00951922640941,
2024-04-02,35.71850461961277,35.71850461961277,34.551819795354064,34.551819795354064,
2024-04-03,34.551819795354064,35.449269660168454,34.551819795354064,34.95567223452054,
2024-04-04,35.00054472776125,35.26080518855743,35.00054472776125,35.26080518855743,
2024-04-08,35.62875963313133,35.62875963313133,34.19283984942831,34.95567223452054,
2024-04-09,36.61595448442716,36.61595448442716,34.65053928048364,34.785156760205794,
2024-04-15,34.19283984942831,36.122357058779244,34.11206936159501,35.67363212637205,
2024-04-16,34.785156760205794,35.449269660168454,34.776182261557665,35.00054472776125,
2024-04-17,34.6415647818355,36.337745026334694,34.14796735618759,35.00054472776125,
2024-04-18,35.00054472776125,35.00054472776125,34.5787432912985,34.946697735872384,
2024-04-19,34.60566678724293,35.00054472776125,34.02232437511358,35.00054472776125,
2024-04-22,35.22490719396485,35.35952467368701,34.56079429400221,34.82105475479837,
2024-04-23,35.00054472776125,35.35952467368701,35.00054472776125,35.00054472776125,
2024-04-24,35.449269660168454,36.79544445739004,35.35952467368701,36.79544445739004,
2024-04-25,36.79544445739004,37.17237340061208,35.5390146466499,36.21210204526068,
2024-04-26,35.5390146466499,36.43646451146428,35.5390146466499,36.167229552019975,
2024-04-29,36.167229552019975,36.7864699587419,35.68260662502019,35.68260662502019,
2024-04-30,35.700555622316486,35.700555622316486,35.62875963313133,35.62875963313133,
2024-05-02,35.449269660168454,35.89799459257566,35.449269660168454,35.89799459257566,
2024-05-03,35.90696909122378,36.43646451146428,35.90696909122378,36.346719524982845,
2024-05-06,35.94286708581636,36.876214945223346,35.94286708581636,36.598005487130884,
2024-05-07,36.90932061821348,36.90932061821348,36.45830896976149,36.86329902143265,
2024-05-08,37.50760137636407,37.64566616670651,36.623986718172425,36.623986718172425,
2024-05-09,36.3570614568437,36.955342214994296,36.3570614568437,36.817277424651856,
2024-05-10,37.277493392459995,37.94020438610373,37.277493392459995,37.73770936026814,
2024-05-13,37.73770936026814,39.56016459278841,37.72850504091198,39.56016459278841,
2024-05-14,38.897453599144676,40.406961973555404,38.65814129588444,40.112423754158186,
2024-05-15,40.01117624124039,40.0848107960897,39.15517454111724,39.578573231500734,
2024-05-16,39.06313134755561,39.762659618624,38.88824927978851,38.897453599144676,
2024-05-17,38.897453599144676,39.716638021843174,38.897453599144676,39.578573231500734,
2024-05-20,39.348465247596664,39.578573231500734,39.118357263692594,39.578573231500734,
2024-05-21,40.406961973555404,41.971696264103116,40.406961973555404,41.87965307054148,
2024-05-22,42.10976105444555,42.15578265122637,40.517413805829364,41.391824144664845,
2024-05-23,40.72911315102111,41.78760987697984,40.72911315102111,41.78760987697984,
2024-05-24,41.419437102733326,43.260300973965926,41.419437102733326,43.241892335253596,
2024-05-27,42.339869038349626,42.349073357705784,41.87965307054148,42.339869038349626,
2024-05-29,42.339869038349626,42.339869038349626,41.23535071561007,41.23535071561007,
2024-05-30,40.5082094864732,40.95922113492518,40.5082094864732,40.72911315102111,
2024-05-31,41.12489888333611,42.339869038349626,40.13083239287052,41.51148029629496,
2024-06-03,41.143307522048445,41.60352348985659,39.578573231500734,41.410232783377175,
2024-06-04,40.49900516711703,41.18932911882926,39.64300346699388,39.762659618624,
2024-06-05,41.35500686724019,41.35500686724019,39.118357263692594,39.716638021843174,
2024-06-06,38.70416289266525,39.62459482828155,38.70416289266525,39.62459482828155,
2024-06-07,41.419437102733326,41.419437102733326,37.73770936026814,39.072335666911776,
2024-06-10,40.02958487995272,40.03878919930888,39.210400457254224,39.210400457254224,
2024-06-11,39.60618618956922,40.03878919930888,39.30244365081585,39.30244365081585,
2024-06-12,39.31164797017201,41.060468647842974,39.30244365081585,39.578573231500734,
2024-06-13,39.541755954076095,42.8921281997194,39.541755954076095,41.419437102733326,
2024-06-14,40.72911315102111,41.419437102733326,40.03878919930888,40.95001681556902,
2024-06-20,40.95922113492518,41.419437102733326,40.95922113492518,40.95922113492518,
2024-06-21,41.529888935007286,42.477933828692066,40.18605830900749,40.627865638103316,
2024-06-24,41.410232783377175,41.419437102733326,40.95922113492518,41.401028464020996,
2024-06-25,41.47466301887031,42.10055673508939,40.95922113492518,41.419437102733326,
2024-06-26,41.419437102733326,42.23862152543183,40.49900516711703,41.87965307054148,
2024-06-27,40.95001681556902,45.469337619445035,40.95001681556902,45.469337619445035,
2024-06-28,43.72051694177407,44.18073290958222,41.944083306034614,43.72051694177407,
2024-07-01,42.339869038349626,43.21427937718511,42.339869038349626,42.70804181259614,
2024-07-02,43.19587073847278,43.19587073847278,41.6495450866374,42.339869038349626,
2024-07-03,44.13471131280141,44.143915632157565,39.58777755085689,42.339869038349626,
2024-07-04,41.419437102733326,42.339869038349626,41.32739390917169,42.06373945766474,
2024-07-05,41.143307522048445,42.321460399637296,41.00524273170599,41.2537593543224,
2024-07-08,40.047993518665045,41.419437102733326,40.047993518665045,41.37341550595252,
2024-07-09,39.909928728322605,42.339869038349626,39.909928728322605,40.68309155424029,
2024-07-10,40.66468291552796,41.143307522048445,40.222875586432146,40.222875586432146,
2024-07-11,41.962491944746944,41.962491944746944,39.98356328317191,40.49900516711703,
2024-07-12,42.569977022253696,42.569977022253696,39.210400457254224,41.31818958981554,
2024-07-15,42.229417206075674,42.431912231911255,40.49900516711703,42.339869038349626,
2024-07-18,43.25109665460976,43.25109665460976,41.419437102733326,41.704771002774386,
2024-07-19,43.03939730941801,43.03939730941801,40.66468291552796,42.33066471899346,
2024-07-22,41.971696264103116,41.971696264103116,40.63706995745948,40.68309155424029,
2024-07-23,42.23862152543183,43.72051694177407,40.95922113492518,41.87044875118531,
2024-07-24,42.33066471899346,42.65281589645917,41.419437102733326,41.87965307054148,
2024-07-25,41.87965307054148,42.80008500615777,41.87965307054148,41.89806170925381,
2024-07-26,41.42864142208949,42.80008500615777,37.87577415061059,42.339869038349626,
2024-07-29,41.89806170925381,42.339869038349626,41.60352348985659,42.01771786088392,
2024-07-30,42.10976105444555,42.339869038349626,41.05126432848681,41.46545869951414,
2024-07-31,42.23862152543183,42.23862152543183,42.23862152543183,42.23862152543183,
2024-08-01,42.1465783318702,42.1465783318702,41.69556668341822,41.69556668341822,
2024-08-02,42.1465783318702,42.15578265122637,41.87965307054148,42.06373945766474,
2024-08-05,40.73831747037726,42.275438802856485,40.73831747037726,42.06373945766474,
2024-08-06,41.281372312390886,41.87044875118531,41.281372312390886,41.32739390917169,
2024-08-07,41.32739390917169,41.87965307054148,41.18932911882926,41.46545869951414,
2024-08-08,41.46545869951414,41.46545869951414,41.419437102733326,41.419437102733326,
2024-08-09,40.60025268003482,42.1465783318702,40.60025268003482,41.419437102733326,
2024-08-12,42.560772702897545,42.560772702897545,40.775134747801914,42.03612649959625,
2024-08-13,42.15578265122637,42.15578265122637,41.23535071561007,41.23535071561007,
2024-08-15,41.419437102733326,41.87044875118531,41.18932911882926,41.18932911882926,
2024-08-16,40.95922113492518,41.69556668341822,40.49900516711703,41.36421118659634,
2024-08-19,40.59104836067866,41.419437102733326,40.59104836067866,41.419437102733326,
2024-08-20,40.86717794136355,41.419437102733326,40.86717794136355,41.419437102733326,
2024-08-21,41.419437102733326,41.42864142208949,41.419437102733326,41.419437102733326,
2024-08-22,41.419437102733326,44.08868971602058,41.419437102733326,42.339869038349626,
2024-08-23,42.80008500615777,42.98417139328104,42.431912231911255,42.98417139328104,
2024-08-26,41.42864142208949,42.93814979650022,41.419437102733326,42.93814979650022,
2024-08-27,40.59104836067866,43.20507505782894,40.59104836067866,42.496342467404396,
2024-08-28,43.260300973965926,43.260300973965926,41.47466301887031,41.84283579311683,
2024-08-29,41.419437102733326,42.80008500615777,41.419437102733326,42.60679429967834,
2024-08-30,42.30305176092497,42.30305176092497,41.87965307054148,42.247825844788,
2024-09-02,42.247825844788,43.25109665460976,41.419437102733326,42.23862152543183,
2024-09-03,41.46545869951414,41.87965307054148,41.419437102733326,41.87965307054148,
2024-09-04,42.51475110611672,45.515359216225846,41.65874940599357,43.260300973965926,
2024-09-05,43.260300973965926,43.85858173211651,42.39509495448661,42.39509495448661,
2024-09-06,42.358277677061956,45.837510393691545,42.358277677061956,44.18073290958222,
2024-09-09,44.13471131280141,44.87105686129444,42.44111655126742,44.08868971602058,
2024-09-10,42.551568383541365,43.628473748212436,42.551568383541365,43.490408957869995,
2024-09-11,43.99664652245895,46.01239246145865,43.99664652245895,44.640948877390365,
2024-09-12,45.36809010652724,47.49428787780088,44.640948877390365,44.640948877390365,
2024-09-13,44.189937228938376,45.920349267897016,42.339869038349626,43.260300973965926,
2024-09-16,41.419437102733326,43.490408957869995,41.419437102733326,43.260300973965926,
2024-09-18,43.260300973965926,43.58245215143163,42.2202128867195,42.339869038349626,
2024-09-19,42.349073357705784,42.349073357705784,41.419437102733326,41.69556668341822,
2024-09-20,43.16825778040429,43.16825778040429,39.67061642506237,42.20180424800718,
2024-09-23,43.07621458684266,43.07621458684266,41.419437102733326,42.431912231911255,
2024-09-24,42.349073357705784,42.349073357705784,42.349073357705784,42.349073357705784,
2024-09-25,41.63113644792507,42.33066471899346,41.419437102733326,42.20180424800718,
2024-09-26,42.339869038349626,43.260300973965926,40.95922113492518,41.198533438185414,
2024-09-27,41.419437102733326,41.51148029629496,40.95922113492518,41.401028464020996,
2024-09-30,41.419437102733326,41.419437102733326,40.05719783802121,40.49900516711703,
2024-10-01,40.03878919930888,40.49900516711703,38.34519443777489,40.02958487995272,
2024-10-02,38.667345615240606,42.339869038349626,38.65814129588444,42.01771786088392,
2024-10-03,41.419437102733326,43.25109665460976,39.67982074441853,42.80008500615777,
2024-10-04,43.03019299006185,44.22675450636303,43.03019299006185,43.628473748212436,
2024-10-07,43.260300973965926,43.72051694177407,42.80008500615777,43.260300973965926,
2024-10-08,42.855310922294755,43.260300973965926,42.367481996418114,42.367481996418114,
2024-10-09,42.367481996418114,43.21427937718511,42.367481996418114,43.16825778040429,
2024-10-10,42.358277677061956,43.241892335253596,42.10976105444555,42.339869038349626,
2024-10-11,42.349073357705784,42.754063409376954,42.339869038349626,42.339869038349626,
2024-10-14,42.339869038349626,43.490408957869995,42.339869038349626,43.260300973965926,
2024-10-15,44.99991733228072,44.99991733228072,42.339869038349626,43.241892335253596,
2024-10-16,42.80008500615777,44.18073290958222,42.10976105444555,42.10976105444555,
2024-10-17,43.033864112339955,44.34627808968867,42.79610795702316,44.34627808968867,
2024-10-18,42.8151284494485,42.82463869566117,42.41569810851629,42.41569810851629,
2024-10-21,42.83414894187384,43.65203011616362,42.51080057064301,43.65203011616362,
2024-10-22,43.3191714987201,45.26877197231783,43.033864112339955,45.17366951019112,
2024-10-23,45.06905680185172,45.06905680185172,44.2321551351366,44.27019611998729,
2024-10-24,45.63016132839936,45.63016132839936,44.69815719955753,44.69815719955753,
2024-10-25,45.07856704806439,45.744284282951426,44.31774735105065,44.69815719955753,
2024-10-28,44.31774735105065,45.12611827912776,43.69958134722699,43.74713257829034,
2024-10-29,43.84223504041706,44.66011621470684,42.79610795702316,42.79610795702316,
2024-10-30,41.84508333575598,42.701005494896435,41.84508333575598,42.3110854001769,
2024-10-31,42.501290324430336,42.501290324430336,41.85459358196865,42.29206490775155,
2024-11-01,41.84508333575598,42.45373909336698,41.464673487249115,42.3110854001769,
2024-11-04,41.84508333575598,42.22549318426285,40.89405871448879,41.36957102512238,
2024-11-05,42.32059564638957,42.79610795702316,42.32059564638957,42.33961613881492,
2024-11-06,43.21455879038072,43.48084568433553,42.79610795702316,43.48084568433553,
2024-11-07,42.99582312748927,43.74713257829034,42.986312881276596,43.46182519191019,
2024-11-08,43.73762233207767,43.88978627148042,43.73762233207767,43.74713257829034,
2024-11-11,43.74713257829034,45.80134576022745,43.74713257829034,45.458976896571265,
2024-11-12,45.411425665507906,46.60020644209188,44.69815719955753,46.410001517838445,
2024-11-13,46.400491271625775,47.07571875272548,45.839386745078144,47.07571875272548,
2024-11-14,46.64775767315525,49.26307538163999,46.60971668830456,48.50225568462625,
2024-11-15,47.55123106335907,48.02674337399265,47.07571875272548,47.55123106335907,
2024-11-18,47.55123106335907,47.7414359876125,46.60020644209188,46.60020644209188,
2024-11-19,46.752370381494636,47.07571875272548,45.6491818208247,46.60020644209188,
2024-11-20,47.5417208171464,47.5417208171464,46.12469413145829,46.12469413145829,
2024-11-21,45.98204043826822,47.693884756549146,45.934489207204855,47.55123106335907,
2024-11-22,48.02674337399265,50.02389507865374,47.693884756549146,48.50225568462625,
2024-11-25,49.928792616527026,54.0562394728266,49.4627905521061,54.0562394728266,
2024-11-26,56.1104526547637,59.458059321624184,55.349632957749954,59.458059321624184,
2024-11-27,63.19558608320421,63.71864962490115,59.914551139832426,61.721497920240076,
2024-11-28,60.865575761099606,66.33396733338591,60.865575761099606,64.19416193553474,
2024-11-29,64.19416193553474,65.09763532573857,63.243137314267564,65.04057384846253,
2024-12-02,64.19416193553474,70.74672157606562,62.76762500363397,70.37582197377142,
2024-12-03,70.37582197377142,73.18134460650961,65.24028901892864,66.51466201142667,
2024-12-04,67.52274810996988,67.52274810996988,63.243137314267564,63.27166805290558,
2024-12-05,62.86272746576067,67.52274810996988,62.86272746576067,65.09763532573857,
2024-12-06,64.67918449238101,67.98875017439077,63.205096329416875,64.66967424616833,
2024-12-09,65.24028901892864,66.57172348870269,63.71864962490115,64.59359227646695,
2024-12-10,66.0962111780691,66.0962111780691,63.71864962490115,65.14518655680192,
2024-12-11,65.13567631058925,66.57172348870269,64.66967424616833,65.43049394318207,
2024-12-12,65.14518655680192,67.52274810996988,64.76477670829505,67.52274810996988,
2024-12-13,67.52274810996988,68.18846534485691,65.43049394318207,67.76050426528667,
2024-12-16,67.5132378637572,67.97923992817813,64.66967424616833,64.66967424616833,
2024-12-17,66.19131364019583,66.19131364019583,63.25264756048023,63.71864962490115,
2024-12-18,62.00680530662024,64.66016399995564,62.00680530662024,62.29211269300039,
2024-12-19,61.82611062857947,61.82611062857947,57.23266170785898,58.01250189729806,
2024-12-20,58.85891381022586,64.74575621586972,58.85891381022586,64.74575621586972,
2024-12-23,66.38151856444925,70.37582197377142,66.38151856444925,69.37724612144089,
2024-12-24,69.90030966313782,69.90030966313782,66.57172348870269,67.52274810996988,
2024-12-26,66.57172348870269,66.88556161372087,64.66967424616833,64.90743040148513,
2024-12-27,66.47662102657598,66.57172348870269,65.14518655680192,65.62069886743552,
2024-12-30,63.528444700647704,72.22080973902975,63.528444700647704,72.22080973902975,
2024-12-31,72.18276875417908,75.13094508010732,69.42479735250424,70.36631172755874,
2025-01-01,70.37582197377142,74.17992045884014,70.37582197377142,73.18134460650961,
2025-01-02,76.08196970137452,79.33447390610827,76.08196970137452,76.84278939838825,
2025-01-03,77.22319924689512,78.22177509922567,69.46283833735492,76.08196970137452,
2025-01-06,78.93504356517606,78.93504356517606,72.27787121630577,74.17992045884014,
2025-01-07,74.29404341339222,76.08196970137452,72.27787121630577,74.89318892479054,
2025-01-08,75.13094508010732,76.07245945516182,70.3853322199841,71.82137939809753,
2025-01-09,71.8308896443102,74.7410249853878,70.37582197377142,71.74529742839616,
2025-01-10,72.25885072388044,73.13379337544625,69.06340799642271,71.7357871821835,
2025-01-13,71.33635684125127,72.9150577125548,69.42479735250424,69.4723485835676,
2025-01-14,71.3268465950386,71.3268465950386,68.11238337515553,68.47377273123706,
2025-01-15,70.32827074270806,70.61357812908821,67.52274810996988,67.91266820468941,
2025-01-16,67.77952475771201,70.13806581845462,67.52274810996988,68.23601657592025,
2025-01-17,72.27787121630577,72.27787121630577,66.58123373491537,67.4181354016305,
2025-01-20,67.42764564784316,71.10811093214716,67.4181354016305,67.52274810996988,
2025-01-21,66.6668259508294,69.42479735250424,66.57172348870269,68.80663134868055,
2025-01-22,68.7971211024679,68.7971211024679,66.57172348870269,67.73197352664866,
2025-01-23,66.78094890538148,67.99826042060347,66.60025422734071,67.5132378637572,
2025-01-24,67.9507091895401,70.22365803436867,67.76050426528667,69.70059449267173,
2025-01-27,69.10144898127339,70.85133428440501,66.71437718189277,70.0429633563279,
2025-01-28,68.48328297744973,70.37582197377142,68.47377273123706,70.36631172755874,
2025-01-29,70.37582197377142,70.84182403819234,68.47377273123706,70.26169901921935,
2025-01-30,70.37582197377142,70.37582197377142,68.80663134868055,69.90030966313782,
2025-01-31,69.90981990935052,70.94643674653172,69.90030966313782,70.37582197377142,
2025-02-03,70.36631172755874,70.36631172755874,67.82707598877536,69.78618670858576,
2025-02-04,67.73197352664866,70.36631172755874,67.73197352664866,68.996836272934,
2025-02-06,66.9045821061462,70.60406788287554,66.9045821061462,69.76716621616043,
2025-02-07,69.80520720101113,70.37582197377142,67.62736081830926,69.35822562901554,
2025-02-10,71.04153920865843,71.04153920865843,69.56745104569431,70.4804346821108,
2025-02-11,71.26978511776257,71.3268465950386,70.3853322199841,70.85133428440501,
2025-02-12,72.11619703069036,72.12570727690304,69.90030966313782,69.90030966313782,
2025-02-13,65.1546968030146,71.04153920865843,65.1546968030146,70.85133428440501,
2025-02-14,70.85133428440501,71.93550235264959,69.42479735250424,69.61500227675768,
2025-02-17,69.42479735250424,71.2222338866992,69.42479735250424,70.33778098892074,
2025-02-18,69.71010473888438,71.31733634882593,69.71010473888438,70.92741625410639,
2025-02-19,72.18276875417908,72.18276875417908,70.92741625410639,71.3268465950386,
2025-02-20,71.3268465950386,72.18276875417908,69.9478608942012,71.37439782610195,
2025-02-21,74.55082006113435,74.55082006113435,69.42479735250424,72.68681180345068,
2025-02-24,73.98020528837404,73.98020528837404,69.2345924282508,70.3853322199841,
2025-02-25,71.6977461973328,72.6487708186,68.94928504187064,70.76574206849095,
2025-02-26,70.85133428440501,72.26836097009311,69.51989981463096,71.30782610261326,
2025-02-27,72.36271700408682,73.3405915581961,70.50475535127919,71.22838252132006,
2025-02-28,70.99369262833382,73.3405915581961,64.53972057121257,71.06214384712148,
2025-03-03,70.94479890062836,71.38484244997754,68.4512187876497,68.63701495293046,
2025-03-04,66.61281462592426,70.39718915032716,66.60303588038315,69.32152714080696,
2025-03-05,66.691044590253,71.38484244997754,65.53715261640404,70.40696789586826,
2025-03-06,67.67869788990335,68.94993481024544,67.67869788990335,68.94015606470433,
2025-03-07,69.42909334175899,69.42909334175899,68.46099753319079,68.94015606470433,
2025-03-10,69.42909334175899,69.42909334175899,68.69568742617702,68.69568742617702,
2025-03-11,68.69568742617702,68.69568742617702,67.47334423354042,67.7667065997732,
2025-03-12,67.47334423354042,67.47334423354042,65.51759512532185,66.43679720618458,
2025-03-13,66.43679720618458,66.83772577336937,66.43679720618458,66.45635469726675,
2025-03-14,66.49546967943112,67.71781287206773,66.45635469726675,67.2288755950131,
2025-03-17,67.2288755950131,69.42909334175899,67.2288755950131,69.42909334175899,
2025-03-18,69.42909334175899,71.28705499456662,69.42909334175899,69.43887208730007,
2025-03-19,70.40696789586826,70.40696789586826,67.67869788990335,69.47798706946443,
2025-03-20,69.48776581500553,71.38484244997754,69.48776581500553,71.14037381145022,
2025-03-21,71.38484244997754,78.25930056536579,71.38484244997754,72.57784940599085,
2025-03-24,72.42138947733338,76.65558629662657,70.50475535127919,72.34315951300464,
2025-03-25,70.40696789586826,74.07399747377806,69.5268807971699,72.61696438815522,
2025-03-26,73.33081281265501,74.21089991135335,71.5804173607994,72.74408808018944,
2025-03-27,71.88355847257328,74.22067865689446,71.38484244997754,72.47028320503883,
2025-04-03,73.29169783049065,73.29169783049065,70.41674664140935,72.33338076746354,
2025-04-04,70.42652538695043,73.3405915581961,70.42652538695043,72.34315951300464,
2025-04-07,69.57577452487537,76.26443647498284,68.4512187876497,71.87377972703217,
2025-04-08,73.28191908494954,73.28191908494954,70.50475535127919,72.32360202192245,
2025-04-09,70.55364907898466,72.16714209326496,69.5268807971699,71.00347137387492,
2025-04-10,71.91289470919655,73.3405915581961,70.46564036911481,71.39462119551862,
2025-04-11,72.06935463785405,73.3405915581961,70.40696789586826,72.35293825854572,
2025-04-14,72.36271700408682,72.36271700408682,71.48262990538846,71.54130237863501,
2025-04-15,70.8959051729229,70.8959051729229,70.8959051729229,71.54130237863501,
2025-04-16,72.36271700408682,73.3405915581961,70.45586162357371,73.0667866830455,
2025-04-17,73.33081281265501,74.31846611230537,72.48984069612102,72.63652187923742,
2025-04-18,73.3405915581961,73.3405915581961,72.63652187923742,72.82231804451818,
2025-04-21,73.3405915581961,73.3503703037372,72.36271700408682,72.382274495169,
2025-04-22,72.382274495169,74.5629347508327,72.2649295486759,73.3405915581961,
2025-04-23,73.3405915581961,73.3405915581961,69.62466825258083,72.29426578529917,
2025-04-24,71.87377972703217,72.36271700408682,70.40696789586826,70.80789646305307,
2025-04-25,71.09148008374476,71.09148008374476,71.09148008374476,70.80789646305307,
2025-04-28,69.6735619802863,69.6735619802863,69.6735619802863,70.80789646305307,
2025-04-29,69.6735619802863,71.38484244997754,67.71781287206773,70.40696789586826,
2025-04-30,68.52944875197844,70.39718915032716,68.12852018479363,68.48055502427297,
2025-05-02,67.47334423354042,70.8959051729229,67.47334423354042,68.48055502427297,
2025-05-05,70.40696789586826,71.33594872227208,68.95971355578652,69.02816477457418,
2025-05-06,69.43887208730007,70.40696789586826,69.03794352011526,69.42909334175899,
2025-05-07,69.42909334175899,69.42909334175899,65.52737387086295,66.82794702782829,
2025-05-08,66.49546967943112,70.29940169491624,60.628222354775446,63.57162476264439,
2025-05-09,60.628222354775446,69.91803061881362,57.80216489339962,65.76206376384917,
2025-05-12,67.72759161760884,72.34315951300464,63.610739744808754,72.33338076746354,
2025-05-13,72.36271700408682,73.82952883525074,72.36271700408682,73.37970654036047,
2025-05-14,70.41674664140935,72.35293825854572,66.04564738454086,71.3066124856488,
2025-05-15,69.91803061881362,73.27214033940845,67.49290172462258,69.94736685543688,
2025-05-16,70.40696789586826,73.73174137983982,70.40696789586826,71.46307241430627,
2025-05-19,71.51196614201174,73.3405915581961,71.37506370443644,71.38484244997754,
2025-05-20,71.433736177683,73.83930758079184,70.94479890062836,70.94479890062836,
2025-05-21,71.38484244997754,74.31846611230537,70.06471180193002,72.46050445949774,
2025-05-22,72.60718564261414,73.24280410278517,71.38484244997754,72.48984069612102,
2025-05-23,71.48262990538846,72.46050445949774,71.48262990538846,72.36271700408682,
2025-05-26,72.60718564261414,73.3405915581961,71.38484244997754,72.1182483655595,
2025-05-27,73.2134678661619,73.22324661170299,72.382274495169,72.43116822287446,
2025-05-29,73.22324661170299,79.67721866882425,73.22324661170299,79.67721866882425,
2025-05-30,83.11933709928891,87.64689628481489,83.11933709928891,87.64689628481489,
2025-06-02,88.9865844239446,90.94233353216316,82.14146254517964,82.78685975089176,
2025-06-03,82.78685975089176,83.11933709928891,79.31540508380381,80.21504967358435,
2025-06-04,80.67465071401571,83.02154964387799,80.18571343696107,80.31283712899527,
2025-06-05,81.19292422769364,84.09721165339819,81.16358799107036,83.01177089833689,
2025-06-10,86.05296076161676,86.05296076161676,81.17336673661144,82.82597473305614,
2025-06-11,86.05296076161676,86.05296076161676,80.82133189713211,82.13168379963854,
2025-06-12,82.63039982223427,82.63039982223427,80.18571343696107,80.41062458440621,
2025-06-13,79.45230752137911,79.45230752137911,76.27421522052394,78.21040683766032,
2025-06-16,78.11261938224939,79.19806013731069,75.90262288996242,78.43531798510544,
2025-06-17,75.63859676035291,81.1146942633649,75.63859676035291,79.25673261055724,
2025-06-18,79.20783888285179,79.20783888285179,76.28399396606504,79.09049393635867,
2025-06-19,76.86093995298951,79.9901385261392,76.86093995298951,77.87792948926317,
2025-06-20,78.22996432874251,78.42553923956436,77.39877095774962,78.22996432874251,
2025-06-23,76.35244518485268,78.13217687333159,74.4260323132574,75.16921697438046,
2025-06-24,77.16408106476338,81.17336673661144,77.15430231922231,80.6648719684746,
2025-06-25,80.6648719684746,80.8408893882143,78.22996432874251,79.11005142744087,
2025-06-26,79.20783888285179,79.20783888285179,77.25208977463322,77.78992077939333,
2025-06-27,79.69677615990642,80.67465071401571,76.48934762242799,78.39620300294108,
2025-06-30,80.38128834778293,80.38128834778293,76.17642776511302,76.28399396606504,
2025-07-01,79.19806013731069,79.19806013731069,76.52846260459236,77.25208977463322,
2025-07-02,77.25208977463322,77.74102705168787,74.47492604096287,75.5212518138598,
2025-07-03,76.27421522052394,78.03438941792064,76.27421522052394,77.25208977463322,
2025-07-04,77.25208977463322,80.67465071401571,76.37200267593487,76.82182497082515,
2025-07-07,76.83160371636623,79.01226397202993,76.71425876987313,78.85580404337246,
2025-07-08,79.20783888285179,79.20783888285179,77.74102705168787,78.98292773540665,
2025-07-09,78.23974307428361,79.8923510707283,77.545452140866,78.54288418605746,
2025-07-10,78.32775178415342,78.54288418605746,77.37921346666742,77.4281071943729,
2025-07-11,78.2201855832014,78.22996432874251,76.27421522052394,78.22996432874251,
2025-07-14,78.95359149878337,80.18571343696107,78.22996432874251,78.80691031566698,
2025-07-15,79.69677615990642,81.16358799107036,78.30819429307125,80.80177440604992,
2025-07-16,81.17336673661144,84.8892900422267,81.17336673661144,83.09000086266563,
2025-07-17,82.02411759868652,84.09721165339819,80.67465071401571,81.40805662959767,
2025-07-18,82.63039982223427,82.63039982223427,81.42761412067985,81.42761412067985,
2025-07-21,80.28350089237199,83.11933709928891,79.30562633826271,82.7477447687274,
2025-07-22,83.49092942985044,86.05296076161676,80.24438591020763,81.47650784838531,
2025-07-23,82.14146254517964,82.87486846076159,80.47907580319385,82.11212630855634,
2025-07-24,81.16358799107036,84.03853918015163,81.16358799107036,82.63039982223427,
2025-07-25,83.65716810404902,85.92583706958256,83.1388945903711,84.6448214036994,
2025-07-28,84.6448214036994,93.11321504228577,84.6448214036994,93.11321504228577,
2025-07-29,95.3916627533604,101.54249369870777,90.94233353216316,96.18374114218892,
2025-07-30,95.83170630270956,96.80958085681885,90.2089276165812,92.5167115642791,
2025-07-31,95.83170630270956,95.83170630270956,89.96445897805388,90.94233353216316,
2025-08-01,90.94233353216316,92.65361400185441,87.73490499468473,89.03547815165007,
2025-08-04,88.04782485199969,90.45339625510852,88.00870986983531,89.04525689719115,
2025-08-05,88.00870986983531,89.96445897805388,87.12862277113696,88.34118721823248,
2025-08-06,89.96445897805388,92.40914536332708,88.49764714688996,90.10136141562919,
2025-08-07,90.94233353216316,92.40914536332708,88.61499209338308,89.59286664749236,
2025-08-08,89.96445897805388,90.61963492930711,89.08437187935552,89.57330915641018,
2025-08-11,89.57330915641018,89.57330915641018,88.00870986983531,88.16516979849281,
2025-08-12,87.17751649884244,89.96445897805388,87.03083531572604,89.85689277710186,
2025-08-13,88.49764714688996,90.6294136748482,88.07716108862296,90.26760008982775,
2025-08-15,89.96445897805388,90.6294136748482,88.49764714688996,89.6710966118211,
2025-08-18,89.96445897805388,91.18680217069048,88.9865844239446,90.95211227770426,
2025-08-19,91.31392586272467,91.31392586272467,88.80078825866384,89.33861926342394,
2025-08-20,89.96445897805388,89.96445897805388,86.65924298516451,88.59543460230088,
2025-08-21,88.9963631694857,89.35817675450613,86.84503915044527,88.00870986983531,
2025-08-22,88.00870986983531,89.32884051788284,88.00870986983531,88.9768056784035,
2025-08-25,88.49764714688996,89.35817675450613,83.21712455469984,87.41220639182866,
2025-08-26,87.9109224144244,89.47552170099924,87.03083531572604,88.00870986983531,
2025-08-27,86.71791545841108,89.47552170099924,86.71791545841108,87.51977259278068,
2025-08-28,87.05039280680823,88.00870986983531,85.1728736629184,87.97937363321205,
2025-08-29,88.00870986983531,89.74932657614984,87.66645377589708,89.1137081159788,
2025-09-01,89.09415062489663,89.09415062489663,87.23618897208898,88.00870986983531,
2025-09-02,88.9865844239446,91.13790844298502,87.13840151667806,90.09158267008807,
2025-09-03,90.94233353216316,99.09780731343457,90.94233353216316,98.90223240261271,
2025-09-04,99.73342577360559,104.6325772896931,98.27639268798278,103.146207967447,
2025-09-05,101.69895362736526,113.46278451329991,100.72107907325598,113.46278451329991,
2025-09-08,117.34494649311375,121.73560324106442,113.43344827667664,115.88791340749094,
2025-09-09,116.36707193900448,125.16794292598802,114.41132283078592,122.00940811621503,
2025-09-10,119.34958932903778,123.70113109482408,119.30069560133232,121.98007187959175,
2025-09-11,119.54516423985963,125.16794292598802,118.3717147749285,119.15401441821592,
2025-09-12,119.30069560133232,121.25644470955089,118.32282104722303,119.31047434687342,
2025-09-15,121.25644470955089,124.19006837187874,117.39384022081921,118.34237853830523,
2025-09-16,120.03410151691429,120.03410151691429,116.85600921605912,117.21782280107956,
2025-09-17,118.32282104722303,119.30069560133232,116.0737095727717,116.7582217606482,
2025-09-18,117.34494649311375,117.8338837701684,115.3891973848952,117.24715903770283,
2025-09-19,116.36707193900448,117.33516774757267,110.4998246143488,111.5657078783279,
2025-09-22,111.67327407927992,111.67327407927992,107.56620095202095,107.84978457271264,
2025-09-23,109.95221486404759,109.95221486404759,101.69895362736526,102.76483689134437,
2025-09-24,103.65470273558383,104.6325772896931,99.76276201022887,101.2393525869339,
2025-09-25,102.57904072606361,102.57904072606361,98.82400243828397,99.62585957265357,
2025-09-26,99.62585957265357,100.72107907325598,96.80958085681885,98.68710000070867,
2025-09-29,97.88524286633906,101.68917488182416,97.2985181338735,99.7529832646878,
2025-09-30,99.85077072009872,101.69895362736526,98.77510871057852,101.59138742641323,
2025-10-01,101.70873237290637,103.11687173082372,99.79209824685216,100.92643272961892,
2025-10-02,100.74063656433816,101.69895362736526,100.62329161784506,100.73085781879708,
2025-10-03,101.69895362736526,110.80296572612268,100.72107907325598,110.80296572612268,
2025-10-06,112.45557372256735,121.88228442418082,112.45557372256735,121.11954227197559,
2025-10-07,121.26622345509199,127.13347077974764,117.45251269406577,120.24923391881832,
2025-10-08,120.2785701554416,129.07944114242514,120.24923391881832,126.40984360970681,
2025-10-09,130.05731569653443,130.05731569653443,123.21219381776945,123.77936105915283,
2025-10-10,123.21219381776945,125.8915700960289,119.78963287838697,124.96258926962506,
2025-10-13,124.96258926962506,124.96258926962506,117.34494649311375,118.83131581535986,
2025-10-14,119.78963287838697,129.4412547274456,119.78963287838697,129.02076866917858,
2025-10-15,131.91527734934206,141.91893403788,127.12369203420656,141.82114658246905,
2025-10-16,144.74499149925583,146.6811831163922,135.43562574413545,136.78509262880627,
2025-10-17,139.19029286150092,139.19029286150092,133.92079011592435,135.84599450884684,
2025-10-20,135.8261470408786,144.39032946918854,135.8261470408786,139.30937766931055,
2025-10-21,141.89947223917025,145.1346095179988,139.92464917632702,144.7078889566809,
2025-10-22,146.07736424649175,147.86363636363637,142.80253203172668,143.62620195240999,
2025-10-23,144.1422361195851,157.98584502745575,143.02085417937766,156.2293441122636,
2025-10-24,156.29881025015254,160.26830384380722,153.71863941427702,155.48506406345334,
2025-10-27,155.8026235509457,156.29881025015254,142.60405735204392,145.79949969493592,
2025-10-28,147.8437888956681,149.8483831604637,145.87888956680902,148.1216534472239,
2025-10-29,148.06211104331908,149.8483831604637,133.31544234289203,134.19865466748016,
2025-10-30,133.97040878584502,147.61554301403294,128.01616839536302,129.70320317266626,
2025-10-31,134.96278218425869,138.93227577791336,131.21161073825505,137.92005491153142,
2025-11-03,141.90939597315437,142.90176937156804,132.72994203782795,133.34521354484443,
2025-11-04,133.37498474679683,136.94752898108604,123.0543014032947,128.21464307504576,
2025-11-05,129.99099145820622,132.9581879194631,125.03904820012202,125.68409090909091,
2025-11-06,130.7948139109213,130.7948139109213,126.23982001220256,129.0085417937767,
2025-11-07,129.99099145820622,130.9337461866992,125.03904820012202,126.02149786455155,
2025-11-10,129.0085417937767,129.50472849298353,122.80620805369128,125.7337095790116,
2025-11-11,125.03904820012202,130.43755948749236,122.9749115314216,123.16346247712019,
2025-11-12,123.16346247712019,135.4788163514338,122.16116534472239,134.476519219036,
2025-11-13,134.46659548505187,141.1353447223917,128.9886943258084,130.43755948749236,
2025-11-14,130.50702562538132,143.477345942648,127.3314307504576,143.477345942648,
2025-11-17,157.82706528370957,157.82706528370957,157.78737034777305,157.82706528370957,
2025-11-18,162.74923733984136,172.67297132397803,148.85600976205004,152.9842830994509,
2025-11-19,152.9842830994509,156.29881025015254,145.87888956680902,147.6850091519219,
2025-11-20,153.6590970103722,157.62859060402684,146.37507626601587,152.59725747406958,
2025-11-21,156.59652226967665,156.59652226967665,147.64531421598537,151.18808724832215,
2025-11-24,151.35679072605248,151.35679072605248,136.46126601586332,143.2491000610128,
2025-11-25,143.0010067114094,145.37277913361808,139.92464917632702,140.88725137278828,
2025-11-26,143.69566809029897,154.97895363026234,136.60019829164125,147.7048566198902,
2025-11-27,148.3598230628432,151.3369432580842,140.4605308114704,150.0667053081147,
2025-11-28,151.22778218425867,152.32931665649787,146.17660158633313,147.67508541793777,
2025-12-01,148.85600976205004,153.78810555216594,147.22851738865162,151.32701952410008,
2025-12-02,151.18808724832215,154.56215680292863,150.34456985967054,152.31939292251374,
2025-12-03,154.44307199511897,167.21491763270288,153.81787675411837,159.93089688834655,
2025-12-04,161.74694020744357,174.65771812080538,152.8255033557047,162.5408389261745,
2025-12-05,167.20499389871875,169.94394447834046,161.26067724222088,163.2950427089689,
2025-12-08,163.74161073825505,165.23017083587553,156.29881025015254,157.3408023184869,
2025-12-09,157.39042098840756,159.4049389871873,153.81787675411837,157.82706528370957,
2025-12-10,157.82706528370957,164.8133740085418,154.3140634533252,155.82247101891397,
2025-12-11,155.82247101891397,158.58126906650398,153.40107992678463,156.2690390482001,
2025-12-12,156.00109823062843,158.78966748017083,153.8278004881025,156.8346918852959,
2025-12-15,156.94385295912141,163.74161073825505,156.8049206833435,163.09656802928615,
2025-12-16,163.64237339841367,164.7339841366687,159.77211714460037,162.65,
2025-12-17,163.64237339841367,163.74161073825505,159.52402379499696,161.25075350823676,
2025-12-18,162.73931360585723,163.64237339841367,159.79196461256865,161.43930445393534,
2025-12-19,160.96296522269677,162.25305064063454,157.98584502745575,158.84920988407566,
2025-12-22,158.84920988407566,159.77211714460037,154.81025015253203,158.63088773642465,
2025-12-23,157.98584502745575,160.66525320317268,154.71101281269068,155.06826723611957,
2025-12-24,155.06826723611957,158.47210799267847,154.3636821232459,155.534682733374,
2025-12-26,154.85986882245274,158.58126906650398,154.81025015253203,157.7179042098841,
2025-12-29,158.46218425869435,162.74923733984136,154.3140634533252,157.11255643685175,
2025-12-30,159.67287980475902,160.26830384380722,157.1224801708359,157.81714154972545,
2025-12-31,159.77211714460037,159.77211714460037,155.95147956070775,157.19194630872485,
2026-01-01,156.9934716290421,163.53321232458816,153.02397803538742,157.2415649786455,
2026-01-02,156.79499694935936,156.79499694935936,153.86749542403908,155.35605552165956,
2026-01-05,156.6461409395973,158.58126906650398,154.81025015253203,156.30873398413667,
2026-01-06,156.30873398413667,157.78737034777305,154.82017388651616,155.54460646735816,
2026-01-07,155.8026235509457,159.52402379499696,155.30643685173888,158.27363331299574,
2026-01-08,159.87135448444172,163.14618669920685,159.77211714460037,161.8957962172056,
2026-01-09,161.7568639414277,162.25305064063454,158.88890482001221,160.55609212934715,
2026-01-12,160.55609212934715,162.1538133007932,156.91408175716901,157.85683648566197,
2026-01-13,155.8026235509457,160.62555826723613,155.8026235509457,159.6431086028066,
2026-01-14,159.6431086028066,163.74161073825505,157.78737034777305,161.76678767541182,
2026-01-15,161.76678767541182,162.7591610738255,157.48965832824894,157.86676021964615,
2026-01-16,160.76449054301403,163.34466137888955,158.7797437461867,161.8064826113484,
2026-01-19,162.65,162.65,159.77211714460037,161.8064826113484,
2026-01-20,158.33317571690057,163.64237339841367,158.33317571690057,161.46907565588774,
2026-01-21,160.76449054301403,162.25305064063454,158.92859975594877,160.01028676021966,
2026-01-22,160.76449054301403,163.20572910311168,159.77211714460037,162.34236424649177,
2026-01-23,161.7568639414277,166.71873093349603,160.76449054301403,166.32178157413057,
2026-01-26,168.20729103111654,168.20729103111654,161.26067724222088,164.35688224527152,
2026-01-27,164.7339841366687,165.42864551555826,161.7568639414277,164.62482306284318,
2026-01-28,163.69199206833434,164.7339841366687,161.76678767541182,163.9202379499695,
2026-01-29,161.86602501525323,164.7339841366687,158.92859975594877,160.61563453325198,
2026-01-30,158.99806589383772,162.65,158.7797437461867,161.18128737034777,
2026-02-02,160.76449054301403,160.76449054301403,153.81787675411837,156.00109823062843,
2026-02-03,157.5095057962172,157.78737034777305,153.81787675411837,153.99650396583283,
2026-02-04,154.81025015253203,156.79499694935936,151.83312995729102,152.91481696156194,
2026-02-06,154.8003264185479,154.8003264185479,151.13846857840147,153.62932580841976,
2026-02-09,153.83772422208665,156.79499694935936,150.84075655887736,156.6659884075656,
2026-02-10,156.79499694935936,158.7797437461867,152.5277913361806,154.9888773642465,
2026-02-11,154.81025015253203,156.76522574740696,152.8255033557047,155.73315741305674,
2026-02-12,155.7232336790726,155.7232336790726,148.85600976205004,151.6048840756559,
2026-02-13,151.83312995729102,154.81025015253203,148.9552471018914,151.02930750457597,
2026-02-16,151.83312995729102,154.51253813300792,148.85600976205004,152.47817266625992,
2026-02-17,152.8255033557047,154.56215680292863,152.71634228187918,153.46062233068943,
2026-02-18,153.71863941427702,156.29881025015254,152.03160463697375,155.6934624771202,
2026-02-19,156.00109823062843,156.00109823062843,148.86593349603416,150.45373093349605,
2026-02-20,152.8255033557047,152.8255033557047,135.40935021354483,144.2712446613789,
2026-02-23,146.07736424649175,146.77202562538133,136.94752898108604,140.649081757169,
2026-02-24,140.42083587553387,147.86363636363637,133.98033251982915,146.16667785234898,
2026-02-25,148.60791641244663,150.84075655887736,140.9170225747407,142.246802928615,
2026-02-26,144.67811775472848,144.67811775472848,130.00091519219038,142.2964215985357,
2026-02-27,139.4284624771202,142.8719981696156,133.97040878584502,140.6193105552166,
2026-03-02,127.0,153.99,126.63,131.12,
2026-03-03,130.0,139.4,130.0,137.44,
2026-03-04,137.44,141.25,133.02,137.82,
2026-03-05,137.82,141.0,129.0,132.48,
2026-03-06,133.0,133.0,126.0,128.55,
2026-03-09,127.99,127.99,115.7,115.7,
2026-03-10,120.0,124.49,117.0,117.58,
2026-03-11,118.0,122.0,117.0,119.23,
2026-03-12,118.0,120.0,115.0,118.0,
2026-03-13,119.0,123.0,112.5,120.55,
2026-03-16,120.65,120.65,110.11,114.57,
2026-03-17,114.57,115.0,112.05,114.99,
2026-03-18,116.0,119.0,116.0,118.16,
2026-03-19,118.02,119.79,116.6,118.69,
2026-03-24,119.0,124.8,112.0,116.0,
2026-03-25,117.0,119.9,117.0,119.45,
2026-03-26,119.0,119.9,116.12,117.15,
2026-03-27,116.15,118.0,114.4,118.0,
2026-03-30,118.0,118.91,115.0,116.63,
2026-03-31,116.94,121.0,116.94,118.3,
2026-04-01,119.0,125.0,116.0,121.59,
2026-04-02,120.9,120.9,117.0,120.55,
2026-04-03,119.0,119.12,113.0,116.3,
2026-04-06,117.0,118.0,110.03,117.23,
2026-04-07,113.53,119.0,113.53,118.59,
2026-04-08,130.45,130.45,130.45,130.45,
2026-04-09,133.0,140.0,129.7,138.28,
2026-04-10,140.0,147.0,140.0,144.01,
2026-04-13,140.0,141.0,132.0,138.82,
2026-04-14,137.31,146.12,137.31,145.67,
2026-04-15,147.0,155.0,147.0,154.67,
2026-04-16,157.0,158.9,151.5,156.74,
2026-04-17,156.0,164.89,156.0,163.94,
2026-04-20,163.48,163.48,150.0,155.05,
2026-04-21,157.9,159.99,152.0,153.63,
2026-04-22,153.63,153.9,150.0,153.0,
2026-04-23,153.5,153.5,148.5,149.99,
2026-04-24,149.0,155.75,143.0,152.84,
2026-04-27,152.0,156.0,151.0,153.0,
2026-04-28,152.99,155.4,145.1,150.67,
2026-04-29,150.0,153.0,147.0,148.75,
2026-04-30,148.0,148.0,135.15,141.7,
2026-05-04,140.16,151.84,140.16,144.31,
2026-05-05,148.0,149.99,140.1,148.19,
2026-05-06,149.0,154.0,147.2,153.59,
2026-05-07,154.9,154.9,150.56,152.8,
2026-05-08,152.0,152.0,149.0,150.14,
2026-05-11,152.39,152.39,140.0,143.99,
2026-05-12,145.0,148.99,142.0,143.51,
2026-05-13,144.9,145.99,143.01,143.99,
2026-05-14,144.0,144.8,141.9,142.9,
2026-05-15,143.0,146.34,140.5,143.49,
2026-05-18,142.0,142.0,138.11,138.53,
2026-05-19,139.9,142.0,139.0,140.03,
2026-05-20,140.0,142.45,140.0,141.89,
2026-05-21,143.0,145.9,139.0,139.8,
2026-05-22,142.0,143.65,139.0,139.68,
2026-05-25,140.63,143.0,140.62,141.0,
2026-05-29,141.99,142.9,139.5,141.99,
2026-06-01,140.0,142.94,140.0,142.12,
2026-06-02,142.15,143.25,138.8,139.94,
2026-06-03,139.01,141.0,135.04,137.32,
2026-06-04,138.0,138.0,136.99,137.31,
2026-06-05,137.99,141.0,137.99,140.29,
2026-06-08,139.0,139.97,137.62,139.0,
