"Date","Price","Open","High","Low","Vol.","Change %"
"06/05/2026","431.50","435.60","437.67","430.20","850.82K","-0.67%"
"06/04/2026","434.40","434.95","436.36","430.00","937.13K","1.06%"
"06/03/2026","429.83","435.00","435.00","427.00","1.56M","-1.34%"
"06/02/2026","435.67","437.14","441.50","432.00","1.60M","-0.34%"
"06/01/2026","437.14","451.90","452.15","434.00","2.21M","-3.59%"
"05/29/2026","453.43","440.00","454.50","437.80","4.07M","3.81%"
"05/25/2026","436.77","435.00","438.50","430.00","1.91M","3.47%"
"05/22/2026","422.13","430.48","431.50","420.16","1.11M","-1.10%"
"05/21/2026","426.82","418.00","434.00","418.00","4.01M","3.88%"
"05/20/2026","410.88","410.01","412.25","405.01","3.98M","0.73%"
"05/19/2026","407.89","408.11","415.49","406.11","628.91K","0.34%"
"05/18/2026","406.51","413.15","414.99","405.00","949.98K","-2.69%"
"05/15/2026","417.75","429.00","429.00","416.00","1.17M","-1.19%"
"05/14/2026","422.80","422.36","429.90","421.00","531.44K","0.10%"
"05/13/2026","422.36","428.02","431.40","421.00","767.84K","-1.39%"
"05/12/2026","428.30","436.13","440.00","427.00","708.15K","-1.80%"
"05/11/2026","436.13","440.26","441.40","435.00","1.30M","-2.15%"
"05/08/2026","445.73","442.00","448.97","438.00","1.73M","-0.86%"
"05/07/2026","449.60","445.25","457.00","436.00","3.84M","2.27%"
"05/06/2026","439.61","420.10","444.00","418.11","5.10M","7.46%"
"05/05/2026","409.10","405.00","411.90","405.00","964.83K","-0.51%"
"05/04/2026","411.18","411.00","425.00","406.81","1.76M","0.78%"
"04/30/2026","407.99","413.94","413.94","400.51","2.25M","-2.49%"
"04/29/2026","418.41","418.01","425.90","410.50","1.77M","-0.05%"
"04/28/2026","418.64","417.99","421.00","415.00","881.74K","-1.00%"
"04/27/2026","422.88","430.00","434.00","420.00","990.17K","-1.71%"
"04/24/2026","430.25","422.27","435.00","415.00","1.39M","1.05%"
"04/23/2026","425.80","430.00","433.99","420.55","1.05M","-1.23%"
"04/22/2026","431.12","441.00","442.97","429.05","1.38M","-2.24%"
"04/21/2026","441.02","448.00","448.00","438.50","1.63M","0.04%"
"04/20/2026","440.86","445.00","445.00","430.10","3.73M","-1.89%"
"04/17/2026","449.37","438.01","451.95","437.01","3.39M","3.18%"
"04/16/2026","435.50","439.99","444.00","430.15","2.92M","-0.06%"
"04/15/2026","435.77","455.00","458.44","433.99","5.44M","0.32%"
"04/14/2026","434.36","425.00","438.00","420.00","4.06M","5.93%"
"04/13/2026","410.06","415.00","425.00","407.00","3.60M","-5.90%"
"04/10/2026","435.76","431.11","447.80","431.11","3.96M","1.35%"
"04/09/2026","429.97","439.80","439.80","402.00","7.13M","2.29%"
"04/08/2026","420.33","420.33","420.33","420.33","858.50K","10.00%"
"04/07/2026","382.12","372.00","385.00","370.00","2.40M","0.75%"
"04/06/2026","379.26","370.50","382.56","361.36","3.26M","2.18%"
"04/03/2026","371.17","370.00","377.00","369.00","1.46M","-2.00%"
"04/02/2026","378.75","376.00","383.44","370.00","2.85M","-2.78%"
"04/01/2026","389.58","368.00","392.55","368.00","6.25M","9.17%"
"03/31/2026","356.86","355.00","364.00","350.52","1.99M","3.41%"
"03/30/2026","345.09","362.30","364.00","339.00","2.66M","-4.75%"
"03/27/2026","362.30","366.15","373.00","360.00","1.99M","-1.16%"
"03/26/2026","366.56","383.97","383.97","363.00","3.31M","-4.79%"
"03/25/2026","384.99","370.23","389.25","368.11","4.70M","5.41%"
"03/24/2026","365.22","379.68","379.68","358.00","4.35M","2.92%"
"03/19/2026","354.85","350.03","358.52","344.00","2.72M","-0.47%"
"03/18/2026","356.53","349.99","363.50","343.97","2.71M","2.81%"
"03/17/2026","346.79","345.00","354.98","341.00","2.68M","1.13%"
"03/16/2026","342.91","358.40","359.00","341.50","2.23M","-4.44%"
"03/13/2026","358.85","365.00","367.65","350.00","1.89M","-2.09%"
"03/12/2026","366.50","375.10","377.96","365.00","1.77M","-3.30%"
"03/11/2026","379.02","385.00","390.00","375.10","1.67M","-0.10%"
"03/10/2026","379.41","376.00","379.47","371.00","1.97M","9.98%"
"03/09/2026","344.97","344.74","359.99","344.74","3.90M","-9.94%"
"03/06/2026","383.04","397.99","398.00","381.99","2.03M","-3.96%"
"03/05/2026","398.83","392.95","400.50","390.00","3.78M","2.11%"
"03/04/2026","390.60","398.00","398.00","389.00","1.65M","-1.99%"
"03/03/2026","398.55","387.00","405.00","381.27","4.35M","4.53%"
"03/02/2026","381.27","379.96","410.20","379.96","7.25M","-9.69%"
"02/27/2026","422.18","420.00","435.00","410.20","1.34M","-0.44%"
"02/26/2026","424.06","415.00","430.50","408.00","2.52M","2.29%"
"02/25/2026","414.58","423.24","428.30","410.55","1.15M","-1.81%"
"02/24/2026","422.22","415.00","431.02","405.00","2.98M","3.49%"
"02/23/2026","407.97","434.99","435.00","397.00","3.54M","-6.54%"
"02/20/2026","436.50","435.80","441.97","424.01","1.74M","0.18%"
"02/19/2026","435.72","453.90","453.90","432.60","1.30M","-4.08%"
"02/18/2026","454.25","449.00","457.50","445.50","4.59M","1.93%"
"02/17/2026","445.65","449.06","457.00","441.00","2.54M","-0.76%"
"02/16/2026","449.06","461.02","462.00","442.00","5.94M","-2.56%"
"02/13/2026","460.86","472.00","472.00","454.01","4.05M","-2.54%"
"02/12/2026","472.88","477.00","482.50","467.06","2.38M","-0.97%"
"02/11/2026","477.53","466.00","484.00","466.00","4.63M","2.49%"
"02/10/2026","465.95","459.99","470.00","453.01","1.82M","1.85%"
"02/09/2026","457.49","472.00","473.85","455.76","2.46M","-2.38%"
"02/06/2026","468.65","477.00","478.00","466.50","1.41M","-1.68%"
"02/04/2026","476.66","477.00","481.75","475.00","2.92M","0.13%"
"02/03/2026","476.06","479.27","481.50","475.01","1.48M","0.03%"
"02/02/2026","475.91","483.50","486.82","473.50","1.36M","-1.29%"
"01/30/2026","482.13","467.90","489.50","465.00","2.34M","3.59%"
"01/29/2026","465.43","480.00","483.50","462.51","1.80M","-2.64%"
"01/28/2026","478.07","478.00","485.00","475.01","1.04M","0.17%"
"01/27/2026","477.24","485.00","485.00","475.10","1.72M","-1.85%"
"01/26/2026","486.26","492.00","499.00","480.06","1.52M","-1.15%"
"01/23/2026","491.94","494.98","497.00","485.01","945.44K","-0.65%"
"01/22/2026","495.17","491.99","497.20","490.10","788.84K","0.57%"
"01/21/2026","492.35","498.49","499.79","490.00","1.16M","-0.81%"
"01/20/2026","496.37","501.00","502.96","495.00","1.00M","-0.76%"
"01/19/2026","500.15","497.99","501.25","494.16","1.06M","1.27%"
"01/16/2026","493.86","488.10","500.12","488.10","1.50M","1.29%"
"01/15/2026","487.58","490.02","495.00","485.00","818.90K","-0.49%"
"01/14/2026","490.00","500.26","502.00","487.11","1.68M","-2.02%"
"01/13/2026","500.09","494.20","506.00","488.00","1.68M","1.81%"
"01/12/2026","491.18","498.30","499.97","490.00","1.11M","-1.43%"
"01/09/2026","498.30","507.00","508.27","492.00","1.89M","-1.88%"
"01/08/2026","507.84","514.49","516.88","504.55","2.15M","-0.84%"
"01/07/2026","512.15","508.80","515.23","506.01","2.46M","0.66%"
"01/06/2026","508.80","490.50","514.00","489.00","6.69M","4.19%"
"01/05/2026","488.36","478.50","498.99","478.50","3.37M","2.07%"
"01/02/2026","478.44","483.99","486.65","472.00","1.49M","-0.54%"
"01/01/2026","481.02","476.01","492.00","476.01","1.56M","1.28%"
"12/31/2025","474.96","492.00","492.00","470.00","3.11M","-2.52%"
"12/30/2025","487.24","487.00","492.00","486.10","1.12M","0.10%"
"12/29/2025","486.74","489.89","495.00","484.80","941.68K","0.08%"
"12/26/2025","486.36","491.89","497.80","485.00","1.28M","-0.83%"
"12/24/2025","490.42","495.01","502.00","487.96","1.66M","-3.69%"
"12/23/2025","509.20","510.00","520.00","505.10","1.27M","-0.68%"
"12/22/2025","512.70","498.99","529.50","495.00","3.87M","2.74%"
"12/19/2025","499.04","485.67","503.04","485.67","2.92M","2.79%"
"12/18/2025","485.49","479.11","495.03","477.00","1.46M","1.86%"
"12/17/2025","476.63","488.80","490.50","471.20","1.40M","-2.39%"
"12/16/2025","488.30","491.98","500.00","487.50","1.14M","-0.06%"
"12/15/2025","488.60","490.00","496.00","487.02","697.63K","-0.05%"
"12/12/2025","488.82","487.24","492.77","481.00","761.29K","0.32%"
"12/11/2025","487.24","495.00","496.00","484.52","1.03M","-2.02%"
"12/10/2025","497.28","485.92","504.00","485.27","2.63M","2.34%"
"12/09/2025","485.92","479.45","488.70","473.49","1.64M","2.07%"
"12/08/2025","476.06","475.00","477.98","471.50","755.30K","0.10%"
"12/05/2025","475.60","478.00","478.00","468.01","1.48M","0.88%"
"12/04/2025","471.44","469.00","472.98","465.00","568.53K","0.07%"
"12/03/2025","471.13","480.00","480.00","466.00","973.67K","-1.17%"
"12/02/2025","476.71","468.99","481.40","463.25","4.15M","2.44%"
"12/01/2025","465.35","464.00","469.00","455.00","2.45M","1.55%"
"11/28/2025","458.24","453.50","460.48","452.00","1.91M","1.47%"
"11/27/2025","451.58","438.07","457.00","438.00","1.94M","3.41%"
"11/26/2025","436.70","427.50","440.00","423.50","1.20M","1.43%"
"11/25/2025","430.53","428.10","433.45","423.00","606.82K","0.83%"
"11/24/2025","426.98","428.01","431.00","421.87","984.02K","-0.34%"
"11/21/2025","428.42","431.00","435.00","426.50","838.51K","-0.32%"
"11/20/2025","429.78","430.00","432.89","426.10","644.55K","0.40%"
"11/19/2025","428.08","430.24","434.50","426.91","911.24K","-0.50%"
"11/18/2025","430.24","435.99","436.00","425.00","1.24M","-0.55%"
"11/17/2025","432.63","445.10","447.90","431.00","1.12M","-2.21%"
"11/14/2025","442.41","448.11","450.89","441.51","997.26K","-0.78%"
"11/13/2025","445.90","425.01","449.00","425.01","2.58M","5.08%"
"11/12/2025","424.34","430.00","434.00","422.00","1.13M","-1.46%"
"11/11/2025","430.62","441.00","443.99","430.00","1.37M","-2.45%"
"11/10/2025","441.42","441.99","446.50","439.00","708.04K","0.36%"
"11/07/2025","439.84","440.00","445.00","432.55","682.62K","0.04%"
"11/06/2025","439.66","443.95","444.84","427.99","1.70M","-0.53%"
"11/05/2025","442.02","455.85","455.85","440.01","1.12M","-2.80%"
"11/04/2025","454.76","460.00","462.05","449.82","718.54K","-1.12%"
"11/03/2025","459.92","465.00","465.48","458.00","709.29K","0.01%"
"10/31/2025","459.87","450.00","462.00","450.00","754.89K","3.13%"
"10/30/2025","445.93","442.00","452.85","442.00","1.12M","0.83%"
"10/29/2025","442.28","452.51","458.00","440.00","736.92K","-2.29%"
"10/28/2025","452.64","455.00","464.90","450.51","1.41M","1.67%"
"10/27/2025","445.20","452.32","452.32","443.80","388.95K","-1.57%"
"10/24/2025","452.32","451.78","455.00","443.02","510.12K","0.12%"
"10/23/2025","451.78","457.99","460.00","450.00","635.35K","-1.75%"
"10/22/2025","459.85","462.30","463.75","457.11","861.47K","-0.55%"
"10/21/2025","462.41","463.01","465.00","458.01","718.85K","-0.01%"
"10/20/2025","462.45","465.00","467.50","456.00","666.06K","0.56%"
"10/17/2025","459.89","457.00","463.00","451.12","986.84K","1.17%"
"10/16/2025","454.59","458.35","465.95","452.10","1.59M","-0.86%"
"10/15/2025","458.55","468.00","470.01","454.05","1.87M","-1.84%"
"10/14/2025","467.16","440.00","472.00","440.00","1.94M","8.29%"
"10/13/2025","431.38","441.00","450.00","425.00","2.57M","-3.78%"
"10/10/2025","448.34","450.00","460.00","443.00","1.11M","-0.56%"
"10/09/2025","450.88","445.11","463.49","445.11","1.48M","1.56%"
"10/08/2025","443.95","457.00","459.99","440.00","2.59M","-2.67%"
"10/07/2025","456.11","475.77","475.77","455.00","1.49M","-3.09%"
"10/06/2025","470.65","472.50","474.00","467.00","827.39K","-0.73%"
"10/03/2025","474.12","475.00","479.79","473.01","837.16K","0.42%"
"10/02/2025","472.14","479.00","484.99","470.10","1.57M","-1.45%"
"10/01/2025","479.07","478.89","483.00","469.55","996.09K","0.67%"
"09/30/2025","475.89","467.25","478.00","463.10","1.59M","1.88%"
"09/29/2025","467.10","473.98","473.98","466.00","847.61K","-0.74%"
"09/26/2025","470.56","465.00","474.00","460.75","2.14M","1.28%"
"09/25/2025","464.62","475.05","477.60","460.00","1.19M","-2.15%"
"09/24/2025","474.83","476.70","481.00","473.00","578.67K","-0.30%"
"09/23/2025","476.24","485.00","486.00","475.05","879.95K","-1.28%"
"09/22/2025","482.40","489.47","491.98","481.01","874.26K","-1.15%"
"09/19/2025","487.99","485.99","494.50","480.55","1.36M","0.73%"
"09/18/2025","484.45","481.00","486.00","480.56","1.32M","0.81%"
"09/17/2025","480.56","478.80","487.50","477.00","2.24M","0.64%"
"09/16/2025","477.52","479.90","481.00","475.00","1.59M","0.20%"
"09/15/2025","476.59","474.17","479.05","470.00","2.18M","0.51%"
"09/12/2025","474.17","481.00","483.00","471.50","1.67M","-1.35%"
"09/11/2025","480.64","483.50","486.99","478.00","1.92M","-0.53%"
"09/10/2025","483.21","475.60","486.00","474.00","1.84M","0.46%"
"09/09/2025","481.01","477.90","485.97","472.50","3.64M","0.51%"
"09/08/2025","478.57","469.00","481.00","469.00","3.07M","2.66%"
"09/05/2025","466.18","454.90","482.00","454.10","6.16M","2.93%"
"09/04/2025","452.91","443.17","456.00","443.10","2.99M","2.20%"
"09/03/2025","443.17","441.26","450.00","441.26","2.16M","0.56%"
"09/02/2025","440.72","448.00","448.00","438.00","2.09M","-1.08%"
"09/01/2025","445.55","429.20","449.20","428.01","4.09M","4.24%"
"08/29/2025","427.42","420.00","435.00","419.25","2.96M","2.19%"
"08/28/2025","418.26","415.00","423.50","414.63","1.56M","0.88%"
"08/27/2025","414.63","418.00","419.50","413.80","787.92K","-0.19%"
"08/26/2025","415.44","413.70","422.98","411.00","907.34K","0.45%"
"08/25/2025","413.58","418.01","420.00","411.00","696.36K","-0.84%"
"08/22/2025","417.08","419.91","424.50","415.50","1.25M","-0.67%"
"08/21/2025","419.91","425.00","428.95","409.00","3.10M","-1.11%"
"08/20/2025","424.62","430.00","432.45","423.01","2.58M","-0.32%"
"08/19/2025","425.98","412.00","430.00","412.00","3.91M","3.64%"
"08/18/2025","411.02","395.00","413.50","394.60","3.73M","4.23%"
"08/15/2025","394.34","387.45","399.75","383.00","3.30M","2.31%"
"08/13/2025","385.42","380.11","387.00","379.01","1.86M","1.86%"
"08/12/2025","378.40","378.97","381.25","376.51","1.14M","0.67%"
"08/11/2025","375.88","374.00","382.40","372.00","1.88M","0.31%"
"08/08/2025","374.73","380.00","386.90","370.20","1.64M","-1.98%"
"08/07/2025","382.29","381.01","384.40","376.20","2.16M","0.38%"
"08/06/2025","380.83","377.50","382.51","375.16","3.13M","1.57%"
"08/05/2025","374.94","372.11","377.85","371.99","3.16M","0.76%"
"08/04/2025","372.11","364.97","374.00","363.51","2.88M","3.39%"
"08/01/2025","359.91","358.00","362.10","355.00","1.17M","0.83%"
"07/31/2025","356.95","358.00","362.35","352.50","855.95K","0.15%"
"07/30/2025","356.43","363.99","364.99","351.00","1.93M","-1.51%"
"07/29/2025","361.88","370.00","374.89","357.81","4.32M","-2.01%"
"07/28/2025","369.30","361.89","373.24","361.74","3.33M","3.00%"
"07/25/2025","358.54","353.20","360.00","352.01","931.29K","1.43%"
"07/24/2025","353.49","357.02","359.45","353.00","688.86K","-0.92%"
"07/23/2025","356.77","358.00","360.00","355.50","771.60K","-0.09%"
"07/22/2025","357.08","358.00","361.00","355.61","1.12M","-0.18%"
"07/21/2025","357.73","358.50","365.00","356.00","987.51K","-0.27%"
"07/18/2025","358.71","358.51","374.85","354.72","5.23M","0.11%"
"07/17/2025","358.30","350.95","359.10","349.00","2.04M","2.48%"
"07/16/2025","349.62","350.00","351.10","345.00","867.66K","-0.07%"
"07/15/2025","349.87","354.00","356.00","349.00","1.18M","-0.94%"
"07/14/2025","353.19","353.00","355.80","350.75","1.08M","0.34%"
"07/11/2025","351.98","354.44","359.90","351.50","1.64M","-0.40%"
"07/10/2025","353.38","354.00","354.25","350.00","1.39M","0.27%"
"07/09/2025","352.42","356.49","357.00","350.25","1.01M","-0.74%"
"07/08/2025","355.03","358.00","359.63","352.07","1.74M","-0.44%"
"07/07/2025","356.59","354.99","358.00","352.00","1.53M","0.99%"
"07/04/2025","353.08","352.99","354.50","350.00","962.54K","0.98%"
"07/03/2025","349.66","349.97","355.50","348.07","1.50M","0.25%"
"07/02/2025","348.80","350.00","353.90","348.00","989.11K","-0.27%"
"07/01/2025","349.76","357.00","357.00","347.98","2.14M","-1.54%"
"06/30/2025","355.24","357.10","359.00","353.01","1.63M","-0.18%"
"06/27/2025","355.89","342.60","365.00","341.28","6.41M","4.28%"
"06/26/2025","341.28","347.75","351.00","340.39","1.51M","-1.86%"
"06/25/2025","347.74","348.00","349.50","345.00","1.64M","0.38%"
"06/24/2025","346.42","335.50","347.95","331.11","4.68M","9.40%"
"06/23/2025","316.66","320.20","326.89","315.00","1.70M","-4.02%"
"06/20/2025","329.93","327.88","332.90","326.00","761.31K","0.45%"
"06/19/2025","328.45","331.50","337.01","325.00","2.99M","-0.93%"
"06/18/2025","331.53","336.00","336.50","328.70","2.06M","-1.10%"
"06/17/2025","335.23","341.01","344.00","334.00","1.63M","-1.65%"
"06/16/2025","340.85","345.72","351.99","339.96","2.37M","-1.41%"
"06/13/2025","345.72","348.00","351.00","341.50","3.40M","-2.89%"
"06/12/2025","356.00","355.00","374.00","352.01","9.60M","1.10%"
"06/11/2025","352.13","345.00","354.00","340.11","5.57M","4.96%"
"06/10/2025","335.48","343.00","343.01","334.85","1.14M","-1.92%"
"06/05/2025","342.06","345.61","347.50","340.62","816.94K","-1.03%"
"06/04/2025","345.61","343.00","348.10","341.50","3.33M","1.87%"
"06/03/2025","339.26","335.00","343.50","334.00","2.96M","2.26%"
"06/02/2025","331.77","336.05","339.85","330.00","984.54K","-1.15%"
"05/30/2025","335.62","335.44","338.00","333.50","827.98K","0.67%"
"05/29/2025","333.38","325.97","339.90","324.75","2.76M","2.82%"
"05/27/2025","324.23","325.01","329.79","319.50","2.29M","0.42%"
"05/26/2025","322.88","321.01","327.82","321.01","495.88K","-0.60%"
"05/23/2025","324.82","326.96","330.49","320.05","917.95K","-0.05%"
"05/22/2025","324.99","335.51","336.88","323.52","1.88M","-3.10%"
"05/21/2025","335.39","336.99","338.09","333.60","1.04M","-0.53%"
"05/20/2025","337.17","339.00","346.00","332.82","1.33M","-0.29%"
"05/19/2025","338.15","345.00","347.00","335.10","1.39M","-1.23%"
"05/16/2025","342.37","349.00","349.00","341.50","1.05M","-1.47%"
"05/15/2025","347.49","351.10","354.00","343.00","2.64M","-1.03%"
"05/14/2025","351.10","364.95","364.95","343.00","5.82M","-0.03%"
"05/13/2025","351.19","351.00","354.99","337.80","6.26M","3.97%"
"05/12/2025","337.78","337.78","337.78","337.78","876.83K","10.00%"
"05/09/2025","307.07","295.00","309.00","280.15","3.64M","6.74%"
"05/08/2025","287.68","306.11","317.95","274.43","7.40M","-5.65%"
"05/07/2025","304.92","300.01","318.44","296.00","7.17M","-5.69%"
"05/06/2025","323.31","339.31","339.31","320.00","2.35M","-3.49%"
"05/05/2025","335.01","337.00","340.00","328.00","3.19M","-0.53%"
"05/02/2025","336.80","336.10","342.00","333.00","4.55M","2.91%"
"04/30/2025","327.29","340.00","343.94","325.00","5.29M","-6.26%"
"04/29/2025","349.16","358.00","363.98","335.00","7.84M","-2.71%"
"04/28/2025","358.88","365.00","383.25","355.13","9.95M","2.45%"
"04/18/2025","350.29","349.76","359.20","347.60","5.55M","0.76%"
"04/17/2025","347.66","346.40","351.98","345.40","2.24M","0.74%"
"04/16/2025","345.11","344.00","354.20","342.00","3.78M","0.54%"
"04/15/2025","343.25","340.00","349.40","335.00","5.75M","1.58%"
"04/14/2025","337.92","323.10","339.80","321.02","5.14M","-78.92%"
"04/11/2025","1,602.95","1,590.00","1,614.00","1,578.00","456.10K","0.07%"
"04/10/2025","1,601.83","1,603.00","1,626.00","1,580.01","796.98K","2.62%"
"04/09/2025","1,560.98","1,580.00","1,580.00","1,541.00","605.41K","-0.84%"
"04/08/2025","1,574.15","1,500.01","1,621.80","1,494.00","2.06M","6.65%"
"04/07/2025","1,476.06","1,490.00","1,500.00","1,412.00","586.05K","-1.69%"
"04/04/2025","1,501.41","1,515.00","1,529.95","1,497.00","311.56K","-0.98%"
"04/03/2025","1,516.26","1,490.00","1,529.89","1,486.01","292.52K","1.31%"
"03/27/2025","1,496.60","1,486.01","1,518.00","1,480.20","265.30K","0.36%"
"03/26/2025","1,491.28","1,510.00","1,515.00","1,480.00","212.44K","-0.44%"
"03/25/2025","1,497.87","1,496.00","1,507.25","1,473.00","153.13K","0.09%"
"03/24/2025","1,496.45","1,538.00","1,542.00","1,489.00","242.49K","-2.05%"
"03/21/2025","1,527.79","1,551.10","1,560.00","1,520.05","166.23K","-1.40%"
"03/20/2025","1,549.49","1,547.99","1,570.00","1,540.20","554.31K","0.97%"
"03/19/2025","1,534.62","1,515.00","1,545.00","1,490.00","578.66K","1.17%"
"03/18/2025","1,516.80","1,500.00","1,525.00","1,492.55","524.94K","1.59%"
"03/17/2025","1,492.99","1,469.99","1,499.00","1,465.00","415.55K","1.97%"
"03/14/2025","1,464.11","1,490.00","1,490.00","1,455.60","420.09K","-0.49%"
"03/13/2025","1,471.33","1,434.00","1,484.00","1,434.00","441.74K","2.83%"
"03/12/2025","1,430.90","1,442.00","1,444.00","1,428.00","83.98K","-0.51%"
"03/11/2025","1,438.29","1,448.00","1,450.00","1,432.00","131.41K","-0.70%"
"03/10/2025","1,448.49","1,450.00","1,463.00","1,440.00","129.25K","-0.03%"
"03/07/2025","1,448.95","1,439.99","1,457.88","1,434.00","323.72K","0.98%"
"03/06/2025","1,434.93","1,437.10","1,450.00","1,432.75","178.14K","0.04%"
"03/05/2025","1,434.31","1,433.00","1,460.00","1,429.00","284.83K","0.39%"
"03/04/2025","1,428.76","1,413.01","1,439.90","1,413.01","194.22K","1.14%"
"03/03/2025","1,412.72","1,415.25","1,434.00","1,409.00","161.77K","-0.80%"
"02/28/2025","1,424.16","1,444.90","1,444.90","1,406.10","187.31K","-0.89%"
"02/27/2025","1,436.93","1,467.00","1,469.89","1,433.00","159.38K","-1.58%"
"02/26/2025","1,459.93","1,458.00","1,475.98","1,450.00","249.74K","0.25%"
"02/25/2025","1,456.28","1,460.00","1,480.00","1,440.00","421.26K","0.48%"
"02/24/2025","1,449.37","1,401.00","1,471.99","1,371.10","1.46M","1.89%"
"02/21/2025","1,422.52","1,535.51","1,535.51","1,405.00","2.13M","1.91%"
"02/20/2025","1,395.92","1,400.00","1,450.00","1,380.00","645.47K","-0.45%"
"02/19/2025","1,402.17","1,467.90","1,474.00","1,392.00","535.67K","-3.94%"
"02/18/2025","1,459.65","1,410.00","1,491.00","1,381.02","694.51K","3.94%"
"02/17/2025","1,404.30","1,367.00","1,441.00","1,360.00","1.02M","2.78%"
"02/14/2025","1,366.37","1,366.37","1,366.37","1,345.00","536.48K","10.00%"
"02/13/2025","1,242.15","1,215.00","1,250.00","1,211.00","1.67M","2.82%"
"02/12/2025","1,208.09","1,218.59","1,220.00","1,206.90","172.10K","-0.86%"
"02/11/2025","1,218.59","1,214.28","1,228.00","1,210.00","249.83K","0.78%"
"02/10/2025","1,209.10","1,211.00","1,215.00","1,190.20","110.00K","-0.02%"
"02/07/2025","1,209.34","1,188.10","1,215.00","1,188.10","83.03K","1.24%"
"02/06/2025","1,194.54","1,195.00","1,200.00","1,175.00","483.79K","-0.10%"
"02/04/2025","1,195.75","1,210.00","1,217.99","1,185.00","342.63K","-0.31%"
"02/03/2025","1,199.47","1,184.00","1,240.00","1,178.21","718.48K","1.58%"
"01/31/2025","1,180.84","1,150.00","1,210.02","1,140.00","1.07M","6.03%"
"01/30/2025","1,113.72","1,070.00","1,119.00","1,070.00","594.47K","3.49%"
"01/29/2025","1,076.15","1,086.00","1,095.00","1,073.10","127.45K","-0.80%"
"01/28/2025","1,084.82","1,107.00","1,118.99","1,077.00","355.99K","-1.26%"
"01/27/2025","1,098.66","1,110.00","1,119.00","1,091.00","102.44K","-0.95%"
"01/24/2025","1,109.15","1,110.00","1,130.00","1,105.60","117.69K","0.21%"
"01/23/2025","1,106.83","1,109.99","1,113.99","1,098.75","50.22K","0.86%"
"01/22/2025","1,097.44","1,110.00","1,119.00","1,087.87","150.33K","-0.37%"
"01/21/2025","1,101.48","1,132.00","1,139.00","1,098.00","82.98K","-2.78%"
"01/20/2025","1,132.96","1,145.00","1,145.00","1,130.00","84.94K","0.41%"
"01/17/2025","1,128.30","1,098.00","1,134.99","1,090.40","267.30K","2.65%"
"01/16/2025","1,099.15","1,111.00","1,111.00","1,091.02","87.07K","-1.03%"
"01/15/2025","1,110.64","1,105.10","1,129.00","1,099.00","97.95K","-0.53%"
"01/14/2025","1,116.52","1,114.50","1,124.00","1,094.11","150.51K","1.13%"
"01/13/2025","1,104.00","1,096.03","1,120.00","1,096.03","103.19K","0.85%"
"01/10/2025","1,094.74","1,100.00","1,124.70","1,078.60","215.24K","-0.68%"
"01/09/2025","1,102.26","1,137.00","1,147.00","1,091.94","174.59K","-2.85%"
"01/08/2025","1,134.54","1,150.01","1,172.00","1,130.00","178.70K","-1.43%"
"01/07/2025","1,150.95","1,151.00","1,155.90","1,098.00","274.36K","0.00%"
"01/06/2025","1,151.00","1,158.90","1,165.98","1,125.00","183.76K","0.44%"
"01/03/2025","1,146.00","1,219.00","1,219.00","1,101.01","487.08K","-4.28%"
"01/02/2025","1,197.20","1,200.00","1,230.00","1,155.00","362.26K","0.96%"
"01/01/2025","1,185.85","1,114.85","1,191.15","1,099.00","481.17K","8.30%"
"12/31/2024","1,095.00","1,115.00","1,140.00","1,091.25","363.14K","-0.45%"
"12/30/2024","1,100.00","1,080.00","1,110.50","1,055.00","192.19K","3.19%"
"12/27/2024","1,066.00","1,070.00","1,088.00","1,066.00","171.86K","0.09%"
"12/26/2024","1,065.00","1,116.10","1,120.00","1,060.00","292.07K","-4.57%"
"12/24/2024","1,116.00","1,132.00","1,152.00","1,110.00","143.90K","-1.59%"
"12/23/2024","1,134.00","1,125.00","1,134.98","1,051.00","179.86K","2.16%"
"12/20/2024","1,110.00","1,084.00","1,120.99","1,073.00","281.71K","2.30%"
"12/19/2024","1,085.00","1,125.00","1,177.00","1,050.00","542.50K","-4.66%"
"12/18/2024","1,138.00","1,191.00","1,198.00","1,112.67","296.07K","-3.80%"
"12/17/2024","1,183.00","1,225.00","1,249.98","1,175.00","433.50K","-4.06%"
"12/16/2024","1,233.00","1,260.00","1,270.00","1,220.01","559.58K","-2.91%"
"12/13/2024","1,270.00","1,225.00","1,271.00","1,215.05","332.67K","2.42%"
"12/12/2024","1,240.00","1,229.00","1,260.00","1,204.00","594.52K","1.47%"
"12/11/2024","1,222.00","1,210.00","1,255.00","1,205.00","255.48K","1.75%"
"12/10/2024","1,201.01","1,194.99","1,283.84","1,157.00","1.02M","2.04%"
"12/09/2024","1,177.00","1,120.11","1,218.97","1,103.00","288.29K","6.04%"
"12/06/2024","1,110.00","1,120.01","1,141.00","1,100.00","266.82K","-0.72%"
"12/05/2024","1,118.00","1,067.02","1,121.00","1,051.46","488.10K","4.68%"
"12/04/2024","1,068.00","1,058.19","1,072.00","1,045.00","284.60K","1.14%"
"12/03/2024","1,056.00","1,041.13","1,061.90","1,040.00","405.61K","1.54%"
"12/02/2024","1,039.99","1,025.00","1,054.00","1,019.55","176.19K","1.76%"
"11/29/2024","1,022.00","1,019.00","1,031.40","1,014.00","63.39K","0.19%"
"11/28/2024","1,020.02","998.00","1,030.00","995.00","215.71K","2.21%"
"11/27/2024","998.00","960.00","1,040.00","959.90","486.46K","5.05%"
"11/26/2024","950.00","998.77","998.77","925.00","576.28K","-4.14%"
"11/25/2024","991.01","1,027.00","1,039.98","990.00","157.17K","-3.41%"
"11/22/2024","1,026.00","1,039.87","1,050.16","1,025.00","300.36K","-1.25%"
"11/21/2024","1,039.00","1,010.20","1,043.75","1,010.20","68.35K","1.46%"
"11/20/2024","1,024.00","1,041.00","1,055.00","1,022.02","448.09K","-2.29%"
"11/19/2024","1,048.00","1,010.16","1,059.29","1,010.16","36.75K","-0.85%"
"11/18/2024","1,057.00","1,045.00","1,060.00","1,037.50","357.92K","1.28%"
"11/15/2024","1,043.61","1,044.99","1,047.99","1,027.00","174.33K","-0.13%"
"11/14/2024","1,045.00","1,030.00","1,047.00","1,020.22","328.13K","2.25%"
"11/13/2024","1,022.00","993.37","1,023.00","989.00","326.37K","3.23%"
"11/12/2024","990.00","996.00","1,004.98","988.00","150.51K","-0.20%"
"11/11/2024","992.00","1,009.97","1,016.00","986.00","170.98K","-1.19%"
"11/08/2024","1,003.95","1,019.99","1,019.99","1,000.00","65.90K","-0.99%"
"11/07/2024","1,014.00","1,020.00","1,030.00","1,005.00","121.12K","0.40%"
"11/06/2024","1,010.00","996.95","1,018.00","986.00","440.97K","2.02%"
"11/05/2024","990.00","973.90","993.00","963.00","413.40K","2.07%"
"11/04/2024","969.90","922.00","970.95","922.00","364.38K","3.73%"
"11/01/2024","935.00","886.99","938.96","879.00","289.43K","5.89%"
"10/31/2024","883.00","904.70","908.00","878.00","238.33K","-1.80%"
"10/30/2024","899.15","921.00","928.90","890.01","199.52K","-2.06%"
"10/29/2024","918.05","910.00","940.00","910.00","289.85K","0.66%"
"10/28/2024","912.00","915.00","944.99","902.00","277.84K","0.22%"
"10/25/2024","910.00","906.99","920.90","897.00","554.86K","2.25%"
"10/24/2024","890.00","863.64","892.00","863.60","398.82K","2.60%"
"10/23/2024","867.48","871.99","880.00","851.00","210.64K","-0.06%"
"10/22/2024","868.00","847.00","873.00","840.00","235.11K","3.03%"
"10/21/2024","842.50","842.70","846.85","838.10","39.58K","0.62%"
"10/18/2024","837.29","844.90","846.99","833.00","50.10K","-0.44%"
"10/17/2024","841.00","845.00","855.00","838.00","51.92K","-0.24%"
"10/16/2024","843.00","847.00","853.96","839.20","74.38K","-0.24%"
"10/15/2024","845.00","845.01","851.86","835.60","231.51K","0.24%"
"10/14/2024","843.00","845.99","850.50","830.65","381.09K","-0.24%"
"10/11/2024","845.00","876.69","876.70","827.00","980.21K","-3.10%"
"10/10/2024","872.00","889.00","889.11","871.00","398.05K","-2.35%"
"10/09/2024","893.00","911.70","915.00","884.50","208.11K","-1.11%"
"10/08/2024","903.00","926.00","935.00","896.00","666.17K","-2.38%"
"10/07/2024","925.00","933.00","941.00","922.11","183.83K","-0.53%"
"10/04/2024","929.89","905.84","944.00","900.00","835.31K","2.89%"
"10/03/2024","903.80","898.47","906.00","890.00","884.63K","1.21%"
"10/02/2024","893.00","898.93","898.93","871.11","320.93K","0.53%"
"10/01/2024","888.25","886.00","900.00","884.00","274.59K","0.59%"
"09/30/2024","883.00","899.90","899.90","880.00","265.96K","-1.45%"
"09/27/2024","896.00","890.00","899.50","883.16","178.96K","0.45%"
"09/26/2024","892.00","900.00","902.89","885.10","257.60K","-0.34%"
"09/25/2024","895.02","898.95","899.00","876.89","225.96K","1.13%"
"09/24/2024","885.00","893.99","893.99","875.00","239.43K","-1.00%"
"09/23/2024","893.98","887.00","895.00","880.50","70.11K","0.22%"
"09/20/2024","892.00","879.49","900.20","860.70","796.61K","2.53%"
"09/19/2024","870.00","856.99","883.80","855.00","218.04K","1.75%"
"09/18/2024","855.00","847.00","860.02","847.00","128.00K","0.71%"
"09/16/2024","849.00","855.79","856.00","841.15","90.72K","-0.12%"
"09/13/2024","850.06","867.88","872.00","850.06","219.06K","-0.35%"
"09/12/2024","853.01","864.74","881.48","850.00","274.87K","-2.85%"
"09/11/2024","878.00","885.20","888.00","871.02","289.41K","-0.19%"
"09/10/2024","879.70","845.45","888.99","845.45","179.82K","2.91%"
"09/09/2024","854.80","848.00","860.00","841.04","32.66K","0.74%"
"09/06/2024","848.50","844.92","849.00","839.01","36.09K","0.53%"
"09/05/2024","844.00","845.00","845.00","832.70","52.80K","-0.12%"
"09/04/2024","844.98","834.98","844.98","825.10","126.25K","2.32%"
"09/03/2024","825.80","830.00","830.00","821.01","13.04K","-0.15%"
"09/02/2024","827.00","839.99","839.99","826.55","19.95K","-0.48%"
"08/30/2024","831.00","830.00","835.00","828.51","19.07K","0.18%"
"08/29/2024","829.50","830.00","836.55","829.00","14.64K","-0.18%"
"08/28/2024","831.00","830.00","834.80","827.00","40.69K","-0.36%"
"08/27/2024","834.00","847.99","847.99","833.00","30.75K","-1.07%"
"08/26/2024","843.00","850.00","857.00","838.03","24.79K","-1.17%"
"08/23/2024","853.00","856.00","864.00","847.00","29.74K","-1.04%"
"08/22/2024","862.00","856.97","864.99","850.01","56.53K","1.41%"
"08/21/2024","850.00","852.00","854.80","845.20","31.55K","0.00%"
"08/20/2024","850.00","855.55","856.00","839.01","38.42K","-0.35%"
"08/19/2024","853.00","865.00","869.89","850.60","40.87K","-1.22%"
"08/16/2024","863.50","850.00","875.89","850.00","53.77K","2.06%"
"08/15/2024","846.06","855.02","872.68","844.10","52.42K","-2.74%"
"08/13/2024","869.90","861.00","871.00","851.20","47.69K","1.39%"
"08/12/2024","858.01","880.02","890.00","858.01","75.06K","-2.50%"
"08/09/2024","880.00","880.00","885.50","870.00","188.46K","0.94%"
"08/08/2024","871.77","862.00","872.00","862.00","104.01K","1.37%"
"08/07/2024","859.95","848.00","864.00","848.00","80.79K","0.46%"
"08/06/2024","856.00","868.00","879.00","851.28","75.30K","-1.95%"
"08/05/2024","873.00","899.98","900.00","861.20","77.78K","-1.36%"
"08/02/2024","885.00","880.00","890.00","872.02","75.70K","0.57%"
"08/01/2024","880.00","889.77","889.77","852.26","108.38K","0.92%"
"07/31/2024","872.00","902.99","902.99","862.10","99.30K","-2.57%"
"07/30/2024","895.00","907.00","909.79","894.07","48.70K","-0.57%"
"07/29/2024","900.10","896.00","914.00","896.00","71.93K","-0.19%"
"07/26/2024","901.80","904.00","909.90","891.10","112.23K","-0.24%"
"07/25/2024","904.00","902.00","914.00","899.95","38.84K","-0.97%"
"07/24/2024","912.85","908.99","914.88","901.00","35.82K","1.41%"
"07/23/2024","900.20","914.50","915.94","896.01","130.42K","-0.53%"
"07/22/2024","905.00","921.00","927.70","899.90","146.24K","-1.63%"
"07/19/2024","920.00","929.00","937.00","920.00","120.29K","-0.97%"
"07/18/2024","929.00","925.00","930.00","920.13","46.24K","-0.11%"
"07/15/2024","930.00","911.70","930.00","908.00","172.64K","3.21%"
"07/12/2024","901.10","901.82","909.90","890.11","65.70K","-0.54%"
"07/11/2024","906.00","918.40","918.40","905.53","49.48K","-0.55%"
"07/10/2024","911.00","920.80","929.87","908.20","70.32K","-1.51%"
"07/09/2024","925.00","934.99","938.75","920.00","92.49K","-0.64%"
"07/08/2024","931.00","916.00","937.99","916.00","171.84K","0.98%"
"07/05/2024","921.99","931.00","931.00","912.00","124.81K","-0.22%"
"07/04/2024","924.00","912.99","939.00","912.00","383.35K","0.98%"
"07/03/2024","915.00","908.84","917.00","900.11","103.74K","1.55%"
"07/02/2024","901.00","900.00","909.88","900.00","194.17K","0.22%"
"07/01/2024","899.00","906.00","912.00","895.00","341.90K","-0.46%"
"06/28/2024","903.13","910.00","911.40","895.01","81.04K","0.01%"
"06/27/2024","903.00","902.99","914.50","900.00","111.11K","0.22%"
"06/26/2024","901.00","904.40","913.45","900.00","133.06K","-0.43%"
"06/25/2024","904.90","900.00","913.39","889.99","455.95K","0.88%"
"06/24/2024","897.00","905.51","917.41","897.00","130.45K","-2.29%"
"06/21/2024","918.00","957.93","957.94","914.95","247.40K","-3.39%"
"06/20/2024","950.20","950.15","966.00","950.00","165.35K","0.02%"
"06/14/2024","950.00","975.00","975.00","941.00","100.02K","-1.04%"
"06/13/2024","960.00","899.70","961.99","892.04","1.08M","7.50%"
"06/12/2024","893.00","901.99","906.90","888.00","251.02K","-0.55%"
"06/11/2024","897.90","909.97","914.00","890.00","268.85K","-0.34%"
"06/10/2024","901.00","921.00","921.01","899.00","298.51K","-1.64%"
"06/07/2024","916.02","914.99","917.75","893.00","221.78K","0.10%"
"06/06/2024","915.10","909.79","922.98","907.00","273.01K","0.67%"
"06/05/2024","909.00","912.88","917.00","905.00","245.45K","0.39%"
"06/04/2024","905.51","902.00","919.00","895.04","588.11K","0.50%"
"06/03/2024","901.00","901.99","909.00","885.00","262.56K","0.39%"
"05/31/2024","897.50","897.97","902.80","892.00","193.50K","-0.13%"
"05/30/2024","898.70","893.00","907.50","881.06","598.33K","1.66%"
"05/29/2024","884.03","890.00","893.00","881.16","235.91K","-0.56%"
"05/27/2024","889.00","891.80","898.00","887.00","109.21K","-0.11%"
"05/24/2024","890.00","873.00","901.00","871.79","241.44K","2.18%"
"05/23/2024","871.00","876.99","879.98","870.05","42.40K","-0.68%"
"05/22/2024","877.00","865.75","884.90","865.75","274.53K","-0.45%"
"05/21/2024","881.00","884.08","888.88","875.00","193.02K","-0.01%"
"05/20/2024","881.11","889.90","899.00","870.60","264.73K","-0.33%"
"05/17/2024","884.00","894.00","903.00","881.10","139.45K","-1.23%"
"05/16/2024","894.99","893.98","902.00","887.01","221.41K","0.11%"
"05/15/2024","894.00","880.00","913.00","880.00","443.99K","1.59%"
"05/14/2024","880.00","870.00","882.00","869.00","311.75K","1.70%"
"05/13/2024","865.25","864.00","887.00","860.00","445.01K","0.37%"
"05/10/2024","862.05","844.00","874.00","841.00","560.99K","2.62%"
"05/09/2024","840.01","848.00","848.00","830.30","263.20K","-0.81%"
"05/08/2024","846.89","857.99","858.79","840.21","54.44K","-0.37%"
"05/07/2024","850.00","860.00","870.00","850.00","182.51K","-0.94%"
"05/06/2024","858.10","855.00","864.90","850.00","274.09K","1.43%"
"05/03/2024","846.00","839.79","852.00","837.01","256.69K","1.68%"
"05/02/2024","832.05","838.10","855.00","832.05","447.57K","-0.47%"
"04/30/2024","836.00","839.99","858.00","834.50","252.68K","-1.42%"
"04/29/2024","848.00","867.50","870.70","842.00","128.10K","-1.40%"
"04/26/2024","860.00","847.49","866.00","841.00","221.78K","1.54%"
"04/25/2024","846.95","843.00","873.97","843.00","232.05K","-1.75%"
"04/24/2024","862.00","825.00","875.00","825.00","659.96K","4.30%"
"04/23/2024","826.50","806.00","834.90","806.00","383.43K","2.42%"
"04/22/2024","807.00","788.50","814.00","788.50","187.17K","2.54%"
"04/19/2024","787.00","797.00","797.00","787.00","53.96K","-0.63%"
"04/18/2024","792.00","805.77","805.77","786.15","146.72K","-1.12%"
"04/17/2024","801.00","800.03","809.00","797.30","134.74K","0.13%"
"04/16/2024","800.00","800.00","812.00","795.50","256.56K","0.25%"
"04/15/2024","798.02","789.55","804.00","788.85","138.49K","0.00%"
"04/09/2024","798.01","800.00","811.00","794.34","108.31K","-0.21%"
"04/08/2024","799.70","792.00","801.00","783.04","116.88K","1.10%"
"04/04/2024","791.00","801.30","804.99","786.50","110.91K","-1.00%"
"04/03/2024","799.00","762.00","799.95","757.01","316.38K","4.99%"
"04/02/2024","761.00","759.99","764.70","751.52","62.74K","0.66%"
"04/01/2024","756.00","756.10","772.00","753.32","74.04K","-1.18%"
"03/29/2024","765.00","770.00","778.98","760.01","54.35K","-0.65%"
"03/28/2024","770.00","761.00","772.10","761.00","89.01K","1.12%"
"03/27/2024","761.50","752.05","763.00","752.05","55.44K","1.46%"
"03/26/2024","750.51","749.40","754.00","743.00","46.84K","0.74%"
"03/25/2024","744.98","752.99","752.99","735.15","119.93K","-0.01%"
"03/22/2024","745.04","756.90","761.99","745.04","47.87K","-0.66%"
"03/21/2024","749.99","767.00","767.19","745.02","272.99K","-1.32%"
"03/20/2024","760.01","769.00","769.77","757.86","47.46K","-0.13%"
"03/19/2024","761.00","768.88","768.88","759.07","104.88K","0.11%"
"03/18/2024","760.20","774.74","778.89","757.86","83.48K","-1.74%"
"03/15/2024","773.67","769.00","779.85","761.01","358.25K","0.78%"
"03/14/2024","767.70","710.53","769.00","710.53","165.58K","1.55%"
"03/13/2024","756.00","763.99","763.99","753.00","93.10K","0.00%"
"03/12/2024","756.03","768.99","768.99","755.00","143.12K","-0.80%"
"03/11/2024","762.15","764.00","774.00","756.01","388.91K","0.32%"
"03/08/2024","759.75","752.89","769.00","752.00","93.20K","1.15%"
"03/07/2024","751.10","764.88","764.88","748.02","204.93K","-1.04%"
"03/06/2024","759.00","765.00","768.00","757.06","100.09K","-0.65%"
"03/05/2024","764.00","768.00","772.00","756.02","167.62K","0.01%"
"03/04/2024","763.93","756.00","764.99","748.72","181.40K","1.59%"
"03/01/2024","752.00","755.00","758.00","744.02","170.59K","0.38%"
"02/29/2024","749.15","755.00","780.00","749.00","268.47K","-1.71%"
"02/28/2024","762.20","733.00","769.87","733.00","288.58K","3.56%"
"02/27/2024","736.00","733.00","743.50","730.00","224.23K","0.03%"
"02/26/2024","735.78","729.00","760.00","729.00","352.44K","-0.70%"
"02/23/2024","741.00","720.00","741.00","710.00","413.45K","3.64%"
"02/22/2024","715.00","730.00","730.00","714.00","152.49K","-1.79%"
"02/21/2024","728.00","705.01","728.00","705.01","182.51K","4.30%"
"02/20/2024","698.00","713.00","716.95","697.01","129.39K","-2.04%"
"02/19/2024","712.50","704.00","718.00","693.80","139.86K","1.36%"
"02/16/2024","702.95","725.00","725.00","700.03","183.66K","-2.52%"
"02/15/2024","721.15","738.00","738.87","720.01","142.38K","-1.75%"
"02/14/2024","733.97","729.00","741.98","727.66","123.08K","1.10%"
"02/13/2024","725.99","710.50","727.90","698.00","499.12K","0.27%"
"02/12/2024","724.00","745.00","746.49","710.35","317.64K","-3.47%"
"02/09/2024","749.99","746.10","754.00","720.00","310.68K","-1.05%"
"02/07/2024","757.98","754.94","758.00","750.00","155.92K","0.93%"
"02/06/2024","751.00","743.10","751.00","741.50","213.47K","1.35%"
"02/02/2024","740.98","734.00","746.00","723.00","251.07K","2.20%"
"02/01/2024","725.01","741.00","746.67","717.00","341.66K","-1.62%"
"01/31/2024","736.95","734.00","767.00","726.00","125.80K","0.54%"
"01/30/2024","733.00","744.98","745.00","730.10","283.67K","-1.07%"
"01/29/2024","740.90","743.79","748.00","739.07","340.47K","-0.42%"
"01/26/2024","744.00","752.10","760.89","741.00","334.71K","-0.80%"
"01/25/2024","750.00","752.20","761.98","747.00","244.88K","0.00%"
"01/24/2024","750.01","742.90","764.85","740.02","405.72K","1.33%"
"01/23/2024","740.16","753.00","753.00","737.05","422.23K","-1.71%"
"01/22/2024","753.00","756.99","756.99","745.50","56.21K","0.01%"
"01/19/2024","752.90","757.00","760.00","745.00","113.38K","0.21%"
"01/18/2024","751.29","769.40","769.40","745.00","165.51K","-2.17%"
"01/17/2024","767.99","775.00","778.86","760.00","146.83K","-0.65%"
"01/16/2024","773.00","780.00","784.00","770.01","122.91K","-0.55%"
"01/15/2024","777.30","793.00","795.11","777.30","277.80K","-1.48%"
"01/12/2024","789.00","790.00","804.90","784.00","578.03K","0.00%"
"01/11/2024","789.00","781.00","796.00","781.00","271.79K","1.28%"
"01/10/2024","779.05","789.80","791.47","777.00","124.08K","-0.41%"
"01/09/2024","782.25","792.00","796.00","782.00","84.69K","-0.35%"
"01/08/2024","785.00","786.00","794.00","784.98","241.39K","-0.76%"
"01/05/2024","791.00","797.00","800.00","786.50","135.39K","-0.25%"
"01/04/2024","793.00","806.50","806.94","788.50","464.84K","-1.00%"
"01/03/2024","801.01","802.00","811.87","794.00","454.60K","-0.12%"
"01/02/2024","802.00","812.99","817.97","795.13","367.89K","-1.23%"
"01/01/2024","812.00","790.11","813.00","790.11","336.71K","2.78%"
"12/29/2023","790.00","785.00","791.90","773.01","299.46K","0.89%"
"12/28/2023","783.00","763.00","797.88","758.90","548.04K","2.62%"
"12/27/2023","762.99","738.02","764.00","731.50","362.55K","3.11%"
"12/26/2023","740.00","764.00","784.00","730.00","337.22K","-3.27%"
"12/22/2023","765.00","776.00","777.00","761.10","86.34K","-1.03%"
"12/21/2023","773.00","771.00","777.00","752.00","352.83K","0.13%"
"12/20/2023","772.00","789.99","789.99","748.05","494.42K","-1.06%"
"12/19/2023","780.31","797.00","798.01","779.99","408.10K","-1.97%"
"12/18/2023","796.03","815.00","816.89","795.15","334.80K","-1.79%"
"12/15/2023","810.50","805.01","822.95","803.13","408.50K","-0.33%"
"12/14/2023","813.15","810.00","815.02","797.00","201.79K","0.87%"
"12/13/2023","806.10","812.00","824.97","801.00","565.50K","-0.48%"
"12/12/2023","810.00","787.00","810.00","786.10","521.52K","2.66%"
"12/11/2023","789.00","797.90","797.90","784.00","392.03K","-0.77%"
"12/08/2023","795.10","800.00","800.10","792.00","433.52K","-0.86%"
"12/07/2023","802.00","813.00","816.90","791.15","487.63K","-0.76%"
"12/06/2023","808.11","805.00","815.00","804.80","397.79K","0.51%"
"12/05/2023","804.00","815.00","815.00","797.40","685.81K","-1.35%"
"12/04/2023","815.00","821.00","830.00","800.00","901.77K","-0.73%"
"12/01/2023","821.00","790.00","821.00","778.00","1.09M","4.06%"
"11/30/2023","789.00","760.00","790.00","760.00","1.70M","4.09%"
"11/29/2023","758.00","770.00","795.00","746.01","1.01M","-1.81%"
"11/28/2023","772.00","731.05","774.00","731.05","1.21M","5.54%"
"11/27/2023","731.50","715.10","735.00","715.10","787.14K","1.81%"
"11/24/2023","718.50","728.10","731.98","716.00","616.22K","-1.28%"
"11/23/2023","727.85","718.40","732.00","718.40","740.31K","1.51%"
"11/22/2023","717.00","695.00","721.00","680.02","622.94K","4.06%"
"11/21/2023","689.00","684.00","700.00","677.10","287.56K","1.49%"
"11/20/2023","678.90","697.00","704.00","678.00","198.78K","-2.74%"
"11/17/2023","698.00","721.98","721.98","696.17","1.49M","-2.65%"
"11/16/2023","717.00","724.00","729.49","715.00","1.15M","-0.42%"
"11/15/2023","720.00","733.00","735.00","718.00","322.90K","-1.37%"
"11/14/2023","730.00","740.00","742.50","727.50","676.73K","-1.55%"
"11/13/2023","741.50","724.90","742.50","718.14","3.36M","2.99%"
"11/10/2023","720.00","715.00","726.89","715.00","471.52K","0.14%"
"11/08/2023","719.00","722.00","730.00","713.00","963.44K","0.14%"
"11/07/2023","718.00","697.00","721.30","697.00","2.46M","3.31%"
"11/06/2023","695.00","670.00","697.50","665.52","2.02M","4.43%"
"11/03/2023","665.50","662.00","675.70","661.00","571.90K","1.14%"
"11/02/2023","658.00","638.49","660.40","638.49","1.10M","3.14%"
"11/01/2023","637.99","636.00","639.10","627.00","144.42K","0.47%"
"10/31/2023","635.00","634.70","636.10","622.00","282.88K","0.40%"
"10/30/2023","632.50","616.51","635.50","616.51","834.18K","3.35%"
"10/27/2023","612.00","609.00","613.90","607.00","165.11K","0.33%"
"10/26/2023","609.98","609.90","613.20","607.02","133.76K","0.62%"
"10/25/2023","606.25","607.00","615.10","604.10","231.06K","-0.61%"
"10/24/2023","609.95","604.50","609.95","601.20","179.87K","0.32%"
"10/23/2023","608.00","607.99","609.75","604.01","325.15K","0.45%"
"10/20/2023","605.26","596.25","609.98","596.25","501.84K","1.10%"
"10/19/2023","598.70","599.00","599.89","585.00","140.61K","0.45%"
"10/18/2023","596.00","590.00","597.90","590.00","584.17K","0.66%"
"10/17/2023","592.12","587.75","595.00","585.00","355.34K","1.17%"
"10/16/2023","585.26","592.45","596.25","585.26","147.81K","-1.14%"
"10/13/2023","592.00","585.10","594.00","583.26","230.27K","1.11%"
"10/12/2023","585.50","581.00","590.24","580.60","252.44K","0.90%"
"10/11/2023","580.25","582.99","583.00","578.00","94.31K","-0.32%"
"10/10/2023","582.10","583.00","589.00","580.20","127.86K","0.36%"
"10/09/2023","580.00","581.90","581.90","571.10","152.82K","-0.17%"
"10/06/2023","581.00","583.99","583.99","576.60","74.34K","-0.17%"
"10/05/2023","582.00","570.98","585.97","570.98","543.55K","2.11%"
"10/04/2023","570.00","566.00","571.40","565.25","131.82K","0.18%"
"10/03/2023","569.00","565.05","569.98","564.14","107.31K","0.44%"
"10/02/2023","566.50","566.00","566.98","561.50","355.78K","0.60%"
"09/28/2023","563.10","564.86","566.80","560.00","289.92K","0.51%"
"09/27/2023","560.25","561.90","565.00","554.10","264.55K","0.22%"
"09/26/2023","559.00","556.37","561.25","552.00","96.70K","0.72%"
"09/25/2023","555.00","549.00","557.99","546.01","185.22K","0.91%"
"09/22/2023","550.00","562.00","562.00","549.20","182.25K","-1.50%"
"09/21/2023","558.40","537.68","559.00","535.05","480.61K","4.18%"
"09/20/2023","536.00","539.74","539.94","535.00","38.22K","-0.18%"
"09/19/2023","536.96","543.69","543.69","535.00","42.24K","-0.38%"
"09/18/2023","539.01","542.00","544.80","536.10","65.19K","-0.82%"
"09/15/2023","543.45","537.90","548.00","536.00","472.62K","3.32%"
"09/14/2023","526.00","520.55","534.00","520.55","69.16K","-3.49%"
"09/13/2023","545.00","532.01","547.89","532.01","861.49K","2.73%"
"09/12/2023","530.50","544.00","544.00","530.60","178.91K","-2.12%"
"09/11/2023","542.00","545.00","546.94","539.22","92.73K","-0.18%"
"09/08/2023","542.99","540.00","547.40","535.10","101.04K","0.85%"
"09/07/2023","538.40","553.50","557.87","537.00","396.37K","-2.82%"
"09/06/2023","554.00","555.38","558.00","551.11","202.44K","-0.45%"
"09/05/2023","556.50","563.24","568.30","553.50","170.41K","-0.63%"
"09/04/2023","560.00","559.90","563.00","556.00","92.75K","0.72%"
"09/01/2023","556.00","555.00","558.00","545.52","103.92K","0.00%"
"08/31/2023","556.01","581.00","581.00","551.01","584.53K","-4.30%"
"08/30/2023","581.02","587.94","587.94","579.00","717.03K","-0.68%"
"08/29/2023","585.01","591.49","591.49","582.90","519.74K","-0.60%"
"08/28/2023","588.53","592.21","599.87","588.01","184.50K","-2.03%"
"08/25/2023","600.75","603.99","603.99","598.11","246.22K","-0.36%"
"08/24/2023","602.90","602.98","604.40","600.01","98.55K","0.31%"
"08/23/2023","601.01","602.62","606.00","599.00","1.09M","-0.33%"
"08/22/2023","603.00","607.90","608.85","601.50","266.04K","-0.42%"
"08/21/2023","605.53","615.00","616.95","605.25","1.27M","-1.30%"
"08/18/2023","613.51","623.40","626.98","613.25","242.18K","-1.53%"
"08/17/2023","623.02","621.05","628.00","619.01","189.03K","-0.71%"
"08/16/2023","627.50","622.00","630.42","620.00","375.04K","1.05%"
"08/15/2023","621.00","616.98","626.48","612.75","568.72K","0.81%"
"08/11/2023","616.00","614.53","621.00","611.21","432.89K","0.90%"
"08/10/2023","610.50","608.00","618.39","605.00","325.89K","0.41%"
"08/09/2023","607.99","602.00","609.40","602.00","355.82K","0.99%"
"08/08/2023","602.01","615.50","622.40","602.00","688.32K","-0.68%"
"08/07/2023","606.11","604.80","609.50","600.00","368.18K","0.50%"
"08/04/2023","603.12","600.02","608.99","600.00","397.12K","0.86%"
"08/03/2023","598.00","594.50","603.00","593.01","1.44M","0.83%"
"08/02/2023","593.10","591.00","594.90","585.51","550.23K","0.19%"
"08/01/2023","592.00","599.49","602.00","591.99","226.48K","0.42%"
"07/31/2023","589.50","584.00","594.10","584.00","425.78K","0.26%"
"07/27/2023","588.00","582.00","588.70","582.00","363.64K","0.56%"
"07/26/2023","584.70","583.02","585.99","583.00","563.43K","0.12%"
"07/25/2023","583.99","583.01","585.09","581.10","190.99K","0.08%"
"07/24/2023","583.50","585.00","585.50","578.00","349.53K","-0.09%"
"07/21/2023","584.00","584.50","585.00","581.13","597.69K","0.02%"
"07/20/2023","583.88","582.20","588.00","581.31","268.56K","0.32%"
"07/19/2023","582.00","582.40","582.40","579.00","685.89K","0.15%"
"07/18/2023","581.10","582.98","585.55","578.20","505.09K","0.17%"
"07/17/2023","580.10","579.00","584.00","578.10","357.19K","0.02%"
"07/14/2023","580.00","581.00","588.00","575.11","269.91K","-0.26%"
"07/13/2023","581.50","578.00","589.00","573.00","948.75K","0.19%"
"07/12/2023","580.40","572.00","580.99","568.00","1.07M","2.00%"
"07/11/2023","569.00","563.80","573.00","560.50","1.22M","2.14%"
"07/10/2023","557.10","557.00","564.98","554.99","395.49K","0.20%"
"07/07/2023","556.00","559.95","560.50","553.60","309.99K","-0.71%"
"07/06/2023","559.99","542.00","560.00","542.00","1.06M","3.13%"
"07/05/2023","543.00","550.00","553.00","537.00","395.84K","-0.64%"
"07/04/2023","546.50","560.96","562.00","545.60","675.89K","-2.63%"
"07/03/2023","561.25","561.25","561.25","550.50","859.87K","7.62%"
"06/27/2023","521.50","524.00","526.75","519.00","650.58K","-1.20%"
"06/26/2023","527.84","515.00","531.38","515.00","680.32K","2.69%"
"06/23/2023","514.00","514.80","515.00","509.70","367.90K","0.17%"
"06/22/2023","513.15","514.99","515.99","509.70","419.28K","0.22%"
"06/21/2023","512.00","513.99","516.40","512.00","948.59K","0.00%"
"06/20/2023","512.00","512.00","515.49","511.75","272.02K","-0.19%"
"06/19/2023","513.00","514.00","517.00","510.50","722.74K","0.54%"
"06/16/2023","510.25","515.97","518.00","510.10","391.57K","1.04%"
"06/15/2023","505.00","511.00","520.00","501.90","1.05M","-1.32%"
"06/14/2023","511.75","513.90","518.70","509.30","314.14K","0.23%"
"06/13/2023","510.60","528.89","532.00","510.06","782.21K","-4.02%"
"06/12/2023","532.00","509.88","538.60","507.00","1.41M","4.11%"
"06/09/2023","511.00","507.99","511.00","502.00","253.50K","0.89%"
"06/08/2023","506.51","515.00","518.00","506.01","251.79K","-1.36%"
"06/07/2023","513.50","514.98","516.60","513.00","184.83K","-0.39%"
"06/06/2023","515.49","510.99","520.00","510.11","348.20K","0.88%"
"06/05/2023","510.98","517.90","517.90","507.90","256.17K","-0.78%"
"06/02/2023","515.02","516.99","521.67","514.00","397.32K","-0.19%"
"06/01/2023","516.00","515.00","524.49","511.01","674.56K","0.00%"
"05/31/2023","516.00","537.25","539.00","513.00","1.23M","-3.91%"
"05/30/2023","537.02","516.00","541.00","513.90","1.65M","4.80%"
"05/29/2023","512.43","513.00","524.24","510.50","1.42M","-0.11%"
"05/26/2023","512.98","484.96","513.70","481.01","1.64M","6.54%"
"05/25/2023","481.49","470.95","482.30","470.00","779.71K","2.77%"
"05/24/2023","468.50","471.00","472.95","467.50","164.00K","-0.22%"
"05/23/2023","469.55","471.00","474.50","469.00","172.52K","-0.67%"
"05/22/2023","472.70","472.00","473.69","468.00","166.48K","-0.13%"
"05/19/2023","473.32","469.00","474.74","462.00","245.24K","0.81%"
"05/18/2023","469.50","467.00","473.02","467.00","233.49K","0.71%"
"05/17/2023","466.20","469.00","469.90","461.05","176.81K","0.26%"
"05/16/2023","465.00","472.75","474.35","467.00","381.58K","-0.62%"
"05/15/2023","467.88","466.00","468.00","461.00","235.19K","0.64%"
"05/12/2023","464.90","460.00","467.97","454.60","704.00K","1.29%"
"05/11/2023","459.00","449.00","459.00","444.35","573.90K","3.38%"
"05/10/2023","444.00","442.00","453.79","432.10","600.79K","0.34%"
"05/09/2023","442.50","447.00","453.40","440.25","764.93K","-0.79%"
"05/08/2023","446.03","455.30","457.98","446.00","296.96K","-2.02%"
"05/05/2023","455.23","458.59","458.59","450.03","319.49K","-0.33%"
"05/04/2023","456.75","458.49","464.89","455.11","588.71K","-0.73%"
"05/03/2023","460.10","445.05","463.59","445.00","2.45M","6.69%"
"05/02/2023","431.25","416.00","431.25","416.00","769.27K","7.28%"
"04/28/2023","401.99","403.00","405.00","398.32","120.00K","-0.25%"
"04/27/2023","403.00","398.00","403.99","395.99","199.55K","2.03%"
"04/26/2023","395.00","403.00","407.00","395.00","168.96K","-1.52%"
"04/20/2023","401.10","394.99","402.00","393.00","210.00K","1.54%"
"04/19/2023","395.00","392.97","397.99","392.89","37.40K","0.64%"
"04/18/2023","392.50","396.95","399.90","392.50","101.03K","-0.97%"
"04/17/2023","396.35","405.08","405.08","396.00","57.50K","-1.43%"
"04/13/2023","402.11","401.11","403.97","398.37","60.56K","0.51%"
"04/12/2023","400.05","402.99","403.00","395.00","89.37K","0.29%"
"04/11/2023","398.90","400.00","400.00","396.10","25.66K","-0.03%"
"04/10/2023","399.01","406.99","406.99","391.00","85.55K","-1.24%"
"04/07/2023","404.00","415.00","415.00","401.00","53.12K","-1.27%"
"04/06/2023","409.20","402.91","409.90","402.90","92.12K","1.65%"
"04/05/2023","402.55","404.90","404.94","401.02","44.63K","-0.53%"
"04/04/2023","404.68","401.00","404.97","396.11","75.94K","1.17%"
"04/03/2023","400.00","404.00","404.00","399.10","34.95K","-1.23%"
"03/31/2023","405.00","399.99","406.88","395.00","927.56K","1.63%"
"03/30/2023","398.50","400.00","400.00","396.00","82.49K","0.65%"
"03/29/2023","395.91","402.00","404.49","395.00","132.67K","-1.15%"
"03/28/2023","400.50","410.00","410.00","399.10","188.40K","-0.65%"
"03/27/2023","403.12","407.90","407.90","390.11","50.23K","0.40%"
"03/24/2023","401.53","408.00","408.00","400.80","93.93K","-0.88%"
"03/22/2023","405.10","415.00","415.00","405.00","123.45K","-2.15%"
"03/21/2023","413.99","419.40","419.40","412.52","57.90K","-0.48%"
"03/20/2023","416.00","421.95","422.00","415.00","40.59K","-0.96%"
"03/17/2023","420.02","426.95","426.95","419.12","784.20K","-0.97%"
"03/16/2023","424.14","426.00","432.89","424.14","481.21K","-0.08%"
"03/15/2023","424.50","416.88","431.90","412.00","1.23M","2.39%"
"03/14/2023","414.60","423.00","423.00","414.60","203.18K","-1.97%"
"03/13/2023","422.95","422.90","425.00","421.19","387.65K","0.65%"
"03/10/2023","420.22","422.50","423.88","418.10","323.84K","-0.18%"
"03/09/2023","420.97","418.00","422.35","415.26","583.73K","1.19%"
"03/08/2023","416.00","417.78","418.90","415.00","355.04K","0.59%"
"03/07/2023","413.55","413.54","417.50","402.01","271.14K","0.85%"
"03/06/2023","410.05","406.90","411.00","404.75","225.79K","1.31%"
"03/03/2023","404.74","392.00","406.50","390.11","324.47K","2.33%"
"03/02/2023","395.52","401.01","411.50","395.11","368.24K","-2.82%"
"03/01/2023","407.00","413.50","413.50","407.00","682.58K","-1.57%"
"02/28/2023","413.50","414.00","417.88","409.50","446.10K","0.80%"
"02/27/2023","410.21","415.00","418.00","410.11","719.76K","-1.33%"
"02/24/2023","415.76","416.80","419.90","406.00","393.22K","0.42%"
"02/23/2023","414.02","414.00","415.89","408.44","859.99K","-0.06%"
"02/22/2023","414.25","415.00","417.00","412.00","570.18K","0.01%"
"02/21/2023","414.20","414.77","414.77","407.00","82.52K","1.02%"
"02/20/2023","410.00","408.00","410.87","403.51","194.41K","-0.36%"
"02/17/2023","411.50","406.12","413.50","406.00","60.05K","0.24%"
"02/16/2023","410.50","413.00","419.97","409.00","448.34K","-1.08%"
"02/15/2023","415.00","417.69","419.00","405.51","357.70K","0.61%"
"02/14/2023","412.49","415.97","417.00","407.60","300.43K","-0.84%"
"02/13/2023","416.00","410.00","420.00","410.00","158.14K","0.43%"
"02/10/2023","414.21","430.00","430.00","413.12","1.15M","-4.01%"
"02/09/2023","431.50","423.00","434.00","423.00","1.16M","2.25%"
"02/08/2023","422.00","422.79","423.65","416.30","276.40K","0.89%"
"02/07/2023","418.26","424.90","431.90","416.60","354.07K","-1.35%"
"02/06/2023","424.00","418.00","426.90","412.00","355.69K","2.66%"
"02/03/2023","413.00","411.89","418.80","411.89","124.30K","-0.96%"
"02/02/2023","417.00","407.50","418.50","402.04","508.31K","2.82%"
"02/01/2023","405.55","412.89","412.89","402.53","181.76K","-0.84%"
"01/31/2023","409.00","396.98","409.90","395.15","550.03K","3.28%"
"01/30/2023","396.00","399.99","404.84","394.00","132.55K","-0.49%"
"01/27/2023","397.93","405.00","406.50","396.00","164.85K","-1.26%"
"01/26/2023","403.00","399.00","412.00","396.00","1.25M","1.38%"
"01/25/2023","397.50","395.50","404.00","394.00","414.05K","0.88%"
"01/24/2023","394.03","391.80","397.01","375.55","345.28K","0.52%"
"01/23/2023","391.98","377.00","391.98","377.00","79.98K","1.68%"
"01/20/2023","385.50","398.67","398.67","380.70","265.88K","-1.66%"
"01/19/2023","392.00","400.50","404.00","390.10","196.91K","-2.00%"
"01/18/2023","400.00","390.00","401.00","386.01","264.06K","2.56%"
"01/17/2023","390.00","425.00","425.00","390.00","1.27M","-7.31%"
"01/16/2023","420.75","427.00","429.00","419.50","81.71K","-1.74%"
"01/13/2023","428.18","431.01","436.79","427.00","137.11K","-1.79%"
"01/12/2023","436.00","433.00","447.00","431.00","343.43K","0.53%"
"01/11/2023","433.68","437.00","439.98","432.03","443.76K","-0.68%"
"01/10/2023","436.65","426.90","439.25","426.90","594.84K","2.75%"
"01/09/2023","424.95","432.00","433.90","422.00","478.91K","-1.88%"
"01/06/2023","433.11","430.00","438.00","428.00","241.50K","0.73%"
"01/05/2023","429.98","431.50","436.50","429.00","138.47K","-0.70%"
"01/04/2023","433.00","434.90","436.00","428.01","379.68K","0.12%"
"01/03/2023","432.50","440.00","440.00","430.00","189.27K","-1.70%"
"01/02/2023","440.00","447.75","448.48","437.00","73.57K","-1.35%"
"12/30/2022","446.00","454.00","454.00","442.01","47.93K","-0.46%"
"12/29/2022","448.05","434.90","450.00","428.12","489.38K","3.74%"
"12/28/2022","431.90","435.99","435.99","427.00","322.46K","-0.48%"
"12/27/2022","434.00","437.98","438.00","432.20","113.32K","0.00%"
"12/26/2022","434.01","439.79","453.00","421.55","157.42K","0.95%"
"12/23/2022","429.93","440.01","440.01","425.01","200.23K","-1.62%"
"12/22/2022","437.00","435.00","442.99","430.01","218.02K","1.84%"
"12/21/2022","429.11","424.00","433.49","415.05","435.09K","1.21%"
"12/20/2022","424.00","445.88","450.00","408.66","490.61K","-4.07%"
"12/19/2022","442.00","449.44","450.98","441.01","66.26K","-1.89%"
"12/16/2022","450.52","454.80","454.90","445.11","295.91K","-0.10%"
"12/15/2022","450.95","454.98","455.90","447.00","425.42K","-0.45%"
"12/14/2022","453.00","454.99","455.00","451.50","192.68K","-0.03%"
"12/13/2022","453.15","451.01","456.94","451.01","179.89K","0.25%"
"12/12/2022","452.00","451.01","454.00","451.00","207.45K","-0.18%"
"12/09/2022","452.80","452.00","455.00","447.02","127.26K","0.18%"
"12/08/2022","452.00","446.00","455.00","446.00","245.33K","-0.06%"
"12/07/2022","452.25","445.01","454.98","443.00","301.49K","2.32%"
"12/06/2022","442.00","444.00","446.00","437.00","199.20K","0.00%"
"12/05/2022","442.00","459.90","461.00","439.00","309.11K","-3.46%"
"12/02/2022","457.84","472.00","472.00","456.20","278.96K","-2.19%"
"12/01/2022","468.11","476.90","476.90","467.51","136.91K","-1.03%"
"11/30/2022","473.00","467.89","475.00","462.90","684.04K","1.28%"
"11/29/2022","467.00","459.00","468.00","458.16","411.51K","1.52%"
"11/28/2022","460.00","471.00","471.00","455.50","771.42K","-4.91%"
"11/25/2022","483.75","492.00","492.00","482.67","168.46K","-0.47%"
"11/24/2022","486.01","487.15","491.00","485.01","255.36K","-0.20%"
"11/23/2022","487.00","489.00","489.90","486.00","50.25K","0.10%"
"11/22/2022","486.50","486.00","491.89","484.00","360.02K","0.49%"
"11/21/2022","484.11","484.00","488.50","483.30","132.35K","-0.80%"
"11/18/2022","488.00","489.93","489.93","485.00","193.13K","0.20%"
"11/17/2022","487.02","488.99","490.28","486.01","255.54K","0.19%"
"11/16/2022","486.12","489.88","489.88","482.99","80.74K","0.02%"
"11/15/2022","486.00","488.20","493.40","485.00","418.80K","-0.61%"
"11/14/2022","489.00","489.97","490.50","482.00","134.34K","-0.33%"
"11/11/2022","490.60","492.00","493.00","488.50","153.63K","0.11%"
"11/10/2022","490.06","491.90","493.70","488.00","467.30K","0.42%"
"11/08/2022","488.00","488.85","491.40","487.00","351.96K","1.00%"
"11/07/2022","483.15","484.00","489.00","483.00","98.71K","-0.11%"
"11/04/2022","483.70","485.10","487.99","482.00","246.24K","-1.27%"
"11/03/2022","489.91","489.00","494.75","488.50","351.22K","0.03%"
"11/02/2022","489.75","492.00","492.98","485.20","160.23K","-0.46%"
"11/01/2022","492.00","493.74","494.00","486.08","442.51K","1.24%"
"10/31/2022","485.99","488.00","488.00","481.00","121.32K","1.11%"
"10/28/2022","480.65","494.90","494.99","478.23","225.54K","-2.41%"
"10/27/2022","492.50","493.00","499.39","491.00","346.58K","-1.01%"
"10/26/2022","497.50","503.25","506.92","494.50","377.35K","-1.68%"
"10/25/2022","506.00","513.50","513.50","506.00","212.60K","-1.07%"
"10/24/2022","511.49","518.00","518.00","510.51","383.18K","-0.27%"
"10/21/2022","512.90","513.99","514.90","508.10","186.63K","0.18%"
"10/20/2022","512.00","516.00","516.00","512.00","241.14K","-0.39%"
"10/19/2022","514.00","513.00","515.90","510.50","367.21K","0.88%"
"10/18/2022","509.50","511.52","515.49","506.99","411.64K","-0.20%"
"10/17/2022","510.50","514.89","514.90","509.70","393.80K","-0.29%"
"10/14/2022","512.00","516.99","516.99","511.01","206.76K","-0.20%"
"10/13/2022","513.02","514.01","517.09","510.90","186.57K","0.00%"
"10/12/2022","513.04","515.50","520.00","512.00","363.24K","-0.19%"
"10/11/2022","514.00","516.00","517.10","510.20","333.88K","-0.39%"
"10/10/2022","516.00","514.00","517.50","510.50","508.38K","0.81%"
"10/07/2022","511.86","510.90","520.90","510.15","823.97K","-0.13%"
"10/06/2022","512.51","519.98","523.00","512.13","661.34K","-0.94%"
"10/05/2022","517.36","510.00","518.89","507.80","1.33M","2.11%"
"10/04/2022","506.65","496.20","511.00","495.33","1.61M","2.77%"
"10/03/2022","493.00","498.89","498.89","492.05","170.26K","-0.72%"
"09/30/2022","496.56","501.00","507.90","491.11","836.93K","-1.38%"
"09/29/2022","503.50","497.79","505.99","492.00","996.34K","1.31%"
"09/28/2022","497.00","495.90","503.50","494.05","780.05K","0.61%"
"09/27/2022","494.00","490.00","498.65","486.00","1.11M","1.23%"
"09/26/2022","488.00","481.00","493.00","470.00","1.74M","1.74%"
"09/23/2022","479.65","493.90","494.05","477.05","338.71K","-1.56%"
"09/22/2022","487.25","480.00","489.74","473.05","512.54K","1.30%"
"09/21/2022","481.00","494.99","495.99","481.00","428.67K","-2.24%"
"09/20/2022","492.00","503.90","503.98","491.50","427.62K","-1.94%"
"09/19/2022","501.75","511.69","511.69","500.00","174.81K","-1.26%"
"09/16/2022","508.17","511.08","515.20","506.80","411.96K","-0.36%"
"09/15/2022","510.00","514.00","523.35","509.50","922.91K","-0.55%"
"09/14/2022","512.81","513.40","515.75","510.00","157.46K","-0.04%"
"09/13/2022","513.00","513.40","516.70","512.53","191.12K","0.00%"
"09/12/2022","513.00","516.00","518.99","510.00","155.57K","-0.30%"
"09/09/2022","514.54","516.00","520.00","513.50","346.28K","0.11%"
"09/08/2022","514.00","511.01","517.89","510.50","413.77K","1.18%"
"09/07/2022","507.99","519.90","520.00","507.02","137.41K","-0.78%"
"09/06/2022","511.99","516.00","516.00","509.00","201.54K","-0.31%"
"09/05/2022","513.60","519.95","524.50","513.60","485.02K","-1.37%"
"09/02/2022","520.74","522.00","526.45","518.00","391.58K","-0.48%"
"09/01/2022","523.25","518.98","529.51","516.72","1.14M","0.92%"
"08/31/2022","518.50","508.99","519.50","507.10","572.07K","1.87%"
"08/30/2022","509.00","518.90","521.50","507.00","1.03M","-0.59%"
"08/29/2022","512.00","517.00","517.00","497.21","1.30M","-1.31%"
"08/26/2022","518.78","540.00","540.00","517.01","2.10M","0.15%"
"08/25/2022","518.00","507.00","526.90","501.00","1.97M","1.97%"
"08/24/2022","508.00","522.00","527.00","507.00","1.02M","-1.93%"
"08/23/2022","518.00","497.00","521.87","495.99","2.19M","5.71%"
"08/22/2022","490.00","492.80","493.89","485.00","512.74K","-0.59%"
"08/19/2022","492.89","495.11","498.41","490.30","330.15K","-1.13%"
"08/18/2022","498.50","502.99","511.00","495.00","1.22M","-1.09%"
"08/17/2022","504.00","482.00","505.43","478.20","1.95M","5.22%"
"08/16/2022","479.01","475.00","489.45","473.25","2.56M","1.08%"
"08/15/2022","473.90","465.00","480.50","462.55","2.32M","2.29%"
"08/12/2022","463.30","464.00","465.00","460.00","504.50K","-0.25%"
"08/11/2022","464.45","462.00","467.67","459.00","572.77K","0.70%"
"08/10/2022","461.20","471.00","476.89","458.00","1.21M","-1.06%"
"08/05/2022","466.15","454.99","474.90","454.99","1.83M","2.46%"
"08/04/2022","454.95","442.10","454.95","442.10","794.59K","3.39%"
"08/03/2022","440.02","419.99","448.35","416.06","1.17M","5.52%"
"08/02/2022","417.00","413.80","421.00","409.12","254.72K","0.60%"
"08/01/2022","414.51","412.00","415.90","409.01","109.86K","0.63%"
"07/29/2022","411.93","418.00","418.00","410.03","187.84K","-0.98%"
"07/28/2022","416.00","417.97","423.90","415.00","509.04K","0.23%"
"07/27/2022","415.06","414.41","417.99","411.00","282.25K","0.02%"
"07/26/2022","414.99","416.99","421.88","409.00","358.29K","-0.72%"
"07/25/2022","417.99","415.00","417.99","411.51","150.71K","-0.23%"
"07/22/2022","418.96","425.99","427.00","407.31","560.46K","-0.72%"
"07/21/2022","422.01","430.00","430.95","422.00","223.97K","-1.74%"
"07/20/2022","429.50","430.89","433.50","425.00","226.00K","0.12%"
"07/19/2022","428.99","436.00","439.98","423.50","318.49K","-2.50%"
"07/18/2022","439.98","440.00","445.00","433.00","328.98K","-2.44%"
"07/15/2022","451.00","458.50","463.00","445.60","586.72K","-1.20%"
"07/14/2022","456.50","451.00","458.90","443.00","750.35K","2.13%"
"07/13/2022","447.00","434.99","447.00","430.11","484.10K","2.76%"
"07/07/2022","435.01","439.50","440.02","434.00","133.87K","-0.14%"
"07/06/2022","435.63","439.90","443.95","435.60","324.18K","-0.31%"
"07/05/2022","437.00","441.50","444.00","433.80","146.78K","-1.58%"
"07/04/2022","444.00","450.50","457.90","439.40","436.18K","-1.92%"
"07/01/2022","452.69","458.00","458.50","451.03","159.30K","-0.73%"
"06/30/2022","456.00","457.50","466.00","450.10","1.58M","0.66%"
"06/29/2022","453.00","452.91","464.99","449.01","899.48K","0.64%"
"06/28/2022","450.10","448.00","475.00","447.00","1.00M","1.15%"
"06/27/2022","445.00","437.99","450.00","436.00","621.74K","2.02%"
"06/24/2022","436.17","461.90","463.00","427.26","874.68K","-5.59%"
"06/23/2022","462.00","461.00","468.00","460.51","403.93K","0.65%"
"06/22/2022","459.00","467.00","469.00","457.55","579.78K","-1.29%"
"06/21/2022","464.99","454.00","467.00","451.11","907.65K","3.22%"
"06/20/2022","450.50","466.00","468.50","450.01","404.49K","-2.87%"
"06/17/2022","463.79","459.98","469.00","457.90","677.31K","1.05%"
"06/16/2022","458.98","450.02","459.50","448.05","452.04K","1.10%"
"06/15/2022","454.00","451.99","459.49","450.99","533.92K","1.57%"
"06/14/2022","447.00","447.50","451.60","443.00","441.66K","-0.28%"
"06/13/2022","448.27","466.10","466.10","444.00","716.62K","-4.05%"
"06/10/2022","467.18","468.80","473.00","462.00","420.22K","0.23%"
"06/09/2022","466.10","471.00","472.00","462.00","415.88K","0.45%"
"06/08/2022","464.00","445.01","476.00","440.52","1.18M","4.13%"
"06/07/2022","445.60","448.00","453.60","442.60","304.63K","-0.40%"
"06/06/2022","447.40","438.00","451.00","430.99","320.12K","2.57%"
"06/03/2022","436.17","449.00","453.00","434.00","401.89K","-3.29%"
"06/02/2022","451.00","468.00","468.00","450.00","501.79K","-2.70%"
"06/01/2022","463.50","474.96","474.96","463.00","269.69K","-2.01%"
"05/31/2022","473.00","494.00","494.00","469.00","319.60K","-2.87%"
"05/30/2022","487.00","488.00","496.88","485.01","129.32K","0.24%"
"05/27/2022","485.85","490.00","503.00","483.00","711.97K","0.98%"
"05/26/2022","481.15","467.40","485.10","462.00","393.39K","1.88%"
"05/25/2022","472.27","470.00","479.00","454.51","721.18K","1.07%"
"05/24/2022","467.25","479.25","483.00","467.01","538.13K","-1.84%"
"05/23/2022","476.00","500.01","500.01","476.00","806.61K","-5.33%"
"05/20/2022","502.79","505.70","505.99","497.10","151.70K","0.16%"
"05/19/2022","502.00","500.00","511.00","500.00","319.05K","-0.41%"
"05/18/2022","504.05","498.00","508.40","487.00","393.92K","1.83%"
"05/17/2022","495.00","504.99","505.00","493.00","371.17K","-1.02%"
"05/16/2022","500.10","512.10","523.33","495.00","470.41K","-4.44%"
"05/13/2022","523.33","510.40","526.00","508.01","347.76K","1.62%"
"05/12/2022","515.00","517.00","520.00","495.01","386.73K","0.58%"
"05/11/2022","512.01","517.95","517.95","485.60","858.96K","-0.87%"
"05/10/2022","516.50","523.00","523.00","511.50","407.95K","-0.36%"
"05/09/2022","518.39","560.00","560.00","518.39","749.73K","-7.50%"
"05/06/2022","560.42","566.77","566.77","558.00","172.19K","-0.90%"
"04/28/2022","565.50","570.00","574.00","558.01","375.95K","-0.88%"
"04/27/2022","570.50","578.50","584.00","569.88","147.72K","-1.62%"
"04/26/2022","579.90","587.99","588.00","577.00","162.54K","-0.91%"
"04/25/2022","585.20","590.01","602.00","583.20","248.22K","0.04%"
"04/22/2022","584.99","592.00","592.00","582.15","122.83K","-0.85%"
"04/21/2022","590.00","587.10","590.00","580.00","131.92K","-0.17%"
"04/20/2022","591.00","606.99","606.99","587.51","111.76K","-0.67%"
"04/19/2022","595.00","604.50","611.00","593.00","183.57K","-1.35%"
"04/18/2022","603.15","600.10","610.00","600.00","135.63K","-0.80%"
"04/15/2022","608.00","615.00","622.00","608.00","134.71K","-0.98%"
"04/14/2022","613.99","607.01","616.00","606.15","163.77K","0.49%"
"04/13/2022","611.00","622.00","623.00","609.00","255.44K","-2.08%"
"04/12/2022","624.00","625.00","630.00","618.00","410.93K","-0.48%"
"04/11/2022","627.00","619.99","634.00","614.01","1.33M","6.27%"
"04/08/2022","590.00","585.00","599.00","581.01","355.74K","1.90%"
"04/07/2022","579.00","587.70","588.00","566.12","615.20K","-1.03%"
"04/06/2022","585.01","590.00","597.00","582.00","437.82K","0.17%"
"04/05/2022","584.00","595.50","602.00","582.55","586.56K","-1.93%"
"04/04/2022","595.50","625.00","625.00","595.37","773.43K","-7.48%"
"04/01/2022","643.64","636.35","650.00","631.10","640.61K","1.15%"
"03/31/2022","636.35","627.00","639.00","627.00","237.49K","1.33%"
"03/30/2022","628.00","627.98","644.00","612.10","428.41K","0.16%"
"03/29/2022","627.00","623.85","635.00","620.00","293.82K","1.29%"
"03/28/2022","618.99","597.00","620.50","587.00","486.77K","3.57%"
"03/25/2022","597.67","585.00","599.99","583.00","237.37K","1.82%"
"03/24/2022","587.00","576.00","588.00","565.77","154.42K","2.80%"
"03/22/2022","571.00","577.58","579.99","570.01","138.96K","-0.87%"
"03/21/2022","576.00","574.00","582.89","565.00","189.40K","1.47%"
"03/18/2022","567.63","576.20","585.00","566.00","236.75K","-2.80%"
"03/17/2022","584.00","593.98","595.00","583.00","115.12K","-0.17%"
"03/16/2022","585.00","584.00","602.00","584.00","331.89K","0.34%"
"03/15/2022","583.00","573.75","584.40","573.50","110.84K","2.10%"
"03/14/2022","571.01","575.00","575.00","564.00","114.28K","-0.30%"
"03/11/2022","572.75","587.00","593.00","571.50","249.06K","-3.17%"
"03/10/2022","591.53","561.01","593.00","561.01","689.37K","7.36%"
"03/09/2022","551.00","559.99","573.00","545.50","834.11K","-2.82%"
"03/08/2022","567.00","573.90","579.98","559.00","343.54K","-1.05%"
"03/07/2022","573.00","615.61","615.61","573.00","1.00M","-7.47%"
"03/04/2022","619.27","619.99","626.40","617.00","124.67K","0.37%"
"03/03/2022","616.99","623.00","624.00","613.26","172.96K","-0.96%"
"03/02/2022","622.99","638.00","638.00","616.01","465.96K","-2.66%"
"03/01/2022","640.00","664.99","664.99","640.00","233.33K","-2.29%"
"02/28/2022","655.00","640.00","663.00","622.15","279.97K","3.15%"
"02/25/2022","634.98","645.00","646.00","630.00","256.63K","0.77%"
"02/24/2022","630.11","650.00","653.50","630.11","623.02K","-5.47%"
"02/23/2022","666.60","668.00","670.00","655.00","154.70K","0.54%"
"02/22/2022","663.00","675.70","675.70","650.00","217.89K","-1.21%"
"02/21/2022","671.10","685.70","685.70","670.50","39.62K","-1.55%"
"02/18/2022","681.68","680.90","683.95","675.60","35.63K","0.69%"
"02/17/2022","677.00","683.80","683.80","672.00","25.84K","0.15%"
"02/16/2022","676.00","686.80","686.80","675.01","156.35K","-0.15%"
"02/15/2022","677.00","675.10","686.90","675.10","44.76K","-0.44%"
"02/14/2022","679.99","689.98","697.88","678.00","216.34K","-1.31%"
"02/11/2022","689.00","688.99","694.00","682.10","151.65K","0.59%"
"02/10/2022","684.95","690.00","692.50","681.50","174.77K","-0.88%"
"02/09/2022","691.00","688.00","693.50","685.01","248.85K","1.02%"
"02/08/2022","684.01","688.00","689.00","681.33","169.93K","0.15%"
"02/07/2022","683.00","693.98","693.98","682.52","152.79K","-0.83%"
"02/04/2022","688.73","694.00","696.75","681.01","271.98K","0.14%"
"02/03/2022","687.80","699.00","704.75","681.01","333.20K","-0.75%"
"02/02/2022","693.00","684.00","695.00","684.00","257.07K","1.32%"
"02/01/2022","684.00","676.50","693.00","676.50","165.04K","0.44%"
"01/31/2022","681.00","685.00","690.00","681.00","129.66K","0.03%"
"01/28/2022","680.79","695.00","698.89","671.11","284.80K","-1.35%"
"01/27/2022","690.10","689.00","698.00","687.00","304.18K","0.14%"
"01/26/2022","689.11","689.75","695.00","676.50","162.32K","0.60%"
"01/25/2022","685.00","671.00","688.00","670.00","319.97K","3.15%"
"01/24/2022","664.10","674.85","674.85","661.10","63.82K","-0.29%"
"01/21/2022","666.00","658.00","674.00","658.00","91.26K","1.06%"
"01/20/2022","659.00","665.00","673.99","646.80","474.85K","0.46%"
"01/19/2022","656.00","682.00","682.00","655.00","168.14K","-2.96%"
"01/18/2022","676.00","678.01","689.89","672.55","146.84K","-0.88%"
"01/17/2022","682.00","671.75","684.90","667.00","43.98K","1.04%"
"01/14/2022","675.00","680.00","684.98","674.50","58.72K","-0.66%"
"01/13/2022","679.50","683.00","694.97","679.50","127.11K","-0.95%"
"01/12/2022","686.00","692.00","696.00","684.00","246.50K","-0.58%"
"01/11/2022","690.00","698.00","701.99","688.00","226.75K","-0.58%"
"01/10/2022","694.00","685.05","698.00","685.05","176.42K","0.79%"
"01/07/2022","688.59","690.00","696.00","677.02","205.52K","0.37%"
"01/06/2022","686.02","691.80","698.99","685.00","772.14K","-0.81%"
"01/05/2022","691.60","699.00","699.00","691.60","198.16K","-0.92%"
"01/04/2022","698.00","689.00","703.00","686.00","490.09K","1.34%"
"01/03/2022","688.79","680.00","690.50","679.99","157.08K","1.40%"
"12/31/2021","679.28","672.00","689.95","672.00","361.08K","0.19%"
"12/30/2021","678.00","685.99","696.00","671.15","812.89K","-0.15%"
"12/29/2021","679.00","676.25","684.00","674.29","246.87K","0.15%"
"12/28/2021","678.00","675.25","684.00","675.06","272.78K","-0.15%"
"12/27/2021","678.99","678.10","679.90","672.62","110.57K","0.09%"
"12/24/2021","678.35","686.00","686.90","676.00","134.56K","-0.28%"
"12/23/2021","680.26","686.00","694.99","680.26","291.01K","-0.72%"
"12/22/2021","685.20","694.00","697.00","678.50","235.26K","-1.34%"
"12/21/2021","694.50","694.00","704.90","686.00","404.70K","-0.07%"
"12/20/2021","694.97","674.58","701.00","666.01","678.08K","3.02%"
"12/17/2021","674.58","663.00","686.50","654.00","1.02M","2.05%"
"12/16/2021","661.00","683.00","683.00","661.00","749.29K","-3.36%"
"12/15/2021","684.00","672.00","688.44","665.00","1.38M","6.54%"
"12/14/2021","642.01","638.00","648.01","626.65","686.62K","1.90%"
"12/13/2021","630.01","639.99","648.00","624.00","522.44K","-0.63%"
"12/10/2021","633.99","632.00","637.69","608.55","785.16K","0.55%"
"12/09/2021","630.50","655.00","655.00","622.01","715.85K","-3.15%"
"12/08/2021","651.00","663.00","666.00","649.00","459.79K","-1.51%"
"12/07/2021","661.00","652.00","670.77","651.50","402.87K","1.53%"
"12/06/2021","651.02","654.75","658.00","641.00","286.36K","-0.23%"
"12/03/2021","652.50","654.00","675.00","634.00","1.52M","-3.27%"
"12/02/2021","674.56","715.00","715.00","674.56","2.99M","-7.37%"
"12/01/2021","728.20","725.10","735.75","713.10","2.23M","1.28%"
"11/30/2021","719.00","728.00","744.45","704.10","8.32M","-0.15%"
"11/29/2021","720.06","696.00","735.00","691.60","783.44K","2.72%"
"11/26/2021","701.00","681.00","709.00","671.00","953.39K","2.64%"
"11/25/2021","683.00","699.00","699.00","668.15","926.56K","-1.16%"
"11/24/2021","691.00","727.99","727.99","690.00","913.17K","-3.36%"
"11/23/2021","715.00","735.00","739.50","712.00","507.05K","-2.06%"
"11/22/2021","730.01","771.71","772.00","730.00","771.18K","-4.95%"
"11/19/2021","768.00","762.00","773.00","749.01","491.95K","1.32%"
"11/18/2021","758.00","740.00","760.00","732.00","699.15K","2.30%"
"11/17/2021","740.99","765.00","765.00","731.01","368.46K","-3.44%"
"11/16/2021","767.40","739.80","769.96","733.00","460.04K","4.41%"
"11/15/2021","735.00","748.99","748.99","726.11","206.39K","-0.74%"
"11/12/2021","740.46","765.99","765.99","736.50","220.80K","-2.18%"
"11/11/2021","757.00","766.99","768.99","753.00","128.19K","-1.11%"
"11/10/2021","765.50","771.00","774.84","758.00","411.96K","-0.65%"
"11/09/2021","770.50","768.00","775.00","748.00","1.14M","-0.06%"
"11/08/2021","771.00","773.99","776.25","762.00","591.59K","0.90%"
"11/05/2021","764.13","760.00","784.00","756.00","408.14K","0.41%"
"11/04/2021","761.00","763.50","773.00","757.00","634.67K","-1.17%"
"11/03/2021","770.01","775.00","784.00","766.13","476.50K","-0.96%"
"11/02/2021","777.50","803.00","810.80","776.61","367.92K","-1.33%"
"11/01/2021","788.00","809.99","818.44","787.00","991.90K","1.68%"
"10/29/2021","775.00","739.00","779.90","730.00","828.70K","5.54%"
"10/28/2021","734.32","720.00","738.00","720.00","750.32K","2.13%"
"10/27/2021","719.00","705.99","724.88","705.00","297.06K","3.01%"
"10/26/2021","698.00","699.99","700.00","695.00","239.53K","0.07%"
"10/25/2021","697.51","709.00","711.95","696.53","191.30K","-1.60%"
"10/22/2021","708.82","709.00","745.00","706.00","732.95K","0.29%"
"10/21/2021","706.80","707.99","719.99","700.00","307.47K","0.69%"
"10/20/2021","701.98","682.00","709.75","682.00","343.77K","3.08%"
"10/18/2021","681.00","674.80","687.00","670.00","202.07K","-0.29%"
"10/15/2021","683.00","662.10","685.00","662.10","352.70K","1.94%"
"10/14/2021","670.00","646.87","680.00","635.02","918.10K","4.69%"
"10/13/2021","640.00","651.00","659.00","638.55","164.53K","-2.14%"
"10/12/2021","654.00","643.01","670.00","637.00","1.24M","-0.15%"
"10/11/2021","655.00","660.00","664.90","643.05","882.53K","-0.83%"
"10/08/2021","660.48","669.00","673.50","653.00","578.61K","-1.71%"
"10/07/2021","671.99","690.01","697.90","665.00","924.08K","0.26%"
"10/06/2021","670.25","679.00","679.90","665.60","266.70K","-1.68%"
"10/05/2021","681.73","707.00","707.00","675.10","1.12M","-3.43%"
"10/04/2021","705.95","709.00","719.00","696.00","200.90K","-0.85%"
"10/01/2021","712.00","727.90","748.47","710.00","160.75K","-1.26%"
"09/30/2021","721.10","710.62","730.00","692.50","492.63K","1.15%"
"09/29/2021","712.89","725.00","725.00","696.05","402.67K","-1.81%"
"09/28/2021","726.00","715.00","745.00","713.05","470.50K","0.83%"
"09/27/2021","720.00","727.00","734.90","714.02","192.95K","-0.41%"
"09/24/2021","723.00","730.00","732.99","717.00","238.84K","-0.67%"
"09/23/2021","727.90","730.00","752.49","725.00","399.58K","0.96%"
"09/22/2021","721.01","737.00","737.99","708.15","626.79K","-0.96%"
"09/21/2021","728.00","748.99","748.99","726.15","268.20K","-1.62%"
"09/20/2021","740.00","738.00","748.00","725.26","368.03K","0.44%"
"09/17/2021","736.73","760.00","768.95","730.00","434.00K","-2.68%"
"09/16/2021","757.00","760.98","760.98","748.00","287.09K","-0.85%"
"09/15/2021","763.50","766.89","766.89","756.00","61.20K","-0.59%"
"09/14/2021","768.01","787.01","787.50","758.00","155.51K","-1.60%"
"09/13/2021","780.50","789.97","789.97","780.00","82.51K","-0.63%"
"09/10/2021","785.42","762.00","796.00","758.27","451.08K","3.75%"
"09/09/2021","757.00","770.00","789.99","756.15","577.34K","-2.20%"
"09/08/2021","774.00","800.11","819.00","771.21","848.45K","-4.09%"
"09/07/2021","807.00","819.90","819.90","804.00","334.35K","-0.99%"
"09/06/2021","815.05","828.40","828.40","811.40","74.16K","-0.97%"
"09/03/2021","823.00","820.00","828.99","810.01","289.67K","0.24%"
"09/02/2021","821.00","834.00","834.00","818.50","557.15K","-1.20%"
"09/01/2021","831.00","832.00","839.00","831.00","263.42K","0.12%"
"08/31/2021","830.00","827.00","833.00","824.01","443.20K","0.83%"
"08/30/2021","823.15","823.10","829.95","819.87","174.69K","0.63%"
"08/27/2021","818.00","818.00","824.00","808.00","413.54K","0.37%"
"08/26/2021","815.00","839.10","842.70","810.15","984.05K","-3.32%"
"08/25/2021","843.00","855.00","855.00","842.00","244.20K","-0.95%"
"08/24/2021","851.11","864.30","869.40","846.00","295.56K","-1.10%"
"08/23/2021","860.55","860.00","863.99","859.25","333.35K","0.08%"
"08/20/2021","859.90","857.99","861.99","851.00","925.00K","1.05%"
"08/17/2021","851.00","847.45","855.00","842.00","171.20K","0.48%"
"08/16/2021","846.95","866.69","866.69","841.50","297.13K","-1.23%"
"08/13/2021","857.50","873.00","873.00","854.11","71.85K","-0.64%"
"08/12/2021","863.00","880.00","880.00","862.00","76.92K","-0.57%"
"08/11/2021","867.98","860.50","874.85","860.50","108.99K","0.34%"
"08/10/2021","865.00","850.00","869.00","850.00","160.46K","0.58%"
"08/09/2021","860.00","869.98","869.98","845.00","338.92K","-1.45%"
"08/06/2021","872.62","884.00","885.50","850.01","197.39K","-0.84%"
"08/05/2021","880.00","886.99","886.99","879.00","48.11K","-0.51%"
"08/04/2021","884.50","886.90","888.50","882.01","186.02K","0.06%"
"08/03/2021","884.00","885.10","892.97","882.00","286.93K","-0.34%"
"08/02/2021","887.00","889.70","889.70","882.00","144.70K","0.28%"
"07/30/2021","884.50","896.50","896.97","882.00","549.35K","0.51%"
"07/29/2021","880.00","899.75","908.87","880.00","456.79K","-1.23%"
"07/28/2021","891.00","905.00","907.45","891.00","194.32K","-1.00%"
"07/27/2021","900.00","904.95","904.95","895.00","143.70K","0.00%"
"07/26/2021","900.00","905.00","907.00","897.51","196.46K","-0.55%"
"07/23/2021","905.00","913.99","917.99","897.00","327.27K","-0.11%"
"07/19/2021","906.00","917.00","918.00","900.00","244.89K","-0.61%"
"07/16/2021","911.53","892.99","924.00","889.10","1.05M","2.08%"
"07/15/2021","893.00","889.99","893.99","884.00","127.84K","0.90%"
"07/14/2021","885.06","885.00","891.89","880.01","162.11K","0.24%"
"07/13/2021","882.98","888.27","889.00","870.00","154.72K","0.00%"
"07/12/2021","883.00","890.00","892.00","880.00","250.16K","-0.71%"
"07/09/2021","889.30","910.00","919.00","886.00","339.18K","-2.22%"
"07/08/2021","909.50","884.80","910.40","884.80","861.87K","3.71%"
"07/07/2021","877.00","884.99","884.99","871.00","301.34K","0.11%"
"07/06/2021","876.00","888.88","898.00","875.31","545.21K","-0.68%"
"07/05/2021","882.00","894.95","899.90","878.60","123.58K","-1.34%"
"07/02/2021","893.98","891.99","912.70","890.14","638.69K","0.90%"
"07/01/2021","886.00","866.00","894.99","865.50","468.98K","2.43%"
"06/30/2021","864.99","868.90","875.50","860.00","252.52K","-0.35%"
"06/29/2021","867.99","866.00","873.00","863.00","290.29K","0.93%"
"06/28/2021","860.00","880.00","880.00","858.01","779.28K","-2.41%"
"06/25/2021","881.25","912.00","913.99","875.00","820.49K","-2.41%"
"06/24/2021","903.00","902.00","908.00","900.01","296.88K","0.11%"
"06/23/2021","902.00","909.00","917.00","901.00","236.75K","-0.77%"
"06/22/2021","909.00","917.90","918.89","908.00","202.71K","-0.54%"
"06/21/2021","913.96","923.00","923.90","912.00","266.46K","-0.87%"
"06/18/2021","921.98","918.50","933.00","915.85","523.26K","0.98%"
"06/17/2021","913.01","914.99","924.90","912.00","521.05K","0.22%"
"06/16/2021","911.00","914.00","916.99","909.00","373.46K","0.09%"
"06/15/2021","910.15","920.01","929.80","910.05","362.99K","-1.07%"
"06/14/2021","919.99","919.99","923.00","913.50","221.52K","1.10%"
"06/11/2021","910.00","918.99","918.99","907.10","373.42K","-0.55%"
"06/10/2021","915.00","913.00","918.50","912.21","345.14K","-0.11%"
"06/09/2021","916.00","919.98","919.99","910.00","385.44K","0.00%"
"06/08/2021","916.00","914.02","919.00","912.52","236.77K","0.11%"
"06/07/2021","915.00","919.99","921.01","911.15","291.24K","-0.33%"
"06/04/2021","918.00","921.99","921.99","912.00","332.79K","0.22%"
"06/03/2021","916.00","933.00","936.99","910.36","710.86K","-1.83%"
"06/02/2021","933.10","941.00","941.00","915.30","528.20K","-0.72%"
"06/01/2021","939.90","933.90","945.00","931.05","385.66K","0.85%"
"05/31/2021","932.00","915.32","939.00","915.00","1.03M","1.82%"
"05/28/2021","915.32","915.50","921.00","910.00","689.18K","-0.50%"
"05/27/2021","919.90","907.05","925.00","906.00","6.90M","1.76%"
"05/26/2021","904.00","908.00","914.00","903.00","589.48K","-0.33%"
"05/25/2021","907.00","914.00","920.00","905.55","901.21K","-0.11%"
"05/24/2021","908.00","905.03","914.25","902.00","1.08M","0.77%"
"05/21/2021","901.05","900.00","905.90","893.02","464.81K","1.01%"
"05/20/2021","892.00","900.00","901.99","891.10","280.28K","-0.67%"
"05/19/2021","898.00","900.00","909.00","891.00","396.21K","-1.21%"
"05/18/2021","909.00","913.00","915.00","905.05","577.36K","-0.33%"
"05/17/2021","912.00","920.00","920.00","906.00","2.33M","3.52%"
"05/06/2021","881.00","859.00","884.40","859.00","897.77K","2.92%"
"05/05/2021","856.00","848.00","857.00","848.00","157.01K","1.18%"
"05/04/2021","846.00","835.01","851.00","835.00","156.00K","1.08%"
"05/03/2021","837.00","838.15","842.00","824.01","271.33K","0.24%"
"04/30/2021","835.01","855.00","855.00","835.00","140.84K","-1.18%"
"04/29/2021","845.01","855.00","859.90","845.00","197.77K","-0.76%"
"04/28/2021","851.50","862.00","871.00","851.50","374.22K","-1.33%"
"04/27/2021","863.00","866.00","872.90","857.00","396.89K","-0.46%"
"04/26/2021","867.01","845.80","878.15","841.00","934.83K","2.36%"
"04/23/2021","847.00","842.41","849.00","835.50","163.16K","-0.11%"
"04/22/2021","847.90","852.00","854.00","844.00","210.18K","-0.71%"
"04/21/2021","854.00","869.99","869.99","850.60","125.23K","-1.04%"
"04/20/2021","863.00","860.00","873.55","853.01","243.52K","0.76%"
"04/19/2021","856.50","850.01","862.80","840.10","246.94K","-0.52%"
"04/16/2021","861.00","868.00","868.00","858.50","43.15K","-0.06%"
"04/15/2021","861.50","870.00","870.00","858.95","87.89K","-0.17%"
"04/14/2021","863.00","857.00","874.00","857.00","281.63K","0.35%"
"04/13/2021","859.99","855.81","863.90","854.00","284.45K","0.46%"
"04/12/2021","856.05","854.99","872.00","854.98","571.92K","-0.24%"
"04/09/2021","858.14","856.98","863.00","854.50","448.34K","0.43%"
"04/08/2021","854.50","850.00","856.00","843.00","304.83K","1.12%"
"04/07/2021","845.00","829.70","855.00","822.00","1.04M","1.68%"
"04/06/2021","831.00","806.00","833.01","805.80","328.88K","3.49%"
"04/05/2021","803.00","818.00","824.00","801.02","228.07K","-1.67%"
"04/02/2021","816.65","814.98","819.00","805.01","105.79K","0.57%"
"04/01/2021","812.00","821.00","821.00","810.00","322.57K","-0.92%"
"03/31/2021","819.50","825.00","828.99","811.03","407.88K","0.06%"
"03/30/2021","819.00","820.00","830.00","814.00","496.54K","-0.12%"
"03/29/2021","820.00","837.50","837.50","808.88","396.91K","-2.00%"
"03/26/2021","836.75","845.00","849.90","832.01","273.67K","-0.86%"
"03/25/2021","844.00","839.95","855.15","839.95","459.23K","0.72%"
"03/24/2021","838.00","842.00","851.49","836.50","351.56K","-0.24%"
"03/22/2021","839.99","837.55","844.00","827.02","181.01K","0.06%"
"03/19/2021","839.52","840.00","849.78","820.00","370.08K","0.06%"
"03/18/2021","839.00","849.90","854.74","837.01","463.92K","-1.29%"
"03/17/2021","850.00","850.00","855.50","847.11","494.44K","0.83%"
"03/16/2021","843.00","845.00","849.00","837.13","413.83K","-0.59%"
"03/15/2021","848.00","840.00","849.00","823.00","1.11M","2.83%"
"03/12/2021","824.64","804.99","836.00","799.42","1.22M","2.44%"
"03/11/2021","805.00","817.00","819.00","792.01","1.11M","-0.98%"
"03/10/2021","813.00","827.25","835.00","811.50","579.51K","-1.93%"
"03/09/2021","829.00","838.75","838.75","810.01","1.05M","-0.36%"
"03/08/2021","832.01","887.00","887.00","830.21","1.12M","-4.34%"
"03/05/2021","869.72","860.00","879.50","852.01","540.95K","0.90%"
"03/04/2021","862.00","857.25","871.97","845.51","1.16M","-2.05%"
"03/03/2021","880.00","881.89","885.80","874.00","575.80K","0.45%"
"03/02/2021","876.02","892.01","895.00","875.15","665.48K","-1.01%"
"03/01/2021","885.00","884.99","904.00","876.70","793.26K","0.03%"
"02/26/2021","884.73","868.00","897.00","868.00","1.14M","2.28%"
"02/25/2021","865.00","850.50","873.80","844.00","708.01K","3.35%"
"02/24/2021","837.00","829.00","845.00","823.20","546.90K","0.97%"
"02/23/2021","829.00","831.00","838.00","828.00","196.22K","-0.48%"
"02/22/2021","833.00","837.50","838.00","826.02","273.13K","0.36%"
"02/19/2021","830.01","838.75","845.50","825.03","482.29K","-0.84%"
"02/18/2021","837.00","851.00","860.00","833.25","612.54K","-1.53%"
"02/17/2021","850.00","842.00","859.90","834.00","1.18M","2.29%"
"02/16/2021","831.00","798.00","834.90","798.00","1.52M","4.92%"
"02/15/2021","792.00","805.00","807.90","790.11","800.18K","0.28%"
"02/12/2021","789.82","773.00","800.00","770.55","1.05M","2.98%"
"02/11/2021","767.00","769.98","791.00","764.01","2.31M","0.00%"
"02/10/2021","767.00","742.17","777.00","742.00","2.04M","3.02%"
"02/09/2021","744.50","740.00","748.70","737.25","601.59K","0.88%"
"02/08/2021","738.00","746.00","748.00","737.50","468.78K","-0.61%"
"02/04/2021","742.55","731.99","754.88","730.01","1.87M","2.14%"
"02/03/2021","727.00","718.00","735.25","718.00","1.46M","1.81%"
"02/02/2021","714.05","713.97","719.90","710.51","398.65K","0.50%"
"02/01/2021","710.50","732.00","742.99","710.03","1.90M","-2.31%"
"01/29/2021","727.29","729.00","744.90","721.10","1.76M","-0.09%"
"01/28/2021","727.93","715.00","734.85","714.99","1.38M","1.40%"
"01/27/2021","717.86","712.98","723.00","711.00","732.24K","1.04%"
"01/26/2021","710.44","701.01","715.50","701.00","1.07M","1.00%"
"01/25/2021","703.43","699.99","705.60","698.00","558.03K","0.66%"
"01/22/2021","698.82","700.01","704.00","692.25","268.69K","-0.10%"
"01/21/2021","699.50","686.50","707.00","686.50","683.09K","2.10%"
"01/20/2021","685.08","688.00","692.69","682.00","587.98K","-0.86%"
"01/19/2021","691.00","693.40","694.90","688.05","227.62K","0.04%"
"01/18/2021","690.75","697.00","698.18","690.00","315.78K","-1.18%"
"01/15/2021","699.00","703.75","703.75","697.82","463.81K","-0.57%"
"01/14/2021","703.00","705.75","708.00","701.00","285.82K","-0.14%"
"01/13/2021","704.00","704.99","710.90","703.00","589.54K","0.48%"
"01/12/2021","700.63","697.50","703.50","696.10","587.39K","0.40%"
"01/11/2021","697.85","698.00","708.00","696.16","512.16K","-0.02%"
"01/08/2021","698.00","700.00","703.90","695.01","220.27K","-0.29%"
"01/07/2021","700.00","706.00","707.90","695.07","490.57K","-0.64%"
"01/06/2021","704.50","691.05","709.99","691.00","691.97K","1.66%"
"01/05/2021","693.00","692.21","698.00","689.10","213.24K","-0.29%"
"01/04/2021","695.00","708.00","709.00","689.01","636.63K","-1.08%"
"01/01/2021","702.60","705.00","714.45","700.00","829.35K","0.95%"
"12/31/2020","696.00","691.90","702.48","686.00","378.75K","0.61%"
"12/30/2020","691.79","687.49","699.50","686.00","541.80K","0.70%"
"12/29/2020","687.00","695.00","697.50","681.15","384.17K","-1.02%"
"12/28/2020","694.10","701.50","705.00","694.00","361.79K","-0.13%"
"12/24/2020","695.00","679.50","705.00","679.50","1.27M","2.64%"
"12/23/2020","677.10","666.63","680.34","665.00","412.10K","1.44%"
"12/22/2020","667.51","677.00","677.00","667.51","384.38K","-0.96%"
"12/21/2020","673.99","682.00","683.00","672.00","405.15K","-1.34%"
"12/18/2020","683.15","685.00","692.63","681.61","350.15K","0.02%"
"12/17/2020","683.00","682.00","685.00","680.00","235.24K","0.66%"
"12/16/2020","678.50","688.00","688.00","678.01","199.77K","-0.95%"
"12/15/2020","685.00","702.98","705.40","681.01","799.19K","-2.14%"
"12/14/2020","700.00","682.10","702.90","682.00","1.08M","3.04%"
"12/11/2020","679.33","674.50","686.65","671.00","854.36K","1.09%"
"12/10/2020","672.00","674.50","675.50","669.00","352.07K","0.00%"
"12/09/2020","672.00","673.00","679.00","671.00","476.80K","0.26%"
"12/08/2020","670.25","671.36","675.90","666.10","271.14K","0.04%"
"12/07/2020","670.00","674.51","677.50","668.31","222.71K","-0.45%"
"12/04/2020","673.00","675.50","678.00","671.16","197.32K","-0.12%"
"12/03/2020","673.79","672.00","679.25","672.00","645.52K","1.02%"
"12/02/2020","667.00","662.00","674.25","662.00","827.31K","0.98%"
"12/01/2020","660.50","655.10","667.79","655.10","612.73K","0.94%"
"11/30/2020","654.35","647.00","657.40","645.00","365.93K","0.88%"
"11/27/2020","648.63","654.40","658.00","646.15","533.68K","-0.73%"
"11/26/2020","653.40","650.00","663.00","648.00","1.11M","1.30%"
"11/25/2020","645.00","652.00","654.90","642.00","372.03K","-1.23%"
"11/24/2020","653.00","649.00","654.00","643.00","259.51K","0.93%"
"11/23/2020","647.00","644.02","648.00","638.10","539.63K","-0.53%"
"11/20/2020","650.47","659.99","660.99","648.55","680.03K","-1.22%"
"11/19/2020","658.50","655.01","663.65","651.25","612.06K","0.69%"
"11/18/2020","654.00","657.50","657.50","651.25","259.09K","-0.61%"
"11/17/2020","658.00","659.00","664.79","655.06","288.26K","0.77%"
"11/16/2020","653.00","659.76","661.90","652.75","267.23K","-1.06%"
"11/13/2020","659.98","653.01","667.98","651.52","512.16K","0.76%"
"11/12/2020","655.00","665.84","668.90","654.15","942.50K","-1.43%"
"11/11/2020","664.50","675.88","676.00","664.00","415.11K","-1.41%"
"11/10/2020","674.00","680.15","688.00","673.01","729.47K","-0.15%"
"11/09/2020","675.00","682.00","684.90","675.00","369.69K","-1.15%"
"11/06/2020","682.86","686.98","693.00","681.00","462.64K","-0.54%"
"11/05/2020","686.55","679.99","689.25","679.50","578.08K","1.56%"
"11/04/2020","675.99","685.01","689.00","674.99","736.94K","-0.59%"
"11/03/2020","679.99","668.00","680.00","667.00","812.35K","3.06%"
"11/02/2020","659.80","666.00","666.00","652.50","2.23M","-1.96%"
"10/29/2020","673.00","680.00","680.00","656.00","2.07M","-1.32%"
"10/28/2020","682.00","696.99","696.99","674.99","1.15M","-1.73%"
"10/27/2020","694.00","703.00","711.00","692.00","1.33M","-1.70%"
"10/26/2020","706.00","666.00","707.87","664.00","2.53M","6.82%"
"10/23/2020","660.94","653.00","664.99","652.00","1.41M","1.84%"
"10/22/2020","649.00","657.97","661.00","648.02","455.55K","-1.22%"
"10/21/2020","657.00","657.00","660.00","650.01","560.92K","0.46%"
"10/20/2020","654.00","639.50","655.90","639.50","689.21K","2.67%"
"10/19/2020","637.00","639.99","642.99","634.00","335.98K","-0.16%"
"10/16/2020","638.00","641.00","645.00","635.50","437.04K","-0.72%"
"10/15/2020","642.61","654.00","654.99","642.22","144.88K","-0.68%"
"10/14/2020","647.00","649.97","654.00","645.00","363.07K","-0.02%"
"10/13/2020","647.10","647.00","655.00","636.70","599.54K","-0.12%"
"10/12/2020","647.90","656.00","657.95","644.50","509.09K","-1.08%"
"10/09/2020","654.95","653.71","659.98","648.10","451.27K","0.00%"
"10/08/2020","654.95","645.00","656.00","645.00","747.76K","1.07%"
"10/07/2020","648.00","634.00","648.00","626.10","908.29K","2.86%"
"10/06/2020","630.01","634.00","635.00","620.00","986.08K","-0.16%"
"10/05/2020","631.01","640.00","640.00","627.10","1.02M","-0.86%"
"10/02/2020","636.50","649.00","652.00","636.01","720.76K","-1.47%"
"10/01/2020","646.00","646.00","655.00","636.11","764.75K","-0.31%"
"09/30/2020","648.00","662.00","663.25","645.01","584.11K","-2.26%"
"09/29/2020","663.00","643.00","665.00","635.01","981.02K","2.63%"
"09/28/2020","646.00","650.50","653.84","640.55","1.12M","-0.68%"
"09/25/2020","650.45","661.50","661.50","649.00","1.41M","-2.04%"
"09/24/2020","663.99","659.40","666.99","658.00","1.07M","0.91%"
"09/23/2020","658.00","666.00","666.40","657.00","316.78K","-0.45%"
"09/22/2020","661.00","663.55","666.00","659.20","532.10K","-0.15%"
"09/21/2020","662.00","660.00","666.00","655.00","382.92K","0.14%"
"09/18/2020","661.10","663.00","663.95","659.25","428.27K","-0.59%"
"09/17/2020","665.00","668.01","674.90","661.52","962.43K","0.17%"
"09/16/2020","663.90","656.61","664.00","650.00","740.42K","1.51%"
"09/15/2020","654.00","657.00","665.50","654.00","748.77K","-0.61%"
"09/14/2020","658.00","659.00","662.00","653.00","336.53K","0.10%"
"09/11/2020","657.37","666.00","671.97","655.10","579.70K","-1.22%"
"09/10/2020","665.51","651.00","674.99","647.00","1.99M","3.18%"
"09/09/2020","645.00","639.49","653.89","633.50","1.56M","1.26%"
"09/08/2020","637.00","630.12","651.00","628.50","2.61M","1.27%"
"09/07/2020","629.00","616.00","632.00","616.00","1.96M","2.37%"
"09/04/2020","614.44","619.94","622.00","612.10","931.24K","-1.06%"
"09/03/2020","621.00","615.00","624.92","613.00","1.24M","0.81%"
"09/02/2020","616.00","617.80","623.00","613.60","1.52M","0.15%"
"09/01/2020","615.10","614.00","616.95","609.00","1.10M","0.18%"
"08/31/2020","614.00","608.00","616.20","607.00","1.05M","1.50%"
"08/28/2020","604.95","610.00","611.00","604.00","419.74K","-0.50%"
"08/27/2020","608.00","605.20","618.50","605.20","1.51M","0.02%"
"08/26/2020","607.90","610.00","610.00","603.05","578.51K","0.07%"
"08/25/2020","607.50","619.00","619.50","603.11","1.59M","-1.06%"
"08/24/2020","614.01","597.00","619.00","590.49","1.82M","2.70%"
"08/21/2020","597.86","604.00","606.50","593.00","1.17M","-0.85%"
"08/20/2020","603.00","609.00","611.50","600.00","997.49K","-1.15%"
"08/19/2020","610.00","609.97","615.92","606.10","963.26K","0.25%"
"08/18/2020","608.50","603.94","615.80","601.50","2.17M","1.01%"
"08/17/2020","602.40","611.50","612.90","596.00","2.13M","-1.57%"
"08/13/2020","612.00","610.00","614.00","595.80","1.88M","0.37%"
"08/12/2020","609.77","620.98","627.99","608.11","1.73M","-1.17%"
"08/11/2020","617.00","605.00","625.00","605.00","2.91M","1.98%"
"08/10/2020","605.02","598.00","607.99","595.16","1.58M","1.01%"
"08/07/2020","598.99","604.00","616.90","592.21","2.42M","-0.67%"
"08/06/2020","603.00","605.00","610.90","599.93","2.27M","0.50%"
"08/05/2020","600.00","586.00","606.00","576.15","4.07M","3.00%"
"08/04/2020","582.50","595.00","602.90","575.10","2.64M","-2.92%"
"08/03/2020","600.00","585.98","605.98","585.98","3.54M","3.09%"
"07/30/2020","582.01","568.11","584.90","566.07","1.41M","1.77%"
"07/29/2020","571.90","561.90","582.90","555.00","1.95M","1.94%"
"07/28/2020","560.99","551.00","563.51","551.00","1.59M","2.72%"
"07/27/2020","546.13","532.00","549.00","526.00","1.09M","2.83%"
"07/24/2020","531.10","539.99","539.99","525.05","898.20K","-1.65%"
"07/23/2020","540.00","558.99","558.99","538.00","920.87K","-2.76%"
"07/22/2020","555.30","540.00","563.89","534.00","1.98M","3.41%"
"07/21/2020","537.00","531.00","543.98","528.00","1.15M","0.94%"
"07/20/2020","532.00","527.99","536.95","526.00","972.39K","1.17%"
"07/17/2020","525.84","525.55","530.00","521.26","421.96K","-0.03%"
"07/16/2020","526.01","513.98","530.89","513.27","1.40M","2.64%"
"07/15/2020","512.49","513.99","516.00","508.51","896.41K","0.29%"
"07/14/2020","511.00","516.00","519.00","510.00","887.27K","-0.66%"
"07/13/2020","514.41","510.00","524.89","505.50","1.86M","3.50%"
"07/10/2020","497.00","488.25","499.50","486.00","587.91K","1.84%"
"07/09/2020","488.00","492.00","494.63","487.13","674.66K","-0.31%"
"07/08/2020","489.50","498.01","499.97","486.00","1.10M","-0.91%"
"07/07/2020","494.00","495.00","503.75","493.10","1.09M","0.61%"
"07/06/2020","491.00","491.90","495.50","488.25","541.66K","0.38%"
"07/03/2020","489.15","491.15","493.85","485.01","506.23K","-0.48%"
"07/02/2020","491.50","495.00","502.00","489.01","1.34M","-0.69%"
"07/01/2020","494.89","462.58","496.19","462.58","1.92M","7.12%"
"06/30/2020","462.01","462.99","464.00","461.00","564.21K","0.22%"
"06/29/2020","461.01","452.99","461.75","445.00","695.49K","1.55%"
"06/26/2020","453.99","455.00","455.00","447.00","931.21K","2.93%"
"06/25/2020","441.05","446.00","446.90","440.00","401.29K","-1.33%"
"06/24/2020","447.00","447.79","449.50","443.05","307.78K","-0.11%"
"06/23/2020","447.50","445.00","450.00","444.16","310.69K","1.13%"
"06/22/2020","442.50","440.00","443.90","428.50","574.27K","0.85%"
"06/19/2020","438.75","445.50","448.80","436.00","273.63K","-1.96%"
"06/18/2020","447.50","449.99","453.00","443.31","373.71K","-0.22%"
"06/17/2020","448.49","458.94","459.00","446.50","317.00K","-1.21%"
"06/16/2020","454.00","457.89","460.99","452.00","346.36K","-0.22%"
"06/15/2020","455.02","471.96","471.96","451.05","693.85K","-3.39%"
"06/12/2020","471.00","471.50","476.00","469.00","736.41K","-1.26%"
"06/11/2020","477.00","467.55","478.49","466.01","758.33K","2.31%"
"06/10/2020","466.21","470.00","474.00","466.01","521.42K","-0.38%"
"06/09/2020","467.98","458.00","469.90","454.50","1.55M","2.50%"
"06/08/2020","456.55","453.48","458.80","452.10","370.23K","1.01%"
"06/05/2020","452.00","446.99","453.00","445.10","137.30K","1.12%"
"06/04/2020","447.00","450.00","451.00","445.01","185.30K","-0.61%"
"06/03/2020","449.75","453.01","455.50","449.00","155.51K","-0.50%"
"06/02/2020","452.00","454.10","457.00","452.00","406.55K","-0.44%"
"06/01/2020","454.00","461.00","464.00","453.01","222.06K","-0.68%"
"05/29/2020","457.10","448.10","462.00","448.10","930.34K","1.80%"
"05/28/2020","449.00","452.57","453.70","446.01","380.61K","-0.79%"
"05/21/2020","452.57","456.00","458.85","451.20","540.73K","-1.01%"
"05/20/2020","457.21","456.00","465.00","452.15","1.15M","0.29%"
"05/19/2020","455.91","451.90","459.98","445.15","931.27K","1.15%"
"05/18/2020","450.71","465.97","466.00","449.00","430.14K","-1.71%"
"05/15/2020","458.56","450.01","459.88","450.01","344.86K","1.46%"
"05/14/2020","451.95","457.00","458.78","449.15","431.11K","-0.75%"
"05/13/2020","455.35","450.00","461.40","448.00","1.41M","1.02%"
"05/12/2020","450.76","444.00","453.00","444.00","1.56M","4.00%"
"05/11/2020","433.43","435.00","437.99","432.00","286.41K","-0.40%"
"05/08/2020","435.15","443.12","446.00","432.01","711.56K","-1.32%"
"05/07/2020","440.99","450.00","455.00","439.00","1.31M","-2.55%"
"05/06/2020","452.51","458.25","460.00","451.01","431.14K","-1.81%"
"05/05/2020","460.86","468.00","468.00","458.00","1.01M","-0.14%"
"05/04/2020","461.52","463.00","465.00","457.00","915.35K","-1.90%"
"04/30/2020","470.44","473.00","479.99","466.00","1.34M","0.56%"
"04/29/2020","467.80","457.98","469.50","457.97","1.25M","2.98%"
"04/28/2020","454.27","444.00","458.89","443.01","845.61K","2.63%"
"04/27/2020","442.63","445.00","445.00","428.15","1.38M","-2.94%"
"04/24/2020","456.06","458.00","462.48","453.50","594.23K","-0.46%"
"04/23/2020","458.16","472.00","472.00","452.01","1.28M","-2.38%"
"04/22/2020","469.33","465.10","478.00","462.00","2.51M","2.09%"
"04/21/2020","459.73","463.00","483.90","451.00","3.36M","-2.55%"
"04/20/2020","471.77","472.92","472.92","452.02","4.73M","7.24%"
"04/17/2020","439.93","439.93","439.93","433.00","897.06K","7.50%"
"04/16/2020","409.24","412.00","412.98","404.50","893.37K","-1.08%"
"04/15/2020","413.72","419.00","424.90","410.67","1.56M","1.53%"
"04/14/2020","407.50","400.20","409.00","400.20","828.35K","2.00%"
"04/13/2020","399.51","406.00","411.94","396.00","843.92K","-3.20%"
"04/10/2020","412.73","406.01","415.00","402.00","997.91K","0.68%"
"04/09/2020","409.94","406.00","416.00","406.00","1.63M","2.90%"
"04/08/2020","398.37","407.90","407.90","395.57","1.39M","-2.70%"
"04/07/2020","409.43","393.01","414.90","393.01","1.82M","4.57%"
"04/06/2020","391.52","420.00","425.00","384.19","3.29M","-4.68%"
"04/03/2020","410.73","400.00","415.00","400.00","3.54M","4.84%"
"04/02/2020","391.76","361.00","391.76","353.00","5.11M","7.50%"
"04/01/2020","364.43","368.75","373.68","362.00","1.74M","-1.69%"
"03/31/2020","370.70","354.00","378.50","345.02","1.48M","4.74%"
"03/30/2020","353.93","333.00","356.23","321.00","1.38M","6.80%"
"03/27/2020","331.38","310.00","333.57","305.00","1.09M","6.79%"
"03/26/2020","310.30","315.00","329.99","305.00","1.41M","-2.70%"
"03/25/2020","318.90","358.00","360.00","318.90","1.85M","-7.50%"
"03/24/2020","344.75","344.75","353.00","344.75","541.72K","-7.50%"
"03/20/2020","372.70","382.00","382.61","345.51","3.07M","0.32%"
"03/19/2020","371.51","370.95","386.00","370.95","2.34M","-7.36%"
"03/18/2020","401.02","421.00","421.00","401.02","927.40K","-7.50%"
"03/17/2020","433.53","461.00","472.00","427.00","4.62M","-6.08%"
"03/16/2020","461.61","478.00","480.40","461.61","1.29M","-7.50%"
"03/13/2020","499.03","495.00","512.00","480.86","3.98M","-3.49%"
"03/12/2020","517.05","550.06","552.98","516.15","1.63M","-6.84%"
"03/11/2020","555.00","559.00","573.98","550.25","1.03M","-0.85%"
"03/10/2020","559.74","578.00","583.00","556.00","1.21M","-1.19%"
"03/09/2020","566.47","518.05","566.83","496.00","1.74M","6.93%"
"03/06/2020","529.75","529.10","550.00","526.00","1.75M","-1.30%"
"03/05/2020","536.75","509.00","540.72","509.00","2.14M","6.21%"
"03/04/2020","505.35","507.00","516.90","500.00","946.30K","0.39%"
"03/03/2020","503.40","520.00","520.95","501.51","1.07M","-2.21%"
"03/02/2020","514.80","495.00","517.99","490.01","1.45M","5.26%"
"02/28/2020","489.09","473.50","496.00","472.00","1.25M","2.55%"
"02/27/2020","476.95","465.01","487.00","453.02","2.33M","1.18%"
"02/26/2020","471.40","480.00","480.00","467.10","869.30K","-1.45%"
"02/25/2020","478.35","476.50","483.89","472.51","1.20M","0.32%"
"02/24/2020","476.81","490.25","490.25","472.50","410.00K","-2.69%"
"02/21/2020","489.99","482.00","492.65","482.00","466.00K","1.31%"
"02/20/2020","483.67","487.99","488.90","483.00","218.50K","-0.69%"
"02/19/2020","487.05","483.00","489.50","482.00","357.50K","1.18%"
"02/18/2020","481.36","484.00","487.01","479.05","234.30K","-0.45%"
"02/17/2020","483.55","485.50","487.00","478.81","175.80K","-0.25%"
"02/14/2020","484.76","486.00","488.79","481.00","165.70K","-0.04%"
"02/13/2020","484.97","495.00","497.00","483.00","555.00K","-1.48%"
"02/12/2020","492.27","480.00","495.00","472.10","1.08M","4.30%"
"02/11/2020","471.96","462.00","479.45","460.50","757.60K","2.40%"
"02/10/2020","460.91","466.98","466.98","458.50","494.60K","-1.69%"
"02/07/2020","468.81","477.00","477.01","466.50","471.90K","-0.57%"
"02/06/2020","471.52","472.95","475.00","468.00","2.33M","0.25%"
"02/04/2020","470.35","463.19","474.50","463.19","592.70K","2.22%"
"02/03/2020","460.14","466.00","471.90","457.00","888.40K","-3.51%"
"01/31/2020","476.87","486.00","490.00","475.10","509.40K","-2.15%"
"01/30/2020","487.35","474.10","490.00","468.80","832.90K","2.37%"
"01/29/2020","476.08","487.50","488.49","474.00","789.50K","-2.75%"
"01/28/2020","489.54","492.49","497.00","485.25","503.80K","-0.46%"
"01/27/2020","491.79","497.01","502.50","490.00","551.20K","-0.93%"
"01/24/2020","496.42","491.00","498.49","485.50","630.50K","1.11%"
"01/23/2020","490.95","498.00","516.85","488.00","3.04M","-1.01%"
"01/22/2020","495.97","482.00","498.00","481.10","993.70K","3.08%"
"01/21/2020","481.17","484.00","485.00","477.55","149.90K","-0.45%"
"01/20/2020","483.34","489.00","491.00","481.05","114.10K","-1.19%"
"01/17/2020","489.16","486.01","492.00","485.50","227.30K","0.48%"
"01/16/2020","486.83","487.10","490.99","485.11","194.20K","0.15%"
"01/15/2020","486.09","488.00","491.55","485.00","352.20K","-0.34%"
"01/14/2020","487.75","491.50","495.00","486.50","248.40K","-0.44%"
"01/13/2020","489.91","494.00","494.99","487.01","261.10K","-0.77%"
"01/10/2020","493.70","501.00","503.50","491.20","697.30K","-0.95%"
"01/09/2020","498.43","500.00","500.00","490.00","1.36M","4.49%"
"01/08/2020","477.03","466.01","487.50","465.00","2.83M","2.36%"
"01/07/2020","466.02","452.00","467.36","452.00","1.24M","4.70%"
"01/06/2020","445.11","458.99","459.00","443.00","1.08M","-3.96%"
"01/03/2020","463.46","468.00","475.90","459.00","1.47M","1.01%"
"01/02/2020","458.82","440.01","458.82","440.01","949.20K","5.00%"
"01/01/2020","436.98","430.00","440.00","426.00","461.60K","2.00%"
"12/31/2019","428.40","432.09","434.00","426.15","461.90K","-0.55%"
"12/30/2019","430.77","424.00","435.00","423.00","973.50K","2.44%"
"12/27/2019","420.50","424.89","426.90","418.35","803.50K","-0.85%"
"12/26/2019","424.12","421.00","425.00","421.00","435.80K","0.68%"
"12/24/2019","421.26","415.10","422.00","410.00","478.50K","1.85%"
"12/23/2019","413.61","421.00","425.00","412.00","425.20K","-0.89%"
"12/20/2019","417.33","417.01","419.00","413.07","724.00K","0.69%"
"12/19/2019","414.46","420.67","422.99","407.00","1.99M","-1.48%"
"12/18/2019","420.67","423.90","425.00","419.50","1.01M","-1.20%"
"12/17/2019","425.78","434.00","436.00","416.02","1.32M","-1.64%"
"12/16/2019","432.90","425.00","434.90","425.00","783.10K","1.97%"
"12/13/2019","424.52","417.00","430.00","417.00","566.30K","0.93%"
"12/12/2019","420.60","422.00","424.99","418.11","308.40K","-0.85%"
"12/11/2019","424.19","430.52","432.85","421.80","577.60K","-1.03%"
"12/10/2019","428.62","418.43","429.92","415.00","742.60K","2.44%"
"12/09/2019","418.43","431.20","437.00","415.20","801.50K","-2.80%"
"12/06/2019","430.48","435.00","436.30","428.50","538.00K","-1.10%"
"12/05/2019","435.25","428.00","438.50","426.00","1.06M","1.77%"
"12/04/2019","427.67","416.01","430.00","413.00","1.27M","2.81%"
"12/03/2019","416.00","431.50","431.50","415.03","749.20K","-2.77%"
"12/02/2019","427.84","423.00","429.50","419.00","881.50K","1.80%"
"11/29/2019","420.29","417.50","428.89","417.50","1.11M","0.91%"
"11/28/2019","416.48","407.50","420.00","406.00","1.17M","2.52%"
"11/27/2019","406.26","406.97","409.49","397.30","962.60K","0.17%"
"11/26/2019","405.59","417.49","421.99","400.00","2.71M","-2.59%"
"11/25/2019","416.38","398.00","419.15","394.25","1.66M","4.13%"
"11/22/2019","399.87","381.45","401.50","380.05","933.80K","4.27%"
"11/21/2019","383.51","400.99","404.00","382.00","1.54M","-4.62%"
"11/20/2019","402.09","410.50","413.64","400.04","544.90K","-1.75%"
"11/19/2019","409.24","412.00","415.01","405.00","1.15M","0.63%"
"11/18/2019","406.66","391.00","408.24","390.01","2.25M","4.59%"
"11/15/2019","388.82","391.98","393.00","386.00","672.00K","-0.30%"
"11/14/2019","389.99","396.00","398.10","388.10","1.23M","-0.80%"
"11/13/2019","393.13","389.00","395.98","382.00","1.30M","0.93%"
"11/12/2019","389.50","403.00","404.99","388.02","2.09M","-1.68%"
"11/11/2019","396.17","388.42","398.00","387.51","1.13M","3.20%"
"11/08/2019","383.88","379.12","388.00","376.20","952.90K","1.53%"
"11/07/2019","378.11","381.05","383.50","375.80","758.60K","-0.87%"
"11/06/2019","381.43","378.49","388.50","378.49","2.12M","1.84%"
"11/05/2019","374.54","383.00","386.00","372.15","2.09M","-1.39%"
"11/04/2019","379.83","365.80","380.82","365.10","3.08M","4.73%"
"11/01/2019","362.69","352.00","366.00","349.60","4.13M","3.15%"
"10/31/2019","351.62","346.00","354.95","346.00","1.26M","1.84%"
"10/30/2019","345.26","351.10","351.88","342.00","1.12M","-1.47%"
"10/29/2019","350.42","355.00","358.70","348.30","987.60K","-1.25%"
"10/28/2019","354.85","347.99","359.50","343.01","1.26M","2.91%"
"10/25/2019","344.82","346.00","349.60","343.10","507.10K","-0.07%"
"10/24/2019","345.05","346.14","350.99","342.00","554.80K","-0.31%"
"10/23/2019","346.14","351.00","353.85","345.00","863.10K","-0.93%"
"10/22/2019","349.40","351.70","353.49","342.00","756.90K","0.22%"
"10/21/2019","348.62","365.00","365.00","347.02","1.36M","-4.54%"
"10/18/2019","365.21","364.00","371.50","363.50","781.70K","0.63%"
"10/17/2019","362.93","370.00","371.00","362.00","420.90K","-1.78%"
"10/16/2019","369.51","371.40","376.99","368.00","795.40K","-0.62%"
"10/15/2019","371.80","375.00","378.50","369.01","1.09M","-0.69%"
"10/14/2019","374.39","388.00","388.95","372.11","709.30K","-3.61%"
"10/11/2019","388.41","379.00","395.00","379.00","2.43M","2.75%"
"10/10/2019","378.02","364.00","381.00","360.60","1.46M","3.99%"
"10/09/2019","363.53","370.00","373.87","361.00","817.70K","-2.22%"
"10/08/2019","371.77","376.50","381.30","368.55","1.88M","-1.25%"
"10/07/2019","376.47","363.53","381.70","359.01","2.07M","3.56%"
"10/04/2019","363.53","361.45","365.50","355.60","2.15M","0.31%"
"10/03/2019","362.42","354.00","368.45","351.00","2.06M","2.77%"
"10/02/2019","352.66","349.60","355.97","347.00","1.56M","0.94%"
"10/01/2019","349.38","341.00","352.39","339.00","1.80M","2.12%"
"09/30/2019","342.13","348.90","350.10","341.00","653.90K","-1.61%"
"09/27/2019","347.74","340.50","350.00","338.10","606.60K","2.44%"
"09/26/2019","339.46","342.25","343.49","336.80","505.30K","-0.65%"
"09/25/2019","341.69","343.50","347.98","339.10","411.80K","-0.56%"
"09/24/2019","343.63","340.05","345.00","336.05","707.60K","1.06%"
"09/23/2019","340.04","347.50","348.35","338.10","219.90K","-1.88%"
"09/20/2019","346.57","353.99","353.99","344.00","675.40K","-1.75%"
"09/19/2019","352.75","338.00","354.30","336.00","1.59M","3.73%"
"09/18/2019","340.07","350.00","354.00","338.00","1.15M","-3.63%"
"09/17/2019","352.89","366.00","366.00","349.97","1.30M","-3.42%"
"09/16/2019","365.40","373.00","373.00","363.51","925.80K","-2.14%"
"09/13/2019","373.40","362.00","374.53","355.00","1.30M","4.68%"
"09/12/2019","356.70","342.00","356.70","342.00","669.80K","5.00%"
"09/11/2019","339.72","350.00","352.00","335.01","238.10K","-2.93%"
"09/06/2019","349.98","351.90","353.00","342.00","294.10K","-0.79%"
"09/05/2019","352.76","357.99","366.99","350.52","1.10M","-1.18%"
"09/04/2019","356.96","341.00","357.71","332.50","943.20K","4.78%"
"09/03/2019","340.68","351.05","353.35","337.50","233.80K","-3.13%"
"09/02/2019","351.68","352.50","359.00","350.30","257.90K","0.47%"
"08/30/2019","350.03","352.00","356.50","347.00","327.20K","-0.34%"
"08/29/2019","351.22","361.99","361.99","350.11","205.60K","-2.59%"
"08/28/2019","360.55","361.50","367.90","358.01","414.70K","-0.26%"
"08/27/2019","361.49","348.00","366.00","348.00","564.20K","3.23%"
"08/26/2019","350.19","365.00","367.00","349.11","212.90K","-4.71%"
"08/23/2019","367.48","377.50","377.50","364.20","1.21M","-2.05%"
"08/22/2019","375.17","367.00","378.31","364.11","1.29M","4.13%"
"08/21/2019","360.30","345.46","362.73","342.29","829.00K","4.30%"
"08/20/2019","345.46","341.48","349.00","336.00","676.10K","2.00%"
"08/19/2019","338.70","327.00","339.99","320.20","746.30K","2.86%"
"08/16/2019","329.29","337.00","346.00","329.22","676.50K","-4.98%"
"08/09/2019","346.54","355.50","359.75","345.00","538.50K","-1.75%"
"08/08/2019","352.71","361.50","362.00","348.50","519.60K","-3.10%"
"08/07/2019","363.98","374.00","374.05","361.50","188.50K","-2.83%"
"08/06/2019","374.58","374.60","381.90","374.00","138.10K","-0.38%"
"08/05/2019","376.01","375.51","377.00","372.11","300.80K","-0.95%"
"08/02/2019","379.61","376.28","380.00","373.51","253.50K","0.88%"
"08/01/2019","376.28","381.00","382.50","374.01","245.10K","-0.44%"
"07/31/2019","377.94","375.50","379.00","372.10","284.10K","0.78%"
"07/30/2019","375.03","371.00","381.80","368.00","1.21M","-0.11%"
"07/29/2019","375.43","376.03","379.00","374.00","166.40K","-1.37%"
"07/26/2019","380.63","371.25","383.50","378.50","124.90K","-0.59%"
"07/25/2019","382.89","383.50","384.96","378.01","211.50K","-0.70%"
"07/24/2019","385.57","390.00","390.00","383.50","413.40K","-0.89%"
"07/23/2019","389.02","388.90","391.98","384.00","523.10K","0.75%"
"07/22/2019","386.14","385.00","389.80","381.00","276.10K","0.23%"
"07/19/2019","385.24","379.00","388.50","371.00","1.34M","2.33%"
"07/18/2019","376.47","377.31","381.45","375.02","203.40K","-0.84%"
"07/17/2019","379.65","382.00","390.30","376.15","445.40K","0.25%"
"07/16/2019","378.70","370.50","381.24","370.50","518.70K","2.30%"
"07/15/2019","370.20","383.00","383.00","369.25","373.10K","-2.19%"
"07/12/2019","378.48","380.00","382.70","378.00","721.30K","-0.62%"
"07/11/2019","380.83","382.00","382.50","379.03","98.40K","-0.10%"
"07/10/2019","381.23","383.50","388.00","377.05","648.10K","0.63%"
"07/09/2019","378.85","377.00","384.00","375.01","441.80K","0.80%"
"07/08/2019","375.85","380.11","386.00","374.00","243.60K","-0.71%"
"07/05/2019","378.52","383.00","383.00","375.55","428.90K","-1.55%"
"07/04/2019","384.47","399.98","400.90","381.55","1.10M","-2.97%"
"07/03/2019","396.23","384.00","399.01","383.00","841.10K","3.28%"
"07/02/2019","383.66","377.95","386.00","376.51","358.40K","1.66%"
"07/01/2019","377.41","380.00","380.50","375.02","48.20K","-0.80%"
"06/28/2019","380.47","373.00","385.00","368.00","606.50K","1.96%"
"06/27/2019","373.17","381.00","386.00","370.30","1.16M","-1.98%"
"06/26/2019","380.69","380.00","383.00","376.01","1.21M","0.55%"
"06/25/2019","378.60","387.00","389.00","371.00","1.50M","-1.78%"
"06/24/2019","385.47","404.00","405.75","385.47","889.90K","-5.00%"
"06/21/2019","405.75","405.01","409.50","404.20","289.70K","-0.13%"
"06/20/2019","406.27","404.98","413.95","402.02","924.20K","1.21%"
"06/19/2019","401.42","401.00","405.80","400.00","154.20K","0.18%"
"06/18/2019","400.70","406.90","413.00","398.00","658.30K","-1.96%"
"06/17/2019","408.69","419.00","419.00","407.00","689.80K","-2.02%"
"06/14/2019","417.12","407.00","420.99","401.31","1.62M","3.75%"
"06/13/2019","402.03","391.00","409.00","387.10","865.40K","2.98%"
"06/12/2019","390.41","367.01","401.50","367.01","1.06M","1.12%"
"06/11/2019","386.08","383.25","392.00","378.00","707.00K","-1.76%"
"06/10/2019","392.99","409.91","409.91","391.96","855.80K","-4.75%"
"06/03/2019","412.58","422.00","425.00","410.00","298.60K","-2.65%"
"05/30/2019","423.81","438.99","442.64","414.00","1.92M","0.52%"
"05/29/2019","421.60","406.00","421.60","406.00","738.00K","5.00%"
"05/28/2019","401.53","405.00","407.99","392.05","1.21M","-0.85%"
"05/27/2019","404.99","405.00","409.90","402.00","666.20K","0.04%"
"05/24/2019","404.81","390.00","409.89","386.00","1.13M","3.01%"
"05/23/2019","393.00","378.00","393.00","377.00","1.18M","5.00%"
"05/22/2019","374.29","365.00","374.29","363.50","205.30K","5.00%"
"05/21/2019","356.47","345.99","362.50","339.50","921.40K","3.03%"
"05/20/2019","345.99","344.00","350.00","332.30","1.21M","0.50%"
"05/17/2019","344.27","351.00","351.50","339.01","1.49M","-1.90%"
"05/16/2019","350.94","361.00","361.00","345.15","279.90K","-2.54%"
"05/15/2019","360.07","360.00","368.00","358.00","303.00K","1.02%"
"05/14/2019","356.44","357.01","361.00","351.10","320.60K","-0.25%"
"05/13/2019","357.32","368.01","375.00","353.50","1.46M","-2.10%"
"05/10/2019","364.99","362.00","367.60","362.00","346.60K","-0.05%"
"05/09/2019","365.19","361.00","373.01","359.00","472.00K","1.75%"
"05/08/2019","358.91","360.00","363.00","353.50","864.60K","-0.58%"
"05/07/2019","360.99","368.60","369.99","360.00","180.80K","-2.06%"
"05/06/2019","368.59","382.00","382.10","366.82","464.70K","-4.17%"
"05/03/2019","384.62","387.89","388.49","384.00","605.10K","-0.64%"
"05/02/2019","387.11","388.00","391.40","385.07","520.30K","-0.33%"
"04/30/2019","388.40","388.99","394.00","385.00","1.03M","-0.72%"
"04/29/2019","391.23","400.00","411.20","390.00","1.41M","-1.16%"
"04/26/2019","395.83","378.99","396.17","378.99","966.30K","4.91%"
"04/25/2019","377.31","376.00","381.50","374.25","338.20K","0.87%"
"04/24/2019","374.06","374.51","383.00","371.00","402.10K","0.13%"
"04/23/2019","373.59","381.00","382.49","367.50","784.30K","-2.16%"
"04/22/2019","381.82","389.95","394.00","380.00","368.20K","-1.65%"
"04/19/2019","388.22","387.03","397.00","385.00","408.60K","0.25%"
"04/18/2019","387.26","394.50","397.95","376.30","558.80K","-1.71%"
"04/17/2019","394.01","398.51","399.00","391.02","292.40K","-0.88%"
"04/16/2019","397.52","396.37","403.98","395.00","688.20K","0.16%"
"04/15/2019","396.90","400.00","409.00","392.50","1.41M","0.21%"
"04/12/2019","396.05","378.50","396.44","375.05","717.70K","4.89%"
"04/11/2019","377.57","370.01","384.00","365.01","624.50K","2.15%"
"04/10/2019","369.63","389.85","390.00","369.34","786.90K","-4.92%"
"04/09/2019","388.77","397.00","402.00","379.10","1.09M","-2.28%"
"04/08/2019","397.84","416.75","416.75","397.25","1.01M","-4.86%"
"04/05/2019","418.15","414.05","422.00","414.05","403.60K","0.10%"
"04/04/2019","417.74","426.00","427.00","416.50","283.10K","-1.85%"
"04/03/2019","425.62","420.50","427.79","414.00","493.50K","1.64%"
"04/02/2019","418.76","417.00","423.50","414.00","664.90K","0.20%"
"04/01/2019","417.92","425.00","425.90","416.03","521.00K","-2.41%"
"03/29/2019","428.24","424.99","432.90","418.53","639.10K","1.31%"
"03/28/2019","422.70","435.98","435.98","421.00","626.80K","-3.05%"
"03/27/2019","436.00","421.40","439.00","417.00","1.26M","3.89%"
"03/26/2019","419.66","417.87","423.00","413.00","405.10K","0.43%"
"03/25/2019","417.87","432.82","433.00","415.51","446.20K","-2.78%"
"03/22/2019","429.82","433.66","436.50","427.51","270.00K","-0.83%"
"03/21/2019","433.43","435.00","440.00","426.67","427.60K","-0.34%"
"03/20/2019","434.92","434.01","440.00","433.30","344.70K","-0.25%"
"03/19/2019","436.00","447.49","448.00","435.00","308.80K","-2.12%"
"03/18/2019","445.45","437.16","448.00","433.00","796.50K","2.38%"
"03/15/2019","435.09","450.12","455.00","433.00","791.30K","-4.19%"
"03/14/2019","454.13","461.00","462.00","453.01","334.80K","-1.56%"
"03/13/2019","461.31","463.00","466.00","460.75","159.80K","-0.53%"
"03/12/2019","463.76","462.00","464.70","457.00","276.80K","0.66%"
"03/11/2019","460.74","463.99","466.00","460.00","211.50K","0.17%"
"03/08/2019","459.95","467.00","467.25","456.57","449.10K","-1.56%"
"03/07/2019","467.25","477.00","480.00","465.30","483.40K","-1.29%"
"03/06/2019","473.36","469.74","483.00","469.74","508.60K","0.80%"
"03/05/2019","469.62","469.50","475.01","467.10","139.70K","-0.53%"
"03/04/2019","472.14","469.00","473.00","467.66","155.40K","0.54%"
"03/01/2019","469.61","467.99","476.00","467.50","585.50K","0.61%"
"02/28/2019","466.74","468.90","475.00","460.00","649.80K","0.32%"
"02/27/2019","465.26","460.01","473.50","443.86","1.46M","-0.42%"
"02/26/2019","467.22","479.00","482.89","464.01","818.30K","-3.22%"
"02/25/2019","482.75","489.00","493.00","481.81","324.40K","-1.86%"
"02/22/2019","491.92","490.00","497.40","490.00","204.40K","-0.49%"
"02/21/2019","494.35","489.00","497.50","486.10","791.60K","1.12%"
"02/20/2019","488.88","485.00","490.00","478.15","590.30K","1.48%"
"02/19/2019","481.74","479.26","484.00","475.00","627.60K","0.94%"
"02/18/2019","477.26","485.15","487.00","473.00","333.80K","-1.68%"
"02/15/2019","485.41","487.00","492.55","482.02","353.30K","-0.41%"
"02/14/2019","487.43","492.01","493.00","483.00","603.20K","-1.20%"
"02/13/2019","493.33","502.80","508.00","490.10","1.64M","-0.65%"
"02/12/2019","496.54","478.99","499.50","475.52","932.70K","3.81%"
"02/11/2019","478.31","495.10","496.00","475.25","695.80K","-2.62%"
"02/08/2019","491.18","498.75","506.89","489.00","725.10K","-1.08%"
"02/07/2019","496.53","503.98","503.99","495.31","422.40K","-1.44%"
"02/06/2019","503.81","504.99","513.00","502.30","1.48M","0.05%"
"02/04/2019","503.54","482.00","504.94","482.00","1.45M","4.71%"
"02/01/2019","480.91","465.10","484.00","465.10","856.90K","2.48%"
"01/31/2019","469.27","467.30","473.00","465.00","464.20K","0.31%"
"01/30/2019","467.82","473.97","473.97","467.05","174.80K","-0.52%"
"01/29/2019","470.26","466.08","473.00","466.08","446.40K","0.38%"
"01/28/2019","468.46","464.00","471.40","464.00","300.70K","0.70%"
"01/25/2019","465.19","463.60","470.00","462.00","296.60K","-0.68%"
"01/24/2019","468.36","478.00","478.00","460.00","821.60K","2.07%"
"01/23/2019","458.85","460.10","464.95","455.40","307.10K","-0.08%"
"01/22/2019","459.22","455.00","461.99","453.20","321.20K","0.71%"
"01/21/2019","455.99","463.00","466.00","454.00","229.90K","-1.61%"
"01/18/2019","463.44","467.00","467.40","461.50","312.10K","-0.63%"
"01/17/2019","466.37","462.00","467.50","452.01","552.80K","1.13%"
"01/16/2019","461.15","469.20","469.20","460.02","239.50K","-1.69%"
"01/15/2019","469.08","468.00","471.45","465.00","427.40K","0.30%"
"01/14/2019","467.68","462.00","471.00","461.00","388.40K","1.97%"
"01/11/2019","458.65","462.50","463.01","454.00","509.70K","-0.80%"
"01/10/2019","462.36","462.01","464.50","459.01","372.60K","0.05%"
"01/09/2019","462.13","472.00","473.50","460.00","560.20K","-1.76%"
"01/08/2019","470.39","466.00","475.00","463.00","1.29M","1.97%"
"01/07/2019","461.29","447.97","463.79","446.99","1.38M","4.43%"
"01/04/2019","441.71","442.00","452.00","433.80","1.16M","-0.11%"
"01/03/2019","442.20","437.01","445.89","436.11","863.80K","0.65%"
"01/02/2019","439.36","455.10","461.50","432.50","1.53M","-3.45%"
"01/01/2019","455.06","430.51","456.40","430.00","803.80K","4.69%"
"12/31/2018","434.67","458.00","458.00","432.79","2.73M","-4.59%"
"12/28/2018","455.56","465.73","465.73","450.00","618.25K","-2.18%"
"12/27/2018","465.73","486.00","486.00","462.21","419.70K","-3.49%"
"12/26/2018","482.59","487.00","488.88","481.00","297.55K","-0.63%"
"12/24/2018","485.65","485.00","489.00","482.00","241.00K","-0.25%"
"12/21/2018","486.88","485.00","500.00","480.00","899.00K","-0.02%"
"12/20/2018","487.00","482.00","489.80","480.30","272.40K","1.24%"
"12/19/2018","481.02","476.00","483.95","476.00","283.15K","0.68%"
"12/18/2018","477.75","483.01","487.00","476.00","296.60K","-1.36%"
"12/17/2018","484.34","485.00","489.00","481.15","309.45K","0.02%"
"12/14/2018","484.23","480.48","486.00","480.48","414.65K","1.22%"
"12/13/2018","478.41","477.99","482.00","473.50","375.90K","0.41%"
"12/12/2018","476.44","478.00","481.00","471.50","938.20K","-1.19%"
"12/11/2018","482.20","476.10","489.99","472.00","956.35K","0.36%"
"12/10/2018","480.48","477.00","486.40","475.10","1.04M","2.32%"
"12/07/2018","469.59","450.10","472.00","449.53","1.27M","4.46%"
"12/06/2018","449.53","459.90","464.00","445.75","955.05K","-2.07%"
"12/05/2018","459.01","464.00","465.00","446.01","1.01M","-0.76%"
"12/04/2018","462.52","445.77","472.49","445.77","3.87M","-1.43%"
"12/03/2018","469.23","475.01","475.01","469.23","751.80K","-5.00%"
"11/30/2018","493.92","513.31","520.48","491.72","11.19M","-4.57%"
"11/29/2018","517.59","519.00","520.42","510.02","433.35K","0.50%"
"11/28/2018","515.04","521.00","523.48","514.01","1.08M","-0.80%"
"11/27/2018","519.20","522.00","525.00","517.00","631.80K","-0.31%"
"11/26/2018","520.82","540.00","540.00","518.00","1.55M","-2.18%"
"11/23/2018","532.44","510.00","534.05","510.00","1.61M","4.68%"
"11/22/2018","508.62","506.27","517.50","502.66","1.28M","0.46%"
"11/20/2018","506.27","501.01","508.00","496.00","1.14M","1.08%"
"11/19/2018","500.87","506.67","507.50","498.00","727.30K","-1.14%"
"11/16/2018","506.67","500.00","510.00","496.00","2.20M","1.91%"
"11/15/2018","497.17","485.90","505.00","480.01","1.37M","3.04%"
"11/14/2018","482.48","452.00","492.25","452.00","2.75M","2.92%"
"11/13/2018","468.81","469.01","474.40","457.50","594.10K","-0.24%"
"11/12/2018","469.96","489.99","489.99","468.00","499.90K","-3.70%"
"11/09/2018","488.03","488.90","491.01","477.00","480.60K","0.66%"
"11/08/2018","484.82","496.00","501.90","481.07","761.70K","-1.93%"
"11/07/2018","494.37","488.99","495.09","481.00","1.24M","4.85%"
"11/06/2018","471.52","483.99","485.00","464.00","446.05K","-2.48%"
"11/05/2018","483.52","497.00","497.00","474.00","765.65K","-2.92%"
"11/02/2018","498.08","487.00","508.00","487.00","1.58M","2.37%"
"11/01/2018","486.53","495.00","495.00","485.01","778.65K","-2.10%"
"10/31/2018","496.95","500.00","509.00","493.51","1.51M","-1.93%"
"10/30/2018","506.72","508.00","511.00","497.00","1.10M","2.35%"
"10/29/2018","495.08","480.00","495.08","480.00","539.45K","5.00%"
"10/26/2018","471.51","446.30","471.51","442.00","561.90K","5.00%"
"10/25/2018","449.06","449.00","449.06","435.00","1.15M","5.00%"
"10/24/2018","427.68","427.68","427.68","427.68","99.40K","5.00%"
"10/23/2018","407.32","424.85","425.00","403.61","687.95K","-4.13%"
"10/22/2018","424.85","441.00","444.00","422.00","561.35K","-2.32%"
"10/19/2018","434.93","420.00","437.00","410.50","410.15K","3.63%"
"10/18/2018","419.69","416.80","430.89","410.00","590.30K","1.20%"
"10/17/2018","414.71","399.90","415.66","395.00","512.75K","4.76%"
"10/16/2018","395.87","405.97","417.49","390.00","549.75K","-3.33%"
"10/15/2018","409.51","406.00","416.90","404.61","663.50K","-3.85%"
"10/12/2018","425.90","445.00","445.00","425.90","506.50K","-5.00%"
"10/11/2018","448.31","466.00","467.00","446.08","457.05K","-4.52%"
"10/10/2018","469.55","466.00","479.90","439.10","858.75K","1.98%"
"10/09/2018","460.45","459.00","475.00","451.12","480.20K","0.89%"
"10/08/2018","456.38","479.99","484.00","456.38","507.90K","-5.00%"
"10/05/2018","480.40","491.01","494.99","470.35","488.05K","-2.60%"
"10/04/2018","493.20","500.00","502.00","488.10","178.15K","-1.52%"
"10/03/2018","500.83","500.03","504.99","498.21","106.60K","-0.80%"
"10/02/2018","504.87","508.00","510.00","502.19","157.15K","-0.46%"
"10/01/2018","507.20","502.69","510.87","502.36","85.80K","-1.12%"
"09/28/2018","512.94","508.00","515.50","504.00","448.20K","0.98%"
"09/27/2018","507.98","496.11","510.75","489.93","400.10K","2.36%"
"09/26/2018","496.29","505.00","509.80","492.00","661.55K","-1.21%"
"09/25/2018","502.36","496.00","509.00","494.00","154.80K","1.61%"
"09/24/2018","494.41","511.30","511.30","492.00","153.50K","-3.31%"
"09/19/2018","511.32","518.00","518.00","507.00","243.80K","-1.01%"
"09/18/2018","516.53","488.02","516.75","486.00","719.70K","4.95%"
"09/17/2018","492.15","501.11","502.00","486.70","148.05K","-2.48%"
"09/14/2018","504.64","500.99","517.00","500.99","508.80K","1.31%"
"09/13/2018","498.10","481.00","504.00","476.00","409.20K","2.64%"
"09/12/2018","485.30","504.00","505.15","478.00","459.70K","-4.47%"
"09/11/2018","507.99","507.70","516.01","505.01","261.30K","-0.09%"
"09/10/2018","508.45","512.00","516.40","500.11","253.20K","-0.70%"
"09/07/2018","512.04","524.03","533.75","508.00","297.30K","-2.36%"
"09/06/2018","524.43","535.00","537.00","520.02","254.80K","-2.73%"
"09/05/2018","539.16","543.02","543.02","530.00","252.45K","-0.79%"
"09/04/2018","543.43","539.00","545.00","534.95","256.15K","1.12%"
"09/03/2018","537.42","540.78","540.95","528.00","350.90K","-0.62%"
"08/31/2018","540.78","551.40","556.00","536.50","946.50K","-1.94%"
"08/30/2018","551.49","570.00","573.00","546.00","964.05K","-3.23%"
"08/29/2018","569.90","582.88","582.88","568.00","597.70K","-1.67%"
"08/28/2018","579.58","584.00","590.00","577.80","491.45K","-0.70%"
"08/27/2018","583.66","579.79","589.80","575.06","348.50K","0.99%"
"08/24/2018","577.95","578.00","582.00","572.00","327.15K","0.09%"
"08/20/2018","577.41","574.00","586.00","573.07","848.30K","1.20%"
"08/17/2018","570.57","561.99","575.00","558.44","520.45K","2.17%"
"08/16/2018","558.44","567.70","570.49","555.30","421.30K","-1.80%"
"08/15/2018","568.66","561.01","579.50","561.01","685.90K","0.33%"
"08/13/2018","566.79","570.00","572.39","564.00","245.55K","-0.66%"
"08/10/2018","570.58","560.00","576.85","560.00","1.08M","1.40%"
"08/09/2018","562.68","551.98","565.00","545.01","1.32M","2.58%"
"08/08/2018","548.54","561.95","562.99","545.00","893.35K","-1.64%"
"08/07/2018","557.70","547.25","565.00","540.00","1.02M","2.05%"
"08/06/2018","546.51","530.50","549.00","529.00","288.10K","2.63%"
"08/03/2018","532.50","535.00","535.50","528.50","225.55K","-0.86%"
"08/02/2018","537.14","553.98","556.00","534.90","487.30K","-3.00%"
"08/01/2018","553.75","546.25","559.98","545.01","843.00K","0.50%"
"07/31/2018","550.98","575.00","575.01","548.00","1.29M","-4.42%"
"07/30/2018","576.47","555.00","576.47","555.00","1.35M","5.00%"
"07/27/2018","549.02","527.00","550.00","527.00","842.60K","4.48%"
"07/26/2018","525.48","524.00","528.60","515.50","535.20K","3.26%"
"07/24/2018","508.91","496.00","512.00","494.00","649.30K","3.54%"
"07/23/2018","491.50","501.01","504.48","490.02","399.95K","-2.97%"
"07/20/2018","506.56","515.00","515.99","504.10","472.25K","-2.14%"
"07/19/2018","517.66","510.00","521.45","510.00","1.10M","4.06%"
"07/18/2018","497.47","482.94","500.90","479.10","647.80K","4.19%"
"07/17/2018","477.45","460.10","483.00","457.00","578.60K","3.19%"
"07/16/2018","462.71","485.00","489.00","461.02","303.25K","-4.15%"
"07/13/2018","482.75","479.98","492.00","478.00","210.25K","0.42%"
"07/12/2018","480.71","480.21","487.00","474.10","96.80K","0.11%"
"07/11/2018","480.20","478.88","489.98","470.71","244.05K","1.43%"
"07/10/2018","473.41","467.00","479.00","454.25","314.30K","1.22%"
"07/09/2018","467.70","488.99","489.00","464.10","351.05K","-3.43%"
"07/06/2018","484.30","487.50","491.99","480.00","184.55K","-0.32%"
"07/05/2018","485.84","476.00","489.88","474.00","280.55K","2.94%"
"07/04/2018","471.96","491.00","491.00","469.76","645.00K","-4.54%"
"07/03/2018","494.40","493.50","502.00","485.50","269.20K","0.05%"
"07/02/2018","494.13","510.94","516.80","489.12","427.65K","-2.72%"
"06/29/2018","507.93","514.70","520.45","505.50","294.30K","-0.75%"
"06/28/2018","511.76","492.16","513.76","482.00","840.80K","4.59%"
"06/27/2018","489.30","483.00","496.00","480.00","375.00K","2.41%"
"06/26/2018","477.77","475.00","493.50","475.00","426.85K","0.28%"
"06/25/2018","476.45","499.99","505.00","475.28","477.35K","-4.77%"
"06/22/2018","500.29","509.00","523.00","500.00","321.75K","-2.34%"
"06/21/2018","512.26","512.01","518.48","500.26","397.10K","-1.20%"
"06/20/2018","518.48","536.99","536.99","515.00","421.20K","-3.21%"
"06/19/2018","535.70","544.99","549.00","532.00","237.40K","-1.17%"
"06/14/2018","542.02","549.30","555.00","540.00","306.45K","-0.59%"
"06/13/2018","545.22","545.00","558.00","538.05","269.30K","-0.31%"
"06/12/2018","546.89","562.58","565.00","543.00","141.05K","-2.79%"
"06/11/2018","562.58","580.00","583.00","552.50","309.95K","-2.86%"
"06/07/2018","579.15","569.90","586.00","563.01","691.70K","2.39%"
"06/06/2018","565.63","557.95","574.00","552.25","551.35K","2.30%"
"06/05/2018","552.94","549.99","556.00","546.60","911.00K","0.44%"
"06/04/2018","550.53","547.00","554.00","545.01","547.40K","0.91%"
"06/01/2018","545.56","543.00","547.00","540.20","37.70K","-0.13%"
"05/31/2018","546.28","544.00","553.99","540.21","358.85K","0.51%"
"05/30/2018","543.49","554.94","555.99","542.00","145.20K","-1.69%"
"05/29/2018","552.86","545.00","554.00","542.00","178.25K","2.43%"
"05/28/2018","539.74","535.00","554.90","530.00","694.20K","0.10%"
"05/25/2018","539.19","545.00","548.50","536.10","62.70K","-1.40%"
"05/24/2018","546.82","560.00","561.00","545.50","144.05K","-2.81%"
"05/23/2018","562.65","568.50","570.00","560.08","182.30K","-1.21%"
"05/22/2018","569.55","565.00","572.00","558.00","320.85K","1.82%"
"05/21/2018","559.38","560.00","568.00","551.10","81.95K","0.46%"
"05/18/2018","556.83","568.00","569.68","554.00","130.00K","-2.26%"
"05/17/2018","569.68","577.00","579.00","565.10","106.05K","-2.11%"
"05/16/2018","581.98","590.00","595.00","581.00","75.40K","-1.52%"
"05/15/2018","590.98","591.01","603.00","582.00","381.40K","-1.68%"
"05/14/2018","601.06","619.56","619.56","595.01","187.90K","-3.10%"
"05/11/2018","620.31","628.94","635.00","614.30","318.65K","-1.02%"
"05/10/2018","626.69","634.70","639.87","620.05","436.75K","0.37%"
"05/09/2018","624.35","634.50","634.50","615.01","357.50K","-1.39%"
"05/08/2018","633.14","630.00","639.75","624.00","195.70K","0.16%"
"05/07/2018","632.11","649.00","649.00","630.00","235.75K","-2.61%"
"05/04/2018","649.06","657.00","660.00","645.05","216.55K","-1.15%"
"05/03/2018","656.64","653.00","662.90","649.00","243.35K","0.50%"
"05/02/2018","653.36","658.00","660.00","651.01","69.45K","-1.19%"
"04/30/2018","661.20","653.05","667.00","648.50","413.85K","1.47%"
"04/27/2018","651.64","665.00","665.99","650.10","203.95K","-1.84%"
"04/26/2018","663.85","661.01","667.00","657.00","103.40K","0.50%"
"04/25/2018","660.55","665.00","674.45","659.00","74.95K","-0.73%"
"04/24/2018","665.39","654.00","676.00","654.00","267.85K","2.29%"
"04/23/2018","650.48","652.00","658.00","644.50","179.90K","-0.41%"
"04/20/2018","653.18","678.50","678.50","650.00","278.45K","-2.07%"
"04/19/2018","667.00","678.02","681.00","663.01","224.40K","-1.68%"
"04/18/2018","678.39","687.24","699.48","675.00","241.80K","-1.33%"
"04/17/2018","687.55","677.00","694.99","668.60","284.35K","1.90%"
"04/16/2018","674.74","676.00","686.00","670.01","183.40K","-1.46%"
"04/13/2018","684.77","696.00","707.00","681.00","624.70K","-2.47%"
"04/12/2018","702.09","709.00","709.00","699.12","80.95K","-1.08%"
"04/11/2018","709.77","705.00","713.88","705.00","120.75K","-0.16%"
"04/10/2018","710.92","716.00","716.01","709.00","58.55K","-0.05%"
"04/09/2018","711.31","717.00","720.50","710.00","68.10K","-0.64%"
"04/06/2018","715.86","725.00","725.00","714.00","431.15K","-0.18%"
"04/05/2018","717.16","714.50","723.85","713.50","120.30K","0.16%"
"04/04/2018","716.03","718.00","731.80","712.10","445.95K","-0.83%"
"04/03/2018","722.02","723.00","729.90","712.00","508.20K","-0.16%"
"04/02/2018","723.19","705.00","724.00","697.00","1.25M","4.87%"
"03/30/2018","689.62","689.90","697.00","675.00","651.45K","0.18%"
"03/29/2018","688.40","681.01","689.99","681.00","559.05K","1.39%"
"03/28/2018","678.99","670.00","685.00","660.05","826.85K","1.46%"
"03/27/2018","669.25","665.00","684.00","665.00","508.85K","0.54%"
"03/26/2018","665.65","660.05","669.99","652.00","560.40K","0.62%"
"03/22/2018","661.53","644.90","669.99","641.50","806.90K","3.30%"
"03/21/2018","640.40","643.00","648.00","638.05","120.90K","-0.24%"
"03/20/2018","641.93","630.00","644.00","630.00","170.05K","1.90%"
"03/19/2018","629.95","631.00","634.99","627.00","71.15K","0.53%"
"03/16/2018","626.64","636.00","636.00","623.00","322.05K","-1.23%"
"03/15/2018","634.44","641.00","641.00","633.00","67.10K","-0.71%"
"03/14/2018","639.00","644.50","645.00","638.00","125.35K","-1.55%"
"03/13/2018","649.07","650.00","654.00","643.00","256.15K","-0.05%"
"03/12/2018","649.39","635.00","653.00","634.00","342.75K","2.55%"
"03/09/2018","633.26","633.94","636.88","627.05","141.75K","0.53%"
"03/08/2018","629.91","631.08","642.00","628.01","255.80K","-1.37%"
"03/07/2018","638.64","646.00","649.00","637.05","288.75K","-1.54%"
"03/06/2018","648.63","654.99","671.00","646.00","375.05K","-0.58%"
"03/05/2018","652.43","648.00","655.00","640.00","384.90K","1.31%"
"03/02/2018","643.99","639.00","648.85","632.01","297.30K","2.09%"
"03/01/2018","630.78","600.00","630.78","596.00","574.45K","5.00%"
"02/28/2018","600.75","591.00","603.00","589.99","375.35K","1.97%"
"02/27/2018","589.15","591.00","596.00","584.00","335.55K","-0.19%"
"02/26/2018","590.26","608.94","608.94","582.50","331.80K","-1.73%"
"02/23/2018","600.65","604.00","612.50","598.00","339.05K","-0.41%"
"02/22/2018","603.15","592.00","610.00","580.00","420.20K","1.82%"
"02/21/2018","592.38","610.00","612.50","586.50","182.75K","-1.48%"
"02/20/2018","601.29","604.88","606.12","592.00","303.25K","0.65%"
"02/19/2018","597.39","586.02","601.00","586.02","195.65K","1.94%"
"02/16/2018","586.02","574.00","590.00","574.00","100.35K","2.16%"
"02/15/2018","573.64","587.20","598.00","570.10","263.50K","-2.27%"
"02/14/2018","586.94","603.00","603.00","585.00","322.70K","-2.41%"
"02/13/2018","601.46","614.60","614.60","597.01","217.55K","-1.13%"
"02/12/2018","608.31","611.50","618.50","605.00","251.40K","-0.44%"
"02/09/2018","611.01","616.02","618.88","608.01","707.50K","-1.45%"
"02/08/2018","619.98","630.12","638.00","618.00","222.05K","-1.56%"
"02/07/2018","629.82","622.87","635.00","622.87","364.75K","2.17%"
"02/06/2018","616.45","628.50","628.50","601.13","266.85K","-2.58%"
"02/02/2018","632.76","636.00","645.00","629.00","708.50K","-0.36%"
"02/01/2018","635.04","614.95","640.99","613.00","411.25K","3.22%"
"01/31/2018","615.21","631.83","633.58","610.05","401.65K","-2.63%"
"01/30/2018","631.83","639.52","643.01","625.06","219.15K","-1.20%"
"01/29/2018","639.52","655.00","656.00","633.05","392.50K","-2.88%"
"01/26/2018","658.49","669.00","669.00","639.95","302.70K","-1.22%"
"01/25/2018","666.64","676.00","676.00","660.00","376.25K","-1.62%"
"01/24/2018","677.64","655.00","678.25","645.01","742.70K","4.90%"
"01/23/2018","645.96","641.00","648.00","635.00","571.80K","1.17%"
"01/22/2018","638.49","621.50","641.00","620.25","547.30K","3.01%"
"01/19/2018","619.86","610.00","622.00","604.00","309.65K","2.05%"
"01/18/2018","607.38","613.90","619.90","594.50","805.00K","0.27%"
"01/17/2018","605.74","608.95","609.45","596.50","326.35K","0.87%"
"01/16/2018","600.52","586.40","609.67","580.00","1.04M","3.42%"
"01/15/2018","580.64","571.00","585.00","571.00","438.40K","0.23%"
"01/12/2018","579.30","582.00","585.00","572.00","686.15K","-0.01%"
"01/11/2018","579.36","584.25","590.00","571.81","615.60K","-0.78%"
"01/10/2018","583.89","571.50","590.00","566.20","540.65K","2.33%"
"01/09/2018","570.57","572.00","576.00","559.99","509.80K","-0.74%"
"01/08/2018","574.85","580.00","585.00","571.00","425.20K","-0.01%"
"01/05/2018","574.90","560.00","578.00","559.99","476.50K","2.94%"
"01/04/2018","558.49","545.00","563.95","540.00","857.90K","2.82%"
"01/03/2018","543.19","540.48","552.00","535.00","656.35K","0.50%"
"01/02/2018","540.48","520.00","544.00","517.00","806.95K","3.36%"
"01/01/2018","522.93","515.00","528.00","507.00","129.90K","1.07%"
"12/29/2017","517.41","518.00","525.47","509.99","1.23M","-0.02%"
"12/28/2017","517.50","502.00","519.99","502.00","888.65K","3.45%"
"12/27/2017","500.25","476.56","500.38","478.80","1.77M","4.97%"
"12/26/2017","476.56","476.00","492.00","460.05","743.80K","0.29%"
"12/22/2017","475.18","452.00","475.21","452.00","1.37M","4.99%"
"12/21/2017","452.59","444.98","456.99","443.20","439.60K","1.25%"
"12/20/2017","447.01","452.00","459.00","440.51","324.45K","-0.91%"
"12/19/2017","451.13","436.20","454.50","435.01","879.15K","1.20%"
"12/18/2017","445.80","454.99","455.00","443.07","593.55K","-1.98%"
"12/15/2017","454.81","470.00","471.00","451.20","997.00K","-3.00%"
"12/14/2017","468.88","473.20","473.98","465.00","74.65K","-1.16%"
"12/13/2017","474.38","470.10","478.00","462.00","218.85K","1.11%"
"12/12/2017","469.17","470.00","473.01","463.00","311.25K","-0.95%"
"12/11/2017","473.65","485.11","494.90","470.00","237.25K","-3.96%"
"12/08/2017","493.18","490.00","500.00","489.00","231.80K","0.31%"
"12/07/2017","491.65","501.50","501.50","487.00","89.75K","-2.34%"
"12/06/2017","503.41","502.00","505.00","499.00","147.35K","0.70%"
"12/05/2017","499.90","497.05","508.30","498.00","684.25K","-0.17%"
"12/04/2017","500.77","493.00","501.10","492.00","213.25K","1.24%"
"11/30/2017","494.65","499.00","504.00","490.00","997.00K","0.03%"
"11/29/2017","494.52","493.00","496.50","492.00","143.50K","0.38%"
"11/28/2017","492.67","504.00","505.00","486.60","213.65K","-2.40%"
"11/27/2017","504.81","495.00","508.50","498.00","148.30K","-0.94%"
"11/24/2017","509.58","513.00","516.99","502.00","145.70K","-0.71%"
"11/23/2017","513.24","511.00","516.00","505.15","151.10K","0.72%"
"11/22/2017","509.59","508.10","516.00","503.00","235.35K","0.61%"
"11/21/2017","506.51","501.05","516.00","505.00","275.15K","-0.23%"
"11/20/2017","507.67","507.55","514.00","506.00","162.85K","-0.74%"
"11/17/2017","511.46","518.90","518.90","504.99","214.50K","-1.21%"
"11/16/2017","517.73","519.00","522.01","514.00","87.75K","-0.01%"
"11/15/2017","517.80","517.00","528.14","515.00","547.95K","0.34%"
"11/14/2017","516.05","524.01","528.00","512.01","311.40K","0.30%"
"11/13/2017","514.51","515.00","522.00","510.00","84.15K","-0.06%"
"11/10/2017","514.83","534.00","534.00","512.00","191.20K","-3.18%"
"11/09/2017","531.74","537.00","542.00","527.00","466.20K","-0.02%"
"11/08/2017","531.84","516.90","535.00","515.00","510.10K","2.84%"
"11/07/2017","517.13","513.00","520.50","513.00","787.00K","1.09%"
"11/06/2017","511.55","505.00","518.00","497.02","349.00K","0.23%"
"11/03/2017","510.36","495.00","515.00","488.99","276.50K","2.12%"
"11/02/2017","499.76","500.00","504.99","497.00","100.85K","-0.62%"
"11/01/2017","502.90","485.88","505.00","486.83","374.25K","3.30%"
"10/31/2017","486.83","505.00","505.00","484.75","1.04M","-4.59%"
"10/30/2017","510.26","540.00","540.00","510.26","242.60K","-5.00%"
"10/27/2017","537.11","540.00","542.00","530.00","74.30K","-0.57%"
"10/26/2017","540.18","539.99","550.35","537.00","486.00K","0.61%"
"10/25/2017","536.93","525.09","539.00","518.00","218.20K","2.25%"
"10/24/2017","525.09","524.00","530.00","513.50","207.85K","0.26%"
"10/23/2017","523.71","550.00","552.00","521.02","284.65K","-4.39%"
"10/20/2017","547.74","549.95","557.00","540.05","1.36M","0.57%"
"10/19/2017","544.62","526.00","548.34","526.00","1.72M","4.29%"
"10/18/2017","522.23","501.50","526.03","495.10","538.25K","4.24%"
"10/17/2017","500.99","513.98","520.00","498.00","298.35K","-1.44%"
"10/16/2017","508.32","488.00","508.41","488.00","529.60K","4.98%"
"10/13/2017","484.20","490.00","498.00","480.50","584.00K","-3.37%"
"10/12/2017","501.11","508.00","513.00","492.00","440.30K","-1.20%"
"10/11/2017","507.21","510.00","517.00","495.07","409.60K","0.02%"
"10/10/2017","507.09","520.00","525.00","505.00","236.90K","-2.69%"
"10/09/2017","521.09","527.01","530.00","520.00","260.45K","-1.37%"
"10/06/2017","528.31","515.50","531.00","515.50","1.73M","2.61%"
"10/05/2017","514.87","520.00","528.00","511.00","473.65K","-0.28%"
"10/04/2017","516.29","519.00","531.00","503.00","381.65K","-1.28%"
"10/03/2017","522.98","555.00","559.00","522.98","425.50K","-5.00%"
"10/02/2017","550.50","563.99","570.00","548.00","105.05K","-2.60%"
"09/29/2017","565.18","575.00","576.00","561.02","249.05K","-1.24%"
"09/28/2017","572.25","571.08","580.11","570.10","173.45K","-1.04%"
"09/27/2017","578.25","560.25","590.00","560.25","38.20K","-1.60%"
"09/26/2017","587.63","594.50","599.00","584.00","115.00K","-1.06%"
"09/25/2017","593.91","597.90","601.00","588.06","117.60K","0.26%"
"09/22/2017","592.37","597.45","601.00","590.00","50.45K","-0.56%"
"09/21/2017","595.68","599.00","599.97","590.35","50.15K","-0.65%"
"09/20/2017","599.59","602.00","605.00","596.25","343.90K","-0.01%"
"09/19/2017","599.65","600.00","605.50","593.00","75.55K","-0.07%"
"09/18/2017","600.08","615.00","624.89","598.54","212.50K","-2.25%"
"09/15/2017","613.89","613.64","616.99","604.00","385.60K","1.10%"
"09/14/2017","607.22","599.00","610.00","598.00","363.85K","1.28%"
"09/13/2017","599.57","588.00","603.09","588.00","102.20K","2.55%"
"09/12/2017","584.68","593.00","595.00","575.25","179.95K","-0.47%"
"09/11/2017","587.44","591.10","603.00","585.11","133.85K","-1.46%"
"09/08/2017","596.15","580.00","598.00","580.00","171.35K","3.68%"
"09/07/2017","574.98","587.00","593.99","565.01","269.90K","-2.90%"
"09/06/2017","592.18","608.94","617.00","590.00","205.60K","-1.79%"
"09/05/2017","602.95","588.50","617.00","588.50","412.30K","1.00%"
"08/31/2017","597.00","615.00","617.98","590.15","343.75K","-2.72%"
"08/30/2017","613.68","602.78","626.50","602.00","447.15K","1.81%"
"08/29/2017","602.78","615.00","615.00","590.01","218.50K","-1.74%"
"08/28/2017","613.44","626.80","637.00","607.00","46.55K","-1.16%"
"08/25/2017","620.64","614.00","625.00","592.50","346.80K","3.87%"
"08/24/2017","597.54","613.99","618.80","585.00","197.25K","-1.91%"
"08/23/2017","609.19","603.00","614.00","603.00","187.10K","1.08%"
"08/22/2017","602.71","623.82","610.00","593.00","275.90K","-3.39%"
"08/21/2017","623.87","657.00","657.00","623.82","139.90K","-4.99%"
"08/18/2017","656.65","655.01","660.00","637.37","140.85K","-0.06%"
"08/17/2017","657.06","663.00","674.90","652.00","179.30K","-1.08%"
"08/16/2017","664.22","672.00","680.00","660.00","201.90K","-1.25%"
"08/15/2017","672.65","702.00","704.30","668.00","362.50K","-2.50%"
"08/11/2017","689.92","703.90","703.90","688.00","47.00K","-1.19%"
"08/10/2017","698.26","687.99","710.00","687.99","133.55K","1.25%"
"08/09/2017","689.64","697.50","700.00","687.50","430.00K","-1.07%"
"08/08/2017","697.10","700.00","701.90","695.00","246.05K","-1.26%"
"08/07/2017","706.02","724.89","724.89","705.00","100.25K","-1.96%"
"08/04/2017","720.17","728.00","730.00","720.00","361.50K","-0.42%"
"08/03/2017","723.19","725.00","731.40","721.00","528.65K","0.13%"
"08/02/2017","722.22","706.00","727.40","705.99","856.80K","2.77%"
"08/01/2017","702.74","715.00","715.00","695.16","673.10K","-0.72%"
"07/31/2017","707.85","716.00","729.90","705.00","839.85K","-0.50%"
"07/28/2017","711.44","735.00","742.00","708.73","1.55M","-4.64%"
"07/27/2017","746.03","753.10","756.48","744.00","49.60K","-0.86%"
"07/26/2017","752.53","755.00","757.00","751.00","115.10K","-0.30%"
"07/25/2017","754.82","759.00","762.50","752.10","148.25K","-0.44%"
"07/24/2017","758.16","761.00","765.50","752.00","70.55K","0.03%"
"07/21/2017","757.90","751.00","765.00","749.00","144.65K","-0.37%"
"07/20/2017","760.73","760.70","779.00","760.00","240.45K","0.00%"
"07/19/2017","760.71","772.00","781.00","756.00","127.50K","-1.43%"
"07/18/2017","771.72","746.26","775.00","746.00","141.85K","3.41%"
"07/17/2017","746.26","734.99","751.00","730.00","137.00K","1.53%"
"07/14/2017","735.00","722.50","749.00","719.99","246.00K","1.80%"
"07/13/2017","722.01","718.00","735.00","708.56","396.10K","0.86%"
"07/12/2017","715.86","730.00","737.00","706.00","466.10K","-3.61%"
"07/11/2017","742.69","749.00","759.00","742.69","377.75K","-5.00%"
"07/10/2017","781.77","748.00","788.50","721.00","414.00K","3.78%"
"07/07/2017","753.31","746.00","760.00","740.00","93.60K","0.07%"
"07/06/2017","752.81","773.00","774.00","742.00","322.35K","-2.43%"
"07/05/2017","771.52","775.00","793.00","762.00","276.10K","-2.09%"
"07/04/2017","787.99","794.20","804.00","775.00","210.60K","-0.81%"
"07/03/2017","794.45","830.00","830.00","794.45","193.55K","-5.00%"
"06/30/2017","836.26","840.00","849.49","835.00","169.30K","-0.97%"
"06/29/2017","844.43","832.00","860.01","830.00","561.00K","1.52%"
"06/22/2017","831.75","807.00","834.90","807.00","432.20K","4.27%"
"06/21/2017","797.71","785.00","816.00","765.00","632.90K","1.18%"
"06/20/2017","788.41","816.00","816.98","777.10","636.45K","-3.45%"
"06/19/2017","816.55","835.00","835.00","811.21","693.30K","-1.12%"
"06/16/2017","825.79","820.00","830.00","818.00","381.25K","0.54%"
"06/15/2017","821.35","840.00","847.99","818.00","337.60K","-2.93%"
"06/14/2017","846.15","857.00","860.00","842.00","222.65K","-1.18%"
"06/13/2017","856.29","829.98","862.00","829.98","504.35K","3.63%"
"06/12/2017","826.33","832.50","846.00","820.00","324.90K","-3.76%"
"06/09/2017","858.61","862.35","864.50","852.00","327.00K","-0.43%"
"06/08/2017","862.31","860.10","868.50","859.00","299.85K","-0.25%"
"06/07/2017","864.44","861.00","865.00","853.60","446.05K","0.62%"
"06/06/2017","859.08","852.50","865.00","839.99","764.75K","1.43%"
"06/05/2017","846.95","834.99","853.00","825.00","691.90K","3.47%"
"06/02/2017","818.58","807.00","830.00","794.52","1.23M","-0.06%"
"06/01/2017","819.09","864.00","866.00","816.26","3.05M","-4.67%"
"05/31/2017","859.22","899.00","900.00","856.52","7.59M","-4.70%"
"05/30/2017","901.60","930.10","933.90","881.00","1.37M","-2.61%"
"05/29/2017","925.72","950.00","954.00","918.00","1.08M","-2.81%"
"05/26/2017","952.45","963.00","969.00","945.02","431.90K","-0.94%"
"05/25/2017","961.51","965.00","978.00","957.01","614.60K","-0.20%"
"05/24/2017","963.40","960.00","972.00","954.99","674.80K","1.04%"
"05/23/2017","953.48","946.05","970.00","946.05","721.60K","0.80%"
"05/22/2017","945.87","944.99","957.50","942.50","576.00K","0.53%"
"05/19/2017","940.85","954.00","955.00","938.01","328.15K","-1.14%"
"05/18/2017","951.70","973.90","973.90","950.00","376.45K","-1.56%"
"05/17/2017","966.79","973.99","978.89","959.00","864.35K","-0.28%"
"05/16/2017","969.49","1,004.00","1,005.00","968.00","582.90K","-2.24%"
"05/15/2017","991.70","1,000.00","1,004.99","990.00","677.05K","-0.30%"
"05/12/2017","994.65","988.00","1,000.00","982.00","399.80K","0.68%"
"05/11/2017","987.94","975.00","990.00","973.00","155.50K","1.79%"
"05/10/2017","970.52","980.00","998.00","955.10","300.35K","-0.89%"
"05/09/2017","979.19","971.00","1,001.00","966.00","845.80K","2.00%"
"05/08/2017","959.96","948.99","965.00","940.00","1.29M","2.43%"
"05/05/2017","937.21","903.00","942.99","902.99","356.05K","3.87%"
"05/04/2017","902.28","894.90","909.00","888.00","613.20K","2.06%"
"05/03/2017","884.06","885.00","902.00","880.00","567.85K","-0.15%"
"05/02/2017","885.38","881.00","895.00","880.00","143.50K","0.38%"
"04/28/2017","881.99","876.00","887.00","876.00","483.15K","0.41%"
"04/27/2017","878.42","884.69","890.99","876.00","260.00K","-0.71%"
"04/26/2017","884.69","890.00","890.00","875.00","467.10K","-0.39%"
"04/25/2017","888.18","892.00","895.00","868.00","498.90K","-0.43%"
"04/24/2017","891.98","895.00","903.85","890.00","394.50K","-0.03%"
"04/21/2017","892.27","871.25","905.00","871.25","796.35K","2.56%"
"04/20/2017","869.99","860.00","897.34","857.00","738.05K","1.80%"
"04/19/2017","854.61","845.40","869.00","843.00","653.70K","0.17%"
"04/18/2017","853.17","858.00","858.00","850.00","343.90K","-0.56%"
"04/17/2017","858.00","870.00","870.00","849.00","286.35K","-1.07%"
"04/14/2017","867.30","855.00","870.00","855.00","76.50K","0.81%"
"04/13/2017","860.34","860.50","863.00","855.01","110.95K","-0.38%"
"04/12/2017","863.59","872.00","872.00","861.00","148.70K","-0.89%"
"04/11/2017","871.36","870.00","875.00","869.00","161.10K","0.66%"
"04/10/2017","865.68","861.00","875.00","861.00","268.35K","-0.08%"
"04/07/2017","866.37","849.55","873.00","849.55","143.00K","1.98%"
"04/06/2017","849.55","844.99","851.00","844.00","222.35K","0.17%"
"04/05/2017","848.15","843.00","851.20","842.00","163.90K","0.95%"
"04/04/2017","840.19","836.00","847.00","836.00","244.40K","0.03%"
"04/03/2017","839.91","840.00","848.98","836.01","118.35K","0.30%"
"03/31/2017","837.39","843.99","843.99","828.99","251.55K","-0.83%"
"03/30/2017","844.37","864.90","864.90","841.10","428.85K","-1.20%"
"03/29/2017","854.61","871.85","876.50","852.00","235.40K","-1.71%"
"03/28/2017","869.45","875.00","878.00","865.00","188.75K","-1.01%"
"03/27/2017","878.33","884.90","889.00","870.00","403.20K","-0.50%"
"03/24/2017","882.75","894.00","895.00","880.10","173.15K","-1.19%"
"03/22/2017","893.42","890.01","897.00","890.00","82.90K","0.34%"
"03/21/2017","890.38","897.40","897.40","888.01","188.75K","-0.33%"
"03/20/2017","893.34","890.00","895.00","886.00","150.65K","0.70%"
"03/17/2017","887.15","870.11","895.00","870.11","149.10K","1.44%"
"03/16/2017","874.56","875.00","876.01","872.11","140.80K","-0.19%"
"03/15/2017","876.26","880.00","882.00","875.00","557.55K","0.13%"
"03/14/2017","875.14","889.00","889.00","865.20","1.04M","-0.65%"
"03/13/2017","880.89","890.00","890.00","876.00","76.60K","-0.81%"
"03/10/2017","888.06","885.00","896.99","877.75","273.40K","0.17%"
"03/09/2017","886.52","875.00","890.00","874.99","258.50K","1.38%"
"03/08/2017","874.46","877.00","879.00","869.00","273.70K","-0.50%"
"03/07/2017","878.84","877.00","886.00","872.25","109.30K","-0.26%"
"03/06/2017","881.12","874.99","885.00","872.35","248.40K","1.17%"
"03/03/2017","870.89","875.00","875.00","867.70","1.14M","-0.67%"
"03/02/2017","876.76","870.00","889.99","865.10","397.90K","1.72%"
"03/01/2017","861.96","875.00","875.00","860.01","178.80K","-0.93%"
"02/28/2017","870.08","878.00","878.00","866.01","102.05K","-0.51%"
"02/27/2017","874.50","884.00","884.00","869.50","107.80K","-0.35%"
"02/24/2017","877.55","870.01","910.00","865.00","481.60K","-0.27%"
"02/23/2017","879.94","874.00","882.45","870.01","178.95K","0.17%"
"02/22/2017","878.43","870.00","884.00","870.00","441.40K","1.05%"
"02/21/2017","869.33","861.00","873.00","852.10","181.20K","0.51%"
"02/20/2017","864.94","865.00","872.99","861.51","150.95K","-0.34%"
"02/17/2017","867.89","861.90","870.00","856.44","404.35K","0.78%"
"02/16/2017","861.14","854.72","865.00","853.50","397.10K","0.75%"
"02/15/2017","854.72","858.25","868.90","848.00","316.85K","-1.04%"
"02/14/2017","863.68","861.00","866.00","861.00","398.10K","0.12%"
"02/13/2017","862.68","860.00","868.00","860.00","308.25K","0.25%"
"02/10/2017","860.56","854.00","863.00","853.01","334.50K","0.67%"
"02/09/2017","854.86","850.45","877.50","850.00","528.35K","0.05%"
"02/08/2017","854.44","861.00","864.00","850.00","97.65K","-0.48%"
"02/07/2017","858.60","858.00","864.98","855.77","267.20K","-0.09%"
"02/06/2017","859.41","855.00","863.00","854.00","201.05K","0.43%"
"02/03/2017","855.69","841.25","860.00","841.25","163.90K","0.38%"
"02/02/2017","852.46","840.15","862.00","840.00","313.45K","0.90%"
"02/01/2017","844.88","845.00","853.80","839.99","534.95K","1.05%"
"01/31/2017","836.11","854.00","855.99","829.50","506.95K","-2.00%"
"01/30/2017","853.21","885.00","885.00","847.00","268.15K","-3.12%"
"01/27/2017","880.71","900.00","901.00","872.00","211.30K","-0.95%"
"01/26/2017","889.18","879.12","895.00","878.50","295.55K","1.14%"
"01/25/2017","879.12","879.50","885.00","877.00","149.15K","0.16%"
"01/24/2017","877.70","875.21","883.99","871.01","283.65K","0.28%"
"01/23/2017","875.22","871.50","880.90","871.50","130.80K","0.31%"
"01/20/2017","872.51","870.00","879.00","869.99","280.90K","0.64%"
"01/19/2017","866.93","857.10","874.00","857.10","317.35K","1.26%"
"01/18/2017","856.13","860.00","865.11","854.00","167.10K","0.28%"
"01/17/2017","853.71","882.00","882.00","849.01","310.20K","-3.23%"
"01/16/2017","882.23","875.00","895.00","867.09","220.40K","0.62%"
"01/13/2017","876.78","881.67","885.00","875.00","171.45K","-0.55%"
"01/12/2017","881.67","885.00","900.00","875.34","347.95K","-0.59%"
"01/11/2017","886.87","875.00","895.95","871.00","441.95K","1.97%"
"01/10/2017","869.71","860.00","877.90","860.00","148.55K","0.67%"
"01/09/2017","863.95","855.11","876.00","855.11","283.05K","-0.54%"
"01/06/2017","868.68","873.50","873.50","862.05","250.60K","-0.43%"
"01/05/2017","872.45","870.00","877.98","866.01","270.60K","0.16%"
"01/04/2017","871.05","867.00","882.50","866.00","431.90K","-0.03%"
"01/03/2017","871.32","846.00","875.00","846.00","402.35K","2.22%"
"01/02/2017","852.39","868.50","869.85","847.01","489.75K","-1.60%"
"12/30/2016","866.26","845.00","873.00","845.00","587.10K","2.44%"
"12/29/2016","845.62","843.00","854.98","837.00","634.85K","0.63%"
"12/28/2016","840.29","836.50","853.00","835.50","423.50K","1.08%"
"12/27/2016","831.32","829.00","835.00","825.00","91.35K","0.85%"
"12/26/2016","824.28","819.38","835.05","817.12","170.60K","0.60%"
"12/23/2016","819.38","829.99","830.00","818.00","106.40K","-0.51%"
"12/22/2016","823.54","820.00","834.00","820.00","200.40K","0.43%"
"12/21/2016","820.02","836.50","836.50","811.88","740.50K","-1.21%"
"12/20/2016","830.07","830.00","841.00","823.95","280.20K","0.40%"
"12/19/2016","826.73","835.20","842.00","824.01","203.75K","-0.86%"
"12/16/2016","833.91","845.25","865.00","822.00","784.85K","-1.34%"
"12/15/2016","845.25","871.00","875.00","842.00","414.65K","-3.03%"
"12/14/2016","871.64","865.00","882.99","848.00","537.25K","0.55%"
"12/13/2016","866.88","878.87","890.00","860.00","588.50K","1.26%"
"12/09/2016","856.08","856.08","856.08","852.10","684.25K","5.00%"
"12/08/2016","815.32","779.60","815.32","764.00","840.90K","5.00%"
"12/07/2016","776.50","746.89","781.00","746.89","1.02M","4.00%"
"12/06/2016","746.67","741.90","763.80","740.20","1.45M","1.02%"
"12/05/2016","739.13","730.00","745.00","730.00","186.55K","0.72%"
"12/02/2016","733.84","734.00","734.00","720.01","269.55K","0.40%"
"12/01/2016","730.93","735.00","736.00","727.00","125.45K","0.04%"
"11/30/2016","730.66","735.00","741.90","725.88","222.70K","-1.17%"
"11/29/2016","739.34","735.49","748.00","730.00","139.90K","0.80%"
"11/28/2016","733.49","741.50","750.00","728.00","442.20K","-0.94%"
"11/25/2016","740.46","735.00","752.90","729.00","318.45K","1.44%"
"11/24/2016","729.93","723.50","735.00","723.01","236.95K","0.54%"
"11/23/2016","726.01","732.90","732.90","720.00","280.45K","-0.27%"
"11/22/2016","727.98","725.00","733.91","725.00","317.55K","0.27%"
"11/21/2016","726.04","737.99","737.99","723.50","192.30K","-0.52%"
"11/18/2016","729.80","740.00","750.00","725.00","403.35K","-1.10%"
"11/17/2016","737.88","716.99","746.95","712.10","731.55K","2.97%"
"11/16/2016","716.60","715.00","722.00","710.32","371.25K","0.37%"
"11/15/2016","713.98","714.00","717.00","710.25","142.75K","0.31%"
"11/14/2016","711.78","734.00","749.99","704.00","613.05K","-2.05%"
"11/11/2016","726.68","700.00","737.00","698.08","934.30K","3.21%"
"11/10/2016","704.11","695.99","706.80","695.00","212.55K","1.76%"
"11/09/2016","691.96","691.50","697.00","680.00","222.90K","-1.49%"
"11/08/2016","702.45","712.00","720.00","698.00","397.80K","-1.10%"
"11/07/2016","710.23","712.99","712.99","706.00","121.70K","0.01%"
"11/04/2016","710.18","700.00","712.00","700.00","204.45K","1.39%"
"11/03/2016","700.41","700.00","705.00","696.60","298.90K","-0.59%"
"11/02/2016","704.55","712.00","715.00","701.01","695.10K","-0.08%"
"11/01/2016","705.08","671.00","705.08","670.00","364.25K","5.00%"
"10/31/2016","671.51","664.90","676.00","660.00","99.10K","0.80%"
"10/28/2016","666.21","655.00","668.00","654.00","82.90K","0.86%"
"10/27/2016","660.56","660.00","665.00","658.00","179.00K","0.19%"
"10/26/2016","659.33","665.00","676.00","654.00","212.50K","-0.81%"
"10/25/2016","664.70","660.00","668.80","654.00","107.35K","0.47%"
"10/24/2016","661.59","661.00","671.00","660.50","76.00K","-0.52%"
"10/21/2016","665.08","672.00","674.00","663.00","129.80K","-0.74%"
"10/20/2016","670.01","675.00","685.00","664.90","254.70K","-0.05%"
"10/19/2016","670.33","679.98","679.98","669.25","144.65K","-0.40%"
"10/18/2016","672.99","684.60","684.60","671.10","152.60K","-1.69%"
"10/17/2016","684.55","700.00","700.00","665.01","101.70K","-1.99%"
"10/14/2016","698.44","699.89","707.00","696.00","191.15K","-0.31%"
"10/13/2016","700.61","694.00","707.03","688.00","249.15K","0.92%"
"10/10/2016","694.21","706.00","706.00","692.50","200.60K","-1.49%"
"10/07/2016","704.69","719.00","722.00","700.50","191.85K","-2.16%"
"10/06/2016","720.26","716.00","723.00","714.00","152.10K","0.60%"
"10/05/2016","715.94","721.00","747.00","711.00","411.40K","0.19%"
"10/04/2016","714.57","718.10","720.00","708.00","404.45K","0.49%"
"10/03/2016","711.11","680.00","711.12","678.00","961.50K","5.00%"
"09/30/2016","677.26","686.99","689.98","675.00","264.10K","-1.34%"
"09/29/2016","686.48","687.96","692.00","681.00","316.45K","0.18%"
"09/28/2016","685.23","681.00","688.00","675.00","154.35K","0.43%"
"09/27/2016","682.28","685.00","688.10","679.00","230.30K","-0.51%"
"09/26/2016","685.78","681.20","690.00","677.50","272.15K","0.66%"
"09/23/2016","681.30","670.00","686.00","666.00","437.70K","2.08%"
"09/22/2016","667.41","655.01","670.00","655.01","84.50K","1.57%"
"09/21/2016","657.10","655.01","662.50","652.10","61.55K","-0.21%"
"09/20/2016","658.45","655.00","662.50","655.00","76.15K","-0.21%"
"09/19/2016","659.86","655.10","664.90","654.00","111.45K","-0.07%"
"09/16/2016","660.32","650.00","668.00","650.00","181.60K","1.35%"
"09/15/2016","651.55","655.00","660.00","651.00","37.35K","-0.77%"
"09/09/2016","656.61","665.00","665.00","651.00","209.20K","-0.63%"
"09/08/2016","660.75","666.00","666.00","655.00","220.95K","-0.27%"
"09/07/2016","662.55","665.00","668.50","656.10","229.05K","1.04%"
"09/06/2016","655.74","645.00","663.00","639.50","412.45K","1.71%"
"09/05/2016","644.73","663.50","664.90","642.00","414.15K","-2.52%"
"09/02/2016","661.38","680.00","684.89","660.00","480.75K","-2.81%"
"09/01/2016","680.52","690.05","693.99","677.00","227.65K","-1.84%"
"08/31/2016","693.30","700.00","701.00","688.01","249.25K","-0.62%"
"08/30/2016","697.64","700.00","705.00","696.10","81.70K","-0.81%"
"08/29/2016","703.32","713.40","713.50","701.99","64.80K","-0.63%"
"08/26/2016","707.75","703.91","712.00","700.60","204.20K","1.01%"
"08/25/2016","700.67","695.00","704.50","692.60","453.55K","1.09%"
"08/24/2016","693.14","696.00","698.00","691.01","49.40K","-0.32%"
"08/23/2016","695.37","698.99","700.70","690.10","220.90K","-0.49%"
"08/22/2016","698.77","697.00","692.79","692.79","77.25K","0.33%"
"08/19/2016","696.49","695.06","704.50","690.00","222.95K","-0.95%"
"08/18/2016","703.14","715.00","715.00","701.00","99.65K","-1.07%"
"08/17/2016","710.74","706.01","714.99","706.01","313.30K","0.69%"
"08/16/2016","705.85","699.54","723.00","699.54","436.60K","0.96%"
"08/15/2016","699.13","700.01","704.78","697.00","68.00K","-0.06%"
"08/12/2016","699.52","702.00","711.00","695.10","128.75K","-0.43%"
"08/11/2016","702.52","709.99","711.98","701.51","131.45K","-0.40%"
"08/10/2016","705.36","687.00","706.99","687.00","582.55K","2.72%"
"08/09/2016","686.69","689.99","694.11","685.00","427.85K","-0.42%"
"08/08/2016","689.60","694.00","694.00","682.01","188.45K","0.23%"
"08/05/2016","688.05","693.00","698.00","685.00","440.45K","-1.05%"
"08/04/2016","695.34","705.01","711.50","691.00","354.50K","-1.43%"
"08/03/2016","705.45","714.00","715.00","703.15","209.50K","-0.94%"
"08/02/2016","712.14","740.00","740.00","704.98","763.10K","-3.74%"
"08/01/2016","739.78","749.89","749.99","735.00","134.45K","-0.32%"
"07/29/2016","742.14","735.00","744.50","735.00","249.00K","1.57%"
"07/28/2016","730.69","719.00","735.00","719.00","411.25K","1.64%"
"07/27/2016","718.90","685.00","720.00","685.00","404.00K","2.54%"
"07/26/2016","701.11","702.00","704.00","698.50","61.55K","-0.08%"
"07/25/2016","701.65","705.00","712.00","698.00","158.55K","-0.59%"
"07/22/2016","705.78","712.00","714.50","703.00","158.30K","-0.20%"
"07/21/2016","707.20","685.50","709.00","685.50","847.40K","2.51%"
"07/20/2016","689.91","684.10","695.00","684.10","198.45K","-0.01%"
"07/19/2016","689.99","691.99","692.47","685.39","132.65K","-0.05%"
"07/18/2016","690.31","692.00","695.50","684.00","120.40K","0.29%"
"07/15/2016","688.31","693.00","694.98","682.00","320.85K","-0.23%"
"07/14/2016","689.87","680.98","695.90","677.00","338.40K","1.32%"
"07/13/2016","680.87","688.00","688.95","677.50","533.05K","-0.59%"
"07/12/2016","684.89","670.00","692.00","667.00","1.33M","2.66%"
"07/11/2016","667.12","640.16","671.01","640.16","743.60K","3.48%"
"07/04/2016","644.71","646.00","656.00","640.30","167.75K","-0.59%"
"06/30/2016","648.51","637.00","657.00","637.00","458.40K","1.89%"
"06/29/2016","636.45","620.00","638.99","620.00","149.60K","4.03%"
"06/28/2016","611.82","615.00","622.99","608.00","1.08M","0.09%"
"06/27/2016","611.26","625.00","625.12","609.50","865.40K","-2.26%"
"06/24/2016","625.37","613.00","633.00","605.00","984.50K","-1.64%"
"06/23/2016","635.81","640.00","641.01","633.00","128.10K","-0.98%"
"06/22/2016","642.11","648.00","662.00","638.00","401.00K","-1.03%"
"06/21/2016","648.81","653.05","660.00","647.01","125.00K","-0.49%"
"06/20/2016","652.01","664.99","664.99","650.25","223.10K","-1.69%"
"06/17/2016","663.19","656.40","664.90","656.00","213.70K","0.57%"
"06/16/2016","659.43","652.00","666.25","651.10","877.70K","0.24%"
"06/15/2016","657.86","658.39","658.39","640.00","1.73M","4.92%"
"06/14/2016","627.04","609.90","632.09","608.00","454.40K","3.94%"
"06/13/2016","603.29","610.00","610.00","599.00","400.90K","-1.11%"
"06/10/2016","610.04","623.89","623.89","607.15","148.20K","-1.54%"
"06/09/2016","619.60","621.00","623.00","618.05","249.10K","-0.38%"
"06/08/2016","621.96","623.00","627.00","619.90","151.70K","-0.50%"
"06/07/2016","625.08","613.35","627.00","612.00","157.00K","1.91%"
"06/06/2016","613.35","619.00","620.00","608.96","116.40K","-0.99%"
"06/03/2016","619.49","614.95","624.90","610.10","512.10K","1.84%"
"06/02/2016","608.31","599.00","612.95","596.00","449.50K","2.05%"
"06/01/2016","596.07","595.25","599.50","592.00","131.80K","0.30%"
"05/31/2016","594.28","583.05","596.90","583.05","281.10K","1.79%"
"05/30/2016","583.81","596.20","600.00","582.25","417.30K","-2.51%"
"05/27/2016","598.87","600.00","605.00","595.00","122.10K","0.23%"
"05/26/2016","597.48","597.00","599.00","595.00","115.00K","-0.11%"
"05/25/2016","598.11","601.00","602.00","597.00","120.30K","-0.70%"
"05/24/2016","602.30","605.50","605.50","600.00","39.30K","-0.48%"
"05/23/2016","605.20","606.50","609.00","601.00","150.60K","0.47%"
"05/20/2016","602.36","602.50","606.95","601.99","91.80K","-0.09%"
"05/19/2016","602.88","598.00","609.75","596.00","208.70K","1.06%"
"05/18/2016","596.53","596.90","599.00","592.06","276.40K","0.45%"
"05/17/2016","593.87","603.99","603.99","591.00","193.60K","-1.19%"
"05/16/2016","601.04","600.20","603.99","598.99","54.20K","0.06%"
"05/13/2016","600.70","600.00","604.85","596.00","271.80K","0.01%"
"05/12/2016","600.63","615.00","615.11","599.01","928.00K","-2.42%"
"05/11/2016","615.55","626.00","628.89","612.99","504.70K","-1.37%"
"05/10/2016","624.07","615.00","628.90","609.00","417.30K","1.52%"
"05/09/2016","614.71","611.00","619.90","610.00","629.50K","1.07%"
"05/06/2016","608.20","606.00","625.00","606.00","722.40K","0.66%"
"05/05/2016","604.21","576.50","605.98","576.50","787.70K","4.69%"
"05/04/2016","577.13","544.05","577.13","544.05","522.80K","5.00%"
"05/03/2016","549.65","545.00","553.99","545.00","78.00K","0.97%"
"05/02/2016","544.35","550.00","554.90","542.50","79.50K","-1.19%"
"04/29/2016","550.91","560.00","562.00","547.05","132.60K","-1.85%"
"04/28/2016","561.30","567.55","568.00","560.00","194.90K","-0.47%"
"04/27/2016","563.97","556.00","568.00","555.00","171.70K","1.36%"
"04/26/2016","556.39","542.00","566.00","542.00","206.50K","1.89%"
"04/25/2016","546.09","546.00","549.00","540.00","91.40K","-0.75%"
"04/22/2016","550.22","565.00","565.00","549.00","109.00K","-0.83%"
"04/21/2016","554.82","558.98","561.50","551.55","256.80K","-0.91%"
"04/20/2016","559.92","568.50","571.00","555.55","260.60K","-2.08%"
"04/19/2016","571.83","575.00","577.95","570.20","387.80K","-0.42%"
"04/18/2016","574.26","570.00","576.00","569.00","199.70K","0.06%"
"04/15/2016","573.94","578.60","580.50","571.20","83.50K","-0.58%"
"04/14/2016","577.28","572.00","584.00","572.00","324.50K","0.09%"
"04/13/2016","576.75","571.86","584.00","568.00","286.30K","1.29%"
"04/12/2016","569.43","560.00","570.50","560.00","270.60K","0.28%"
"04/11/2016","567.82","566.00","571.84","565.00","777.00K","0.23%"
"04/08/2016","566.51","565.30","568.50","564.00","95.20K","0.21%"
"04/07/2016","565.30","564.00","567.50","559.90","185.90K","0.21%"
"04/06/2016","564.09","560.00","573.89","559.00","507.10K","1.27%"
"04/05/2016","557.01","556.95","565.50","552.30","604.90K","-0.01%"
"04/04/2016","557.04","545.00","559.90","544.00","617.40K","1.94%"
"04/01/2016","546.44","541.00","547.50","539.00","457.60K","1.55%"
"03/31/2016","538.11","539.00","545.00","537.00","316.60K","0.01%"
"03/30/2016","538.04","539.99","542.50","536.50","286.90K","0.29%"
"03/29/2016","536.50","541.00","541.00","535.55","88.90K","-0.17%"
"03/28/2016","537.43","532.10","541.00","532.10","59.60K","0.54%"
"03/25/2016","534.56","533.50","540.80","532.02","111.50K","0.39%"
"03/24/2016","532.47","532.00","534.00","530.01","96.90K","-0.12%"
"03/22/2016","533.10","536.00","536.00","530.00","314.40K","-0.41%"
"03/21/2016","535.32","533.00","542.79","533.00","216.10K","0.48%"
"03/18/2016","532.75","536.00","541.50","530.21","90.40K","-0.28%"
"03/17/2016","534.22","527.00","537.99","526.99","590.60K","1.65%"
"03/16/2016","525.55","522.00","536.00","520.50","663.10K","0.74%"
"03/15/2016","521.69","520.00","526.00","519.00","453.20K","0.21%"
"03/14/2016","520.62","523.99","526.00","518.50","56.40K","-0.12%"
"03/11/2016","521.27","520.00","524.00","519.00","118.60K","-0.15%"
"03/10/2016","522.04","522.00","525.50","519.99","152.30K","-0.81%"
"03/09/2016","526.28","519.25","528.98","519.25","295.90K","0.50%"
"03/08/2016","523.68","528.00","528.00","518.42","228.80K","-0.29%"
"03/07/2016","525.18","515.00","529.99","515.00","449.10K","2.44%"
"03/04/2016","512.67","514.99","517.00","510.00","237.00K","0.00%"
"03/03/2016","512.67","499.85","519.70","498.10","617.80K","2.50%"
"03/02/2016","500.17","499.99","504.99","497.00","394.40K","0.77%"
"03/01/2016","496.37","490.00","500.00","485.00","245.70K","1.32%"
"02/29/2016","489.89","478.60","495.41","475.10","701.10K","3.83%"
"02/26/2016","471.82","454.00","472.77","452.50","154.30K","4.79%"
"02/25/2016","450.26","450.00","456.00","447.00","199.80K","0.23%"
"02/24/2016","449.21","452.00","461.00","440.11","887.90K","0.07%"
"02/23/2016","448.88","460.00","460.10","443.01","364.70K","-2.10%"
"02/22/2016","458.52","477.01","477.01","454.17","400.00K","-3.88%"
"02/19/2016","477.04","482.01","482.01","475.00","257.10K","-1.29%"
"02/18/2016","483.27","487.25","495.00","480.00","83.30K","-1.16%"
"02/17/2016","488.95","494.00","491.78","488.50","238.40K","-0.37%"
"02/16/2016","490.78","502.50","505.89","486.20","331.10K","-1.93%"
"02/15/2016","500.46","499.00","506.00","491.00","198.00K","1.04%"
"02/12/2016","495.32","505.00","505.49","493.05","194.60K","-2.22%"
"02/11/2016","506.58","511.01","517.00","504.00","109.90K","-0.75%"
"02/10/2016","510.40","519.50","523.00","509.50","157.00K","-1.86%"
"02/09/2016","520.06","526.00","526.00","519.50","125.70K","-1.15%"
"02/08/2016","526.13","518.00","530.99","518.00","285.20K","1.12%"
"02/04/2016","520.31","510.00","524.00","510.00","803.40K","2.75%"
"02/03/2016","506.37","500.00","508.50","498.00","405.80K","0.46%"
"02/02/2016","504.03","498.00","506.50","495.00","284.50K","1.28%"
"02/01/2016","497.65","487.00","499.74","483.00","326.10K","2.55%"
"01/29/2016","485.27","475.00","492.00","475.00","557.00K","2.33%"
"01/28/2016","474.24","478.00","479.00","470.05","269.00K","-0.28%"
"01/27/2016","475.55","482.00","485.79","472.00","176.80K","-1.09%"
"01/26/2016","480.81","475.00","482.00","475.00","113.50K","0.38%"
"01/25/2016","479.00","484.00","484.00","478.00","218.90K","-0.03%"
"01/22/2016","479.14","489.90","489.90","475.50","203.30K","-0.71%"
"01/21/2016","482.55","482.98","488.10","481.01","488.00K","-0.41%"
"01/20/2016","484.54","501.00","508.00","481.00","539.70K","-3.48%"
"01/19/2016","502.02","502.00","505.95","497.04","86.70K","0.06%"
"01/18/2016","501.71","497.10","505.00","475.10","577.60K","0.32%"
"01/15/2016","500.10","503.15","504.50","498.01","196.60K","-0.61%"
"01/14/2016","503.15","505.00","505.00","497.65","293.10K","-0.92%"
"01/13/2016","507.83","507.00","510.05","506.00","163.80K","0.75%"
"01/12/2016","504.06","500.00","508.01","500.00","198.20K","0.78%"
"01/11/2016","500.16","501.98","504.00","498.00","94.00K","-0.36%"
"01/08/2016","501.98","507.99","507.99","500.10","102.60K","-0.87%"
"01/07/2016","506.41","506.00","512.00","505.00","305.10K","-0.46%"
"01/06/2016","508.75","510.00","513.49","508.00","296.40K","0.28%"
"01/05/2016","507.32","500.00","510.00","496.00","347.70K","0.14%"
"01/04/2016","506.61","518.00","518.00","504.00","378.10K","-2.17%"
"01/01/2016","517.83","495.00","519.70","495.00","352.20K","4.60%"
"12/31/2015","495.04","499.00","503.00","492.51","228.30K","-0.71%"
"12/30/2015","498.56","498.00","500.50","494.00","188.40K","0.68%"
"12/29/2015","495.19","494.00","497.42","494.00","127.50K","0.02%"
"12/28/2015","495.10","498.97","501.95","494.55","90.50K","-0.14%"
"12/23/2015","495.80","495.10","499.98","495.30","43.20K","-0.33%"
"12/22/2015","497.46","498.00","499.99","495.96","81.80K","-0.04%"
"12/21/2015","497.64","493.25","499.99","492.00","81.90K","0.42%"
"12/18/2015","495.55","500.00","503.95","494.00","226.40K","-0.88%"
"12/17/2015","499.94","494.00","500.50","494.00","369.00K","1.26%"
"12/16/2015","493.73","488.90","495.89","486.00","216.60K","1.99%"
"12/15/2015","484.11","491.00","492.95","482.00","219.30K","-1.33%"
"12/14/2015","490.65","494.00","494.85","487.01","178.40K","-1.21%"
"12/11/2015","496.67","496.00","499.00","493.05","123.00K","0.19%"
"12/10/2015","495.75","499.75","502.00","495.15","448.80K","-0.26%"
"12/09/2015","497.05","494.00","502.95","494.00","1.10M","0.59%"
"12/08/2015","494.14","490.10","499.40","490.10","266.70K","-0.59%"
"12/07/2015","497.05","494.00","502.90","490.50","359.50K","0.36%"
"12/04/2015","495.26","494.00","498.00","490.01","228.10K","0.86%"
"12/03/2015","491.05","481.00","494.00","481.00","280.70K","1.42%"
"12/02/2015","484.19","476.75","487.20","461.10","677.20K","2.30%"
"12/01/2015","473.30","481.00","488.00","472.00","297.20K","-1.78%"
"11/30/2015","481.86","500.10","500.10","480.50","543.80K","-2.21%"
"11/27/2015","492.76","500.00","501.00","491.15","374.80K","-1.83%"
"11/26/2015","501.96","504.25","507.00","501.02","91.10K","0.34%"
"11/25/2015","500.28","503.05","505.00","500.00","296.00K","-1.47%"
"11/24/2015","507.75","510.00","511.20","507.01","73.60K","-0.39%"
"11/23/2015","509.74","518.00","518.00","509.00","114.30K","-0.94%"
"11/20/2015","514.58","517.21","518.00","513.17","99.90K","-0.95%"
"11/19/2015","519.49","516.48","520.00","515.00","44.50K","0.75%"
"11/18/2015","515.60","518.90","523.98","515.00","78.20K","-0.29%"
"11/17/2015","517.10","517.00","519.98","516.00","82.80K","0.39%"
"11/16/2015","515.10","516.00","522.00","513.01","164.20K","-1.09%"
"11/13/2015","520.79","524.99","525.00","520.00","61.50K","-0.75%"
"11/12/2015","524.72","522.90","527.50","517.00","585.70K","0.71%"
"11/11/2015","521.02","522.99","523.99","519.10","98.50K","-0.39%"
"11/10/2015","523.08","531.99","534.99","522.00","199.20K","-1.29%"
"11/09/2015","529.91","534.50","535.00","529.50","135.50K","-0.98%"
"11/06/2015","535.13","537.90","538.90","535.00","487.60K","-0.01%"
"11/05/2015","535.18","537.00","548.29","534.00","517.50K","-0.44%"
"11/04/2015","537.54","536.00","538.49","533.00","216.20K","0.39%"
"11/03/2015","535.45","537.90","537.90","535.01","19.20K","0.05%"
"11/02/2015","535.16","537.00","538.00","535.00","50.50K","-0.03%"
"10/30/2015","535.34","533.00","541.80","531.00","422.80K","0.37%"
"10/29/2015","533.36","541.00","544.00","530.00","1.39M","-1.24%"
"10/28/2015","540.03","539.00","542.00","537.05","73.00K","0.55%"
"10/27/2015","537.06","535.00","539.97","535.00","51.60K","-0.45%"
"10/26/2015","539.47","543.00","543.49","538.00","313.80K","-0.14%"
"10/22/2015","540.21","537.25","542.00","537.25","53.60K","0.12%"
"10/21/2015","539.58","535.50","544.00","534.00","119.20K","1.03%"
"10/20/2015","534.10","533.00","536.50","533.00","76.50K","0.26%"
"10/19/2015","532.72","536.00","537.00","530.51","331.60K","-0.39%"
"10/16/2015","534.78","535.00","540.00","532.01","125.50K","-1.50%"
"10/15/2015","542.94","539.03","544.95","539.03","118.20K","0.28%"
"10/14/2015","541.40","543.20","544.00","540.35","74.50K","-0.21%"
"10/13/2015","542.54","542.30","551.00","540.06","135.60K","-1.03%"
"10/12/2015","548.21","555.00","555.00","547.01","250.10K","-1.60%"
"10/09/2015","557.10","549.00","564.00","549.00","597.20K","0.86%"
"10/08/2015","552.34","541.06","553.75","540.50","684.40K","1.62%"
"10/07/2015","543.54","540.00","544.40","538.00","95.40K","0.66%"
"10/06/2015","540.00","539.00","545.50","538.01","194.90K","0.46%"
"10/05/2015","537.54","538.02","542.99","535.00","190.70K","-0.16%"
"10/02/2015","538.42","535.00","540.10","534.00","217.50K","0.78%"
"10/01/2015","534.23","525.00","535.00","525.00","325.10K","1.43%"
"09/30/2015","526.70","532.00","535.00","524.00","422.70K","-0.51%"
"09/29/2015","529.40","527.00","533.90","523.00","294.90K","-0.73%"
"09/28/2015","533.31","535.00","538.00","532.00","396.60K","-0.22%"
"09/23/2015","534.51","533.10","537.50","530.01","362.60K","0.27%"
"09/22/2015","533.08","523.00","539.75","523.00","598.40K","2.40%"
"09/21/2015","520.58","516.01","525.00","515.21","99.70K","0.37%"
"09/18/2015","518.64","527.00","527.00","516.40","102.60K","-1.06%"
"09/17/2015","524.18","533.00","534.50","522.50","416.90K","-0.87%"
"09/16/2015","528.80","526.00","530.00","523.04","106.80K","0.48%"
"09/15/2015","526.25","522.00","532.00","516.00","229.90K","0.33%"
"09/14/2015","524.54","528.99","531.99","524.00","73.80K","-0.10%"
"09/11/2015","525.08","529.11","533.00","525.00","66.60K","-0.98%"
"09/10/2015","530.27","533.50","533.50","526.03","151.30K","-0.72%"
"09/09/2015","534.14","535.00","535.01","529.10","450.00K","1.67%"
"09/08/2015","525.36","512.99","528.99","505.00","526.90K","3.38%"
"09/07/2015","508.16","516.90","519.00","501.10","630.00K","-1.94%"
"09/04/2015","518.20","533.00","533.00","512.99","136.60K","-2.51%"
"09/03/2015","531.53","534.50","534.79","530.11","184.20K","0.10%"
"09/02/2015","531.00","528.00","536.75","528.00","119.80K","-0.11%"
"09/01/2015","531.57","527.50","541.00","525.00","1.12M","0.54%"
"08/31/2015","528.73","529.00","530.50","521.05","405.00K","0.11%"
"08/28/2015","528.13","526.50","533.00","525.55","1.41M","0.55%"
"08/27/2015","525.25","520.01","526.85","520.01","345.10K","1.65%"
"08/26/2015","516.70","527.00","527.90","514.00","669.40K","-1.46%"
"08/25/2015","524.37","519.10","527.90","516.00","1.72M","2.11%"
"08/24/2015","513.52","530.10","532.00","513.52","3.72M","-5.00%"
"08/21/2015","540.54","554.50","555.00","538.00","1.03M","-2.57%"
"08/20/2015","554.81","550.50","558.00","551.00","484.40K","0.03%"
"08/19/2015","554.63","547.00","558.50","547.00","529.70K","1.35%"
"08/18/2015","547.25","553.00","558.00","543.50","771.10K","-0.69%"
"08/17/2015","551.04","553.00","559.99","550.05","164.40K","-1.33%"
"08/13/2015","558.48","556.00","562.90","556.00","572.40K","0.29%"
"08/12/2015","556.89","563.97","565.00","553.25","378.10K","-0.88%"
"08/11/2015","561.84","562.50","568.45","558.01","650.80K","0.38%"
"08/10/2015","559.70","564.00","567.00","557.00","393.50K","-0.92%"
"08/07/2015","564.92","570.00","572.00","564.11","137.20K","-0.75%"
"08/06/2015","569.21","572.50","577.50","566.00","380.70K","-0.47%"
"08/05/2015","571.90","566.85","581.00","564.20","853.90K","1.42%"
"08/04/2015","563.88","555.00","565.50","554.10","538.10K","1.38%"
"08/03/2015","556.22","555.00","563.05","553.06","323.50K","0.10%"
"07/31/2015","555.64","555.00","561.00","551.60","406.20K","-0.03%"
"07/30/2015","555.81","553.00","562.49","552.25","466.80K","0.57%"
"07/29/2015","552.66","550.00","555.00","548.12","385.70K","0.89%"
"07/28/2015","547.80","545.00","553.50","545.00","512.10K","0.28%"
"07/27/2015","546.28","560.00","563.35","543.00","434.10K","-2.52%"
"07/24/2015","560.42","565.90","569.00","559.01","478.80K","-0.75%"
"07/23/2015","564.68","575.00","575.00","562.50","288.30K","-1.12%"
"07/22/2015","571.08","580.50","581.00","568.10","375.60K","-1.00%"
"07/16/2015","576.82","570.00","581.00","570.00","645.80K","1.31%"
"07/15/2015","569.34","577.00","583.90","561.00","1.06M","-2.24%"
"07/14/2015","582.38","588.00","592.00","577.12","546.10K","-1.29%"
"07/13/2015","590.01","564.79","592.40","562.00","594.50K","4.57%"
"07/10/2015","564.24","562.00","571.50","561.10","478.20K","0.82%"
"07/09/2015","559.64","573.00","573.49","556.25","1.23M","-2.66%"
"07/08/2015","574.94","580.01","584.00","568.00","643.70K","-0.89%"
"07/07/2015","580.10","580.00","594.00","577.00","782.50K","0.53%"
"07/06/2015","577.02","557.68","585.55","557.68","1.49M","3.47%"
"07/03/2015","557.68","547.90","564.90","545.21","678.90K","3.31%"
"07/02/2015","539.83","523.99","548.00","521.00","2.07M","3.43%"
"07/01/2015","521.91","520.99","523.50","517.00","398.30K","0.44%"
"06/30/2015","519.62","515.01","524.39","515.01","955.50K","0.75%"
"06/29/2015","515.75","507.02","516.99","505.99","454.50K","1.59%"
"06/26/2015","507.67","502.50","514.39","500.00","843.50K","1.41%"
"06/25/2015","500.61","499.98","507.45","495.50","852.60K","0.42%"
"06/24/2015","498.54","492.00","503.00","491.99","374.40K","1.31%"
"06/23/2015","492.08","493.00","500.02","491.00","649.00K","-0.39%"
"06/22/2015","493.99","499.80","498.00","487.00","543.60K","-1.20%"
"06/19/2015","500.01","505.00","505.00","499.06","188.80K","-0.53%"
"06/18/2015","502.66","514.00","516.99","500.30","819.00K","-1.60%"
"06/17/2015","510.82","520.00","520.00","509.26","564.30K","-1.66%"
"06/16/2015","519.42","519.20","521.50","515.00","287.00K","0.10%"
"06/15/2015","518.88","519.00","528.00","518.00","574.80K","-0.15%"
"06/12/2015","519.64","523.00","524.90","518.00","543.10K","-0.52%"
"06/11/2015","522.34","519.01","525.00","517.79","604.90K","0.59%"
"06/10/2015","519.28","510.50","525.99","505.01","1.13M","1.24%"
"06/09/2015","512.92","513.40","523.99","511.00","1.27M","1.03%"
"06/08/2015","507.69","478.00","507.69","462.00","1.17M","5.00%"
"06/05/2015","483.52","483.50","486.00","481.56","389.90K","0.21%"
"06/04/2015","482.53","483.85","485.95","480.50","818.80K","0.17%"
"06/03/2015","481.72","479.00","485.99","476.71","1.53M","0.68%"
"06/02/2015","478.46","469.00","480.00","469.00","2.99M","2.77%"
"06/01/2015","465.55","451.50","468.00","450.90","2.25M","3.47%"
"05/29/2015","449.95","448.00","456.50","447.00","1.76M","0.70%"
"05/28/2015","446.84","447.00","450.00","444.52","253.30K","-0.48%"
"05/27/2015","448.99","450.00","453.50","446.00","1.07M","0.82%"
"05/26/2015","445.35","449.44","450.90","443.50","350.70K","-0.79%"
"05/25/2015","448.89","455.99","456.98","447.01","498.50K","1.24%"
"05/22/2015","443.38","444.50","445.50","441.05","108.80K","-0.07%"
"05/21/2015","443.70","444.99","445.02","442.01","179.50K","-0.02%"
"05/20/2015","443.81","447.00","448.00","440.40","480.30K","-0.48%"
"05/19/2015","445.93","451.00","452.00","445.00","362.10K","-1.01%"
"05/18/2015","450.47","456.00","456.90","447.52","330.80K","-1.07%"
"05/15/2015","455.33","458.00","460.99","446.95","898.50K","-0.16%"
"05/14/2015","456.05","459.00","461.45","454.11","253.20K","0.02%"
"05/13/2015","455.94","457.90","465.96","454.25","379.80K","-0.82%"
"05/12/2015","459.69","446.00","464.89","446.00","891.50K","1.64%"
"05/11/2015","452.28","475.00","475.00","452.28","870.50K","-5.00%"
"05/08/2015","476.08","480.01","484.48","474.71","228.70K","-0.80%"
"05/07/2015","479.91","487.00","487.00","479.00","257.30K","-1.31%"
"05/06/2015","486.30","484.94","490.10","483.05","294.00K","0.67%"
"05/05/2015","483.05","485.00","485.50","480.21","138.30K","-1.08%"
"05/04/2015","488.34","488.00","495.10","482.00","513.40K","0.23%"
"04/30/2015","487.22","477.61","489.90","476.50","375.00K","1.30%"
"04/29/2015","480.95","485.00","486.50","479.13","248.30K","-0.54%"
"04/28/2015","483.58","487.00","490.00","482.00","143.90K","-0.72%"
"04/27/2015","487.11","491.05","492.00","486.00","231.10K","-0.28%"
"04/24/2015","488.49","493.00","498.00","487.11","506.90K","-0.86%"
"04/23/2015","492.75","493.98","503.90","489.00","1.28M","1.31%"
"04/22/2015","486.39","476.00","488.80","471.00","702.90K","2.50%"
"04/21/2015","474.52","478.01","483.00","466.00","587.40K","-1.09%"
"04/20/2015","479.75","483.50","492.00","477.00","1.40M","0.66%"
"04/17/2015","476.61","460.00","479.80","457.51","1.90M","4.28%"
"04/16/2015","457.03","461.50","461.70","452.01","2.10M","-0.32%"
"04/15/2015","458.52","465.58","468.95","455.05","758.90K","-1.26%"
"04/14/2015","464.35","472.00","472.00","456.60","663.00K","-1.31%"
"04/13/2015","470.51","476.60","477.00","468.58","845.60K","-1.51%"
"04/10/2015","477.71","473.90","484.40","473.10","1.19M","1.25%"
"04/09/2015","471.79","468.99","474.50","465.00","685.50K","1.10%"
"04/08/2015","466.67","472.00","475.00","465.25","758.90K","-0.47%"
"04/07/2015","468.87","478.50","479.99","466.01","721.50K","-2.17%"
"04/06/2015","479.28","477.76","485.00","476.51","758.10K","0.31%"
"04/03/2015","477.78","473.00","480.00","462.00","1.18M","1.37%"
"04/02/2015","471.30","464.43","473.00","463.00","1.30M","1.72%"
"04/01/2015","463.32","446.50","468.23","439.25","1.94M","3.90%"
"03/31/2015","445.94","425.01","446.04","425.01","1.51M","4.98%"
"03/30/2015","424.80","444.00","451.99","424.79","766.10K","-5.00%"
"03/27/2015","447.14","460.00","466.99","440.01","1.23M","-2.36%"
"03/26/2015","457.97","470.00","470.10","444.02","701.80K","-2.01%"
"03/25/2015","467.36","468.00","473.00","463.00","487.00K","-0.40%"
"03/24/2015","469.23","484.99","486.00","466.00","568.90K","-2.36%"
"03/20/2015","480.59","474.00","484.90","473.99","751.60K","1.84%"
"03/19/2015","471.92","460.01","474.00","460.01","560.70K","1.76%"
"03/18/2015","463.76","471.79","472.11","451.00","796.30K","-1.59%"
"03/17/2015","471.27","476.16","482.90","470.00","1.19M","-1.85%"
"03/16/2015","480.14","489.99","489.99","480.00","647.00K","-2.10%"
"03/13/2015","490.43","488.00","492.50","487.99","1.22M","0.73%"
"03/12/2015","486.89","485.05","491.50","485.00","455.80K","0.15%"
"03/11/2015","486.18","474.96","489.00","474.11","782.30K","1.16%"
"03/10/2015","480.62","491.50","491.50","476.00","664.20K","-1.55%"
"03/09/2015","488.21","503.99","505.00","487.40","1.49M","-2.87%"
"03/06/2015","502.62","504.75","507.00","501.06","430.40K","-0.17%"
"03/05/2015","503.47","503.50","509.50","501.11","858.70K","-0.20%"
"03/04/2015","504.50","523.50","524.00","503.10","779.40K","-2.53%"
"03/03/2015","517.60","499.00","523.50","497.61","1.03M","3.73%"
"03/02/2015","498.98","502.00","504.50","495.51","472.70K","-0.56%"
"02/27/2015","501.77","512.23","513.01","501.00","496.10K","-1.40%"
"02/26/2015","508.89","517.00","518.99","503.50","537.30K","-1.38%"
"02/25/2015","516.02","519.99","521.49","514.51","184.70K","-0.59%"
"02/24/2015","519.08","521.00","521.50","516.75","137.20K","-0.27%"
"02/23/2015","520.49","523.50","525.00","519.70","358.90K","-0.29%"
"02/20/2015","522.01","528.00","529.25","513.00","994.20K","-0.79%"
"02/19/2015","526.19","523.50","530.04","516.99","892.30K","1.04%"
"02/18/2015","520.76","528.00","531.50","520.00","343.90K","-1.29%"
"02/17/2015","527.54","529.00","538.00","525.16","746.60K","-0.26%"
"02/16/2015","528.91","539.00","539.00","522.05","711.00K","-1.85%"
"02/13/2015","538.86","537.99","540.50","530.01","337.80K","1.02%"
"02/12/2015","533.41","541.00","544.00","515.15","685.20K","-0.69%"
"02/11/2015","537.11","540.00","544.85","535.01","497.20K","-0.43%"
"02/10/2015","539.44","541.00","546.99","532.00","1.30M","0.36%"
"02/09/2015","537.50","531.40","544.99","530.00","3.03M","1.43%"
"02/06/2015","529.91","529.00","534.00","527.89","891.80K","0.77%"
"02/04/2015","525.85","529.00","537.05","524.15","1.39M","-0.51%"
"02/03/2015","528.57","530.00","533.50","523.00","2.01M","0.05%"
"02/02/2015","528.30","525.00","535.70","521.00","3.32M","1.69%"
"01/30/2015","519.52","528.00","532.00","515.00","2.43M","-1.25%"
"01/29/2015","526.11","540.00","546.00","524.01","1.34M","-2.70%"
"01/28/2015","540.69","535.00","557.75","531.10","1.75M","0.93%"
"01/27/2015","535.70","513.00","536.62","511.49","3.18M","4.82%"
"01/26/2015","511.07","509.99","514.10","507.51","890.80K","1.98%"
"01/23/2015","501.16","503.00","506.00","499.99","294.90K","-0.17%"
"01/22/2015","501.99","508.00","509.97","500.20","401.50K","-1.52%"
"01/21/2015","509.75","514.00","516.75","507.00","923.60K","0.50%"
"01/20/2015","507.23","510.00","511.89","506.01","611.00K","-0.29%"
"01/19/2015","508.73","506.25","509.99","505.01","234.40K","0.58%"
"01/16/2015","505.80","507.10","509.00","501.50","330.30K","-0.03%"
"01/15/2015","505.97","510.00","513.75","503.52","476.80K","-0.39%"
"01/14/2015","507.97","507.45","514.00","505.50","805.00K","0.62%"
"01/13/2015","504.86","506.50","508.00","502.00","347.60K","-0.41%"
"01/12/2015","506.92","511.00","515.00","505.35","363.50K","-1.19%"
"01/09/2015","513.04","513.49","516.00","507.50","425.10K","0.22%"
"01/08/2015","511.93","508.25","513.70","508.20","208.10K","0.89%"
"01/07/2015","507.41","499.84","511.99","499.25","465.70K","1.51%"
"01/06/2015","499.84","505.00","512.00","496.70","501.10K","-1.75%"