Date,open,high,low,Price,Change %
2015-01-06,493.62054043647595,500.46280535341714,485.507569177817,488.57681372627343,
2015-01-07,488.57681372627343,500.45303068925006,488.000108540417,495.9762345007372,
2015-01-08,496.79730629077005,502.1244982618172,496.74843296993475,500.39438270424773,
2015-01-09,501.91923031430895,504.3726710202407,496.0642064782406,501.47937042679126,
2015-01-12,499.4853389367113,503.39520460353486,493.96265368232304,495.4972759565512,
2015-01-13,495.0867400615348,496.55293968659356,490.6881411863582,493.4836951381371,
2015-01-14,496.0153331574054,502.4177381868289,494.10927364482876,496.5236156940924,
2015-01-15,498.5078725200053,502.17337158265246,492.1738901397512,494.5686828606806,
2015-01-16,495.67321991155836,497.5304061032995,490.19940797800524,494.40251356984055,
2015-01-19,494.8423734573583,498.4980978558383,493.6303151006429,497.2664901707889,
2015-01-20,498.5078725200053,500.3552840475795,494.6077815173488,495.80029054573004,
2015-01-21,502.4177381868289,505.1057708327702,495.57547326988777,498.26350591582894,
2015-01-22,496.55293968659356,498.4785485275042,488.92870163628766,490.67836652219114,
2015-01-23,491.6656076030642,494.59800685318174,488.7234336887794,489.8670693963253,
2015-01-26,498.4980978558383,502.5154848284995,496.0739811424078,499.5537615858807,
2015-01-27,501.4402717701231,524.5280285327163,499.96429748089713,523.6287594293468,
2015-01-28,522.9445329376528,545.1818939177118,519.1324139124997,528.5063168487093,
2015-01-29,527.8318650211822,533.6966635214175,512.2021770180547,514.2548564931373,
2015-01-30,516.1022680207116,520.0121336875351,503.39520460353486,507.8133528070455,
2015-02-02,513.1698687705937,523.6287594293468,509.2600031037701,516.3955079457231,
2015-02-03,518.0572008541233,521.4783333125939,511.21493593718196,516.6594238782338,
2015-02-04,517.0797344374174,524.9483390918997,512.3390223163938,514.0007152247938,
2015-02-06,517.0797344374174,521.9670665209467,515.9947467148737,517.9692288766196,
2015-02-09,519.4256538375115,532.7094224405445,518.0572008541233,525.3881989794174,
2015-02-10,528.809331437888,534.6643552739564,520.0121336875351,527.2844838278269,
2015-02-11,527.8318650211822,532.5725771422058,522.9543076018198,525.0069870769022,
2015-02-12,528.809331437888,531.7417306880058,503.5418245660407,521.3903613350905,
2015-02-13,525.8671575236033,528.3205982295352,518.0669755182903,526.7175533061376,
2015-02-16,526.8543986044763,526.8543986044763,510.2863428413113,516.9917624599138,
2015-02-17,517.0797344374174,525.8769321877702,513.3262633972666,515.6526334690267,
2015-02-18,516.1022680207116,519.523400479182,508.28253668706435,509.02541116376074,
2015-02-19,511.7036691455349,518.0962995107915,505.34036277277954,514.3330538064738,
2015-02-20,516.1022680207116,517.3241010415938,501.4402717701231,510.24724418464325,
2015-02-23,511.7036691455349,513.1698687705937,507.9892967620526,508.7614952312503,
2015-02-24,509.2600031037701,509.74873631212324,505.1057708327702,507.38326758369493,
2015-02-25,508.27276202289727,509.73896164795616,502.9162460593489,504.3922203485749,
2015-02-26,505.3501374369467,507.29529560619136,492.15434081141706,497.4228847974618,
2015-02-27,500.6876226292596,501.4500464342901,489.71067476965237,490.4633239105158,
2015-03-02,490.6881411863582,493.131807228123,484.3443841419369,487.7361926079065,
2015-03-03,487.7557419362406,511.7036691455349,486.3970636170193,505.93661728697015,
2015-03-04,511.7036691455349,512.1924023538879,491.7633542447348,493.131807228123,
2015-03-05,492.15434081141706,498.01913931165234,489.8181960754901,492.1250168189159,
2015-03-06,493.3761738322994,495.57547326988777,489.76932275465464,491.29417036471585,
2015-03-09,492.6332993556029,493.62054043647595,476.41713150245215,477.2088792999839,
2015-03-10,480.4247438109463,480.4247438109463,465.274014352005,469.78990919718626,
2015-03-11,464.25744927863093,477.98107776918164,463.42660282443086,475.224622474071,
2015-03-12,474.12008542319336,480.4247438109463,474.07121210235806,475.91862362993214,
2015-03-13,477.0036113524757,481.4022102276523,476.9938366883087,479.37885474507107,
2015-03-16,478.94876952172046,478.94876952172046,469.1838800188286,469.3207253171674,
2015-03-17,465.430408978678,472.0185326272756,459.40921585176966,460.65059820098605,
2015-03-18,461.15888073767326,461.4716699910191,440.8373539343577,453.30982541152486,
2015-03-19,449.64432634887777,463.31908151859324,449.64432634887777,461.285951371845,
2015-03-20,463.31908151859324,473.97346546068735,463.3093068544262,469.760585204685,
2015-03-24,474.06143743819104,475.04867851906397,455.499350184946,458.6565667109061,
2015-03-25,457.45428301835784,462.3416151018873,452.5669509348284,456.82870451166616,
2015-03-26,459.40921585176966,459.50696249344026,434.01463834575054,447.6502948587978,
2015-03-27,449.63455168471074,456.46704193748496,430.0949980147599,437.06433356587297,
2015-03-30,433.99508901741643,441.80504568689656,415.21795915249623,415.2277338166633,
2015-03-31,415.43300176417154,435.9891205074965,415.43300176417154,435.8913738658259,
2015-04-01,436.4387550591812,457.6791002942002,429.3521235380635,452.87974018817425,
2015-04-02,453.96472791071784,462.3416151018873,452.5669509348284,460.67992219348736,
2015-04-03,462.3416151018873,469.1838800188286,451.58948451812245,467.01390457374146,
2015-04-06,466.99435524540735,474.07121210235806,465.77252222452506,468.48010419880035,
2015-04-07,467.71768039376974,469.17410535466155,455.50912484911316,458.304678800892,
2015-04-08,461.3641486851814,464.2965479352991,454.76625037241666,456.154252684139,
2015-04-09,458.4219747708967,463.80781472694616,454.52188376824023,461.15888073767326,
2015-04-10,463.22133487692264,473.4847322523345,462.4393617435579,466.94548192457205,
2015-04-13,465.8604942020286,466.2514807687109,458.0212135400473,459.90772372428967,
2015-04-14,461.3641486851814,461.3641486851814,446.3111658679107,453.8865305973814,
2015-04-15,455.0888142899296,458.3828761142285,444.7960929220165,448.1879013879859,
2015-04-16,451.1007513097696,451.2962445931107,441.8245950152306,446.73147642709426,
2015-04-17,449.63455168471074,468.98838673548744,447.2006603071131,465.8702688661956,
2015-04-20,472.60501247729917,480.9134770192993,466.2514807687109,468.9395134146521,
2015-04-21,467.2387218495839,472.1162792689463,455.499350184946,463.82736405528027,
2015-04-22,465.274014352005,477.78558448584045,460.3866822684755,475.4298904215792,
2015-04-23,482.848860524377,492.5453273780994,477.98107776918164,481.64657683182867,
2015-04-24,481.8909434360052,486.77827551953465,476.1336662416075,477.48256989666163,
2015-04-27,479.98488392342875,480.9134770192993,475.04867851906397,476.1336662416075,
2015-04-28,476.0261449357699,478.95854418588755,471.1388128522404,472.6832097906357,
2015-04-29,474.07121210235806,475.5374117274169,468.3334842362944,470.11247311469924,
2015-04-30,466.8477352829015,478.86079754421695,465.7627475603579,476.24118754744524,
2015-05-04,477.0036113524757,483.9436229110876,471.1388128522404,477.33594993415574,
2015-05-05,474.07121210235806,474.55994531071093,469.38914796633685,472.1651525897816,
2015-05-06,474.0125641173557,479.05629082755814,472.1651525897816,475.34191844407576,
2015-05-07,476.0261449357699,476.0261449357699,468.20641360212267,469.095908041325,
2015-05-08,469.1936546829957,473.562929565671,464.0130826744543,465.35221166534143,
2015-05-11,464.2965479352991,464.2965479352991,442.0885109477412,442.0885109477412,
2015-05-12,435.9500218508282,454.4143624624025,435.9500218508282,449.33153709553187,
2015-05-13,447.5818722096284,455.46025152827787,444.01411978865184,445.66603803288484,
2015-05-14,448.65708526800483,451.0518779889342,443.87727449031297,445.7735593387225,
2015-05-15,447.6796188512989,450.60224343724957,436.8786149466988,445.06978351869424,
2015-05-18,445.7246860178871,446.6044057929225,437.43577080422114,440.31929673350356,
2015-05-19,440.8373539343577,441.8148203510636,434.9725554341223,435.8815992016588,
2015-05-20,436.92748826753416,437.90495468424,430.47620991727524,433.8093703982423,
2015-05-21,434.9627807699553,434.99210476245645,432.0499308481717,433.70184909240464,
2015-05-22,434.48382222576936,435.46128864247527,431.111563088134,433.3890598390588,
2015-05-25,445.7149113537201,446.68260310625897,436.9372629317012,438.77489979510824,
2015-05-26,439.31250632429646,440.7396072926871,433.5063558090635,435.3146686799694,
2015-05-27,439.85988751765177,443.2810199761224,435.9500218508282,438.87264643677884,
2015-05-28,436.92748826753416,439.85988751765177,434.5033715541035,436.7710936408612,
2015-05-29,437.90495468424,446.2134192262401,436.92748826753416,439.8110141968165,
2015-06-01,441.32608714271066,457.45428301835784,440.7396072926871,455.05949029742845,
2015-06-02,458.43174943506375,469.1838800188286,458.43174943506375,467.67858173710147,
2015-06-03,468.20641360212267,475.0389038548969,465.96801550786614,470.86512225556265,
2015-06-04,472.94712572314626,474.9998051982286,469.67261322718156,471.6568700530945,
2015-06-05,472.60501247729917,475.04867851906397,470.7087276288898,472.6245618056334,
2015-06-08,467.2289471854168,496.2499250974147,451.58948451812245,496.2499250974147,
2015-06-09,501.8312583368054,512.182627689721,499.4853389367113,501.3620744567865,
2015-06-10,498.9966057283583,514.1375605231326,493.6303151006429,507.578760867036,
2015-06-11,507.3148449345255,513.1698687705937,506.12233590614426,510.5698081021562,
2015-06-12,511.21493593718196,513.0721221289233,506.3276038536525,507.93064877705024,
2015-06-15,507.30507027035844,516.1022680207116,506.3276038536525,507.1877743003536,
2015-06-16,507.50056355369964,509.74873631212324,503.39520460353486,507.71560616537477,
2015-06-17,508.28253668706435,508.28253668706435,497.784547371643,499.30939498170414,
2015-06-18,502.4177381868289,505.34036277277954,489.0264482779582,491.3332690213842,
2015-06-19,493.62054043647595,493.62054043647595,487.8143899212429,488.7429830171135,
2015-06-22,488.5377150696052,486.77827551953465,476.0261449357699,482.85863518854404,
2015-06-23,481.8909434360052,488.75275768128057,479.93601060259346,480.99167433263574,
2015-06-24,480.9134770192993,491.6656076030642,480.9037023551323,487.3061073845559,
2015-06-25,488.71365902461235,496.0153331574054,484.3346094777699,489.32946286713707,
2015-06-26,491.1768743947112,502.79895008934426,488.7332083529464,496.2303757690807,
2015-06-29,495.59502259822176,505.34036277277954,494.5882321890148,504.1283044160643,
2015-06-30,503.40497926770183,512.5736142564031,503.40497926770183,507.91109944871613,
2015-07-01,509.25022843960306,511.7036691455349,505.3501374369467,510.1494975429724,
2015-07-02,512.182627689721,535.6515963548293,509.2600031037701,527.6656957303421,
2015-07-03,535.5538497131587,552.1707787971587,532.9244650522201,545.1134712685423,
2015-07-06,545.1134712685423,572.3554603021355,545.1134712685423,564.0176717676343,
2015-07-07,566.930521689418,580.6150515233004,563.9981224393001,567.0282683310885,
2015-07-08,566.9402963535849,570.8403873562415,555.2009246889472,561.9845416208861,
2015-07-09,560.0882567724766,560.5672153166626,543.715694292653,547.0293054452858,
2015-07-10,549.3361261887118,558.6220571474178,548.4564064136766,551.5256509621329,
2015-07-13,552.0632574913212,579.0511052565708,549.3361261887118,576.7149605206439,
2015-07-14,574.7502530230652,578.6601186898886,564.1154184093049,569.2568917611778,
2015-07-15,563.9981224393001,570.7426407145708,548.3586597720059,556.5107296873331,
2015-07-16,557.1558575223588,567.9079881061238,557.1558575223588,563.8221784842932,
2015-07-22,567.4192548977708,567.9079881061238,555.2986713306176,558.2115212524013,
2015-07-23,562.0431896058884,562.0431896058884,549.8248593970648,551.9557361854836,
2015-07-24,553.1482452138647,556.1783911056531,546.4135016027611,547.7917292503165,
2015-07-27,547.3811933553001,550.6557058512647,530.7642642712999,533.9703541180951,
2015-07-28,532.7191971047116,541.0276616467116,532.7191971047116,535.4561030714882,
2015-07-29,537.606529188241,542.4938612717707,535.768892324834,540.2065898566788,
2015-07-30,540.5389284383589,549.8150847328978,539.8058286258293,543.2856090693023,
2015-07-31,542.4938612717707,548.3586597720059,539.1704754549706,543.1194397784623,
2015-08-03,542.4938612717707,550.362465926253,540.597576423361,543.6863703001519,
2015-08-04,542.4938612717707,552.7572586471825,541.6141414967354,551.1737630521189,
2015-08-05,554.0768383097353,567.9079881061238,551.4865523054648,559.0130437141001,
2015-08-06,559.5995235641236,564.4868556476531,553.2459918555352,556.3836590531613,
2015-08-07,557.1558575223588,559.110790355771,551.3985803279612,552.190328125493,
2015-08-10,551.2910590221236,554.2234582722411,544.4487941051823,547.0879534302883,
2015-08-11,549.8248593970648,555.6407845764649,545.4360351860555,549.1797315620388,
2015-08-12,551.2617350296225,552.2685254388294,540.7832950425353,544.3412727993447,
2015-08-13,543.4713276884765,550.215845963747,543.4713276884765,545.8954444019071,
2015-08-17,540.5389284383589,547.3714186911329,537.6554025090763,538.623094261615,
2015-08-18,540.5389284383589,545.4262605218881,531.2529974796527,534.9184965423,
2015-08-19,534.6741299381233,545.9149937302411,534.6741299381233,542.1321986975894,
2015-08-20,538.095262396594,545.4262605218881,538.5839956049471,542.3081426525963,
2015-08-21,542.0051280634175,542.4938612717707,525.8769321877702,528.3596968862032,
2015-08-24,518.154947495794,520.0121336875351,501.9485543068101,501.9485543068101,
2015-08-25,507.4028169120289,516.004521379041,504.3726710202407,512.5540649280691,
2015-08-26,515.1248016040056,516.004521379041,502.4177381868289,505.05689751193495,
2015-08-27,508.2923113512313,514.9781816414998,508.2923113512313,513.4142353747703,
2015-08-28,514.6360683956525,520.9896001042409,513.7074752997819,516.2293386548832,
2015-08-31,517.0797344374174,518.545934062476,509.3088764246054,516.8158185049068,
2015-09-01,515.6135348123584,528.809331437888,513.1698687705937,519.5918231283515,
2015-09-02,516.1022680207116,524.655099166888,516.1022680207116,519.0346672708291,
2015-09-03,522.4557997292995,522.7392649901443,518.1647221599609,519.5527244716832,
2015-09-04,520.9896001042409,520.9896001042409,501.430497105956,506.5230971369937,
2015-09-07,505.252390795276,507.30507027035844,489.8084214113229,496.70933431326654,
2015-09-08,501.430497105956,517.0699597732502,493.62054043647595,513.521756680608,
2015-09-09,522.9445329376528,522.9543076018198,517.177481079088,522.1039118192856,
2015-09-10,521.4783333125939,521.4783333125939,514.1766591798009,518.3211167866336,
2015-09-11,517.1872557432549,520.9896001042409,513.1698687705937,513.2480660839302,
2015-09-14,517.0699597732502,520.0023590233681,512.1924023538879,512.720234218909,
2015-09-15,510.237469520476,520.0121336875351,504.3726710202407,514.3917017914761,
2015-09-16,514.1473351872996,518.0572008541233,511.2540345938501,516.8842411540761,
2015-09-17,520.9896001042409,522.4557997292995,510.726202728829,512.3683463088948,
2015-09-18,515.1248016040056,515.1248016040056,504.76365758692305,506.95318236034433,
2015-09-21,504.3824456844078,513.1698687705937,503.60047255104314,508.8494672087538,
2015-09-22,511.21493593718196,527.5874984170057,511.21493593718196,521.0677974175774,
2015-09-23,521.0873467459115,525.3881989794174,518.0669755182903,522.4655743934668,
2015-09-28,522.9445329376528,525.8769321877702,520.0121336875351,521.2926146934196,
2015-09-29,515.1248016040056,521.8693198792762,511.21493593718196,517.4707210040996,
2015-09-30,520.0121336875351,522.9445329376528,512.1924023538879,514.8315616789939,
2015-10-01,513.1698687705937,522.9445329376528,513.1698687705937,522.1918837967893,
2015-10-02,522.9445329376528,527.9296116628527,521.9670665209467,526.2874680827869,
2015-10-05,525.8964815161044,530.7544896071329,522.9445329376528,525.4272976360855,
2015-10-06,526.8543986044763,533.2079303130646,525.8867068519376,527.8318650211822,
2015-10-07,527.8318650211822,532.1327172546881,525.8769321877702,531.2920961363211,
2015-10-08,528.8679794228904,541.2720282508881,528.3205982295352,539.8938006033329,
2015-10-09,536.6290627715351,551.2910590221236,536.6290627715351,544.5465407468531,
2015-10-12,542.4938612717707,542.4938612717707,534.6839046022905,535.8568643023376,
2015-10-13,530.0800377796057,538.5839956049471,527.8905130061844,530.314629719615,
2015-10-14,530.959757554641,531.7417306880058,528.1739782670293,529.2003180045704,
2015-10-15,526.8837225969773,532.6703237838764,526.8837225969773,530.7056162862976,
2015-10-16,524.7106407827647,529.6144785470896,521.7781457996981,524.4948719211344,
2015-10-19,525.6914083356297,526.6721758884946,520.3069944704008,522.4744907622324,
2015-10-20,522.7491056770347,526.1817921120621,522.7491056770347,523.8279499851863,
2015-10-21,525.201024559197,533.5375487585495,523.7298732298996,529.2025561748862,
2015-10-22,526.9173677767109,531.5760136528194,526.9173677767109,529.8204397331913,
2015-10-26,532.5567812056845,533.0373573065883,527.6529434413594,529.0946717440711,
2015-10-27,524.7106407827647,529.5850555205036,524.7106407827647,526.7310219416665,
2015-10-28,528.6337109942245,531.5760136528194,526.7212142661377,529.6439015736754,
2015-10-29,530.5952460999545,533.5375487585495,519.8068030184397,523.1021819960662,
2015-10-30,522.7491056770347,531.3798601422463,520.7875705713047,525.0441017507387,
2015-11-02,526.6721758884946,527.6529434413594,524.7106407827647,524.867563591223,
2015-11-03,527.554866686073,527.554866686073,524.7204484582933,525.151986181554,
2015-11-04,525.6914083356297,528.1335195422636,522.7491056770347,527.2017903670416,
2015-11-05,526.6721758884946,537.7450415603402,523.7298732298996,524.8871789422802,
2015-11-06,527.554866686073,528.535634238938,524.7106407827647,524.838140564637,
2015-11-09,524.220257006332,524.7106407827647,519.3164192420073,519.7185339386817,
2015-11-10,521.7585304486412,524.7008331072359,511.9606625955198,513.0198915526142,
2015-11-11,512.9316224728562,513.9123900257214,509.1164366922114,510.9995103937121,
2015-11-12,512.8433533930983,517.3548841362772,507.05682483119506,514.6283503393126,
2015-11-13,514.8931575785862,514.9029652541147,509.99912748979,510.77393385655324,
2015-11-16,506.07605727833,511.9606625955198,503.1435622952637,505.1933664807516,
2015-11-17,507.05682483119506,509.9795121387327,506.07605727833,507.1549015864815,
2015-11-18,508.92028318163835,513.9025823501925,505.095289725465,505.6837502571841,
2015-11-19,506.54682570370517,509.99912748979,505.095289725465,509.4989360378288,
2015-11-20,507.26278601729666,508.0375923840599,503.30048510372205,504.6833673532618,
2015-11-23,508.0375923840599,508.0375923840599,499.2106844082752,499.9364523973952,
2015-11-24,500.19145196114005,501.36837302457803,497.2589569780738,497.9847249671939,
2015-11-25,493.3751174687285,495.28761419681524,490.38377643249027,490.6583913472925,
2015-11-26,494.5520385321664,497.2491493025452,491.38415933641255,492.3060808361057,
2015-11-27,490.38377643249027,491.36454398535534,481.70398358963524,483.2830193497478,
2015-11-30,490.4818531877768,490.4818531877768,471.2588091516232,472.5926530235196,
2015-12-01,471.7491929280557,478.6145657981105,462.92228495227084,464.1972827709954,
2015-12-02,467.5809308283795,477.8299517558185,452.2319186260426,474.87784142169494,
2015-12-03,471.7491929280557,484.49917111530044,471.7491929280557,481.6059068343488,
2015-12-04,484.49917111530044,488.42224132676034,480.5859085793692,485.7349382319103,
2015-12-07,484.49917111530044,493.2280023357987,481.06648468027305,487.49051215153867,
2015-12-08,480.67417765912705,489.7953159007713,480.67417765912705,484.63647857270144,
2015-12-09,484.49917111530044,493.277040713442,484.49917111530044,487.49051215153867,
2015-12-10,490.13858454427407,492.34531153822024,485.6270538010952,486.21551433281417,
2015-12-11,486.4607062210304,489.40300887962536,483.56744194007877,487.11782048145,
2015-12-14,484.49917111530044,485.33282353523566,477.6436059207742,481.2135998132027,
2015-12-15,481.55686845670556,483.4693651847922,472.7299604809207,474.79938001746575,
2015-12-16,479.497256595689,486.3528217902152,476.6530306923806,484.2343638760269,
2015-12-17,484.49917111530044,490.87416020892283,484.49917111530044,490.3249303793184,
2015-12-18,490.38377643249027,494.25780826630694,484.49917111530044,486.0193608222412,
2015-12-21,483.76359545065174,490.37396875696163,482.53763600957046,488.06916500772894,
2015-12-22,488.42224132676034,490.37396875696163,486.4214755189158,487.89262684821324,
2015-12-23,485.5780154234519,490.36416108143305,485.77416893402494,486.2645527104573,
2015-12-28,489.3735858530394,492.296273160577,485.0385932693761,485.5780154234519,
2015-12-29,484.49917111530044,487.85339614609865,484.49917111530044,485.66628450320974,
2015-12-30,488.42224132676034,490.87416020892283,484.49917111530044,488.97147115636477,
2015-12-31,489.40300887962536,493.3260790910853,483.03782746153166,485.51916937028,
2016-01-01,485.47993866816546,509.7048972239305,485.47993866816546,507.8708619000729,
2016-01-04,508.0375923840599,508.0375923840599,494.3068466439502,496.8666499569278,
2016-01-05,490.38377643249027,500.19145196114005,486.4607062210304,497.5629949194619,
2016-01-06,500.19145196114005,503.6143307206389,498.2299168554101,498.9654925200589,
2016-01-07,496.26838174968015,502.1529870668701,495.28761419681524,496.67049644635483,
2016-01-08,498.2201091798815,498.2201091798815,490.4818531877768,492.32569618716303,
2016-01-11,492.32569618716303,494.3068466439502,488.42224132676034,490.54069924094875,
2016-01-12,490.38377643249027,498.2397245309388,490.38377643249027,494.36569269712214,
2016-01-13,497.2491493025452,500.2404903387834,496.26838174968015,498.0631863714231,
2016-01-14,495.28761419681524,495.28761419681524,488.0789726832576,493.473194224015,
2016-01-15,493.473194224015,494.7972304203828,488.43204900228903,490.4818531877768,
2016-01-18,487.5395505291819,495.28761419681524,465.9626643661523,492.06088894788945,
2016-01-19,492.34531153822024,496.2193433720369,487.48070447601,492.3649268892775,
2016-01-20,491.36454398535534,498.2299168554101,471.7491929280557,475.2211100651978,
2016-01-21,473.6911126827283,478.7126425533971,471.7590006035843,473.2693826349964,
2016-01-22,480.478024148554,480.478024148554,466.3549713872983,469.92496527972685,
2016-01-25,474.6914955866506,474.6914955866506,468.8068902694607,469.7876578223257,
2016-01-26,465.8645876108658,472.7299604809207,465.8645876108658,471.5628470930113,
2016-01-27,472.7299604809207,476.447069506279,462.92228495227084,466.4040097649416,
2016-01-28,468.8068902694607,469.7876578223257,461.0097882241842,465.11920427068844,
2016-01-29,465.8645876108658,482.53763600957046,465.8645876108658,475.9370703787891,
2016-02-01,477.6337982452456,490.1287768687455,473.7107280337857,488.0789726832576,
2016-02-02,488.42224132676034,496.7587655261127,485.47993866816546,494.3362696705362,
2016-02-03,490.38377643249027,498.7203006318427,488.42224132676034,496.63126574424024,
2016-02-04,500.19145196114005,513.9221977012498,500.19145196114005,510.303165431178,
2016-02-08,508.0375923840599,520.777762895776,508.0375923840599,516.0112325888522,
2016-02-09,515.8837328069798,515.8837328069798,509.5087437133574,510.05797354296186,
2016-02-10,509.5087437133574,512.9414301483848,499.70106818470754,500.5837589822861,
2016-02-11,501.18202718953376,507.05682483119506,494.3068466439502,496.83722693034184,
2016-02-12,495.28761419681524,495.7681902977191,483.56744194007877,485.7937842850822,
2016-02-15,489.40300887962536,496.26838174968015,481.55686845670556,490.8349295068082,
2016-02-16,492.8356953146528,496.16049731886505,476.8491842029536,481.34109959507515,
2016-02-17,484.49917111530044,482.3218671479401,479.104949574543,479.54629497333235,
2016-02-18,477.87899013346185,485.47993866816546,470.7684253751907,473.9755352730591,
2016-02-19,472.73976815644926,472.73976815644926,465.8645876108658,467.86535341871036,
2016-02-22,467.8359303921244,467.8359303921244,445.4351994846882,449.7015383396508,
2016-02-23,451.1530743178911,451.2511510731776,434.4898335947151,440.24693913003244,
2016-02-24,443.3069338949712,452.1338418707561,431.64560769140667,440.57059242247794,
2016-02-25,441.34539878924124,447.2300041064311,438.40309613064636,441.6003983529862,
2016-02-26,445.26846900070115,463.6774759679769,443.79731767140373,462.74574679275514,
2016-02-29,469.3953508011797,485.88205336484015,465.9626643661523,480.46821647302534,
2016-03-01,480.57610090384054,490.38377643249027,475.6722631395156,486.82359021559046,
2016-03-02,490.37396875696163,495.2778065212866,487.4414737738954,490.5505069164774,
2016-03-03,490.23666129956064,509.7048972239305,488.52031808204686,502.8101013272896,
2016-03-04,505.0854820499364,507.05682483119506,500.19145196114005,502.8101013272896,
2016-03-07,505.095289725465,519.796995342911,505.095289725465,515.0795034136305,
2016-03-08,517.8452679127099,517.8452679127099,508.4495147562632,513.6083520843331,
2016-03-09,509.2635518251411,518.8064201145176,509.2635518251411,516.1583477217819,
2016-03-10,511.9606625955198,515.3933490305474,509.9893198142613,511.99989329763457,
2016-03-11,509.99912748979,513.9221977012498,509.018359936925,511.2447022819284,
2016-03-14,513.9123900257214,515.8837328069798,508.5279761604923,510.60720337256623,
2016-03-15,509.99912748979,515.8837328069798,509.018359936925,511.65662465413186,
2016-03-16,511.9606625955198,525.6914083356297,510.4895112662224,515.4423874081905,
2016-03-17,516.8645003598448,527.6431357658308,516.8546926843161,523.9456420915299,
2016-03-18,525.6914083356297,531.0856298763872,520.0127642045413,522.5039137888184,
2016-03-21,522.7491056770347,532.3508200195828,522.7491056770347,525.0244863996815,
2016-03-22,525.6914083356297,525.6914083356297,519.8068030184397,522.8471824323212,
2016-03-24,521.7683381241698,523.7298732298996,519.8166106939684,522.2292988740163,
2016-03-25,523.2394894534672,530.3990925893814,521.787953475227,524.2791030595039,
2016-03-28,521.8664148794562,530.5952460999545,521.8664148794562,527.0939059362265,
2016-03-29,530.5952460999545,530.5952460999545,525.2500629368404,526.1817921120621,
2016-03-30,529.604670871561,532.0663974292519,526.1817921120621,527.6921741434743,
2016-03-31,528.6337109942245,534.5183163114144,526.6721758884946,527.7608278721748,
2016-04-01,530.5952460999545,536.9702351935769,528.6337109942245,535.93062158754,
2016-04-04,534.5183163114144,549.1317528491027,533.5375487585495,546.3267576479088,
2016-04-05,546.238488568151,554.6240511451466,541.6779194473287,546.2973346213229,
2016-04-06,549.2298296043892,562.8526909136838,548.2490620515242,553.2411688956068,
2016-04-07,553.1528998158491,556.5855862508765,549.1317528491027,554.4278976345735,
2016-04-08,554.4278976345735,557.5663538037414,553.1528998158491,555.6146263735401,
2016-04-11,555.1144349215789,560.8421174303106,554.133667368714,556.8994318677933,
2016-04-12,549.2298296043892,559.5278889094714,549.2298296043892,558.4784676279058,
2016-04-13,560.8617327813678,572.7682508731488,557.075970027309,565.6576861148777,
2016-04-14,560.9990402387691,572.7682508731488,560.9990402387691,566.177492917896,
2016-04-15,567.4721060876777,569.3355644381212,560.2144261964769,562.901729291327,
2016-04-18,559.0375051330388,564.922110450229,558.056737580174,563.2155749082439,
2016-04-19,563.9413428973638,566.8346071783155,559.2336586436119,560.8323097547819,
2016-04-20,557.5663538037414,560.018272685904,544.8654139941401,549.1513682001598,
2016-04-21,548.2294467004668,550.7009809336867,540.9423437826802,544.1494536805485,
2016-04-22,554.133667368714,554.133667368714,538.4413865228743,539.6379229373696,
2016-04-25,535.4990838642793,538.4413865228743,529.6144785470896,535.5873529440374,
2016-04-26,531.5760136528194,555.1144349215789,531.5760136528194,545.6892587385465,
2016-04-27,545.3067593929293,557.075970027309,544.3259918400644,553.1234767892632,
2016-04-28,556.6346246285196,557.075970027309,549.2298296043892,550.5048274231136,
2016-04-29,549.2298296043892,551.191364710119,536.5288897947876,540.3146525488463,
2016-05-02,539.4221540757393,544.2279150847777,532.0663974292519,533.8808174020521,
2016-05-03,534.5183163114144,543.3354166116706,534.5183163114144,539.0788854322366,
2016-05-04,533.5865871361926,566.0303777849664,533.5865871361926,566.0303777849664,
2016-05-05,565.4124942266614,594.3255216851209,565.4124942266614,592.58956311655,
2016-05-06,594.3451370361782,612.9797205406129,594.3451370361782,596.5028256524812,
2016-05-09,599.2489748005031,607.9778060210015,598.2682072476381,602.8876224216324,
2016-05-10,603.1720450119632,616.8047139967863,597.2874396947731,612.0676067164486,
2016-05-11,613.9604880934778,616.7949063212577,601.2007022307046,603.7114671660389,
2016-05-12,603.1720450119632,603.2799294427781,587.4895718416522,589.0784152772933,
2016-05-13,588.4605317189884,593.2172543503835,584.5374615075286,589.1470690059938,
2016-05-16,588.6566852295615,592.3737942549196,587.4699564905948,589.480529973968,
2016-05-17,592.3737942549196,592.3737942549196,579.6336237432034,582.4484266199261,
2016-05-18,585.4201523051069,587.4797641661233,580.6732373492405,585.0572683105468,
2016-05-19,586.4989966132584,598.0230153594218,584.5374615075286,591.2851422712395,
2016-05-20,590.9124506011509,595.2768662114,590.4122591491897,590.7751431437498,
2016-05-23,594.8355208126109,597.2874396947731,589.4412992718533,593.5605229938864,
2016-05-24,593.8547532597457,593.8547532597457,588.4605317189884,590.7162970905779,
2016-05-25,589.4412992718533,590.4220668247183,585.5182290603934,586.6068810440736,
2016-05-26,585.5182290603934,587.4797641661233,583.5566939546635,585.9889974857688,
2016-05-27,588.4605317189884,593.3643694833132,583.5566939546635,587.352264384251,
2016-05-30,584.7336150181014,588.4605317189884,571.051907655635,572.5819050381043,
2016-05-31,571.836521697927,585.4201523051069,571.836521697927,582.8505413166006,
2016-06-01,583.8018858428798,587.9701479425559,580.6143912960686,584.6061152362291,
2016-06-02,587.4797641661233,601.1614715285899,584.5374615075286,596.6107100832963,
2016-06-03,603.1230066343198,612.8816437853263,598.3662840029247,607.5756913243267,
2016-06-06,607.095115223423,608.075882776288,597.2482089926586,601.5537785497359,
2016-06-07,601.5537785497359,614.9412556463428,600.2297423533681,613.0581819448421,
2016-06-08,611.018185434883,614.9412556463428,607.9778060210015,609.9981871799034,
2016-06-09,609.056650329153,611.018185434883,606.1633860482012,607.683575755142,
2016-06-10,611.8910685569326,611.8910685569326,595.4730197219731,598.3074379497527,
2016-06-13,598.2682072476381,598.2682072476381,587.4797641661233,591.6872569679141,
2016-06-14,598.1701304923515,619.9333624904256,596.3066721419082,614.9804863484574,
2016-06-15,645.7275491307745,645.7275491307745,627.6912338335877,645.2077423277561,
2016-06-16,639.4604444679672,653.4363820962933,638.5777536703889,646.747547385754,
2016-06-17,643.7758217005731,652.1123458999257,643.3835146794272,650.4352333845264,
2016-06-20,652.2006149796836,652.2006149796836,637.7441012504536,639.470252143496,
2016-06-21,640.4902503984756,647.3065848908873,634.5664143791711,636.3317959743281,
2016-06-22,635.5373742565074,649.2681199966172,625.7296987278577,629.7606533701327,
2016-06-23,627.6912338335877,628.6818090619812,620.8258609635327,623.5818177870832,
2016-06-24,601.210509906233,620.8258609635327,593.3643694833132,613.3426045351731,
2016-06-27,612.9797205406129,613.0974126469566,597.7778234712057,599.5039743642479,
2016-06-28,603.1720450119632,611.0083777593542,596.3066721419082,600.0532041938525,
2016-06-29,608.075882776288,626.700658605194,608.075882776288,624.209509020917,
2016-06-30,624.7489311749925,644.3642822322922,624.7489311749925,636.0375657084686,
2016-07-04,633.5758391507775,643.3835146794272,627.9854640994471,632.3106490075817,
2016-07-11,627.8481566420461,658.1048356479307,627.8481566420461,654.2896498672858,
2016-07-12,657.1142604195369,678.6911465825666,654.1719577609422,671.7178892816966,
2016-07-13,674.7680763711066,675.6998055463284,664.4700170660244,667.7752037191794,
2016-07-14,667.8830881499944,682.5161400387399,663.9796332895918,676.6021116949643,
2016-07-15,679.6719141354315,681.6138338901043,668.8834710539168,675.0721143124948,
2016-07-18,678.6911465825666,682.1238330175939,670.8450061596468,677.0336494182246,
2016-07-19,678.6813389070379,679.1521073324132,672.208273058129,676.7198038013079,
2016-07-20,670.9430829149333,681.6334492411617,670.9430829149333,676.6413423970787,
2016-07-21,672.3161574889442,695.3641949812712,672.3161574889442,693.5988133861143,
2016-07-22,698.3064976398663,700.7584165220288,689.4795896640815,692.206123461046,
2016-07-25,691.4411247698113,698.3064976398663,684.5757518997564,688.1555534677136,
2016-07-26,688.4988221112164,690.4603572169464,685.0661356761891,687.6259389891666,
2016-07-27,671.8257737125117,706.1526380627861,671.8257737125117,705.0737937546344,
2016-07-28,705.171870509921,720.8641513557607,705.171870509921,716.6370432029128,
2016-07-29,720.8641513557607,730.181443107978,720.8641513557607,727.8668316832167,
2016-08-01,735.4677802179203,735.5658569732068,720.8641513557607,725.5522202584553,
2016-08-02,725.7679891200855,725.7679891200855,691.421509418754,698.4438050972674,
2016-08-03,700.2680327455961,701.248800298461,689.6267047970111,691.8824701686007,
2016-08-04,691.4509324453398,697.8161138634337,677.7103790297017,681.9669102091357,
2016-08-05,679.6719141354315,684.5757518997564,671.8257737125117,674.8171147487499,
2016-08-08,680.6526816882965,680.6526816882965,668.8932787294453,676.3373044556906,
2016-08-09,676.7198038013079,680.7605661191117,671.8257737125117,673.4832708768537,
2016-08-10,673.7873088182417,693.3928522000126,673.7873088182417,691.7942010888428,
2016-08-11,696.3351548586074,698.286882288809,688.0182460103126,689.0088212387062,
2016-08-12,688.4988221112164,697.3257300870011,681.7315259964481,686.0665185801112,
2016-08-15,686.5470946810151,691.225355908181,683.5949843468914,685.6840192344938,
2016-08-16,686.0861339311687,709.0949407213809,686.0861339311687,692.2747771897465,
2016-08-17,692.431699998205,701.2389926229325,692.431699998205,697.0707305232562,
2016-08-18,701.248800298461,701.248800298461,687.5180545583514,689.6168971214823,
2016-08-19,681.6922952943332,690.9507409933788,676.7296114768366,683.0947928949304,
2016-08-22,683.5949843468914,679.4659529493299,679.4659529493299,685.3309429154624,
2016-08-23,685.5467117770928,687.2238242924918,676.8276882321231,681.9963332357216,
2016-08-24,682.6142167940264,684.5757518997564,677.7201867052303,679.8092215928326,
2016-08-25,681.6334492411617,690.9507409933788,679.2796071142857,687.194401265906,
2016-08-26,690.3720881371885,698.3064976398663,687.1257475372055,694.1382355401901,
2016-08-29,699.6795722138772,699.7776489691638,688.4890144356876,689.7934352809983,
2016-08-30,686.5372870054865,691.4411247698113,682.7122935493129,684.2226755807251,
2016-08-31,686.5372870054865,687.5180545583514,674.7778840466354,679.9661444012912,
2016-09-01,676.7786498544799,680.6428740127678,663.9796332895918,667.4319350756765,
2016-09-02,666.9219359481868,671.7178892816966,647.3065848908873,648.6600441138409,
2016-09-05,650.7392713259146,652.1123458999257,629.6527689393176,632.3302643586389,
2016-09-06,632.5950715979124,650.2488875494822,627.2008500571551,643.1285151156824,
2016-09-07,652.210422655212,655.6431090902396,643.4815914347138,649.8075421506928,
2016-09-08,653.1911902080772,653.1911902080772,642.4027471265623,648.0421605555358,
2016-09-09,652.210422655212,652.210422655212,638.4796769151025,643.9817828866751,
2016-09-15,642.4027471265623,647.3065848908873,638.4796769151025,639.0190990691781,
2016-09-16,637.4989093622374,655.1527253138071,637.4989093622374,647.620430507804,
2016-09-19,642.5008238818488,652.1123458999257,641.4219795736973,647.1692774334862,
2016-09-20,642.4027471265623,649.7585037730497,642.4027471265623,645.7863951839465,
2016-09-21,642.4125548020909,649.7585037730497,639.5585212232539,644.4623589875787,
2016-09-22,642.4125548020909,657.1142604195369,642.4125548020909,654.5740724576167,
2016-09-23,657.1142604195369,672.8065412653767,653.1911902080772,668.1969337669112,
2016-09-26,668.0988570116248,676.7296114768366,664.4700170660244,672.5907724037464,
2016-09-27,671.8257737125117,674.8661531263931,665.9411683953219,669.158085968719,
2016-09-28,667.9027035010517,674.7680763711066,662.018098183862,672.0513502496706,
2016-09-29,674.728845668992,678.6911465825666,667.9027035010517,673.2773096907518,
2016-09-30,673.7775011427129,676.7099961257793,662.018098183862,664.2346328533366,
2016-10-03,666.9219359481868,697.443422193345,664.9604008424567,697.4336145178164,
2016-10-04,704.2891797123426,706.1526380627861,694.3834274284063,700.8270702507293,
2016-10-05,707.1334056156511,732.6333619901405,697.3257300870011,702.1707217981543,
2016-10-06,702.2295678513261,709.0949407213809,700.2680327455961,706.4076376265308,
2016-10-07,705.171870509921,708.114173168516,687.0276707819188,691.1370868284232,
2016-10-10,692.4218923226763,692.4218923226763,679.181530358999,680.8586428743982,
2016-10-13,682.6012729815454,695.4172594180721,676.6998210537511,689.1027058553323,
2016-10-14,688.3945316239968,695.387752158433,684.5684236241435,686.9683474081133,
2016-10-17,688.5027249093398,688.5027249093398,654.0874244170857,673.3064861952693,
2016-10-18,673.3556649613344,673.3556649613344,660.0773981237971,661.9363554810524,
2016-10-19,668.8115469769327,668.8115469769327,658.2577837793938,659.3200451263967,
2016-10-20,663.9133418768635,673.7490950898539,653.979231131743,659.0053010235811,
2016-10-21,660.9626159129662,662.9297665555642,652.1104380212747,654.1562746895768,
2016-10-24,650.1432873786764,659.9790405916672,649.651499718027,650.7235968182431,
2016-10-25,649.1597120573775,657.8151748848092,643.2582601295832,653.7825160674831,
2016-10-26,654.0775886638727,664.8969171981624,643.2582601295832,648.5007165921071,
2016-10-27,649.1597120573775,654.0775886638727,647.1925614147794,649.7105142373049,
2016-10-28,644.2418354508823,657.02831462777,643.2582601295832,655.2677148026447,
2016-10-31,653.979231131743,664.8969171981624,649.1597120573775,660.4806640055297,
2016-11-01,659.9790405916672,693.499287541539,658.995465270368,693.499287541539,
2016-11-02,700.3056287649285,703.2563547288255,689.4961359838517,692.9779926212505,
2016-11-03,688.5027249093398,693.420601515835,685.158568816923,688.9059907910722,
2016-11-04,688.5027249093398,700.3056287649285,688.5027249093398,698.5155216801642,
2016-11-07,701.2793683330146,701.2793683330146,694.4041768371341,698.564700446229,
2016-11-08,700.3056287649285,708.174231335321,686.5355742667416,690.9124844465225,
2016-11-09,680.1423346782976,685.5519989454425,668.8312184833586,680.5947793260954,
2016-11-10,684.5585878709305,695.1910370941733,683.5848483028446,692.5452194798789,
2016-11-11,688.5027249093398,724.895011797405,686.6142602924456,714.7445144815985,
2016-11-14,721.9442858335077,737.6716552210796,692.437026194536,700.0892421942426,
2016-11-15,702.2727794075265,705.2235053714238,698.5843719526551,702.2531079011006,
2016-11-16,703.2563547288255,710.141381977919,698.653222225146,704.8300752429042,
2016-11-17,705.2136696182109,734.6815862443306,700.4039862970583,725.7605580801481,
2016-11-18,727.845737761302,737.6814909742926,713.0921079418163,717.8132694840516,
2016-11-21,725.8687513654909,725.8687513654909,711.6167449598676,714.1150262759671,
2016-11-22,713.0921079418163,721.8557640545907,713.0921079418163,716.0231623992875,
2016-11-23,720.8623529800788,720.8623529800788,708.174231335321,714.0855190163281,
2016-11-24,711.6167449598676,722.9278611548067,711.1347930524312,717.9411342758204,
2016-11-25,722.9278611548067,740.53385940606,717.0264092270126,728.2981824090997,
2016-11-28,729.3211007432507,737.6814909742926,716.0428339057135,721.4426624196451,
2016-11-29,723.4098130622434,735.7143403316944,718.0099845483115,727.1965780492447,
2016-11-30,722.9278611548067,729.7145308717702,713.9576542245594,718.6591442603689,
2016-12-01,722.9278611548067,723.9114364761058,715.0592585844142,718.9247095971195,
2016-12-02,721.9442858335077,721.9442858335077,708.184067088534,721.7869137820999,
2016-12-05,718.0099845483115,732.7636143677975,718.0099845483115,726.9900272317718,
2016-12-06,729.7145308717702,751.2548304082195,728.0424528255618,734.4061851543668,
2016-12-07,734.6225717250525,768.1723259345634,734.6225717250525,763.7462369887177,
2016-12-08,766.7953204847447,801.928630961547,751.4515454724794,801.928630961547,
2016-12-09,842.0191610576966,842.0191610576966,838.1045312789264,842.0191610576966,
2016-12-13,864.4348426301021,875.3820359561605,845.874776317189,852.6417745277264,
2016-12-14,850.7926529236842,868.4871729538542,834.0718724616003,857.3235930571099,
2016-12-15,856.6941048514784,860.6284061366747,828.1704205338058,831.3670403280278,
2016-12-16,831.3670403280278,850.7926529236842,808.4989141078246,820.2132961844965,
2016-12-19,821.4821083489722,828.1704205338058,810.4759005036358,813.1512253775693,
2016-12-20,816.367516678217,827.1868452125068,810.4168859843579,816.436366950708,
2016-12-21,822.760756266661,822.760756266661,798.5451318562782,806.5514349716526,
2016-12-22,806.5317634652266,820.3018179634133,806.5317634652266,810.0136201026253,
2016-12-23,816.3576809250043,816.367516678217,804.5646128226283,805.9219467660212,
2016-12-26,805.9219467660212,821.3345720507773,803.6990665398853,810.7414658403866,
2016-12-27,815.3839413569182,821.2853932847124,811.449640071722,817.6658361023319,
2016-12-28,822.760756266661,838.9897490680954,821.777180945362,826.4885067343844,
2016-12-29,829.1539958551049,840.9372282042676,823.2525439273105,831.7309631969084,
2016-12-30,831.121146497703,858.6612554940766,831.121146497703,852.031957828521,
2017-01-02,854.2351665482307,855.5629932319846,833.098132893514,838.389768122103,
2017-01-03,832.104721819002,860.6284061366747,832.104721819002,857.0088489542942,
2017-01-04,852.7598035662822,868.0052210464178,851.7762282449831,856.7432836175434,
2017-01-05,855.7105295301794,863.5594605941459,851.786063998196,858.1202890673621,
2017-01-06,859.1530431547261,859.1530431547261,847.891105725852,854.4122101060645,
2017-01-09,841.0650929960365,861.6119814579738,841.0650929960365,849.7598988363203,
2017-01-10,845.874776317189,863.4807745684419,845.874776317189,855.4252926870028,
2017-01-11,860.6284061366747,881.2343091178901,856.6941048514784,872.3034452004946,
2017-01-12,870.4641593496654,885.217789169151,860.9628217459165,867.1888535297394,
2017-01-13,867.1888535297394,870.4641593496654,860.6284061366747,862.379170208587,
2017-01-16,860.6284061366747,880.2999125626559,852.8483253451992,867.7396557096669,
2017-01-17,867.513433385768,867.513433385768,835.0652835361122,839.6880875462178,
2017-01-18,845.874776317189,850.9008462090271,839.9733243893944,842.0683398237614,
2017-01-19,843.0224078854216,859.6448308153756,843.0224078854216,852.6909532937914,
2017-01-20,855.7105295301794,864.5627074218709,855.7006937769665,858.17930358664,
2017-01-23,857.1858925121281,866.4315005323391,857.1858925121281,860.8447927073605,
2017-01-24,860.8349569541475,869.4707482751533,856.7039406046915,863.2840595041822,
2017-01-25,865.0544950825206,870.4641593496654,862.5955567792729,864.6807364604268,
2017-01-26,864.6807364604268,880.2999125626559,864.0709197612215,874.5755041926952,
2017-01-27,885.217789169151,886.2013644904501,857.6776801727775,866.2446212212924,
2017-01-30,870.4641593496654,870.4641593496654,833.088297140301,839.1962998855682,
2017-01-31,839.9733243893944,841.9306392787796,815.8757290175677,822.3771618913544,
2017-02-01,831.121146497703,839.7766093251347,826.1934341379947,831.0031174591471,
2017-02-02,826.3508061894025,847.8419269597869,826.2032698912078,838.458618394594,
2017-02-03,827.4327390428315,845.874776317189,827.4327390428315,841.63556668239,
2017-02-06,840.9568997106935,848.825502281086,839.9733243893944,845.2944668776224,
2017-02-07,843.9076256745907,850.7729814172582,841.7142527080938,844.4977708673701,
2017-02-08,846.858351638488,849.8090776023852,836.0390231041982,840.4060975307663,
2017-02-09,836.4816319987829,863.0873444399223,836.0390231041982,840.8191991657117,
2017-02-10,839.9733243893944,848.825502281086,838.9995848213085,846.4255784971161,
2017-02-13,845.874776317189,853.7433788875813,845.874776317189,848.5107581782703,
2017-02-14,846.858351638488,851.7762282449831,846.858351638488,849.4943334995693,
2017-02-15,844.1535195049155,854.6285966767504,834.0718724616003,840.6814986207298,
2017-02-16,840.6814986207298,850.7926529236842,839.4815367287449,846.9960521834698,
2017-02-17,847.7435694276571,855.7105295301794,842.3732481733643,853.6351856022384,
2017-02-20,850.7926529236842,858.6514197408636,847.3599750523505,850.7336384044062,
2017-02-21,846.858351638488,858.6612554940766,838.1045312789264,855.051534064909,
2017-02-22,855.7105295301794,869.4805840283663,855.7105295301794,864.0020694887305,
2017-02-23,859.6448308153756,867.9560422803527,855.7203652833923,865.4872682238921,
2017-02-24,855.7203652833923,895.0535423821417,850.7926529236842,863.1365232059873,
2017-02-27,869.4805840283663,869.4805840283663,855.2187418695298,860.1366184760252,
2017-02-28,863.5791321005719,863.5791321005719,851.786063998196,855.7892155558834,
2017-03-01,860.6284061366747,860.6284061366747,845.8846120704019,847.8025839469351,
2017-03-02,855.7105295301794,875.3722002029476,850.891010455814,862.3594987021611,
2017-03-03,860.6284061366747,860.6284061366747,853.4483062911917,856.5859115661356,
2017-03-06,860.6185703834618,870.4641593496654,858.0219315352323,866.6478871030249,
2017-03-07,862.5955567792729,871.4477346709643,857.9235740031023,864.4053353704631,
2017-03-08,862.5955567792729,864.5627074218709,854.7269542088804,860.0972754631732,
2017-03-09,860.6284061366747,875.3820359561605,860.6185703834618,871.9591938380399,
2017-03-10,870.4641593496654,882.257227452041,863.3332382702471,873.4738998328402,
2017-03-13,875.3820359561605,875.3820359561605,861.6119814579738,866.4216647791262,
2017-03-14,874.3984606348615,874.3984606348615,850.9893679879441,860.7661066816565,
2017-03-15,865.54628274317,867.513433385768,860.6284061366747,861.8677110415115,
2017-03-16,860.6284061366747,861.6218172111868,857.7858734581204,860.1956329953031,
2017-03-17,855.8187228155224,880.2999125626559,855.8187228155224,872.5788462904582,
2017-03-20,875.3820359561605,880.2999125626559,871.4477346709643,878.6671775292995,
2017-03-21,882.6604933337736,882.6604933337736,873.4247210667755,875.7557945782542,
2017-03-22,875.3918717093735,882.267063205254,875.3820359561605,878.7458635550033,
2017-03-24,879.3163372413568,880.2999125626559,865.6446402753,868.2511148767423,
2017-03-27,870.3658018175354,874.3984606348615,855.7105295301794,863.9037119566007,
2017-03-28,860.6284061366747,863.5791321005719,850.7926529236842,855.1695631034651,
2017-03-29,857.5301438745827,862.1037691186232,838.0061737467965,840.573305335387,
2017-03-30,850.6942953915542,850.6942953915542,827.2852027446366,830.5014940452846,
2017-03-31,830.1277354231909,830.1277354231909,815.3741056037052,823.6361383026172,
2017-04-03,826.2032698912078,835.0357762764733,822.2788043592245,826.1147481122908,
2017-04-04,822.2689686060115,833.088297140301,822.2689686060115,826.3901492022545,
2017-04-05,829.1539958551049,837.219313489757,828.1704205338058,834.219408759795,
2017-04-06,831.1113107444901,837.0225984254973,830.137571176404,835.5964142096136,
2017-04-07,835.5964142096136,858.6612554940766,835.5964142096136,852.1401511138639,
2017-04-10,846.858351638488,860.6284061366747,846.858351638488,851.4614841421675,
2017-04-11,855.7105295301794,860.6284061366747,854.7269542088804,857.0481919671461,
2017-04-12,857.6776801727775,857.6776801727775,846.858351638488,849.4058117206525,
2017-04-13,846.3665639778384,848.825502281086,840.9667354639066,846.2091919264305,
2017-04-14,840.9568997106935,855.7105295301794,840.9568997106935,853.0548761626719,
2017-04-17,855.7105295301794,855.7105295301794,835.0554477828993,843.9076256745907,
2017-04-18,843.9076256745907,843.9076256745907,836.0390231041982,839.1569568727163,
2017-04-19,831.5145766262226,854.7269542088804,829.1539958551049,840.573305335387,
2017-04-20,845.874776317189,882.6014788144957,842.9240503532917,855.7006937769665,
2017-04-21,856.9399986818033,890.1356657756464,856.9399986818033,877.6147519355094,
2017-04-24,880.2999125626559,889.0045541561526,875.3820359561605,877.3295150923327,
2017-04-25,877.3491865987587,880.2999125626559,853.7433788875813,873.5919288713962,
2017-04-26,875.3820359561605,875.3820359561605,860.6284061366747,870.1592510000627,
2017-04-27,870.1592510000627,876.3557755242466,861.6119814579738,863.9922337355174,
2017-04-28,861.6119814579738,872.4313099922634,861.6119814579738,867.5035976325553,
2017-05-02,866.5298580644691,880.2999125626559,865.54628274317,870.8379179717589,
2017-05-03,870.4641593496654,887.1849398117492,865.54628274317,869.539598547644,
2017-05-04,880.201555030526,894.0699670608426,873.4148853135624,887.460340901713,
2017-05-05,888.1685151330483,927.5016922317975,888.1586793798352,921.8166268746892,
2017-05-08,933.403144159592,949.1501850535899,924.5608020211133,944.1929654342426,
2017-05-09,955.051636981384,984.558896620356,950.133760374889,963.1071188628234,
2017-05-10,963.9038148730757,981.6081706564588,939.4127893727292,954.5795208271606,
2017-05-11,958.9859382665802,973.7395680860664,957.0187876239823,971.7134029241902,
2017-05-12,971.7724174434682,983.5753212990568,965.8709655156739,978.3131933301069,
2017-05-15,983.5753212990568,988.4833621523392,973.7395680860664,975.4116461322748,
2017-05-16,987.509622584253,988.4931979055522,952.100911017487,953.5664382462226,
2017-05-17,957.9925271920683,962.8120462664338,943.2487331257955,950.9107848787152,
2017-05-18,957.9040054131515,957.9040054131515,934.396555234104,936.0686332803124,
2017-05-19,938.3308565193003,939.3144318405994,922.6034871317282,925.3968410442176,
2017-05-22,929.4688428743958,941.7733701438469,927.0197403243611,930.334389157139,
2017-05-23,930.5114327149726,954.0680616600852,930.5114327149726,937.8193973522247,
2017-05-24,944.2323084470945,956.0352123026832,939.3045960873861,947.5764645395113,
2017-05-25,949.1501850535899,961.9366642304776,941.2914182364103,945.7175071822561,
2017-05-26,947.1830344109917,953.0844863387861,929.4983501340347,936.8063147712868,
2017-05-29,934.396555234104,938.3308565193003,902.9221449525342,910.5153464329629,
2017-05-30,914.8234063402527,918.5609925611892,866.5298580644691,886.7915096832297,
2017-05-31,884.2342138478521,885.217789169151,842.4519341990681,845.1075875665756,
2017-06-01,849.8090776023852,851.7762282449831,802.853191763568,805.6367099228445,
2017-06-02,793.7452842883389,816.367516678217,781.4702642785265,805.1350865089821,
2017-06-05,821.2755575314994,838.9897490680954,811.449640071722,833.0391183742362,
2017-06-06,838.4979614074459,850.7926529236842,826.1934341379947,844.9698870215936,
2017-06-07,846.858351638488,850.7926529236842,839.5798942608749,850.2418507437568,
2017-06-08,845.9731338493189,854.2351665482307,844.8912009958898,848.1468353093896,
2017-06-09,848.1861783222416,850.3008652630346,838.0061737467965,844.5076066205833,
2017-06-12,818.8264549814647,832.104721819002,806.5317634652266,812.7577952490497,
2017-06-13,816.3478451717913,847.8419269597869,816.3478451717913,842.2257118751694,
2017-06-14,842.9240503532917,845.874776317189,828.1704205338058,832.2522581171968,
2017-06-15,826.2032698912078,834.0620367083872,804.5646128226283,807.8595901489804,
2017-06-16,806.5317634652266,816.367516678217,804.5646128226283,812.2266645755482,
2017-06-19,821.2853932847124,821.2853932847124,797.8861363910079,803.1384286067448,
2017-06-20,802.5974621800304,803.5613659949034,764.336382181497,775.4606190653893,
2017-06-21,772.1066272197596,802.5974621800304,752.4351207937787,784.6078695534706,
2017-06-22,793.7452842883389,821.1870357525825,793.7452842883389,818.0887734904906,
2017-06-29,818.3346673208154,845.8846120704019,816.367516678217,830.5605085645625,
2017-06-30,826.2032698912078,835.5373996903357,821.2853932847124,822.5246981895492,
2017-07-03,816.367516678217,816.367516678217,781.4014140060357,781.4014140060357,
2017-07-04,781.1555201757111,790.7945583244417,762.270874006769,775.0475174304439,
2017-07-05,762.270874006769,779.9752297901521,749.4843948298814,758.8480318886483,
2017-07-06,760.303723364171,761.2872986854699,729.8128884039002,740.445337627143,
2017-07-07,733.7471896890964,747.5172441872832,727.845737761302,740.9371252877925,
2017-07-10,735.7143403316944,775.5491408443063,709.1578066566201,768.9296789319636,
2017-07-11,736.6979156529936,746.533668865984,730.4915553755966,730.4915553755966,
2017-07-12,718.0099845483115,724.895011797405,694.4041768371341,704.102229505143,
2017-07-13,706.2070806927228,722.9278611548067,696.9221296596595,710.151217731132,
2017-07-14,710.6331696385687,736.6979156529936,708.1643955821079,722.9278611548067,
2017-07-17,722.9180254015938,738.6650662955916,718.0099845483115,734.0029192726341,
2017-07-18,734.0029192726341,762.270874006769,733.7471896890964,759.0447469529082,
2017-07-19,759.3201480428719,768.1723259345634,743.582942902087,748.2155826654055,
2017-07-20,748.2057469121926,766.2051752919652,747.5172441872832,748.2352541718315,
2017-07-21,738.6650662955916,752.4351207937787,736.6979156529936,745.4517360125551,
2017-07-24,748.5008195085824,752.926908454428,739.6486416168907,745.7074655960929,
2017-07-25,746.533668865984,749.9761824905307,739.7469991490206,742.4223240229542,
2017-07-26,742.5993675807879,744.5665182233861,738.6650662955916,740.1699365371792,
2017-07-27,740.7305744703197,744.0550590563104,731.7800390464982,733.7766969487354,
2017-07-28,722.9278611548067,729.8128884039002,697.0893374642804,699.754826585001,
2017-07-31,704.2399300501247,717.9116270161816,693.420601515835,696.2237911815373,
2017-08-01,703.2563547288255,703.2563547288255,683.7422203542524,691.1977212896991,
2017-08-02,694.4041768371341,715.4526887129339,694.3943410839211,710.3577685486049,
2017-08-03,713.0921079418163,719.3869899981302,709.1578066566201,711.3118366102649,
2017-08-04,716.0428339057135,718.0099845483115,708.174231335321,708.3414391399418,
2017-08-07,712.9839146564732,712.9839146564732,693.420601515835,694.42384834356,
2017-08-08,688.5027249093398,690.371518019808,683.5848483028446,685.6503564775726,
2017-08-09,686.0437866060922,688.5027249093398,676.2080333931015,678.3128845806815,
2017-08-10,676.6899853005381,698.3384781223303,676.6899853005381,686.7913038502794,
2017-08-11,692.338668662406,692.338668662406,676.6998210537511,678.5882856706452,
2017-08-15,690.4698755519379,692.7320987909256,657.02831462777,661.6019398718106,
2017-08-16,660.9626159129662,668.8312184833586,649.1597120573775,653.3103999132595,
2017-08-17,652.1104380212747,663.8149843447334,641.291109486985,646.2680006127582,
2017-08-18,644.2516712040951,649.1597120573775,626.9014025363799,645.8647347310256,
2017-08-21,646.2089860934802,646.2089860934802,613.5739569327777,613.6231356988425,
2017-08-22,613.5739569327777,599.9809459924246,583.2601655303406,592.8106819001547,
2017-08-23,593.0959187433313,603.9152472776209,593.0959187433313,599.1842499821724,
2017-08-24,603.9054115244079,608.6364088198563,575.3915629599481,587.7255974890384,
2017-08-25,603.9152472776209,614.7345758119105,582.7683778696912,610.4461874110466,
2017-08-28,616.5050113902488,626.537479667499,597.0302200285275,603.3644450976934,
2017-08-29,604.89882259892,604.89882259892,580.3192753196565,592.8795321726454,
2017-08-30,592.8795321726454,616.2099387938591,592.1123434220322,603.6005031748051,
2017-08-31,604.89882259892,607.8298770563911,580.4569758646383,587.1944668155369,
2017-09-05,578.8340765844949,606.865973241518,578.8340765844949,593.0467399772663,
2017-09-06,598.9383561518476,606.865973241518,580.3094395664435,582.4536337668753,
2017-09-07,579.7787438387511,586.6827530711751,558.0592641504817,567.9066135134669,
2017-09-08,572.8648576260233,590.6434221730377,572.8648576260233,588.8161808168168,
2017-09-11,583.8283057633489,595.5819123249862,577.9119945613146,580.2133309721225,
2017-09-12,585.7049320210891,587.6803280818687,568.1732919816722,577.487284408247,
2017-09-13,580.7664418691409,595.6708051477214,580.7664418691409,592.1941080807495,
2017-09-14,591.6311202034274,602.495798537714,590.6434221730377,599.7499980132308,
2017-09-15,606.0910193683326,609.3998077701381,596.569610355376,606.33794387593,
2017-09-18,607.4342886896626,617.2026222102166,591.176779109448,592.6978340762483,
2017-09-19,592.6188182338171,598.0511574009604,585.7049320210891,592.2731239231807,
2017-09-20,594.5942142945964,597.5573083857655,588.9149506198557,592.2138620413574,
2017-09-21,591.6311202034274,592.5891872929054,583.0875322405565,588.3519627425336,
2017-09-22,590.1001882563235,593.6065162642067,582.7418379299202,585.0826822619437,
2017-09-25,590.5446523699986,593.6065162642067,580.8257037509642,586.6037372287437,
2017-09-26,587.1864790666739,591.6311202034274,576.815649747582,580.4009935978967,
2017-09-27,553.3578215258267,582.7418379299202,553.3578215258267,571.1363860728412,
2017-09-28,564.0545911949472,572.973504409366,563.0866471251652,565.2101978905031,
2017-09-29,567.9263674740747,568.9140655044645,554.1183490092268,558.2271728156478,
2017-10-02,557.0518121594841,562.9878773221262,541.258520653553,543.7277657295272,
2017-10-03,548.1724068662809,552.1231989878396,516.5463159332029,516.5463159332029,
2017-10-04,512.6152777722518,524.4676541369281,496.8121092860167,509.93861610989563,
2017-10-05,513.6029758026416,521.5045600457591,504.7136935291343,508.53608490674236,
2017-10-06,509.1583346658878,524.4676541369281,509.1583346658878,521.8107464351798,
2017-10-09,520.5267389956733,523.4799561065383,513.6029758026416,514.6795666557663,
2017-10-10,513.6029758026416,518.54146595459,498.7875053467961,500.8517942303105,
2017-10-11,503.7259954987445,510.63988171147247,488.97966390502637,500.9703179939573,
2017-10-12,501.75059943796515,506.68908958991364,485.94743095173,494.9453600085802,
2017-10-13,483.9720348909506,491.8736191340682,474.58890360224854,478.2433863146904,
2017-10-16,481.9966388301712,502.15555563042494,481.9966388301712,502.06666280768985,
2017-10-17,507.65703365969557,513.6029758026416,491.8736191340682,494.8268362449334,
2017-10-18,495.3305622404321,519.5587949258913,489.0092948459381,515.8055424104106,
2017-10-19,519.5291639849796,541.5943379838856,519.5291639849796,537.9201013108358,
2017-10-20,543.1845318128129,550.1478029270602,533.4063213119548,541.0017191656517,
2017-10-23,543.2339167143323,545.2093127751118,514.6104277936389,517.2673354953873,
2017-10-24,517.5537679242003,523.4799561065383,507.18293860510846,518.6303587773251,
2017-10-25,518.6303587773251,532.3692383800457,511.62757974186206,530.3247034571389,
2017-10-26,533.3470594301316,543.5796110249687,530.3938423192664,533.5347220559055,
2017-10-27,533.3569364104354,535.3323324712147,523.4799561065383,530.5024891026092,
2017-10-30,533.3569364104354,533.3569364104354,503.98279698664584,503.98279698664584,
2017-10-31,498.7875053467961,498.7875053467961,478.78662023140475,480.84103213461526,
2017-11-01,479.9027190057451,498.7875053467961,480.84103213461526,496.71333948297763,
2017-11-02,493.8490151948476,498.7776283664922,490.8859211036785,493.61196766755404,
2017-11-03,488.91052504289917,508.664485650693,482.97445988025703,504.08156678968487,
2017-11-06,498.7875053467961,511.62757974186206,490.9056750642863,505.25692744584853,
2017-11-07,506.68908958991364,514.0968248178364,506.68908958991364,510.76828245542305,
2017-11-08,510.54111190843344,528.4184462584869,508.664485650693,525.2973204824556,
2017-11-09,530.3938423192664,535.3323324712147,520.5168620153694,525.1985506794166,
2017-11-10,527.4307482280972,527.4307482280972,505.7013915595239,508.4965769855268,
2017-11-13,508.664485650693,515.5783718634208,503.7259954987445,508.18051361580206,
2017-11-14,517.563644904504,521.5045600457591,505.71126853982787,509.70156858260214,
2017-11-15,510.63988171147247,521.6428377700136,508.664485650693,511.4300401357841,
2017-11-16,512.6152777722518,515.5882488437248,507.6767876203033,511.36090127365696,
2017-11-17,513.520536704019,513.520536704019,499.75474239769244,506.15766757108804,
2017-11-20,502.2882027445074,508.67133525894354,500.75427167514675,502.40695869826436,
2017-11-21,495.8555885826725,510.65060115489274,499.7646387271722,501.2589844786138,
2017-11-22,502.8325008658934,510.65060115489274,497.785372831223,504.30705395837555,
2017-11-23,505.7024364150198,510.65060115489274,499.91308366936835,507.91921421848286,
2017-11-24,507.68170231096894,511.63033777338757,496.79573988324836,504.2971576288958,
2017-11-27,489.8683092474262,503.2283540450833,492.83720809134996,499.576608467057,
2017-11-28,498.77500577919756,499.7646387271722,481.55539248443955,487.5624644786454,
2017-11-29,487.889043351477,491.3527586693881,486.8994104035024,489.39328543239833,
2017-11-30,493.8268410393246,498.77500577919756,484.9201445075532,489.52193771563503,
2017-12-04,487.889043351477,495.90507023007126,486.8994104035024,495.5784913572396,
2017-12-05,491.8970567907741,503.03042745548834,492.83720809134996,494.7175106925017,
2017-12-06,496.79573988324836,499.7646387271722,493.8268410393246,498.1911223398926,
2017-12-07,496.30092340926103,496.30092340926103,481.95124566362944,486.55303887171124,
2017-12-08,484.9201445075532,494.81647398729916,483.93051155957863,488.0671772821124,
2017-12-11,480.08083939195745,489.76934595262867,465.1274855480612,468.73964580816846,
2017-12-12,465.1274855480612,468.1062807214647,458.200054912239,464.30609020124234,
2017-12-13,465.2264488428587,473.044549131858,457.2104219642644,469.46207786018994,
2017-12-14,468.29431098157994,469.06622468100016,460.1793208081882,464.0190966463297,
2017-12-15,465.1274855480612,466.1171184960358,446.52238612613877,450.09496106832705,
2017-12-18,450.2730949989625,450.2829913284422,438.4766702591053,441.17836820707595,
2017-12-19,431.6778919065198,449.78817485445495,430.50022869843,446.45311181978053,
2017-12-20,447.3140924845184,454.2415231203406,435.9432099122903,442.3758240741252,
2017-12-21,440.3668691897368,452.2523608949117,438.605322542342,447.8979759238234,
2017-12-22,447.3140924845184,470.28347320700885,447.3140924845184,470.25378421856965,
2017-12-26,471.0652832359088,486.8994104035024,455.280637715714,471.6194776867746,
2017-12-27,471.6194776867746,495.1925345075295,473.8362554902377,495.0638822242928,
2017-12-28,496.79573988324836,514.5992366173115,496.79573988324836,512.1350505768547,
2017-12-29,512.6298670508419,520.0224251722123,504.7029071375654,512.0459836115369,
2018-01-01,509.66096820691814,522.526196530588,501.7439046231214,517.5087574843567,
2018-01-02,514.6091329467912,538.3603236981816,511.6402341028674,534.8768157213109,
2018-01-03,534.8768157213109,546.2773872819783,529.4536271664101,537.5587210103221,
2018-01-04,539.3499566461561,558.1035010102747,534.4017919062832,552.7001051143335,
2018-01-05,554.1944508657751,572.0078439293178,554.1845545362953,568.9399817905966,
2018-01-08,573.9871098252671,578.9352745651399,565.0804132934957,568.8905001431979,
2018-01-09,566.0700462414703,570.0285780333687,554.1845545362953,564.6548711258666,
2018-01-10,565.5752297674829,583.883439305013,560.3301751432176,577.8367819928882,
2018-01-11,578.1930498541591,583.883439305013,565.882015981355,573.3537447385633,
2018-01-12,575.9663757212162,578.9352745651399,566.0700462414703,573.2943667616848,
2018-01-15,565.0804132934957,578.9352745651399,565.0804132934957,574.6204749119707,
2018-01-16,580.3207606923045,603.3495193916734,573.9871098252671,594.2943779177058,
2018-01-17,602.6369836691317,603.131800143119,590.316053466848,599.4602619061333,
2018-01-18,607.5356667616059,613.4734644494534,588.3367875708988,601.0832599408116,
2018-01-19,603.676098264505,615.5516936402001,597.7383005766575,613.4338791315346,
2018-01-22,615.0568771662129,634.3547196517175,613.8198359812446,631.8707409523014,
2018-01-23,634.3547196517175,641.2821502875397,628.41692196387,639.2632990736716,
2018-01-24,648.209580923362,671.2185469637714,638.3231477730957,670.6148708655068,
2018-01-25,668.9918728308285,668.9918728308285,653.1577456632349,659.7289084377862,
2018-01-26,662.0644421950062,662.0644421950062,633.3156050563442,651.6633999117932,
2018-01-29,648.209580923362,649.1992138713365,626.4871377153195,632.8900628887151,
2018-01-30,632.8900628887151,636.3438818771465,618.5799704610024,625.2797855187905,
2018-01-31,625.2797855187905,627.0116431777461,603.7255799119037,608.8320859234527,
2018-02-01,608.5747813569793,634.3448233222379,606.6449971084287,628.4565072817888,
2018-02-02,629.4065549118446,638.3132514436159,622.4791242760223,626.2001441604069,
2018-02-06,621.984307802035,621.984307802035,594.8980540159704,610.0592307789412,
2018-02-07,616.4126743049382,628.41692196387,616.4126743049382,623.2906232933616,
2018-02-08,623.587513177754,631.3858208077937,611.5931618483017,613.5526350852915,
2018-02-09,609.633688611312,612.4640388425194,601.7067286980356,604.6756275419593,
2018-02-12,605.1605476864669,612.0879783222891,598.7279335246319,602.0036185824279,
2018-02-13,608.2284098251881,608.2284098251881,590.820766270315,595.2246328888019,
2018-02-14,596.7486676286828,596.7486676286828,578.9352745651399,580.8551624842108,
2018-02-15,581.1124670506841,591.8005028888098,564.1897436403185,567.6930442761486,
2018-02-16,568.0493121374194,583.883439305013,568.0493121374194,579.9447001720741,
2018-02-19,579.9447001720741,594.7694017327335,579.9447001720741,591.1968267905453,
2018-02-20,598.6091775708751,599.8363224263636,585.8627052009623,595.0563952876463,
2018-02-21,603.676098264505,606.1501806344414,580.4197239871019,586.2387657211926,
2018-02-22,585.8627052009623,603.676098264505,573.9871098252671,596.897112570879,
2018-02-23,597.7383005766575,606.1501806344414,591.8005028888098,594.4230302009424,
2018-02-26,602.6270873396519,602.6270873396519,576.4611921952035,584.1407438714864,
2018-02-27,584.8730722529876,589.8212369928607,577.9456416171655,583.0422512992345,
2018-02-28,584.8730722529876,596.7486676286828,583.8735429755333,594.5219934957399,
2018-03-01,593.7797687847591,624.2406709234172,589.8212369928607,624.2406709234172,
2018-03-02,632.3754537557684,642.123338293318,625.457919449426,637.3137221661616,
2018-03-05,641.2821502875397,648.209580923362,633.365086703743,645.6662242470671,
2018-03-06,648.1996845938821,664.0437080909555,639.3028843915905,641.9056190447636,
2018-03-07,639.3028843915905,642.2717832355142,630.4456695072179,632.0191858944975,
2018-03-08,624.5375608078095,635.3443525996921,621.4993876575276,623.3796902586791,
2018-03-09,627.3679110390169,630.2774319060621,620.5493400274718,626.6949606343942,
2018-03-12,628.41692196387,646.2303150274126,627.4272890158953,642.6577400852244,
2018-03-13,643.2614161834889,647.2199479753873,636.3339855476668,642.3410575418726,
2018-03-14,637.8184349696286,638.3132514436159,631.3858208077937,632.3754537557684,
2018-03-15,634.3547196517175,634.3547196517175,626.4376560679207,627.8627275130042,
2018-03-16,629.4065549118446,629.4065549118446,616.5413265881748,620.1435905188023,
2018-03-19,624.4583901719716,628.4070256343902,620.4998583800732,623.4192755765982,
2018-03-20,623.4687572239969,637.3236184956413,623.4687572239969,635.2750782933339,
2018-03-21,636.3339855476668,641.2821502875397,631.4353024551925,633.7609398829327,
2018-03-22,638.2142881488185,663.0441788135012,634.8495361257048,654.671884073636,
2018-03-26,653.2072273106336,663.0441788135012,645.2406820794381,658.7491718192914,
2018-03-27,658.1059104031078,676.9089364146253,658.1059104031078,662.3118504319999,
2018-03-28,663.0540751429809,677.8985693625998,653.2072273106336,671.9508753452725,
2018-03-29,673.9499339001811,682.836837772993,673.9400375707014,681.2633213857134,
2018-03-30,682.7477708076755,689.774164738295,668.0022398828539,682.4706735822425,
2018-04-02,697.6912283220918,716.4942543336092,689.774164738295,715.6926516457497,
2018-04-03,715.5046213856346,722.3330887266593,704.618658957914,714.5347810966194,
2018-04-04,710.5564566457616,724.213391327811,704.7176222527114,708.6068797382516,
2018-04-05,707.0927413278506,716.345809391413,706.103108379876,709.7251649694629,
2018-04-06,717.4838872815839,717.4838872815839,706.5979248538632,708.438642137096,
2018-04-09,709.5668236977871,713.0305390156981,702.6393930619648,703.9358122238115,
2018-04-10,708.5771907498124,708.5870870792922,701.6497601139902,703.5498553741014,
2018-04-11,697.6912283220918,706.4791689001063,697.6912283220918,702.4117774839306,
2018-04-12,701.6497601139902,701.6497601139902,691.8721865880011,694.8113964434858,
2018-04-13,688.7845317903204,699.670494218041,673.9400375707014,677.6709537845658,
2018-04-16,668.9918728308285,678.8882023105745,663.0639714724606,667.7449353163804,
2018-04-17,669.981505778803,687.7850025128661,661.6685890158165,680.4221333799351,
2018-04-18,680.115347166063,692.2284544492721,668.0022398828539,671.3570955764877,
2018-04-19,670.9909313857371,673.9400375707014,656.1365408366385,660.0851762990571,
2018-04-20,671.465955200765,671.465955200765,643.2614161834889,646.4084489580481,
2018-04-23,645.2406820794381,651.1784797672857,637.8184349696286,643.7364399985167,
2018-04-24,647.2199479753873,668.9918728308285,647.2199479753873,658.491867252818,
2018-04-25,658.1059104031078,667.4579417614679,652.1681127152603,653.7020437846209,
2018-04-26,654.1572749406891,660.0851762990571,650.188846819311,656.9678325129372,
2018-04-27,658.1059104031078,659.0856470216028,643.3603794782864,644.8844142181672,
2018-04-30,646.2797966748115,660.0851762990571,641.776966761527,654.3453052008045,
2018-05-02,651.1784797672857,653.1577456632349,644.2609454609433,646.5865828886837,
2018-05-03,646.2303150274126,656.0276812123611,642.2717832355142,649.8325789580402,
2018-05-04,650.188846819311,653.1577456632349,638.3627330910147,642.3311612123928,
2018-05-07,642.2717832355142,642.2717832355142,623.4687572239969,625.5568827442233,
2018-05-08,623.4687572239969,633.1176784667493,617.5309595361495,626.5762046806373,
2018-05-09,627.9221054898827,627.9221054898827,608.6341593338577,617.8773310679405,
2018-05-10,628.1200320794776,633.2364344205062,613.6219093916496,620.1930721662011,
2018-05-11,622.4197462991439,628.41692196387,607.9315199407957,613.879213958123,
2018-05-14,613.1369892471421,613.1369892471421,588.8415003743658,594.828779709612,
2018-05-15,584.8829685824674,596.7486676286828,575.9663757212162,584.8532795940281,
2018-05-16,583.883439305013,588.831604044886,574.9767427732415,575.9465830622568,
2018-05-17,571.0182109813431,572.9974768772925,559.2415789004456,563.7740978021691,
2018-05-18,562.1115144495719,563.7740978021691,548.2566531779274,551.0573144206957,
2018-05-21,554.1944508657751,562.1115144495719,545.3867176288012,553.5808784380308,
2018-05-22,559.1426156056481,566.0700462414703,552.2151849698258,563.6454455189324,
2018-05-23,562.6063309235592,564.090780345521,554.2736215016131,556.8169781779077,
2018-05-24,554.1944508657751,555.1840838137497,539.8447731201434,541.1510886114698,
2018-05-25,539.3499566461561,542.8136719640672,530.5422234091822,533.6001892184237,
2018-05-28,529.4536271664101,549.1473228311046,524.5054624265371,534.1444873398098,
2018-05-29,539.3499566461561,548.2566531779274,536.3810578022322,547.1284716172364,
2018-05-30,549.1869081490237,550.226022744397,536.3810578022322,537.8556108947145,
2018-05-31,538.3603236981816,548.2467568484477,534.6096148253579,540.6166868195635,
2018-06-01,537.3706907502069,541.3292225421053,534.599718495878,539.9041510970218,
2018-06-04,541.3292225421053,548.2566531779274,539.3598529756358,544.8226268484556,
2018-06-05,544.2882250565493,550.2359190738767,540.9333693629154,547.2076422530745,
2018-06-06,552.1657033224272,568.0493121374194,546.5247955189719,559.7660843628721,
2018-06-07,563.9918170507235,579.9249075131146,557.1732460391786,573.1459218194886,
2018-06-11,573.9871098252671,576.9560086691909,546.7722037559656,556.7477038715496,
2018-06-12,556.7477038715496,559.1426156056481,537.3706907502069,541.2203629178281,
2018-06-13,539.3499566461561,552.2151849698258,532.4720076577325,539.5676758947105,
2018-06-14,543.6053783224468,549.2462861259021,534.4017919062832,536.4008504611918,
2018-06-19,539.3400603166763,543.3084884380545,526.4847283224864,530.1463702299924,
2018-06-20,531.4229967328795,531.4229967328795,509.66096820691814,513.1048908658698,
2018-06-21,506.7019656924741,513.1048908658698,495.07377855377257,506.94937392946775,
2018-06-22,503.7231705190706,517.5780317907149,494.81647398729916,495.10346754221183,
2018-06-25,494.8065776578194,499.7646387271722,470.3527475133671,471.5106180624974,
2018-06-26,470.07565028793425,488.38385982546424,470.07565028793425,472.81693355382384,
2018-06-27,477.99271387173104,490.85794219540077,475.0238150278072,484.227401443971,
2018-06-28,487.05775167517834,508.4338233514296,477.0030809237564,506.4545574554804,
2018-06-29,509.3640783225258,515.0544677733798,500.2594552011594,502.66426326473777,
2018-07-02,505.6430584381413,511.44230751327234,484.0492675133355,489.0073285826883,
2018-07-03,488.38385982546424,496.79573988324836,480.46679624166745,489.2745294786414,
2018-07-04,485.90977745552783,485.90977745552783,464.8899736405473,467.0671661260914,
2018-07-05,471.0652832359088,484.80138855379624,469.0860173399596,480.8032714439788,
2018-07-06,482.44606213761665,486.88951407402266,475.0238150278072,479.27923670409797,
2018-07-09,483.92061523009886,483.93051155957863,459.2886511550111,462.8513297677196,
2018-07-10,462.1585867041374,474.03418207983265,449.54076661746126,468.50213390065466,
2018-07-11,473.91542612607566,484.90035184859374,465.83012494112313,475.22174161740213,
2018-07-12,475.23163794688185,481.95124566362944,469.1849806347571,475.7264544208691,
2018-07-13,475.00402236884776,486.8994104035024,473.044549131858,477.74530563473735,
2018-07-16,479.97197976768024,483.93051155957863,456.2405816752493,457.91306135732634,
2018-07-17,455.3301193631127,477.99271387173104,452.2622572243914,472.50025101047197,
2018-07-18,477.9333358948525,495.70714364047626,474.1331453746301,492.31270262892343,
2018-07-19,504.71280346704515,516.0441007213543,504.71280346704515,512.2933918485306,
2018-07-20,509.66096820691814,510.64070482541297,498.873969073995,501.30846612601255,
2018-07-23,495.8160032647535,499.2500295942254,484.93993716651266,486.40459392951504,
2018-07-24,490.85794219540077,506.69206936299435,488.87867629945157,503.6341035537529,
2018-07-26,518.5676647386896,523.1199762993728,510.1557846809054,520.032321501692,
2018-07-27,521.5365635826133,544.298121386029,521.5365635826133,543.3282810970139,
2018-07-30,549.2462861259021,570.4937055189167,549.2462861259021,570.4937055189167,
2018-07-31,569.0389450853941,569.0488414148738,542.31885549008,545.2679616750441,
2018-08-01,540.5869978311243,554.1746582068156,539.3598529756358,548.0092449409337,
2018-08-02,548.236860518968,550.2359190738767,529.3546638716126,531.5714416750757,
2018-08-03,529.4536271664101,529.9484436403974,523.0210130045753,526.9795447964736,
2018-08-06,525.0002789005243,543.3084884380545,523.5158294785625,540.8443023975977,
2018-08-07,541.576630779099,559.1426156056481,534.4017919062832,551.9182950854336,
2018-08-08,556.1242351143256,557.1534533802192,539.3499566461561,542.8532572819861,
2018-08-09,546.2575946230188,559.1426156056481,539.3598529756358,556.846667166347,
2018-08-10,554.1944508657751,570.8697660391471,554.1944508657751,564.6647674553464,
2018-08-13,564.090780345521,566.4560030911803,558.1529826576735,560.9140585825226,
2018-08-15,555.1939801432294,573.4922933512797,555.1939801432294,562.7646721952351,
2018-08-16,561.8146245651795,564.5757004900287,549.5431760102945,552.6506234669347,
2018-08-17,556.1638204322445,569.0389450853941,552.6506234669347,564.6548711258666,
2018-08-20,568.0493121374194,579.9249075131146,567.1289534958031,571.4239604900129,
2018-08-24,572.0078439293178,575.9663757212162,566.0700462414703,571.9583622819192,
2018-08-27,573.7792869061923,583.6855127154181,569.0983230622725,577.609166414854,
2018-08-28,577.9456416171655,583.883439305013,571.8099173397229,573.5714639871177,
2018-08-29,576.8372527154338,576.8372527154338,562.1115144495719,563.9918170507235,
2018-08-30,564.090780345521,567.0596791894449,540.3395895941306,545.7726744785112,
2018-08-31,545.6836075131936,550.2359190738767,530.938076588372,535.1737056057033,
2018-09-03,535.1737056057033,535.341943206859,522.526196530588,531.8485389005086,
2018-09-04,533.4121589583085,539.3499566461561,529.4041455190114,537.7962329178359,
2018-09-05,537.3904834091664,537.3904834091664,524.5054624265371,533.5705002299844,
2018-09-06,529.4536271664101,531.4328930623593,514.6289256057506,518.9932069063186,
2018-09-07,518.5973537271287,528.2165859814418,502.73353757109595,506.7316546809133,
2018-09-10,506.69206936299435,511.04645433408257,494.9253336115764,503.17887239768453,
2018-09-11,502.43664768670357,510.6604974843725,499.77453505665187,502.7236412416162,
2018-09-12,499.804894289995,500.9453221241884,474.0213084734476,481.2605460296321,
2018-09-13,476.9963376061262,499.804894289995,472.0379557183286,493.95400366239386,
2018-09-14,496.81994839354087,512.6966871982687,496.81994839354087,500.4395671716331,
2018-09-17,496.93894955884804,497.82154153487596,482.6488929582154,488.05352921591475,
2018-09-18,483.9579057765939,512.4487681038788,481.95471949392373,512.2305993008157,
2018-09-19,513.6883635758281,513.6883635758281,502.77992342267356,507.06396537373064,
2018-09-24,507.0441318461795,507.0441318461795,487.9047777592808,490.29471782919927,
2018-09-25,491.8714832695189,504.7632761777926,489.88813051439985,498.1785450307974,
2018-09-26,500.79657066755453,505.55661727984017,487.9047777592808,492.1590694190112,
2018-09-27,491.98056767105044,506.49870983852173,485.85200765773266,503.7517662726819,
2018-09-28,503.77159980023305,511.2091726319294,499.804894289995,508.6704811053771,
2018-10-01,498.50579823539204,506.61771100382884,498.1785450307974,502.9782586981854,
2018-10-02,503.77159980023305,505.7549525553521,498.00996004661226,500.66765273847176,
2018-10-03,495.8679390710837,500.7866539037789,494.06308806392536,496.66128017313133,
2018-10-04,495.83818877975693,497.82154153487596,484.0372398867988,489.0947894123522,
2018-10-05,486.9230181454969,490.8698901281838,466.4349841851174,476.40133177959046,
2018-10-08,475.9947444647911,479.9713667388047,452.58126519061096,452.58126519061096,
2018-10-09,455.1794572998169,471.0462793407691,447.3650474446479,456.61738804727815,
2018-10-10,462.12119194273345,475.9054935908107,435.44509738638254,465.64164308306977,
2018-10-11,462.12119194273345,463.112868320293,442.36699850174796,444.57843682370566,
2018-10-12,441.2959880139837,441.2959880139837,422.3549692025969,422.3549692025969,
2018-10-15,402.62060928916264,413.4298818045613,401.24217912435495,406.10139337439654,
2018-10-16,402.5908589978359,414.01497086732144,386.7537872482104,392.5749275844848,
2018-10-17,396.5713833860496,412.20020309638755,391.71216913600796,411.258110537706,
2018-10-18,413.3307141668054,427.3034343266189,406.5873147994007,416.1966588979524,
2018-10-19,416.50407857499584,433.36257699350756,407.0831529881805,431.3098068919594,
2018-10-22,437.3292825037456,440.3043116364242,418.4874313301149,421.3137090061595,
2018-10-23,421.3137090061595,421.4624604627934,400.2505027467954,403.9296221075412,
2018-10-24,424.1201531546529,424.1201531546529,424.1201531546529,424.1201531546529,
2018-10-25,445.26269352422173,445.3221941068753,431.37922423838853,445.3221941068753,
2018-10-26,442.5851673048111,467.58532878308637,438.32095888130516,467.58532878308637,
2018-10-29,476.00466122856665,490.95914100216413,476.00466122856665,490.95914100216413,
2018-10-30,503.77159980023305,506.7466289329116,492.8631596470784,502.5022540369569,
2018-10-31,495.83818877975693,504.7632761777926,489.4022090893957,492.8135758282004,
2018-11-01,490.8798068919594,490.8798068919594,480.9729598801398,482.48030797403027,
2018-11-02,482.9463958714833,503.77159980023305,482.9463958714833,493.93417013484265,
2018-11-05,492.8631596470784,492.8631596470784,470.05460296320956,479.49536207757615,
2018-11-06,479.96144997502915,480.96304311636425,460.1378391876144,467.595245546862,
2018-11-07,484.9198318628267,490.9690577659397,476.9963376061262,490.2550507740969,
2018-11-08,491.8714832695189,497.72237389712,477.0657549525553,480.7845413684035,
2018-11-09,484.8305809888463,486.9230181454969,473.02963209588813,483.9678225403695,
2018-11-12,485.91150824038624,485.91150824038624,464.1045446978525,466.04823039786913,
2018-11-13,465.10613783918757,470.4512735142334,453.6919427334776,464.9078025636757,
2018-11-14,448.23772265690025,488.1526968536707,448.23772265690025,478.4640186449143,
2018-11-15,481.8555518561678,500.79657066755453,476.01457799234225,493.0317446312635,
2018-11-16,495.83818877975693,505.7549525553521,491.8714832695189,502.45267021807894,
2018-11-19,502.45267021807894,503.2757616114533,493.8548360246379,496.7009472282337,
2018-11-20,496.839781921092,503.77159980023305,491.8714832695189,502.05599966705506,
2018-11-22,502.05599966705506,513.1925253870485,498.4760479440653,504.38643915431993,
2018-11-23,505.7549525553521,529.6047694356583,505.7549525553521,528.0081704677876,
2018-11-26,535.5052438821375,535.5052438821375,513.6883635758281,516.4848909605461,
2018-11-27,517.6550690860662,520.6300982187448,512.6966871982687,514.8783752288997,
2018-11-28,516.6633927085068,519.1227501248543,509.73157482936574,510.753001498252,
2018-11-29,514.6800399533877,516.0882204095221,505.77478608290323,513.2817762610288,
2018-11-30,509.037401365074,516.1477209921758,487.62710837356417,489.8087964041951,
2018-12-03,471.05619610454465,471.05619610454465,465.3243066422507,465.3243066422507,
2018-12-04,442.0595788247045,468.5571716330947,442.0595788247045,458.6701581488263,
2018-12-05,460.1378391876144,461.12951556517396,442.29758115531877,455.1893740635925,
2018-12-06,456.0719660396204,460.1378391876144,442.03974529715333,445.78828200432827,
2018-12-07,446.35353753953723,468.07125020809053,445.78828200432827,465.6813101381721,
2018-12-10,473.02963209588813,482.35139004494755,471.14544697852506,476.48066588979526,
2018-12-11,472.1371233560846,485.91150824038624,468.07125020809053,478.1863492591976,
2018-12-12,474.0213084734476,476.9963376061262,467.5754120193108,472.4742933244548,
2018-12-13,474.01139170967207,477.9880139836857,469.55876477442985,474.42789578824704,
2018-12-14,476.48066588979526,481.95471949392373,476.48066588979526,480.19945230564343,
2018-12-17,480.96304311636425,484.9297486266023,477.14508906276006,480.30853670717494,
2018-12-18,478.98960712502077,482.9463958714833,472.0379557183286,473.77338937905773,
2018-12-19,472.0379557183286,479.9217829199267,472.0379557183286,477.01617113367735,
2018-12-20,477.9880139836857,485.7230897286499,476.3021641418345,482.9463958714833,
2018-12-21,480.96304311636425,495.83818877975693,476.00466122856665,482.8273947061761,
2018-12-24,480.96304311636425,484.9297486266023,477.9880139836857,481.6076327617779,
2018-12-26,482.9463958714833,484.81074746129514,476.9963376061262,478.5731030464458,
2018-12-27,481.95471949392373,481.95471949392373,458.3627384717829,461.8534393207924,
2018-12-28,461.8534393207924,461.8534393207924,446.2543699017812,451.7680905610122,
2018-12-31,454.18778092225733,454.18778092225733,429.18761944398204,431.0519710337939,
2019-01-01,426.9265973031463,452.6010987181621,426.420842350591,451.2722523722324,
2019-01-02,451.3119194273348,457.6586482437157,428.90003329448973,435.70293324454803,
2019-01-03,433.37249375728317,442.17857999001166,432.47998501747963,438.519294156817,
2019-01-04,438.32095888130516,448.23772265690025,430.18921258531714,438.03337273181285,
2019-01-07,444.2412668553355,459.92958714832696,443.2694240053271,457.45039620442816,
2019-01-08,462.12119194273345,471.0462793407691,459.14616281005493,466.4746512402197,
2019-01-09,468.07125020809053,469.55876477442985,456.17113367737636,458.28340436157816,
2019-01-10,458.164403196271,460.6336773763942,455.1893740635925,458.51148992841684,
2019-01-11,458.65032462127516,459.15607957383054,450.2210754120193,454.83237056767103,
2019-01-14,458.1544864324954,467.07957383053105,457.1628100549359,463.78720825703346,
2019-01-15,464.1045446978525,467.5258282004328,461.12951556517396,465.17555518561676,
2019-01-16,465.2945563509239,465.2945563509239,456.1909672049276,457.3115615115698,
2019-01-17,458.1544864324954,463.60870650907276,448.24763942067585,462.4881122024305,
2019-01-18,463.112868320293,463.50953887131675,457.6586482437157,459.5825004161811,
2019-01-21,459.14616281005493,462.12119194273345,450.2210754120193,452.19451140336275,
2019-01-22,451.2127517895788,458.14456966871984,449.4277343099717,455.39762610288,
2019-01-23,456.2703013151324,461.079931746296,451.6094223406026,455.03070584318294,
2019-01-24,474.0213084734476,474.0213084734476,456.17113367737636,464.4615481937739,
2019-01-25,459.74116863659066,466.0878974529715,458.1544864324954,461.31793407691026,
2019-01-28,460.1378391876144,467.4762443815548,460.1378391876144,464.5607158315299,
2019-01-29,462.2005260529382,469.0629265856501,462.2005260529382,466.345733311137,
2019-01-30,470.0248526718828,470.0248526718828,463.16245213917097,463.9260429498918,
2019-01-31,463.41037123356085,469.0629265856501,461.12951556517396,465.36397369735306,
2019-02-01,461.2286832029299,479.9713667388047,461.2286832029299,476.90708673214584,
2019-02-04,477.9880139836857,500.73707008490095,477.9880139836857,499.34872315631765,
2019-02-06,500.7866539037789,508.7299816880306,498.1190444481438,499.6164757782587,
2019-02-07,499.78506076244383,499.7949775262194,491.1872265690028,492.3970717496254,
2019-02-08,494.59859330780756,502.670839021142,484.9297486266023,487.091603129682,
2019-02-11,490.97897452971534,491.8714832695189,471.294198435159,474.3287281504911,
2019-02-12,475.00306808723155,495.34235059097716,471.56195105710003,492.406988513401,
2019-02-13,498.6148826369236,503.77159980023305,486.0205926419178,489.223707341435,
2019-02-14,487.9146945230564,488.89645413684036,478.9796903612452,483.37281671383386,
2019-02-15,482.9463958714833,488.45019976693857,478.0078475112369,481.36963043116367,
2019-02-18,481.1117945729981,482.9463958714833,469.0629265856501,473.28746795405357,
2019-02-19,475.2708207091726,479.9713667388047,471.0462793407691,477.73017812552024,
2019-02-20,480.96304311636425,485.9214250041618,474.17005993008155,484.81074746129514,
2019-02-21,484.9297486266023,493.35899783585813,482.05388713167974,490.2352172465457,
2019-02-22,485.9214250041618,493.2598301981022,485.9214250041618,487.8254436490761,
2019-02-25,484.9297486266023,488.89645413684036,477.7995954719494,478.73177126685533,
2019-02-26,475.01298485100716,478.87060595971366,460.14775595139,463.3310371233561,
2019-02-27,456.18105044115197,469.55876477442985,440.16547694356586,461.3873514233394,
2019-02-28,464.997053437656,471.0462793407691,456.17113367737636,462.8550324621275,
2019-03-01,464.0946279340769,472.0379557183286,463.60870650907276,465.70114366572335,
2019-03-04,465.096221075412,469.0629265856501,463.7673747294823,468.21008490094886,
2019-03-05,465.5920592641918,471.05619610454465,463.21203595804894,465.7110604294989,
2019-03-06,465.83006159480607,478.9796903612452,465.83006159480607,469.4199300815715,
2019-03-07,473.02963209588813,476.00466122856665,461.4270184784418,463.3607874146829,
2019-03-08,463.112868320293,463.3607874146829,452.76968370234727,456.1215498584984,
2019-03-11,460.12792242383887,462.12119194273345,456.17113367737636,456.9049741967704,
2019-03-12,458.1544864324954,460.8320126519061,453.19610454469785,459.89983685700014,
2019-03-13,459.14616281005493,462.12119194273345,456.914890960546,457.4702297319794,
2019-03-14,457.1628100549359,458.1544864324954,449.2393157982354,450.34999334110205,
2019-03-15,446.3733710670884,451.2127517895788,429.3958714832695,431.4684751123689,
2019-03-18,433.5212452139171,444.2710171466622,429.3958714832695,441.74224238388547,
2019-03-19,443.76526219410687,444.2710171466622,431.37922423838853,432.3709006159481,
2019-03-20,430.3974646246046,436.33760612618613,429.69337439653737,431.2998901281838,
2019-03-21,431.37922423838853,436.33760612618613,423.1185600133178,429.8222923256201,
2019-03-22,430.0503778924588,432.8667388047278,423.9515681704678,426.24234060263024,
2019-03-25,429.2173697353088,429.3958714832695,412.0514516397536,414.39180789079404,
2019-03-26,414.39180789079404,419.47910770767436,409.5623439320792,416.1669086066256,
2019-03-27,417.89242550357915,435.3459297486266,413.5290494423173,432.3709006159481,
2019-03-28,432.35106708839686,432.35106708839686,417.49575495255533,419.1816047944065,
2019-03-29,421.45254369901784,429.29670384551355,415.0463142999833,424.67549192608624,
2019-04-01,421.4624604627934,422.3549692025969,412.56712335608455,414.4413917096721,
2019-04-02,413.5290494423173,419.97494589645413,410.55402030963876,415.274399866822,
2019-04-03,416.99991676377556,424.22923755618444,410.55402030963876,422.0772998168803,
2019-04-04,422.45413684035293,423.4458132179124,413.0332112535375,414.2628899617113,
2019-04-05,410.60360412851674,418.4874313301149,410.60360412851674,414.6694772765107,
2019-04-08,413.2811303479274,413.2811303479274,393.9434409855169,394.528530048277,
2019-04-09,393.695521891127,398.6539037789246,375.94451473281174,385.5340253038122,
2019-04-10,386.6050357915765,386.7537872482104,366.2657532878308,366.55333943732313,
2019-04-11,366.93017646079574,380.80372898285333,361.97179457299814,374.42724987514566,
2019-04-12,375.349508906276,393.1401831196937,371.9282254036957,392.7534293324455,
2019-04-15,396.67055102380556,405.59563842184116,389.2329781921092,393.59635425337103,
2019-04-16,393.0707657732645,400.61742300649246,391.71216913600796,394.2111936074579,
2019-04-17,395.19295322124185,395.678874646246,387.7652971533211,390.7304095222241,
2019-04-18,391.21633094722824,394.63761444980855,373.1678208756451,384.03659397369734,
2019-04-19,383.8085084068586,393.695521891127,381.7954053604128,384.9886032961545,
2019-04-22,386.70420342933244,390.7204927584485,376.8370234726153,378.6418744797736,
2019-04-23,377.8286998501748,379.30629765273846,364.44106875312133,370.48037789245876,
2019-04-24,371.3927201598135,379.81205260529384,367.91193607457967,370.94646578991177,
2019-04-25,372.8703179623772,378.32453803895453,371.13488430164807,374.16941401698017,
2019-04-26,375.8354303312802,392.87243049775265,375.8354303312802,392.53526052938236,
2019-04-29,396.67055102380556,407.7773264524721,386.7537872482104,387.97354919260863,
2019-04-30,385.7521941068753,390.7204927584485,381.7954053604128,385.16710504411515,
2019-05-02,384.7704344930914,388.1421341767937,381.864822706842,383.8878425170634,
2019-05-03,384.6613500915598,385.25635591809555,380.80372898285333,381.4185683369402,
2019-05-06,378.8203762277343,378.91954386549025,363.76672881638086,365.5219960046612,
2019-05-07,365.5319127684368,366.9103429332445,357.003495921425,357.9852555352089,
2019-05-08,357.003495921425,359.97852505410356,350.5575994672881,355.92256866988515,
2019-05-09,357.9951722989845,369.90520559347425,356.0118195438655,362.1502963209589,
2019-05-10,358.986848676544,364.54023639087734,358.986848676544,361.951961045447,
2019-05-13,364.9468237056767,371.87864158481773,350.5575994672881,354.3458032295655,
2019-05-14,354.038383552522,357.9951722989845,348.17757616114534,353.4731280173131,
2019-05-15,357.003495921425,364.9369069419011,355.02014316630596,357.0729132678542,
2019-05-16,357.9951722989845,357.9951722989845,342.2771017146662,348.0189079407358,
2019-05-17,348.0784085233894,348.57424671216916,336.18820875645076,341.4044265024138,
2019-05-20,341.13667388047276,347.08673214582984,329.53406026302645,343.11010987181623,
2019-05-21,343.11010987181623,359.4826868653238,336.674130181455,353.50287830863994,
2019-05-22,361.9618778092226,371.17455135675044,360.47436324288327,371.17455135675044,
2019-05-23,374.85367071749624,389.72881638088893,373.86199433993676,389.72881638088893,
2019-05-24,386.7537872482104,406.47823039786914,382.78708173797236,401.4405143998668,
2019-05-27,401.6289329116031,406.4881471616447,398.6539037789246,401.61901614782755,
2019-05-28,401.6289329116031,404.59404528050607,388.7867238222074,398.1878158814716,
2019-05-29,402.62060928916264,418.09076077909106,402.62060928916264,418.09076077909106,
2019-05-30,435.336012984851,438.9556317629432,410.55402030963876,420.2823655734976,
2019-06-03,418.4874313301149,421.4624604627934,406.5873147994007,409.14583985350424,
2019-06-10,406.49806392542035,406.49806392542035,388.697472948227,389.7188996171134,
2019-06-11,380.0599716996837,388.73714000332944,374.85367071749624,382.8664158481771,
2019-06-12,363.95514732811716,398.1580655901448,363.95514732811716,387.16037456300984,
2019-06-13,387.7454636257699,405.59563842184116,383.87792575328785,398.68365407025135,
2019-06-14,403.61228566672213,417.4858381887798,397.9696470784085,413.64805060762444,
2019-06-17,415.5124021974363,415.5124021974363,403.61228566672213,405.28821874479775,
2019-06-18,403.5131180289662,409.5623439320792,394.68719826868653,397.3647244880972,
2019-06-19,397.66222740136504,402.42227401365074,396.67055102380556,398.0787314799401,
2019-06-20,401.60909938405194,410.5044364907608,398.67373730647574,402.8883619111037,
2019-06-21,401.6388496753787,406.09147661062093,400.8355918095555,402.37269019477276,
2019-06-24,400.6372565340436,402.37269019477276,382.2614932578658,382.2614932578658,
2019-06-25,383.77875811553184,385.7621108706509,367.91193607457967,375.44867654403197,
2019-06-26,376.8370234726153,379.81205260529384,372.8802347261528,377.52128017313134,
2019-06-27,377.8286998501748,382.78708173797236,367.217762610288,370.0638738138838,
2019-06-28,369.8952888296987,381.7954053604128,364.9369069419011,377.3031113700683,
2019-07-01,376.8370234726153,377.33286166139504,371.8984751123689,374.2685816547362,
2019-07-02,374.80408689861827,382.78708173797236,373.37607291493254,380.4665590144831,
2019-07-03,380.80372898285333,395.6887914100216,379.81205260529384,392.93193108040623,
2019-07-04,396.6507174962544,397.5630597636091,378.3741218578325,381.26981688030634,
2019-07-05,379.81205260529384,379.81205260529384,372.4240635924754,375.36934243382717,
2019-07-08,376.94610787414683,382.78708173797236,370.8869652072582,372.72156650574334,
2019-07-09,373.86199433993676,380.80372898285333,371.8885583485933,375.69659563842185,
2019-07-10,380.30789079407356,384.7704344930914,373.91157815881473,378.0567854170135,
2019-07-11,378.8203762277343,379.3162144165141,375.8750973863825,377.66011486598967,
2019-07-12,376.8370234726153,379.5145496920259,374.85367071749624,375.32967537872486,
2019-07-15,379.81205260529384,379.81205260529384,366.17650241385047,367.11859497253204,
2019-07-16,367.4160978857999,378.0667021807891,367.4160978857999,375.54784418178787,
2019-07-17,378.8203762277343,387.0512901614783,373.01906941901115,376.48993674046943,
2019-07-18,374.16941401698017,378.27495422007655,371.8984751123689,373.3364058598302,
2019-07-19,375.8453470950558,385.26627268187116,367.91193607457967,382.03340769102715,
2019-07-22,381.7954053604128,386.5554519726985,377.8286998501748,382.9259164308307,
2019-07-23,385.6629432328949,388.7173064757783,380.80372898285333,385.7819443982021,
2019-07-24,386.7537872482104,386.7537872482104,380.30789079407356,382.3606608956218,
2019-07-25,380.30789079407356,381.75573830531044,374.86358748127185,379.7029682037623,
2019-07-26,368.1598551689695,380.30789079407356,375.349508906276,377.46177959047776,
2019-07-29,372.900068253704,375.8453470950558,370.8869652072582,372.3050624271683,
2019-07-30,367.91193607457967,378.6220409522224,364.9369069419011,371.90839187614444,
2019-07-31,372.37447977359744,375.8453470950558,369.0027800898951,374.79417013484266,
2019-08-01,377.8286998501748,379.3162144165141,370.8968819710338,373.14798734809386,
2019-08-02,373.14798734809386,376.8370234726153,370.401043782254,376.45026968536706,
2019-08-05,372.38439653737305,373.86199433993676,369.0126968536707,372.8802347261528,
2019-08-06,371.4819710337939,378.72120858997835,370.8869652072582,371.4621375062427,
2019-08-07,370.8869652072582,370.93654902613616,358.49101048776424,360.9503679041119,
2019-08-08,358.49101048776424,358.986848676544,345.5992175794906,349.7741751290161,
2019-08-09,352.54095222240716,356.7555768270351,342.1283502580323,343.655531879474,
2019-08-16,334.1949392375562,343.1200266355918,326.4796970201432,326.5491143665723,
2019-08-19,324.27817546196104,337.16005160645915,317.5347760945563,335.88078907940735,
2019-08-20,338.6376494090228,346.09505576827036,333.20326285999664,342.58452139170964,
2019-08-21,342.58452139170964,359.7107724321625,339.44090727484604,357.30099883469285,
2019-08-22,363.9452305643416,375.1610903945397,361.0792858331946,372.0472265690028,
2019-08-23,374.3578325287165,374.3578325287165,361.16853670717495,364.4212352255702,
2019-08-26,361.9618778092226,363.9452305643416,346.2041401698019,347.27515065756614,
2019-08-27,345.1033793907108,362.95355418678207,345.1033793907108,358.4810937239887,
2019-08-28,358.49101048776424,364.83773930414515,355.03005993008156,357.54891792908273,
2019-08-29,358.97693191276846,358.97693191276846,347.1958165473614,348.2965773264525,
2019-08-30,349.07008490094887,353.5326285999667,344.1117030131513,347.1164824371566,
2019-09-02,349.56592308972864,356.0118195438655,347.3842350590977,348.75274846012985,
2019-09-03,348.12799234226736,350.40884801065425,334.69077742633596,337.8443083069752,
2019-09-04,338.16164474779424,354.7325570168137,329.73239553853836,353.98879973364404,
2019-09-05,355.0102264025304,363.935313800566,347.60240386216077,349.82375894789413,
2019-09-06,348.9709172631929,350.0617612785084,339.1533211253537,347.0668986182787,
2019-09-11,347.08673214582984,349.07008490094887,332.22150324621276,336.8922989845181,
2019-09-12,339.1533211253537,353.7309638754786,339.1533211253537,353.7309638754786,
2019-09-13,358.986848676544,371.4125536873647,352.04511403362744,370.29195938072246,
2019-09-16,369.8952888296987,369.8952888296987,360.4842800066589,362.35854836024635,
2019-09-17,362.95355418678207,362.95355418678207,347.0569818545031,349.95267687697685,
2019-09-18,347.08673214582984,351.0534376560679,335.18661561511567,337.2393857166639,
2019-09-19,335.18661561511567,351.35094056933576,333.20326285999664,349.8138421841185,
2019-09-20,351.04352089229235,351.04352089229235,341.13667388047276,343.6852821708007,
2019-09-23,344.6075412019311,345.4504661228567,335.2857832528717,337.2096354253371,
2019-09-24,337.21955218911273,342.1283502580323,333.2528466788747,340.76975362077576,
2019-09-25,340.64083569169304,345.08354586315966,336.27745963043117,338.8459014483103,
2019-09-26,339.4012402197436,340.63091892791743,333.9966039620443,336.63446312635256,
2019-09-27,337.66580655901447,347.08673214582984,335.2857832528717,344.8455435325454,
2019-09-30,345.99588813051434,347.18589978358585,338.16164474779424,339.2822390544365,
2019-10-01,338.16164474779424,349.4568386881971,336.1782919926752,346.47189279174296,
2019-10-02,346.6900615948061,353.00704011986016,344.1117030131513,349.7245913101382,
2019-10-03,351.0534376560679,365.3831613118029,348.0784085233894,359.40335275511904,
2019-10-04,358.44142666888627,362.4577159980023,352.64011986016317,360.50411353421003,
2019-10-07,360.50411353421003,378.52287331446644,356.02173630764105,373.3364058598302,
2019-10-08,373.366156151157,378.1262027634427,365.48232894955885,368.6755268853004,
2019-10-09,366.92025969702013,370.75804727817547,357.9951722989845,360.50411353421003,
2019-10-10,360.97020143166304,377.8286998501748,357.5985017479607,374.8735042450474,
2019-10-11,375.8453470950558,391.71216913600796,375.8453470950558,385.1770218078908,
2019-10-14,384.7704344930914,385.7125270517729,369.0126968536707,371.2737189945064,
2019-10-15,371.87864158481773,375.349508906276,365.9385000832362,368.70527717662725,
2019-10-16,368.30860662560343,373.85207757616115,364.9369069419011,366.43433827201596,
2019-10-17,366.92025969702013,367.91193607457967,358.986848676544,359.90910770767437,
2019-10-18,360.97020143166304,368.4077742633594,360.47436324288327,362.17012984851004,
2019-10-21,361.9618778092226,361.9618778092226,344.1315365407025,345.71821874479775,
2019-10-22,348.772581987681,350.5476827035126,339.1533211253537,346.4917263192941,
2019-10-23,348.0784085233894,350.904686199434,342.1283502580323,343.2588613284501,
2019-10-24,343.2588613284501,348.0684917596138,339.1533211253537,342.1779340769103,
2019-10-25,343.1200266355918,346.6900615948061,340.2441651406692,341.94984851007155,
2019-10-28,345.09346262693526,356.5076577326452,340.1549142666888,351.8963625769935,
2019-10-29,352.04511403362744,355.71431663059764,345.4008823039787,347.5032362244049,
2019-10-30,348.17757616114534,348.95108373564176,339.1533211253537,342.38618611619773,
2019-10-31,343.1200266355918,351.99553021474946,343.1200266355918,348.69324787747627,
2019-11-01,349.07008490094887,362.95355418678207,346.6900615948061,359.6711053770601,
2019-11-04,362.75521891127016,377.65019810221406,362.06104544697854,376.6684384884301,
2019-11-05,379.81205260529384,382.78708173797236,369.0523639087731,371.4224704511403,
2019-11-06,375.3395921425004,385.26627268187116,375.3395921425004,378.2551206925254,
2019-11-07,377.8782836690528,380.30789079407356,372.6719826868653,374.9627551190278,
2019-11-08,375.9643482603629,384.7704344930914,373.0686532378891,380.68472781754616,
2019-11-11,385.1869385716664,394.68719826868653,384.2845130680872,392.87243049775265,
2019-11-12,399.6455801564841,401.61901614782755,384.79026802064254,386.25794905943064,
2019-11-13,385.7621108706509,392.68401198601634,378.8203762277343,389.8577343099717,
2019-11-14,392.7038455135675,394.7863659064425,384.86960213084734,386.7438704844348,
2019-11-15,388.7173064757783,389.72881638088893,382.78708173797236,385.5836091226902,
2019-11-18,387.7454636257699,404.84196437489595,386.763704011986,403.27511569835195,
2019-11-19,408.57066755451973,411.55561345097385,401.6289329116031,405.8336407524555,
2019-11-20,407.0831529881805,410.1970168137173,396.71021807890793,398.74315465290493,
2019-11-21,397.6523106375895,400.6372565340436,378.8203762277343,380.31780755784916,
2019-11-22,378.27495422007655,398.1580655901448,376.88660729149325,396.54163309472284,
2019-11-25,394.68719826868653,415.66115365407023,390.96841185283836,412.9142100882304,
2019-11-26,414.01497086732144,418.47751456633927,396.67055102380556,402.2140219743632,
2019-11-27,403.58253537539537,406.0815598468453,393.99302480439485,402.8784451473281,
2019-11-28,404.1081238555019,416.50407857499584,402.62060928916264,413.01337772598635,
2019-11-29,414.02488763109704,425.3200815714999,414.02488763109704,416.7916647244881,
2019-12-02,419.47910770767436,425.9250041618112,415.5124021974363,424.2788213750624,
2019-12-03,427.90835691693025,427.90835691693025,411.575446978525,412.5373730647578,
2019-12-04,412.54728982853334,426.420842350591,409.5623439320792,424.11023639087733,
2019-12-05,424.43748959547196,434.8500915598468,422.45413684035293,431.6271433327784,
2019-12-06,431.37922423838853,432.66840352921594,424.9333277842517,426.89684701181955,
2019-12-09,427.6108540036624,433.36257699350756,411.74403196271015,414.9471466622274,
2019-12-10,414.9471466622274,426.34150824038625,411.54569668719824,425.05232894955884,
2019-12-11,426.9365140669219,429.2471200266356,418.28909605460296,420.6592025969702,
2019-12-12,418.4874313301149,421.45254369901784,414.6298102214084,417.09908440153157,
2019-12-13,413.5290494423173,426.420842350591,413.5290494423173,420.98645580156483,
2019-12-16,421.4624604627934,431.2800566006326,421.4624604627934,429.29670384551355,
2019-12-17,430.38754786082905,432.3709006159481,412.55720659230894,422.2359680372898,
2019-12-18,420.3716164474779,421.4624604627934,416.0082403862161,417.1685017479607,
2019-12-19,417.1685017479607,419.4691909438988,403.61228566672213,411.0101914433161,
2019-12-20,413.5389662060929,415.5124021974363,409.6317612785084,413.8563026469119,
2019-12-23,417.49575495255533,421.4624604627934,408.57066755451973,410.16726652239055,
2019-12-24,411.64486432495426,418.4874313301149,406.5873147994007,417.7535908107208,
2019-12-26,417.49575495255533,421.4624604627934,417.49575495255533,420.589785250541,
2019-12-27,421.3533760612618,423.34664558015646,414.86781255202266,416.99991676377556,
2019-12-30,420.4707840852339,431.37922423838853,419.47910770767436,427.1844331613118,
2019-12-31,428.4934459796903,430.38754786082905,422.6028882969868,424.8341601464957,
2020-01-01,426.420842350591,436.33760612618613,422.45413684035293,433.3427434659564,
2020-01-02,436.3475228899617,455.0009555518561,436.3475228899617,455.0009555518561,
2020-01-03,464.1045446978525,471.93878808057264,455.1794572998169,459.6023339437323,
2020-01-06,455.16954053604127,455.1794572998169,439.31263525886465,441.40507241551524,
2020-01-07,448.23772265690025,463.46987181621444,448.23772265690025,462.14102547028466,
2020-01-08,462.13110870650905,483.442234060263,461.12951556517396,473.0593823872149,
2020-01-09,495.83818877975693,495.83818877975693,485.9214250041618,494.2812568669885,
2020-01-10,496.8298651573165,499.3090561012152,487.1114366572332,489.590627601132,
2020-01-13,489.88813051439985,490.8698901281838,482.9563126352588,485.83217413018144,
2020-01-14,487.40893957050105,490.8798068919594,482.4505576827035,483.6901531546529,
2020-01-15,483.93807224904276,487.4585233893791,480.96304311636425,482.0439703679041,
2020-01-16,483.04556350923923,486.9031846179457,481.0721275178958,482.77781088729813,
2020-01-17,481.96463625769934,487.9047777592808,481.45888130514396,485.08841684701184,
2020-01-20,484.9297486266023,486.91310138172133,477.04592142500417,479.3168603296154,
2020-01-21,479.9713667388047,480.96304311636425,473.5750541035459,477.16492259031133,
2020-01-22,477.9880139836857,493.8548360246379,477.09550524388214,491.8417329781921,
2020-01-23,493.8548360246379,512.5479357416348,483.93807224904276,486.8635175628433,
2020-01-24,486.91310138172133,494.34075744964207,481.45888130514396,492.2879873480939,
2020-01-27,492.87307641085397,498.31737972365573,485.9214250041618,487.69652571999336,
2020-01-28,488.390699184285,492.8631596470784,481.21096221075413,485.46525387048445,
2020-01-29,483.442234060263,484.4239936740469,470.05460296320956,472.11728982853333,
2020-01-30,470.1537706009656,485.9214250041618,464.8978857999001,483.2934826036291,
2020-01-31,481.95471949392373,485.9214250041618,471.14544697852506,472.9007141668054,
2020-02-03,462.12119194273345,467.9720825703346,453.19610454469785,456.3099683702347,
2020-02-04,459.33458132179123,470.55044115198933,459.33458132179123,466.4349841851174,
2020-02-06,469.0133427667721,471.0462793407691,464.1045446978525,467.595245546862,
2020-02-07,473.02963209588813,473.0395488596637,462.6170301315132,464.9078025636757,
2020-02-10,463.09303479274183,463.09303479274183,454.6836191110371,457.07355918095556,
2020-02-11,458.1544864324954,475.4592392209089,456.66697186615613,468.03158315298816,
2020-02-12,476.00466122856665,490.8798068919594,468.17041784584654,488.17253038122186,
2020-02-13,490.8798068919594,492.8631596470784,478.9796903612452,480.9332928250375,
2020-02-14,481.95471949392373,484.7214965873148,476.9963376061262,480.7250407857499,
2020-02-17,481.45888130514396,482.9463958714833,474.82456633927086,479.52511236890297,
2020-02-18,479.9713667388047,482.9563126352588,475.06256866988514,477.35334110204764,
2020-02-19,478.9796903612452,485.425586815382,477.9880139836857,482.99597969036125,
2020-02-20,483.9281554852672,484.8305809888463,478.9796903612452,479.6441135342101,
2020-02-21,477.9880139836857,488.54936740469446,477.9880139836857,485.91150824038624,
2020-02-24,486.1693440985517,486.1693440985517,468.5670883968703,472.84121358415183,
2020-02-25,472.53379390710836,479.86228233727314,468.5770051606459,474.36839520559346,
2020-02-26,476.00466122856665,476.00466122856665,463.21203595804894,467.4762443815548,
2020-02-27,461.13943232894957,482.9463958714833,449.24923256201095,472.98004827701016,
2020-02-28,469.55876477442985,491.8714832695189,468.07125020809053,485.0189995005826,
2020-03-02,490.8798068919594,513.6784468120526,485.9313417679374,510.5149991676377,
2020-03-03,515.6717163309472,516.6138088896288,497.3356201098718,499.20988846345927,
2020-03-04,502.77992342267356,512.5975195605128,495.83818877975693,501.1436573997004,
2020-03-05,504.7632761777926,536.2192508739804,504.7632761777926,532.2822956550691,
2020-03-06,524.6959713667388,545.4220076577326,521.6217745963042,525.3405610121524,
2020-03-09,513.7379473947061,562.1119210920593,491.8714832695189,561.7549175961378,
2020-03-10,573.188946229399,578.1473281171966,551.3720659230897,555.0809355751624,
2020-03-11,554.3470950557682,569.2024071916098,545.6699267521225,550.3803895455302,
2020-03-12,545.4815082403861,548.37720326286,511.85376227734304,512.7462710171466,
2020-03-13,490.8798068919594,507.7383053104711,476.85750291326787,494.8762626935242,
2020-03-16,474.0213084734476,476.40133177959046,457.76773264524724,457.76773264524724,
2020-03-17,457.1628100549359,468.07125020809053,423.4458132179124,429.92145996337604,
2020-03-18,417.49575495255533,417.49575495255533,397.68206092891626,397.68206092891626,
2020-03-19,367.86235225570164,382.78708173797236,367.86235225570164,368.417691027135,
2020-03-20,378.8203762277343,379.42529881804563,342.6341052105876,369.59778591643084,
2020-03-24,341.8804311636424,350.0617612785084,341.8804311636424,341.8804311636424,
2020-03-25,355.02014316630596,357.003495921425,316.245596803729,316.245596803729,
2020-03-26,312.37805893124687,327.243287830864,302.4612951556517,307.7171799567172,
2020-03-27,307.4196770434493,330.79348926252703,302.4612951556517,328.6217179956717,
2020-03-30,330.2282337273181,353.26487597802566,318.32811719660396,350.98402030963877,
2020-03-31,351.0534376560679,375.349508906276,342.14818378558346,367.6144331613118,
2020-04-01,365.68066422507076,370.56962876643917,358.986848676544,361.3966222740136,
2020-04-02,357.9951722989845,388.49913767271516,350.0617612785084,388.49913767271516,
2020-04-03,396.67055102380556,411.54569668719824,396.67055102380556,407.31123855501914,
2020-04-06,416.50407857499584,421.4624604627934,380.99214749458963,388.26113534210083,
2020-04-07,389.73873314466454,411.4465290494423,389.73873314466454,406.0220592641918,
2020-04-08,404.50479440652566,404.50479440652566,392.2774246712169,395.0541185283835,
2020-04-09,402.62060928916264,412.5373730647578,402.62060928916264,406.5278142167471,
2020-04-10,402.6305260529382,411.54569668719824,398.6539037789246,409.2945913101382,
2020-04-13,402.62060928916264,408.51116697186615,392.7038455135675,396.1846295988014,
2020-04-14,396.86888629931747,405.59563842184116,396.86888629931747,404.1081238555019,
2020-04-15,415.5124021974363,421.36329282503743,407.25173797236556,410.2763509239221,
2020-04-16,408.57066755451973,409.54251040452806,401.1330947228234,405.8336407524555,
2020-04-17,436.26818877975694,436.26818877975694,429.3958714832695,436.26818877975694,
2020-04-20,468.98359247544533,468.98359247544533,448.25755618445146,467.84316464125186,
2020-04-21,459.14616281005493,479.87219910104875,447.24604627934076,455.9033810554353,
2020-04-22,461.2286832029299,474.0213084734476,458.1544864324954,465.42347428000664,
2020-04-23,468.07125020809053,468.07125020809053,448.24763942067585,454.3464491426669,
2020-04-24,454.18778092225733,458.630491093724,449.72523722323956,452.2639287497919,
2020-04-27,441.2959880139837,441.2959880139837,424.58624105210583,438.94571499916765,
2020-04-28,440.3043116364242,455.0703728982853,439.32255202264025,450.4888280339604,
2020-04-29,454.1679473947062,465.5920592641918,454.1580306309306,463.9062094223406,
2020-04-30,469.0629265856501,475.9947444647911,462.12119194273345,466.5242350590977,
2020-05-04,459.14616281005493,461.12951556517396,453.19610454469785,457.67848177126683,
2020-05-05,464.1045446978525,464.1045446978525,454.18778092225733,457.0239753620776,
2020-05-06,454.4357000166472,456.17113367737636,447.25596304311637,448.7434776094556,
2020-05-07,446.2543699017812,451.2127517895788,435.3459297486266,437.31936573997,
2020-05-08,439.4316364241718,442.2876643915432,428.41411186948557,431.52797569502246,
2020-05-11,431.37922423838853,434.3443366072915,428.40419510571,429.8222923256201,
2020-05-12,440.3043116364242,449.2293990344598,440.3043116364242,447.0080439487265,
2020-05-13,446.2543699017812,457.55948060595966,444.2710171466622,451.55983852172466,
2020-05-14,453.19610454469785,454.96128849675375,445.41144498085566,448.18813883802227,
2020-05-15,446.2642866655568,456.05213251206925,446.2642866655568,454.7431196936907,
2020-05-18,462.0914416514067,462.12119194273345,445.26269352422173,446.9584601298485,
2020-05-19,448.1385550191443,456.1513001498252,441.4447394706176,452.115177293158,
2020-05-20,452.2044281671383,461.12951556517396,448.3864741135342,453.4043565839853,
2020-05-21,452.2044281671383,455.03070584318294,447.44438155485267,448.8029781921092,
2020-05-28,448.8029781921092,449.9235724987514,442.29758115531877,445.26269352422173,
2020-05-29,444.3701847844182,458.1544864324954,444.3701847844182,453.2952721824538,
2020-06-01,457.1628100549359,460.1378391876144,449.2393157982354,450.2210754120193,
2020-06-02,450.3202430497753,453.19610454469785,448.23772265690025,448.23772265690025,
2020-06-03,449.2393157982354,451.7085899783586,445.26269352422173,446.0064508073914,
2020-06-04,446.2543699017812,447.24604627934076,441.3059047777593,443.2793407691027,
2020-06-05,443.2694240053271,449.2293990344598,441.3951556517396,448.23772265690025,
2020-06-08,449.70540369568835,454.98112202430497,448.33689029465626,452.74985017479605,
2020-06-09,454.18778092225733,465.98872981521555,450.71691360079905,464.0847111703013,
2020-06-10,466.0878974529715,470.05460296320956,462.13110870650905,462.32944398202096,
2020-06-11,463.65829032795074,474.5072298984518,462.13110870650905,473.02963209588813,
2020-06-12,467.5754120193108,472.0379557183286,465.096221075412,467.07957383053105,
2020-06-15,468.03158315298816,468.03158315298816,447.29563009821874,451.23258531713,
2020-06-16,454.07869652072577,457.1528932911603,448.23772265690025,450.2210754120193,
2020-06-17,455.1199567171633,455.1794572998169,442.78350258032293,444.7569385716664,
2020-06-18,446.24445313800567,449.2293990344598,439.6200549359081,443.7751789578825,
2020-06-19,441.79182620276345,445.0643582487098,432.3709006159481,435.0980106542367,
2020-06-22,436.33760612618613,440.2051439986682,424.9333277842517,438.8167970700849,
2020-06-23,441.2959880139837,446.2543699017812,440.4629798568337,443.7751789578825,
2020-06-24,444.06276510737473,445.7585317130015,439.3622190777426,443.2793407691027,
2020-06-25,442.2876643915432,443.18017313134675,436.33760612618613,437.3788663226236,
2020-06-26,451.2127517895788,451.2127517895788,443.2793407691027,450.2111586482437,
2020-06-29,449.2194822706842,457.90656733810556,441.2959880139837,457.1727268187115,
2020-06-30,459.1362460462793,460.1378391876144,457.1628100549359,458.164403196271,
2020-07-01,458.7296587314799,492.0599017812552,458.7296587314799,490.77072249042783,
2020-07-02,490.8798068919594,497.82154153487596,484.93966539037785,487.40893957050105,
2020-07-03,487.0618528383552,489.739379057766,480.9729598801398,485.0785000832362,
2020-07-06,487.80561012152486,491.3756450807391,484.18599134343265,486.91310138172133,
2020-07-07,490.8798068919594,499.5569751956051,488.9956217745963,489.88813051439985,
2020-07-08,493.8647527884135,495.80843848843017,481.95471949392373,485.425586815382,
2020-07-09,487.9047777592808,490.51288663226234,483.075313800566,483.93807224904276,
2020-07-10,484.18599134343265,495.34235059097716,481.95471949392373,492.8631596470784,
2020-07-13,505.7549525553521,520.5210138172132,501.29240885633425,510.1282453803895,
2020-07-14,511.70501082070916,514.6800399533877,505.7549525553521,506.7466289329116,
2020-07-15,509.7117413018145,511.70501082070916,504.27735475278837,508.22422673547527,
2020-07-16,509.701824538039,526.4710720825703,508.9977343099717,521.6316913600799,
2020-07-17,521.1755202264025,525.5884801065423,516.9212285666722,521.4631063758948,
2020-07-20,523.5952105876478,532.480630930581,521.6217745963042,527.5718328616614,
2020-07-21,526.5801564841018,539.4521158648243,523.6051273514233,532.530214749459,
2020-07-22,535.5052438821375,559.1963925420342,529.5551856167804,550.677892458798,
2020-07-23,554.3371782919927,554.3371782919927,533.5218911270184,535.5052438821375,
2020-07-24,535.495327118362,535.495327118362,520.6796820376227,526.6793241218578,
2020-07-27,527.5718328616614,544.4303312801732,521.6217745963042,541.5842200765773,
2020-07-28,546.4136840352921,558.8195555185616,546.4136840352921,556.3205310471117,
2020-07-29,557.2229565506908,578.0481604794406,550.3803895455302,567.139720326286,
2020-07-30,563.3812668553354,580.0315132345596,561.3582470451141,577.1655685034127,
2020-08-03,581.102523722324,600.9360512735142,581.102523722324,595.0058265357084,
2020-08-04,590.0474446479108,597.8816880306309,570.3130847344764,577.6514899284168,
2020-08-05,581.1223572498751,600.9558848010654,571.354344930914,595.0058265357084,
2020-08-06,599.9642084235059,605.815099051107,594.9364091892791,597.9808556683869,
2020-08-07,598.9725320459464,611.7651573164641,587.2806675545197,594.0042333943733,
2020-08-10,593.0224737805893,602.9293207924088,590.2061128683202,599.9840419510571,
2020-08-11,599.9642084235059,619.7977359746961,599.9642084235059,611.86432495422,
2020-08-12,615.811196936907,622.7628483435991,603.048321957716,604.6945047444648,
2020-08-13,604.9225903113035,608.8892958215415,590.8407857499583,606.9059430664225,
2020-08-17,606.4101048776428,607.798451806226,591.0391210254703,597.3858498418512,
2020-08-18,598.9130314632929,610.6743133011486,596.4933411020476,603.4350757449641,
2020-08-19,604.8928400199767,610.7933144664557,601.0550524388213,604.9225903113035,
2020-08-20,603.9309139337439,606.4101048776428,595.0058265357084,597.9808556683869,
2020-08-21,598.9725320459464,601.4517229898452,588.0640918927917,592.883639087731,
2020-08-24,592.0307974030297,613.8476777093391,585.5749841851174,608.8992125853171,
2020-08-25,613.8476777093391,614.3435158981189,598.0899400699184,602.4433993674047,
2020-08-26,604.9225903113035,604.9225903113035,598.0304394872647,602.8400699184284,
2020-08-27,600.1625436990179,613.3518395205593,600.1625436990179,602.9392375561845,
2020-08-28,604.9225903113035,605.914266688863,598.9725320459464,599.914624604628,
2020-08-31,602.9392375561845,611.0709838521725,601.9475611786249,608.8892958215415,
2020-09-01,608.8892958215415,611.8147411353422,603.9309139337439,609.980139836857,
2020-09-02,612.6576660562677,617.8143832195772,608.4926252705177,610.8726485766606,
2020-09-03,609.880972199101,619.7184018644914,607.897619443982,615.8310304644581,
2020-09-04,614.7798535042451,616.8227068420176,607.0051107041785,609.3256334276678,
2020-09-07,610.8726485766606,626.7394706176128,610.8726485766606,623.7644414849342,
2020-09-08,624.8751190278009,645.5813217912436,623.2686032961544,631.6978525054103,
2020-09-09,634.1671266855335,648.4472665223905,628.226985183952,639.6312635258864,
2020-09-10,645.5813217912436,669.3716380888962,641.6146162810055,659.970546029632,
2020-09-11,660.4564674546363,666.3767754286665,649.6471949392376,651.8983003162977,
2020-09-14,653.5147328117197,656.4897619443982,647.5646745463625,652.5230564341601,
2020-09-15,651.5313800566006,659.9606292658565,648.5563509239221,648.5563509239221,
2020-09-16,651.1446262693524,658.4731146995172,644.589645413684,658.3739470617612,
2020-09-17,662.4497369735309,669.2823872149158,656.0137572831696,659.4647910770767,
2020-09-18,657.4814383219577,658.4235308806393,653.7626519061096,655.5972532045946,
2020-09-21,654.5064091892791,660.4564674546363,649.5480273014816,656.4897619443982,
2020-09-22,658.0268603296154,660.4564674546363,653.7130680872316,655.4980855668387,
2020-09-23,660.4564674546363,660.8531380056601,651.5313800566006,652.5230564341601,
2020-09-24,653.9114033627434,661.4382270684201,652.5230564341601,658.4631979357416,
2020-09-25,655.9939237556184,655.9939237556184,643.5979690361245,645.0358997835858,
2020-09-28,645.0854836024638,648.3976827035126,635.2183036457466,640.622939903446,
2020-09-29,637.6479107707675,659.4647910770767,629.7244165140669,657.4814383219577,
2020-09-30,656.4897619443982,657.7293574163476,639.6411802896621,642.6062926585649,
2020-10-01,640.622939903446,649.5480273014816,630.8152605293824,640.622939903446,
2020-10-02,643.5979690361245,646.572998168803,630.7160928916264,631.2020143166305,
2020-10-05,634.6728816380889,634.6728816380889,621.8802563675712,625.7577110038288,
2020-10-06,628.7228233727318,629.7144997502913,614.8393540868987,624.7660346262693,
2020-10-07,628.7228233727318,642.6062926585649,620.8885799900116,642.6062926585649,
2020-10-08,639.6312635258864,650.539703679041,639.6312635258864,649.4984434826036,
2020-10-09,648.2687647744299,654.486575661728,642.705460296321,649.4984434826036,
2020-10-12,650.539703679041,652.4734726152822,639.1354253371067,642.507125020809,
2020-10-13,641.6146162810055,649.5480273014816,631.4003495921426,641.7137839187615,
2020-10-14,644.5598951223573,648.5563509239221,639.6312635258864,641.6146162810055,
2020-10-15,648.5563509239221,649.538110537706,636.874403196271,637.2611569835192,
2020-10-16,635.6645580156484,639.6312635258864,630.2103379390711,632.6895288829699,
2020-10-19,634.6629648743133,637.6379940069918,628.7228233727318,631.6978525054103,
2020-10-20,634.1770434493092,650.4405360412851,634.1770434493092,648.5563509239221,
2020-10-21,651.5313800566006,654.5064091892791,644.5995621774596,651.5313800566006,
2020-10-22,652.4933061428334,655.4980855668387,642.6261261861162,643.5979690361245,
2020-10-23,647.5646745463625,659.4548743133012,646.572998168803,655.4385849841851,
2020-10-26,660.4564674546363,701.9779573830531,658.4731146995172,700.1235225570168,
2020-10-27,697.1484934243383,705.0819044448143,686.2400532711836,688.2234060263027,
2020-10-28,691.1885183952056,691.1885183952056,669.3716380888962,676.3232894955885,
2020-10-29,674.3399367404694,674.3399367404694,650.539703679041,667.3982020975528,
2020-11-02,660.4564674546363,660.4564674546363,647.0688363575828,654.3080739137672,
2020-11-03,662.4398202097552,674.3399367404694,661.4481438321958,674.3300199766938,
2020-11-04,679.3082353920425,683.265024138505,669.3716380888962,670.3633144664558,
2020-11-05,674.3300199766938,683.5129432328949,673.8440985516896,680.8354170134842,
2020-11-06,681.2618378558349,687.2317296487431,675.3316131180289,677.1761311802896,
2020-11-09,676.3232894955885,679.199150990511,669.3815548526719,669.3815548526719,
2020-11-10,674.4886881971033,682.2733477609455,667.4081188613284,668.3898784751124,
2020-11-11,670.2542300649243,670.3732312302313,658.4731146995172,658.9689528882969,
2020-11-12,660.2977992342268,663.3323289495588,648.705102380556,649.5480273014816,
2020-11-13,647.5745913101382,662.4199866822041,646.0969935075744,654.486575661728,
2020-11-16,654.2684068586649,656.3905943066422,647.3167554519727,647.5646745463625,
2020-11-17,653.5147328117197,659.2565390377891,649.6075278841352,652.5230564341601,
2020-11-18,652.0272182453804,652.0272182453804,645.8292408856335,648.5563509239221,
2020-11-19,649.5579440652572,658.1260279673713,645.8292408856335,653.0188946229399,
2020-11-20,654.4964924255036,655.4881688030631,643.1517146662227,645.055733311137,
2020-11-23,638.6594206758781,642.6062926585649,632.7886965207258,641.6146162810055,
2020-11-24,643.5979690361245,648.5563509239221,637.6479107707675,647.5646745463625,
2020-11-25,646.572998168803,649.4488596637257,636.6562343932079,639.6312635258864,
2020-11-26,644.589645413684,657.4814383219577,642.6062926585649,647.9613450973864,
2020-11-27,648.9530214749459,652.5230564341601,640.7716913600799,643.2310487764274,
2020-11-30,641.6146162810055,651.9280506076244,639.6312635258864,648.9034376560679,
2020-12-01,649.6471949392376,662.2315681704678,649.6471949392376,655.0022473780589,
2020-12-02,656.4897619443982,668.6377975695023,656.4897619443982,661.4481438321958,
2020-12-03,666.4065257199933,673.5961794572999,666.4065257199933,668.1816264358248,
2020-12-04,669.8773930414516,672.3565839853504,665.5735175628433,667.3982020975528,
2020-12-07,668.8956334276677,671.8607457965707,662.7472398867986,664.4231729648743,
2020-12-08,665.7718528383552,670.2740635924754,660.5556350923922,664.6710920592642,
2020-12-09,667.3982020975528,673.34826036291,665.4148493424339,666.4065257199933,
2020-12-10,668.8857166638921,669.8773930414516,663.4314965873148,666.4065257199933,
2020-12-11,668.8857166638921,680.9345846512401,665.4148493424339,673.6755135675046,
2020-12-14,676.4224571333444,697.0493257865822,676.3232894955885,694.1734642916597,
2020-12-15,697.1286598967871,699.5285167304811,675.3415298818045,679.298318628267,
2020-12-16,682.2733477609455,682.2733477609455,672.366500749126,672.8524221741302,
2020-12-17,676.3232894955885,679.298318628267,674.3399367404694,677.314965873148,
2020-12-18,679.298318628267,686.8648093890461,675.9365357083402,677.4637173297818,
2020-12-21,676.3232894955885,677.314965873148,666.4065257199933,668.3799617113368,
2020-12-22,671.3649076077909,671.3649076077909,661.9538987847511,661.9538987847511,
2020-12-23,661.0812235724987,674.6771067088397,659.4647910770767,671.4640752455468,
2020-12-24,673.8440985516896,699.1318461794573,673.8440985516896,689.2150824038622,
2020-12-28,695.660978857999,699.1318461794573,688.2234060263027,688.3225736640586,
2020-12-29,689.2150824038622,691.6942733477609,675.4803645746629,681.2816713833861,
2020-12-30,681.7675928083902,693.6776261028799,680.2899950058265,686.0318012318961,
2020-12-31,686.1408856334276,696.6328217080073,680.2899950058265,690.2067587814216,
2021-01-01,699.1318461794573,708.5031879473947,694.1734642916597,696.7518228733145,
2021-01-04,702.1068753121358,703.0985516896953,683.2749409022806,689.2150824038622,
2021-01-05,686.4483053104711,692.1901115365407,683.364191776261,687.2317296487431,
2021-01-06,685.297960712502,704.0803113034792,685.2483768936241,698.6360079906775,
2021-01-07,700.1235225570168,702.0077076743798,689.2844997502914,694.1734642916597,
2021-01-08,694.1734642916597,698.0410021641418,689.2249991676377,692.1901115365407,
2021-01-11,692.1901115365407,702.1068753121358,690.3654270018311,692.0413600799068,
2021-01-12,691.6942733477609,697.644331613118,690.3059264191776,694.7982204095222,
2021-01-13,699.1219294156817,704.9827368070584,697.1484934243383,698.1401698018977,
2021-01-14,699.8756034626269,702.1068753121358,695.1651406692192,697.1484934243383,
2021-01-15,697.8922507075079,697.8922507075079,692.01160978858,693.1817879141003,
2021-01-18,691.1984351589812,692.3686132845013,684.2567005160646,685.0004577992343,
2021-01-19,687.6284001997669,689.1159147661061,682.3229315798235,685.2483768936241,
2021-01-20,682.2733477609455,686.9243099716997,676.3232894955885,679.3776527384719,
2021-01-21,680.7858331946063,701.1151989345763,680.7858331946063,693.6776261028799,
2021-01-22,694.1833810554353,698.1401698018977,686.4879723655735,693.0032861661396,
2021-01-25,694.1635475278841,699.726852005993,692.1901115365407,697.5749142666888,
2021-01-26,695.1750574329948,709.5444481438321,695.1651406692192,704.5265656733811,
2021-01-27,707.0454236723822,716.9820209755285,705.0819044448143,711.8848043948726,
2021-01-28,709.0486099550524,728.7333860496088,709.0386931912768,721.8709855168969,
2021-01-29,722.9320792408856,738.6997336440819,715.0978358581655,721.2363126352589,
2021-02-01,725.9071083735641,736.8056317629432,704.1199783585816,704.5860662560347,
2021-02-02,708.0271832861662,713.907824205094,704.5959830198102,708.1065173963708,
2021-02-03,712.023639087731,729.1300566006325,712.023639087731,720.9487264857665,
2021-02-04,725.8971916097886,748.5966638921258,723.9336723822207,736.369294156817,
2021-02-08,739.7905776593974,741.7739304145164,731.3613284501415,731.8571666389213,
2021-02-09,733.8405193940403,742.468103878808,731.1134093557516,738.3030630930581,
2021-02-10,735.9924571333444,770.5325453637423,735.8238721491593,760.6157815881471,
2021-02-11,763.5709771932745,784.4160146495755,757.6506692192442,760.6157815881471,
2021-02-12,766.5658398535043,793.3411020476111,764.1362327284834,783.2458365240553,
2021-02-15,798.2994839354087,801.1753454303313,783.5334226735475,785.407691027135,
2021-02-16,791.357749292492,827.9506076244381,791.357749292492,824.083069751956,
2021-02-17,834.9915099051107,852.7425170634259,827.0580988846345,842.9249209255868,
2021-02-18,843.9165973031463,852.841684701182,826.3143416014649,830.0331280173131,
2021-02-19,831.7685616780423,838.462377226569,818.1627617779257,823.1013101381722,
2021-02-22,830.5289662060928,831.0248043948726,819.1445213917096,826.066422507075,
2021-02-23,824.083069751956,831.0248043948726,821.1080406192775,822.0997169968371,
2021-02-24,822.0997169968371,837.9665390377892,816.3479940069918,830.0331280173131,
2021-02-25,843.4207591143665,866.5268187115032,836.9748626602297,857.8000665889795,
2021-02-26,860.7750957216581,889.5337106708839,860.7750957216581,877.3658415182288,
2021-03-01,877.6236773763942,896.4754453138005,869.4026802064259,877.6335941401697,
2021-03-02,884.585245546862,887.550357915765,867.8655818212086,868.7283402696853,
2021-03-03,874.5494806059597,878.4269352422174,866.7251539870151,872.6752122523723,
2021-03-04,850.1145746628932,864.7120509405694,838.4722939903446,854.825037456301,
2021-03-05,852.841684701182,872.1793740635925,844.9181904444814,862.4807790910604,
2021-03-08,879.6169468952888,879.6169468952888,823.2996454136841,825.0846628932911,
2021-03-09,831.7685616780423,831.7685616780423,803.2677825869819,822.0997169968371,
2021-03-10,820.3642833361079,828.0497752621941,804.7453803895455,806.2328949558848,
2021-03-11,810.1996004661229,812.1829532212419,785.4176077909106,798.2994839354087,
2021-03-12,798.289567171633,829.0414516397536,792.7659297486265,817.7760079906775,
2021-03-15,833.0081571499917,841.9332445480272,816.1496587314799,840.9415681704678,
2021-03-16,837.9665390377892,841.9332445480272,830.1620459463959,835.9831862826702,
2021-03-17,842.9249209255868,848.3791410021641,840.0589761944398,842.9249209255868,
2021-03-18,842.8257532878308,847.6254669552189,830.0430447810887,832.0164807724321,
2021-03-19,833.0081571499917,842.7067521225237,813.1746295988014,832.532152488763,
2021-03-22,830.5785500249708,836.9748626602297,820.1361977692692,832.998240386216,
2021-03-24,834.9915099051107,844.4025187281504,829.5372898285334,831.0248043948726,
2021-03-25,832.9585733311137,848.0320542700183,832.9585733311137,836.9748626602297,
2021-03-26,837.9665390377892,842.8257532878308,825.0846628932911,829.7852089229233,
2021-03-29,830.5289662060928,830.5289662060928,802.1471882803396,813.1746295988014,
2021-03-30,813.1746295988014,823.0913933743965,807.2245713334443,812.1829532212419,
2021-03-31,818.133011486599,822.0898002330614,804.2792924920925,812.6787914100216,
2021-04-01,814.166305976361,814.166305976361,803.2578658232062,805.2412185783253,
2021-04-02,808.1964141834526,812.1829532212419,798.3094006991843,809.8525137339769,
2021-04-05,811.1912768436823,817.1413351090395,794.3526119527218,796.3161311802896,
2021-04-06,799.2911603129681,826.0763392708507,799.0928250374562,824.083069751956,
2021-04-07,822.7938904611287,847.8833028133844,815.1579823539204,837.9665390377892,
2021-04-08,842.9249209255868,848.8749791909439,835.9831862826702,847.3874646246046,
2021-04-09,849.8468220409522,855.8167138338605,847.3874646246046,850.9971666389213,
2021-04-12,847.8733860496088,864.7418012318961,847.8634692858332,848.9245630098218,
2021-04-13,848.6865606792076,856.709222573664,846.8916264358248,852.8317679374063,
2021-04-14,849.8666555685033,866.7251539870151,849.8666555685033,855.8167138338605,
2021-04-15,862.7584484767771,862.7584484767771,851.8004245047445,854.3291992675212,
2021-04-16,860.7750957216581,860.7750957216581,851.3541701348427,853.8333610787414,
2021-04-19,842.9348376893623,855.6183785583486,833.1073247877476,849.3708173797237,
2021-04-20,852.841684701182,866.2788996171133,845.909866822041,855.8167138338605,
2021-04-21,862.7485317130015,862.7485317130015,843.5199267521225,846.8916264358248,
2021-04-22,844.9082736807059,846.8916264358248,836.9748626602297,840.8424005327118,
2021-04-23,835.39809721991,841.9332445480272,828.5456134509739,839.9498917929083,
2021-04-26,838.7598801398368,870.8406109538871,833.9998335275511,859.7933361078741,
2021-04-27,858.791742966539,865.6343099716996,849.8666555685033,855.8167138338605,
2021-04-28,854.825037456301,863.7501248543366,844.4124354919261,844.4124354919261,
2021-04-29,847.8833028133844,852.7425170634259,837.9665390377892,837.9764558015648,
2021-04-30,847.8833028133844,847.8833028133844,828.0497752621941,828.0596920259696,
2021-05-03,831.1735558515065,834.9915099051107,817.151251872815,830.0331280173131,
2021-05-04,828.0596920259696,843.9165973031463,828.0497752621941,838.9582154153487,
2021-05-05,840.9415681704678,849.8666555685033,840.9415681704678,848.8749791909439,
2021-05-06,851.8500083236224,877.038588313634,851.8500083236224,873.6668886299317,
2021-05-17,912.3422673547527,912.3422673547527,898.4587980689196,904.4088563342766,
2021-05-18,905.4005327118361,907.3838854669552,897.516705510238,901.4338272015981,
2021-05-19,892.5087398035624,901.4338272015981,883.5836524055269,890.5253870484435,
2021-05-20,892.5087398035624,894.482175794906,883.6828200432828,884.5753287830864,
2021-05-21,892.5087398035624,898.3596304311636,885.5868386881971,893.55,
2021-05-24,897.4968719826868,906.6401281837856,894.4920925586815,900.4421508240385,
2021-05-25,906.3922090893957,912.3422673547527,898.0125436990178,899.4504744464791,
2021-05-26,900.4421508240385,906.3922090893957,895.4837689362411,896.4754453138005,
2021-05-27,899.500058265357,917.3006492425503,898.4587980689196,912.2430997169968,
2021-05-28,907.879723655735,913.3339437323123,902.4255035791576,907.7012219077743,
2021-05-31,907.7012219077743,931.1841185283836,907.3838854669552,924.2423838854669,
2021-06-01,926.12656900283,937.1341767937406,923.3002913267853,932.076627268187,
2021-06-02,933.1674712835026,933.1674712835026,907.681388380223,925.3332279007824,
2021-06-03,925.2340602630264,929.1908490094889,902.782507075079,908.3755618445147,
2021-06-04,914.3157033460963,914.3157033460963,904.4088563342766,910.3589145996337,
2021-06-07,912.3323505909772,913.3438604960878,903.565931413351,907.3838854669552,
2021-06-08,906.4120426169469,911.3505909771933,904.9245280506076,908.3755618445147,
2021-06-09,912.3224338272016,912.3323505909772,902.4255035791576,908.3755618445147,
2021-06-10,905.4005327118361,910.8547527884135,904.6171083735642,907.3838854669552,
2021-06-11,911.3406742134176,911.3406742134176,899.5496420842351,902.4255035791576,
2021-06-14,912.3323505909772,915.3172964874313,905.8963709006159,912.3323505909772,
2021-06-15,912.3521841185284,922.060695854836,902.4750873980356,902.5742550357916,
2021-06-16,906.3922090893957,909.3573214582987,901.4338272015981,903.4171799567172,
2021-06-17,907.3739687031796,917.2014816047944,904.4088563342766,905.4104494756118,
2021-06-18,910.8547527884135,925.2340602630264,908.2268103878808,914.3057865823206,
2021-06-21,915.3172964874313,916.2098052272348,904.4088563342766,906.3525420342934,
2021-06-22,910.2597469618778,911.2415065756617,900.4421508240385,901.4338272015981,
2021-06-23,901.4338272015981,909.3672382220742,893.500416181122,894.4920925586815,
2021-06-24,894.4920925586815,900.4421508240385,892.5186565673381,895.4837689362411,
2021-06-25,904.4088563342766,906.3822923256201,867.7168303645747,873.9148077243216,
2021-06-28,872.6752122523723,872.6752122523723,850.8682487098384,852.841684701182,
2021-06-29,858.791742966539,865.7334776094556,855.8167138338605,860.7651789578824,
2021-06-30,861.6676044614616,868.2126685533544,852.841684701182,857.7901498252039,
2021-07-01,858.791742966539,887.5404411519893,858.2959047777592,878.6252705177293,
2021-07-02,884.5654120193108,905.1030297985684,882.7308107208256,886.5388480106542,
2021-07-05,887.500774096887,892.4095721658065,871.2868653237889,874.6585650074912,
2021-07-06,881.4812984851006,890.5253870484435,868.0242500416181,868.7085067421342,
2021-07-07,877.6236773763942,877.6236773763942,863.7501248543366,869.7001831196936,
2021-07-08,877.4352588646578,902.8221741301815,877.4352588646578,901.9296653903779,
2021-07-09,902.4255035791576,911.3505909771933,878.6252705177293,881.8978025636757,
2021-07-12,882.5919760279673,884.5753287830864,872.6752122523723,875.6502413850508,
2021-07-13,880.8763758947894,881.6002996504078,862.7584484767771,875.6304078574996,
2021-07-14,877.6335941401697,884.4662443815548,872.6851290161478,877.6930947228233,
2021-07-15,882.5820592641918,886.5487647744299,876.6419177626103,885.5670051606459,
2021-07-16,885.5570883968703,916.3089728649908,881.6994672881638,903.9427684368237,
2021-07-19,909.3672382220742,910.3589145996337,892.5087398035624,898.4587980689196,
2021-07-23,906.3822923256201,910.3489978358582,889.5337106708839,897.46712169136,
2021-07-26,897.46712169136,899.4504744464791,890.0394656234392,892.5087398035624,
2021-07-27,897.4175378724822,897.4175378724822,887.550357915765,892.5087398035624,
2021-07-28,897.46712169136,899.8967288163809,883.5836524055269,883.5836524055269,
2021-07-29,892.2608207091727,901.3049092725154,872.6752122523723,872.6752122523723,
2021-07-30,889.0378724821041,889.5039603795572,874.6585650074912,877.13775595139,
2021-08-02,882.2944731146995,882.2944731146995,874.6585650074912,879.6169468952888,
2021-08-03,877.7327617779257,885.5372548693191,874.6585650074912,876.6419177626103,
2021-08-04,879.5177792575329,881.104461461628,874.6684817712668,877.13775595139,
2021-08-05,879.6070301315132,879.6070301315132,871.6835358748127,872.6752122523723,
2021-08-06,876.6419177626103,878.1294323289495,842.9348376893623,865.356640585983,
2021-08-09,862.7386149492258,862.7386149492258,837.9665390377892,852.841684701182,
2021-08-10,842.9249209255868,861.7667720992175,842.9249209255868,857.8000665889795,
2021-08-11,853.3375228899617,867.5680789079407,853.3375228899617,860.7552621941069,
2021-08-12,872.6752122523723,872.6752122523723,854.825037456301,855.8167138338605,
2021-08-13,865.7334776094556,865.7334776094556,847.0007108373565,850.3624937572831,
2021-08-16,859.4759996670551,859.4759996670551,834.4956717163309,839.9003079740303,
2021-08-17,840.39614616281,847.8833028133844,834.9915099051107,843.9165973031463,
2021-08-20,850.8484151822873,854.8151206925254,843.9165973031463,852.7425170634259,
2021-08-23,852.841684701182,856.7984734476444,852.0979274180123,853.3871067088396,
2021-08-24,857.1058931246878,862.1634426502413,838.9582154153487,844.0256817046778,
2021-08-25,847.8833028133844,847.8833028133844,834.9915099051107,835.9831862826702,
2021-08-26,832.1156484101881,835.6856833694023,803.4066172798401,808.2162477110038,
2021-08-27,811.1912768436823,817.1413351090395,801.2745130680872,811.1912768436823,
2021-08-30,816.2488263692359,823.0418095555186,813.0457116697187,816.2984101881138,
2021-08-31,820.116364241718,826.066422507075,817.151251872815,823.0913933743965,
2021-09-01,825.0747461295156,832.0164807724321,824.083069751956,824.083069751956,
2021-09-02,827.0580988846345,827.0580988846345,811.6871150324621,814.166305976361,
2021-09-03,813.1746295988014,822.0898002330614,803.2677825869819,816.1496587314799,
2021-09-06,821.5047111703012,821.5047111703012,804.6462127517896,808.2658315298818,
2021-09-07,813.0754619610454,813.0754619610454,797.3078075578492,800.2828366905277,
2021-09-08,793.4501864491426,812.1829532212419,764.7907391376727,767.5575162310637,
2021-09-09,763.5908107208256,783.4144215082404,749.8560928916264,750.699017812552,
2021-09-10,755.6573997003496,789.3743965373731,751.9584468120526,778.8824604627933,
2021-09-13,783.3945879806892,783.3945879806892,773.5075744964208,774.0034126852006,
2021-09-14,780.459225903113,780.9451473281172,751.6906941901116,761.6173747294822,
2021-09-15,760.5066971866156,760.5066971866156,749.7073414349925,757.1449142666888,
2021-09-16,754.6458897952389,754.6458897952389,741.7739304145164,750.699017812552,
2021-09-17,753.6740469452305,762.5495505243882,723.9237556184452,730.5977376394206,
2021-09-20,731.8571666389213,741.7739304145164,719.223209588813,733.8405193940403,
2021-09-21,742.7556900283004,742.7556900283004,720.1058015648409,721.9404028633261,
2021-09-22,730.8654902613617,731.8472498751456,702.2556267687697,715.0085849841851,
2021-09-23,723.9237556184452,746.2265573497587,718.9653737306476,721.8412352255701,
2021-09-24,723.9237556184452,726.8888679873481,711.0319627101715,716.9820209755285,
2021-09-27,720.9487264857665,728.7829698684867,708.076767105044,714.00699184285,
2021-09-28,709.0486099550524,738.7989012818379,707.1148410188114,719.9570501082071,
2021-09-29,718.9653737306476,718.9653737306476,690.2563426002996,706.9561727984018,
2021-09-30,704.7050674213417,723.9237556184452,686.7358914599633,715.0978358581655,
2021-10-01,721.8412352255701,742.2400183119694,704.0902280672549,706.0735808223739,
2021-10-04,703.0985516896953,713.0153154652904,690.2067587814216,700.0739387381388,
2021-10-05,701.1151989345763,701.1151989345763,669.4807224904279,676.0555368736474,
2021-10-06,673.34826036291,674.2407691027134,660.0597969036124,664.6710920592642,
2021-10-07,684.2666172798401,692.0909438987848,659.4647910770767,666.3966089562177,
2021-10-08,663.4314965873148,667.8940402863326,647.5646745463625,654.9824138505078,
2021-10-11,654.5064091892791,659.3656234393208,637.6974945896453,649.5480273014816,
2021-10-12,637.657827534543,664.4231729648743,631.6978525054103,648.5563509239221,
2021-10-13,645.5813217912436,653.5147328117197,633.2349508906275,634.6728816380889,
2021-10-14,641.4856983519228,674.3399367404694,629.7343332778424,664.4231729648743,
2021-10-15,656.5889295821542,679.298318628267,656.5889295821542,677.314965873148,
2021-10-18,669.1832195771599,681.2816713833861,664.4231729648743,675.3316131180289,
2021-10-20,676.3232894955885,703.842308972865,676.3232894955885,696.1369835192276,
2021-10-21,702.0969585483602,713.9970750790744,694.1734642916597,700.9168636590643,
2021-10-22,703.0985516896953,738.7989012818379,700.1235225570168,702.9200499417346,
2021-10-25,703.0985516896953,706.023997003496,690.7323472615282,691.7041901115365,
2021-10-26,694.1635475278841,694.1734642916597,689.2150824038622,692.1901115365407,
2021-10-27,700.1136057932412,718.8463725653404,699.1318461794573,713.0153154652904,
2021-10-28,714.00699184285,731.8571666389213,714.00699184285,728.2077975695023,
2021-10-29,732.8488430164807,773.4084068586649,723.9237556184452,768.5491926086232,
2021-11-01,803.2479490594307,811.6276144498086,780.4493091393374,781.440985516897,
2021-11-02,796.3161311802896,804.0512069252538,770.145791576494,771.0283835525221,
2021-11-03,768.5491926086232,777.4742800066589,759.7530231396704,763.6007274846013,
2021-11-04,757.1449142666888,766.5658398535043,750.699017812552,754.6657233227901,
2021-11-05,753.6740469452305,777.4742800066589,749.7073414349925,757.7696703845513,
2021-11-08,767.5475994672881,769.7887880805727,755.6573997003496,764.5824870983852,
2021-11-09,761.6074579657067,768.5491926086232,741.7739304145164,764.0866489096054,
2021-11-10,764.5824870983852,768.3905243882137,751.6906941901116,759.1282670218079,
2021-11-11,760.6058648243716,762.5892175794905,746.732312302314,750.699017812552,
2021-11-12,759.614188446812,759.614188446812,730.369652072582,734.2966905277177,
2021-11-15,742.7556900283004,742.7556900283004,720.0661345097386,728.8821375062427,
2021-11-16,733.6421841185283,763.5511436657233,726.8987847511237,761.0124521391709,
2021-11-17,758.6324288330281,758.6324288330281,724.9253487597803,734.8222790078242,
2021-11-18,733.8405193940403,753.6740469452305,725.9071083735641,751.6906941901116,
2021-11-19,755.6573997003496,766.5658398535043,742.7755235558515,761.6074579657067,
2021-11-22,765.2865773264525,765.5741634759447,723.9237556184452,723.9336723822207,
2021-11-23,728.8821375062427,733.3446812052605,706.0735808223739,709.0486099550524,
2021-11-24,721.9304860995505,721.9304860995505,684.2567005160646,685.2483768936241,
2021-11-25,693.1817879141003,693.1817879141003,662.5885716663892,677.314965873148,
2021-11-26,675.3316131180289,703.0985516896953,665.4148493424339,695.1651406692192,
2021-11-29,690.2067587814216,728.8821375062427,685.8433827201599,714.0664924255035,
2021-11-30,721.9404028633261,738.2534792741801,698.2393374396537,713.0153154652904,
2021-12-01,719.0645413684035,729.6258947894123,707.1644248376894,722.1387381388381,
2021-12-02,709.0486099550524,709.0486099550524,668.9452172465457,668.9452172465457,
2021-12-03,648.5563509239221,669.3815548526719,628.7228233727318,647.0688363575828,
2021-12-06,649.3001082070917,652.5230564341601,635.6645580156484,645.6011553187947,
2021-12-07,646.572998168803,665.1867637755951,646.0771599800233,655.4980855668387,
2021-12-08,657.4814383219577,660.4564674546363,643.5979690361245,645.5813217912436,
2021-12-09,649.5480273014816,649.5480273014816,616.8326236057932,625.2519560512735,
2021-12-10,626.7394706176128,632.3821092059264,603.4846595638421,628.7129066089562,
2021-12-13,634.6629648743133,642.6062926585649,618.8060595971367,624.7660346262693,
2021-12-14,632.6895288829699,642.6162094223406,621.4340019976694,636.6661511569835,
2021-12-15,666.4065257199933,682.7096853670718,659.4647910770767,678.3066422507075,
2021-12-16,677.314965873148,677.314965873148,655.4980855668387,655.4980855668387,
2021-12-17,657.4814383219577,680.7858331946063,648.5563509239221,668.9650507740969,
2021-12-20,668.9650507740969,695.1651406692192,660.4663842184118,689.1853321125354,
2021-12-21,688.2234060263027,699.0326785417013,680.2899950058265,688.7192442150824,
2021-12-22,688.2234060263027,691.1984351589812,672.8524221741302,679.4966539037789,
2021-12-23,680.2899950058265,689.2051656400865,674.597772598635,674.597772598635,
2021-12-24,680.2899950058265,681.18250374563,670.3732312302313,672.7036707174963,
2021-12-27,672.4557516231064,674.2407691027134,667.0213650740802,673.3383435991343,
2021-12-28,669.6294739470618,678.3066422507075,669.4410554353254,672.3565839853504,
2021-12-29,670.6211503246212,678.3066422507075,668.6774646246046,673.34826036291,
2021-12-30,680.280078242051,690.2067587814216,665.5636007990677,672.3565839853504,
2021-12-31,666.4065257199933,684.2071166971866,666.4065257199933,673.6259297486265,
2022-01-03,674.3399367404694,684.7525387048444,674.3300199766938,683.0567720992175,
2022-01-04,683.265024138505,697.1484934243383,680.2899950058265,692.1901115365407,
2022-01-05,693.1817879141003,693.1817879141003,685.8433827201599,685.8433827201599,
2022-01-06,686.0417179956717,693.1718711503246,679.298318628267,680.3098285333776,
2022-01-07,684.2567005160646,690.2067587814216,671.3847411353421,682.8584368237057,
2022-01-10,679.347902447145,692.1901115365407,679.347902447145,688.2234060263027,
2022-01-11,692.1901115365407,696.1469002830031,682.2733477609455,684.2567005160646,
2022-01-12,686.2400532711836,690.2067587814216,678.3066422507075,680.2899950058265,
2022-01-13,677.314965873148,689.1853321125354,673.8440985516896,673.8440985516896,
2022-01-14,674.3399367404694,679.2784851007158,668.8857166638921,669.3815548526719,
2022-01-17,666.1586066256034,679.199150990511,661.4481438321958,676.3232894955885,
2022-01-18,672.366500749126,684.147616114533,666.951947727651,670.3732312302313,
2022-01-19,676.3232894955885,676.3232894955885,649.5480273014816,650.539703679041,
2022-01-20,659.4647910770767,668.3799617113368,641.4162810054935,653.5147328117197,
2022-01-21,652.5230564341601,668.3898784751124,652.5230564341601,660.4564674546363,
2022-01-24,669.232803396038,669.232803396038,655.5972532045946,658.5722823372732,
2022-01-25,665.4148493424339,682.2733477609455,664.4231729648743,679.298318628267,
2022-01-26,684.0087814216747,689.2150824038622,670.8690694190111,683.3741085400367,
2022-01-27,683.265024138505,692.1901115365407,681.2816713833861,684.3558681538206,
2022-01-28,689.2150824038622,693.0727035125686,665.5239337439654,675.1233610787414,
2022-01-31,679.298318628267,684.2567005160646,675.3316131180289,675.3316131180289,
2022-02-01,670.8690694190111,687.2317296487431,670.8690694190111,678.3066422507075,
2022-02-02,678.3066422507075,689.2150824038622,678.3066422507075,687.2317296487431,
2022-02-03,693.1817879141003,698.8839270850674,675.3415298818045,682.0750124854336,
2022-02-04,688.2234060263027,690.9505160645913,675.3415298818045,682.997271516564,
2022-02-07,688.2035724987514,688.2035724987514,676.8389612119194,677.314965873148,
2022-02-08,682.2733477609455,683.265024138505,675.6588663226237,678.3165590144831,
2022-02-09,682.2733477609455,687.7275678375229,679.3082353920425,685.2483768936241,
2022-02-10,684.2567005160646,686.7358914599633,675.8274513068087,679.248734809389,
2022-02-11,683.2551073747295,688.2234060263027,676.4224571333444,683.265024138505,
2022-02-14,684.2368669885134,692.0711103712335,672.3565839853504,674.3300199766938,
2022-02-15,669.4807224904279,681.18250374563,669.4807224904279,671.3649076077909,
2022-02-16,681.0833361078741,681.0833361078741,669.3914716164475,670.3732312302313,
2022-02-17,678.1083069751955,678.1083069751955,666.4065257199933,671.3649076077909,
2022-02-18,675.232445480273,678.2570584318296,669.9765606792076,676.0059530547694,
2022-02-21,679.9924920925587,679.9924920925587,664.9190111536541,665.5140169801898,
2022-02-22,670.0757283169636,670.0757283169636,644.589645413684,657.4814383219577,
2022-02-23,662.4398202097552,664.4231729648743,649.5480273014816,661.051473281172,
2022-02-24,644.589645413684,648.0605127351423,624.8652022640254,624.8652022640254,
2022-02-25,639.6312635258864,640.622939903446,624.7561178624937,629.6946662227401,
2022-02-28,634.6728816380889,657.4814383219577,616.9714582986516,649.5480273014816,
2022-03-01,659.4548743133012,659.4548743133012,634.6728816380889,634.6728816380889,
2022-03-02,632.6895288829699,632.6895288829699,610.8825653404361,617.8044664558015,
2022-03-03,617.8143832195772,618.8060595971367,608.1554553021475,611.8544081904445,
2022-03-04,614.829437323123,621.1860829032795,611.86432495422,614.1154303312801,
2022-03-07,610.4858947894123,610.4858947894123,568.2305643416015,568.2305643416015,
2022-03-08,569.123073081405,575.1524654569669,554.3470950557682,562.2805060762444,
2022-03-09,555.3288546695521,568.2305643416015,540.9594639587148,546.4136840352921,
2022-03-10,556.3403645746629,588.0640918927917,556.3403645746629,586.6063276177792,
2022-03-11,582.1140336274347,588.0640918927917,566.7430497752622,567.9826452472116,
2022-03-14,570.2139170967205,570.2139170967205,559.3054769435658,566.257128350258,
2022-03-15,568.974321624771,579.5356750457798,568.7264025303812,578.1473281171966,
2022-03-16,579.1390044947561,596.9891792908273,579.1390044947561,580.1306808723156,
2022-03-17,589.0359347428001,590.0474446479108,578.1473281171966,579.1390044947561,
2022-03-18,571.4039287497919,580.1306808723156,561.2888296986848,562.9052621941069,
2022-03-21,569.2222407191609,578.038243715665,560.2971533211254,571.20559347428,
2022-03-22,572.7724421508241,575.1623822207424,565.2654519726985,566.2472115864824,
2022-03-24,571.20559347428,583.1057100049942,561.0607441318461,582.1140336274347,
2022-03-25,580.1306808723156,594.9959097719327,578.1473281171966,592.6952205759947,
2022-03-28,592.0307974030297,615.3351922756783,582.1140336274347,613.8377609455636,
2022-03-29,618.6573081405028,629.7144997502913,614.8393540868987,621.7810887298152,
2022-03-30,622.7529315798236,638.6395871483269,607.0051107041785,622.7727651073748,
2022-03-31,621.7810887298152,633.6812052605294,621.7810887298152,631.0532628599967,
2022-04-01,631.0532628599967,644.589645413684,625.8469618778092,638.2825836524055,
2022-04-04,619.7977359746961,619.7977359746961,590.4143649076078,590.5432828366905,
2022-04-05,590.5432828366905,596.9891792908273,577.7010737472948,579.1390044947561,
2022-04-06,585.0890627601132,592.0307974030297,577.155651739637,580.1405976360912,
2022-04-07,582.8082070917263,583.1057100049942,561.407830863992,574.1806226069585,
2022-04-08,580.1306808723156,594.0141501581488,576.1738921258532,585.0890627601132,
2022-04-11,614.829437323123,628.7228233727318,608.8992125853171,621.7810887298152,
2022-04-12,619.7977359746961,624.7561178624937,612.8560013317796,618.8060595971367,
2022-04-13,616.8227068420176,617.8143832195772,603.9309139337439,605.914266688863,
2022-04-14,601.9574779424005,610.8726485766606,601.1046362576993,608.879379057766,
2022-04-15,609.880972199101,616.8227068420176,602.9392375561845,602.9392375561845,
2022-04-18,595.1049941734643,604.9225903113035,595.0058265357084,598.1296071250208,
2022-04-19,599.4683702347262,605.914266688863,588.0640918927917,590.0474446479108,
2022-04-20,601.9376444148494,601.9376444148494,582.61978857999,586.0807391376727,
2022-04-21,582.2132012651906,585.0890627601132,575.1722989845181,585.0890627601132,
2022-04-22,587.0724155152323,587.0724155152323,577.304403196271,580.12076410854,
2022-04-25,585.0989795238888,596.9891792908273,578.3456633927085,580.3290161478276,
2022-04-26,583.0957932412185,583.1057100049942,572.1972698518395,575.0731313467621,
2022-04-27,573.6847844181788,579.1390044947561,565.1365340436157,565.7513733977027,
2022-04-28,565.2555352089229,569.2222407191609,553.3653354419844,560.792991509905,
2022-05-06,562.0524205094057,562.0524205094057,553.3554186782087,555.7552755119027,
2022-05-09,555.3387714333278,555.3387714333278,514.0751173630764,514.0751173630764,
2022-05-10,518.6467454636257,518.6467454636257,507.24246712169133,512.2008490094889,
2022-05-11,513.6387797569503,513.6387797569503,481.5580489429,507.7482220742467,
2022-05-12,512.6966871982687,515.6717163309472,490.88972365573494,510.7133344431496,
2022-05-13,506.15162310637584,521.6217745963042,503.78151656400865,518.9739986682205,
2022-05-16,507.83747294822706,518.9739986682205,490.8798068919594,495.9373564175129,
2022-05-17,500.7866539037789,500.79657066755453,488.89645413684036,490.8798068919594,
2022-05-18,493.8548360246379,504.1682703512568,482.9463958714833,499.85447810887297,
2022-05-19,495.83818877975693,506.7466289329116,495.83818877975693,497.82154153487596,
2022-05-20,501.49074413184616,501.7783302813384,492.9623272848344,498.604965873148,
2022-05-23,495.84810554353254,495.84810554353254,472.0379557183286,472.0379557183286,
2022-05-24,475.26090394539705,478.9796903612452,463.12278508406854,463.3607874146829,
2022-05-25,466.0878974529715,475.01298485100716,450.72683036457465,468.3390028300316,
2022-05-26,463.50953887131675,481.0622107541202,458.1544864324954,477.14508906276006,
2022-05-27,485.9214250041618,498.8132179124355,478.9796903612452,481.80596803728986,
2022-05-30,483.93807224904276,492.74415848177125,480.9729598801398,482.9463958714833,
2022-05-31,489.88813051439985,489.88813051439985,465.096221075412,469.0629265856501,
2022-06-01,471.0066122856667,471.0066122856667,459.14616281005493,459.6420009988347,
2022-06-02,464.1045446978525,464.1045446978525,446.2543699017812,447.24604627934076,
2022-06-03,445.26269352422173,449.2293990344598,430.38754786082905,432.53948560013316,
2022-06-06,434.3542533710671,447.24604627934076,427.40260196437487,443.67601132012646,
2022-06-07,444.2710171466622,449.8244048609955,438.9159647078409,441.8909938405194,
2022-06-08,441.3059047777593,472.0379557183286,436.85327784251706,460.1378391876144,
2022-06-09,467.07957383053105,468.07125020809053,458.1544864324954,462.22035958048946,
2022-06-10,464.8978857999001,469.0629265856501,458.1544864324954,463.2913700682537,
2022-06-13,462.22035958048946,462.22035958048946,440.3043116364242,444.5387697686033,
2022-06-14,443.7751789578825,447.8410521058765,439.31263525886465,443.2793407691027,
2022-06-15,448.2278058931247,455.66537872482104,447.23612951556515,450.2210754120193,
2022-06-16,446.27420342933243,455.67529548859665,444.3206009655402,455.1596237722657,
2022-06-17,456.1513001498252,465.096221075412,454.0886132845014,459.92958714832696,
2022-06-20,462.12119194273345,464.60038288663225,446.2642866655568,446.750208090561,
2022-06-21,450.2210754120193,463.112868320293,447.3551306808723,461.11959880139835,
2022-06-22,463.112868320293,465.096221075412,453.7415265523556,455.1794572998169,
2022-06-23,457.1628100549359,464.1045446978525,456.67688862993174,458.1544864324954,
2022-06-24,458.05531879473943,459.14616281005493,423.7036490760779,432.53948560013316,
2022-06-27,434.3443366072915,446.2543699017812,432.3709006159481,441.2959880139837,
2022-06-28,444.2710171466622,471.0462793407691,443.2793407691027,446.35353753953723,
2022-06-29,449.14014816047944,461.11959880139835,445.27261028799734,449.2293990344598,
2022-06-30,453.6919427334776,462.12119194273345,446.35353753953723,452.2044281671383,
2022-07-01,454.18778092225733,454.6836191110371,447.2757965706675,448.9219793574163,
2022-07-04,446.750208090561,454.0886132845014,435.74260029965035,440.3043116364242,
2022-07-05,437.8251206925254,440.3043116364242,430.18921258531714,433.36257699350756,
2022-07-06,436.2384384884301,440.25472781754615,431.97423006492426,432.003980356251,
2022-07-07,435.84176793740636,436.3574396537373,430.38754786082905,431.38914100216414,
2022-07-13,431.3693074746129,443.2793407691027,426.52992675212255,443.2793407691027,
2022-07-14,447.24604627934076,455.0802896620609,439.31263525886465,452.7002663559181,
2022-07-15,454.6836191110371,459.14616281005493,441.8909938405194,447.24604627934076,
2022-07-18,436.33760612618613,441.2959880139837,429.3958714832695,436.3177725986349,
2022-07-19,432.3709006159481,436.3177725986349,419.97494589645413,425.4192492092559,
2022-07-20,427.3034343266189,429.8917096720493,421.4624604627934,425.9250041618112,
2022-07-21,426.420842350591,427.3629349092725,418.4874313301149,418.4973480938904,
2022-07-22,422.4442200765773,423.4458132179124,403.9197053437656,415.47273514233393,
2022-07-25,411.54569668719824,414.5108090561012,408.08474612951557,414.5108090561012,
2022-07-26,413.5191326785417,418.3684301648077,405.59563842184116,411.5357799234227,
2022-07-27,410.9606076244382,414.5108090561012,407.5789911769602,411.60519726985183,
2022-07-28,414.49097552855005,420.3716164474779,411.54569668719824,412.5373730647578,
2022-07-29,414.5207258198768,414.5207258198768,406.61706509072746,408.50125020809054,
2022-08-01,408.57066755451973,412.4382054270018,405.60555518561677,411.0597752621941,
2022-08-02,410.35568503412685,417.49575495255533,405.7146395871483,413.5290494423173,
2022-08-03,416.49416181122024,444.6181038788081,412.59687364741137,436.3574396537373,
2022-08-04,438.4201265190611,451.16316797070084,438.4201265190611,451.16316797070084,
2022-08-05,451.2028350258032,470.9471117030131,451.2028350258032,462.2699433993674,
2022-08-10,467.07957383053105,472.92054769435657,454.18778092225733,457.3611453304478,
2022-08-11,458.1544864324954,463.77729149325785,455.1794572998169,460.5840935575162,
2022-08-12,460.1378391876144,461.12951556517396,456.17113367737636,459.4436657233228,
2022-08-15,461.12951556517396,476.5004994173464,458.69990844015314,469.9554353254536,
2022-08-16,471.0462793407691,485.37600299650404,469.31084568003996,475.0229016147827,
2022-08-17,477.9880139836857,501.2229915099051,474.2196437489595,499.804894289995,
2022-08-18,498.8033011486599,506.7466289329116,490.8798068919594,494.3506742134177,
2022-08-19,490.98889129349095,494.26142333943733,486.21892791742965,488.7873697353088,
2022-08-22,488.69811886132845,489.7790461128683,480.96304311636425,485.9214250041618,
2022-08-23,492.8631596470784,517.5261511569835,491.86156650574327,513.6883635758281,
2022-08-24,517.6550690860662,522.6134509738638,502.77992342267356,503.77159980023305,
2022-08-25,502.77992342267356,522.5142833361078,496.8298651573165,513.6883635758281,
2022-08-26,535.5052438821375,535.5052438821375,512.7066039620443,514.4618711503246,
2022-08-29,512.6966871982687,512.6966871982687,493.0714116863659,507.7383053104711,
2022-08-30,514.5808723156317,517.1592308972865,502.77992342267356,504.7632761777926,
2022-08-31,504.753359414017,515.1758781421674,502.8790910604295,514.1842017646079,
2022-09-01,514.6602064258366,525.1025586815382,512.419017812552,518.8946645580156,
2022-09-02,517.6550690860662,522.0680289662062,513.6883635758281,516.4055568503412,
2022-09-05,515.6221325120692,520.134260029965,509.3249875145664,509.3249875145664,
2022-09-06,511.70501082070916,511.70501082070916,504.7632761777926,507.7283885466955,
2022-09-07,515.5725486931913,515.6717163309472,502.7997569502247,503.76168303645744,
2022-09-08,506.75654569668717,513.5792791742966,506.25079074413185,509.72165806559013,
2022-09-09,511.70501082070916,515.6717163309472,509.22581987681036,510.2571633094722,
2022-09-12,511.70501082070916,514.6701231896121,505.7549525553521,508.7299816880306,
2022-09-13,509.1266522390544,512.3991842850008,508.26389379057764,508.7299816880306,
2022-09-14,509.1266522390544,511.4570917263193,505.7549525553521,508.54156317629423,
2022-09-15,509.72165806559013,518.9938321957716,505.2591143665723,505.7549525553521,
2022-09-16,506.82596304311636,510.9116697186616,502.58158814716165,503.9401847844182,
2022-09-19,507.43088563342764,507.43088563342764,495.83818877975693,497.5736224404861,
2022-09-20,499.70572665223904,499.78506076244383,487.40893957050105,487.9047777592808,
2022-09-21,490.8698901281838,491.86156650574327,476.9963376061262,476.9963376061262,
2022-09-22,476.00466122856665,485.66358914599635,469.11251040452805,483.19431496587316,
2022-09-23,489.7889628766439,489.9377143332778,473.0792159147661,475.6575744964208,
2022-09-26,476.9963376061262,488.89645413684036,466.0878974529715,483.93807224904276,
2022-09-27,485.9214250041618,494.49942567005155,481.95471949392373,489.88813051439985,
2022-09-28,491.7723156317629,499.3090561012152,489.9377143332778,492.8631596470784,
2022-09-29,493.64658398535045,501.7783302813384,487.9047777592808,499.3090561012152,
2022-09-30,496.8298651573165,503.6724321624771,487.0221857832529,492.42682204095223,
2022-10-03,494.7374280006659,494.7374280006659,487.9543615781588,488.89645413684036,
2022-10-04,492.0698185450308,506.7466289329116,491.207060096554,502.43283669052767,
2022-10-05,505.7549525553521,514.5709555518562,503.57326452472114,513.0536906941901,
2022-10-06,515.651882803396,518.6467454636257,507.8672232395538,508.2440602630264,
2022-10-07,506.6474612951556,516.5642250707508,505.903704011986,507.5994706176128,
2022-10-10,509.72165806559013,513.1925253870485,506.25079074413185,511.70501082070916,
2022-10-11,511.70501082070916,512.7958548360247,505.953287830864,509.72165806559013,
2022-10-12,511.2091726319294,515.6717163309472,507.7383053104711,508.76964874313296,
2022-10-13,509.73157482936574,512.7859380722491,506.6474612951556,508.7498152155818,
2022-10-14,512.686770434493,512.686770434493,506.75654569668717,507.7383053104711,
2022-10-17,510.60425004161806,510.61416680539367,505.4574496420842,506.25079074413185,
2022-10-18,507.26230064924255,511.19925586815384,502.77000665889796,505.2591143665723,
2022-10-19,508.7299816880306,511.6058431829532,506.25079074413185,509.72165806559013,
2022-10-20,511.70501082070916,511.70501082070916,507.7383053104711,507.7383053104711,
2022-10-21,509.7117413018145,510.61416680539367,503.870767437989,508.63081405027464,
2022-10-24,513.6883635758281,513.6883635758281,506.2607075079074,507.2325503579158,
2022-10-25,509.22581987681036,509.22581987681036,501.788247045114,501.788247045114,
2022-10-26,499.06113700682533,502.70058931246876,490.3839687031796,493.35899783585813,
2022-10-27,488.89645413684036,495.2332661894456,486.91310138172133,488.4006159480606,
2022-10-28,490.7806392542034,490.8698901281838,474.24939404028635,476.64925087398035,
2022-10-31,483.93807224904276,483.93807224904276,476.9963376061262,481.9448027301482,
2022-11-01,489.6302946562344,489.88813051439985,482.0340536041285,487.9047777592808,
2022-11-02,487.9047777592808,488.87662060928915,481.1613783918761,485.6735059097719,
2022-11-03,484.9297486266023,490.6318877975695,484.43391043782253,485.83217413018144,
2022-11-04,481.0622107541202,483.9281554852672,477.9880139836857,479.67386382553684,
2022-11-07,479.9713667388047,484.9297486266023,478.9796903612452,479.1284418178791,
2022-11-08,484.7809971699684,487.3097719327451,482.9463958714833,483.93807224904276,
2022-11-10,487.80561012152486,489.590627601132,483.93807224904276,485.9809255868154,
2022-11-11,487.9047777592808,488.89645413684036,484.43391043782253,486.5164308306975,
2022-11-14,485.891674712835,486.41726319294156,477.9880139836857,484.9297486266023,
2022-11-15,484.13640752455467,489.2931246878641,480.96304311636425,481.95471949392373,
2022-11-16,485.8024238388547,485.8024238388547,478.9697735974696,482.0737206592309,
2022-11-17,484.9198318628267,486.19909438987844,481.96463625769934,482.96622939903443,
2022-11-18,485.85200765773266,485.85200765773266,480.96304311636425,483.93807224904276,
2022-11-21,479.9713667388047,484.43391043782253,479.2771932745131,480.08045114033627,
2022-11-22,481.95471949392373,487.79569335774926,479.9713667388047,482.4505576827035,
2022-11-23,484.9297486266023,485.82225736640584,481.95471949392373,482.9463958714833,
2022-11-24,483.09514732811715,486.91310138172133,480.9729598801398,481.96463625769934,
2022-11-25,487.9047777592808,487.9047777592808,478.6524371566506,479.7234476444148,
2022-11-28,467.07957383053105,467.07957383053105,451.7085899783586,456.17113367737636,
2022-11-29,455.1794572998169,464.1045446978525,454.3464491426669,463.112868320293,
2022-11-30,463.9954602963209,471.0462793407691,459.046995172299,469.0629265856501,
2022-12-01,472.9304644581321,472.9304644581321,463.6186232728483,464.21362909938404,
2022-12-02,468.07125020809053,468.07125020809053,452.4027634426502,454.0291127018478,
2022-12-05,456.0719660396204,457.1628100549359,435.3459297486266,438.32095888130516,
2022-12-06,440.3043116364242,442.2876643915432,433.36257699350756,438.32095888130516,
2022-12-07,441.3059047777593,451.19291826202766,439.31263525886465,448.48564175129013,
2022-12-08,442.2876643915432,451.2127517895788,442.2876643915432,448.23772265690025,
2022-12-09,448.23772265690025,451.2127517895788,443.29917429665386,449.0310637589479,
2022-12-12,447.25596304311637,450.2210754120193,447.24604627934076,448.23772265690025,
2022-12-13,447.25596304311637,453.13660396204426,447.25596304311637,449.37815049109366,
2022-12-14,451.2028350258032,451.2127517895788,447.74188446812053,449.2293990344598,
2022-12-15,451.19291826202766,452.10526052938235,443.2793407691027,447.1964624604628,
2022-12-16,451.0144165140669,451.11358415182286,441.40507241551524,446.7700416181122,
2022-12-19,445.6990311303479,447.2262127517896,437.3391992675212,438.32095888130516,
2022-12-20,442.16866322623605,446.2543699017812,405.258468453471,420.4707840852339,
2022-12-21,420.4707840852339,429.88179290827367,411.5952805060762,425.538250374563,
2022-12-22,431.37922423838853,439.30271849508904,426.43075911436654,433.36257699350756,
2022-12-23,436.3475228899617,436.3475228899617,421.472377226569,426.3514250041618,
2022-12-26,436.1293540868986,449.2293990344598,418.0411769602131,430.3974646246046,
2022-12-27,434.3344198435159,434.3542533710671,428.60253038122187,430.38754786082905,
2022-12-28,432.36098385217247,432.36098385217247,423.4458132179124,428.305027467954,
2022-12-29,431.2800566006326,446.2543699017812,424.55649076077907,444.3206009655402,
2022-12-30,450.2210754120193,450.2210754120193,438.3308756450807,442.2876643915432,
2023-01-02,444.02309805227236,444.7470218078908,433.36257699350756,436.33760612618613,
2023-01-03,436.33760612618613,436.33760612618613,426.420842350591,428.90003329448973,
2023-01-04,431.2800566006326,432.3709006159481,424.4474063592475,429.3958714832695,
2023-01-05,427.90835691693025,432.8667388047278,425.42916597303144,426.4010088230398,
2023-01-06,426.420842350591,434.3542533710671,424.43748959547196,429.50495588480106,
2023-01-09,428.40419510571,430.28838022307303,418.4874313301149,421.4128766439154,
2023-01-10,423.34664558015646,435.5938488430165,423.34664558015646,433.0154902613617,
2023-01-11,433.36257699350756,436.3177725986349,428.4339453970368,430.07021142000997,
2023-01-12,429.3958714832695,443.2793407691027,427.4125187281505,432.3709006159481,
2023-01-13,427.4224354919261,433.1543249542201,423.4458132179124,424.61599134343265,
2023-01-16,423.4458132179124,425.42916597303144,416.0082403862161,417.24783585816544,
2023-01-17,421.4624604627934,421.4624604627934,386.7537872482104,386.7537872482104,
2023-01-18,386.7537872482104,397.66222740136504,382.79699850174796,396.67055102380556,
2023-01-19,397.16638921258533,400.6372565340436,386.85295488596637,388.73714000332944,
2023-01-20,395.3516214416514,395.3516214416514,377.5311969369069,382.2912435491926,
2023-01-23,373.86199433993676,388.7173064757783,373.86199433993676,388.7173064757783,
2023-01-24,388.53880472781753,393.7054386549026,372.4240635924754,390.75024304977524,
2023-01-25,392.20800732478773,400.6372565340436,390.7204927584485,394.19136007990676,
2023-01-26,395.678874646246,408.57066755451973,392.7038455135675,399.6455801564841,
2023-01-27,401.6289329116031,403.1164474779424,392.7038455135675,394.61778092225734,
2023-01-30,396.66063426002995,401.47026469119356,390.7204927584485,392.7038455135675,
2023-01-31,393.67568836357583,406.4881471616447,391.8609205926419,405.59563842184116,
2023-02-01,409.45325953054765,409.45325953054765,399.1794922590311,402.17435491926085,
2023-02-02,404.1081238555019,415.01656400865653,398.69357083402696,413.5290494423173,
2023-02-03,408.46158315298817,415.31406692192445,408.46158315298817,409.5623439320792,
2023-02-06,414.5207258198768,423.34664558015646,408.57066755451973,420.4707840852339,
2023-02-07,421.36329282503743,428.305027467954,413.1323788912935,414.77856167804225,
2023-02-08,419.2708556683869,420.123697353088,412.83487597802565,418.4874313301149,
2023-02-09,419.47910770767436,430.38754786082905,419.47910770767436,427.90835691693025,
2023-02-10,426.420842350591,426.420842350591,409.6813450973864,410.7622723489262,
2023-02-13,406.5873147994007,416.50407857499584,406.5873147994007,412.5373730647578,
2023-02-14,412.507622773431,413.5290494423173,404.20729149325786,409.0565889795239,
2023-02-15,414.21330614283335,415.5124021974363,402.1346878641585,411.54569668719824,
2023-02-16,409.5623439320792,416.4743282836691,405.59563842184116,407.0831529881805,
2023-02-17,402.73961045446976,410.058182120859,402.62060928916264,408.07482936573996,
2023-02-20,404.6039620442817,407.45007324787747,400.15133510903945,406.5873147994007,
2023-02-21,411.3176111203596,411.3176111203596,403.61228566672213,410.7523555851506,
2023-02-22,411.54569668719824,413.5290494423173,408.57066755451973,410.80193940402864,
2023-02-23,410.55402030963876,412.4282886632262,405.04029965040786,410.5738538371899,
2023-02-24,413.3307141668054,416.40491093723983,402.62060928916264,412.2993707341435,
2023-02-27,411.54569668719824,414.5207258198768,406.69639920093226,406.79556683868816,
2023-02-28,410.55402030963876,414.40172465456965,406.09147661062093,410.058182120859,
2023-03-01,410.058182120859,410.058182120859,403.61228566672213,403.61228566672213,
2023-03-02,397.67214416514065,408.07482936573996,391.8212535375395,392.2278408523389,
2023-03-03,388.73714000332944,403.1164474779424,386.862871649742,401.37109705343767,
2023-03-06,403.5131180289662,407.5789911769602,401.3810138172132,406.6368986182787,
2023-03-07,410.0978491759614,414.02488763109704,398.66382054270014,410.10776593973696,
2023-03-08,414.3025570168137,415.41323455968035,411.54569668719824,412.5373730647578,
2023-03-09,414.5207258198768,418.8345180622607,411.80353254536374,417.46600466122857,
2023-03-10,418.9832695188946,420.35178291992673,414.61989345763277,416.72224737805897,
2023-03-13,419.3799400699184,421.4624604627934,417.68417346429163,419.4295238887964,
2023-03-14,419.47910770767436,419.47910770767436,411.1490261361745,411.1490261361745,
2023-03-15,413.41004827701016,428.305027467954,408.57066755451973,420.9666222740136,
2023-03-16,422.45413684035293,429.28678708173794,420.6096187780922,420.6096187780922,
2023-03-17,423.39622939903444,423.39622939903444,415.63140336274347,416.523912102547,
2023-03-20,418.4378475112369,418.4874313301149,411.54569668719824,412.5373730647578,
2023-03-21,415.9090727484601,415.9090727484601,409.08633927085066,410.54410354586315,
2023-03-22,411.54569668719824,411.54569668719824,401.6289329116031,401.7281005493591,
2023-03-24,404.6039620442817,404.6039620442817,397.4638921258532,398.1878158814716,
2023-03-27,404.50479440652566,404.50479440652566,386.862871649742,399.76458132179124,
2023-03-28,406.5873147994007,406.5873147994007,395.778042284002,397.16638921258533,
2023-03-29,398.6539037789246,401.1231779590478,391.71216913600796,392.61459463958715,
2023-03-30,396.67055102380556,396.67055102380556,392.7038455135675,395.1830364574663,
2023-03-31,396.66063426002995,403.493284501415,391.71216913600796,401.6289329116031,
2023-04-03,400.6372565340436,400.6372565340436,395.778042284002,396.67055102380556,
2023-04-04,397.66222740136504,401.59918262027634,392.81292991509906,401.3115964707841,
2023-04-05,401.52976527384715,401.5694323289496,397.68206092891626,399.19932578658234,
2023-04-06,399.5563292825038,406.4881471616447,399.5464125187281,405.79397369735307,
2023-04-07,411.54569668719824,411.54569668719824,397.66222740136504,400.6372565340436,
2023-04-10,403.6023689029466,403.6023689029466,387.7454636257699,395.6887914100216,
2023-04-11,396.67055102380556,396.67055102380556,392.80301315132346,395.57970700849006,
2023-04-12,399.6356633927085,399.6455801564841,391.71216913600796,396.72013484268354,
2023-04-13,397.7713118028966,400.60750624271685,395.0541185283835,398.76298818045615,
2023-04-17,401.70826702180784,401.70826702180784,392.7038455135675,393.05093224571334,
2023-04-18,393.645938072249,396.5713833860496,389.2329781921092,389.2329781921092,
2023-04-19,389.6990660895622,394.6772815049109,389.61973197935737,391.71216913600796,
2023-04-20,391.7022523722324,398.6539037789246,389.72881638088893,397.76139503912106,
2023-04-26,399.6455801564841,403.61228566672213,391.71216913600796,391.71216913600796,
2023-04-27,394.68719826868653,400.627339770268,392.6939287497919,399.6455801564841,
2023-04-28,399.6455801564841,401.6289329116031,395.00453470950555,398.643987015149,
2023-05-02,412.5373730647578,427.66043782254036,412.5373730647578,427.66043782254036,
2023-05-03,441.34557183286165,459.731251872815,441.2959880139837,456.2703013151324,
2023-05-04,454.67370234726155,461.0204311636424,451.3218361911104,452.94818545030796,
2023-05-05,454.77286998501745,454.77286998501745,446.284120193108,451.44083735641755,
2023-05-08,451.5102547028467,454.1679473947062,442.2876643915432,442.3174146828699,
2023-05-09,443.2793407691027,449.62606958548355,436.58552522057596,438.8167970700849,
2023-05-10,438.32095888130516,450.0128233727318,428.50336274346597,440.3043116364242,
2023-05-11,445.26269352422173,455.1794572998169,440.65139836857,455.1794572998169,
2023-05-12,456.17113367737636,464.0747944065257,450.81608123855506,461.030347927418,
2023-05-15,462.12119194273345,464.1045446978525,457.1628100549359,463.98554353254536,
2023-05-16,468.8150074912602,470.40168969535546,463.112868320293,461.12951556517396,
2023-05-17,465.096221075412,465.98872981521555,457.2123938738139,462.31952721824536,
2023-05-18,463.112868320293,469.08276011320123,463.112868320293,465.5920592641918,
2023-05-19,465.096221075412,470.7884434826036,458.1544864324954,469.3802630264691,
2023-05-22,468.07125020809053,469.74718328616615,464.1045446978525,468.7654236723822,
2023-05-23,467.07957383053105,470.55044115198933,465.096221075412,465.64164308306977,
2023-05-24,467.07957383053105,469.0133427667721,463.60870650907276,464.60038288663225,
2023-05-25,467.02999001165307,478.28551689695354,466.0878974529715,477.48225903113035,
2023-05-26,480.9233760612618,509.4241551523223,477.00625436990174,508.71014816047943,
2023-05-29,508.7299816880306,519.8764241717996,506.25079074413185,508.16472615282163,
2023-05-30,511.70501082070916,536.496920259697,509.6224904278342,532.5500482770101,
2023-05-31,532.7781338438489,534.513567504578,508.7299816880306,511.70501082070916,
2023-06-01,510.7133344431496,520.1243432661895,506.75654569668717,511.70501082070916,
2023-06-02,512.686770434493,517.3278158814716,509.72165806559013,510.73316797070083,
2023-06-05,513.5891959380722,513.5891959380722,503.6724321624771,506.7267954053604,
2023-06-06,506.736712169136,515.6717163309472,505.86403695688364,511.19925586815384,
2023-06-07,510.69350091559846,512.3000166472449,508.7299816880306,509.22581987681036,
2023-06-08,510.7133344431496,513.6883635758281,501.7981638088896,502.29400199766934,
2023-06-09,503.76168303645744,506.7466289329116,497.82154153487596,506.7466289329116,
2023-06-12,505.6359513900449,534.1168969535541,502.77992342267356,527.5718328616614,
2023-06-13,524.4877193274513,527.5718328616614,505.81445313800566,506.3499583818878,
2023-06-14,509.6224904278342,514.3825370401199,505.06077909106045,507.4903862160812,
2023-06-15,506.7466289329116,515.6717163309472,497.72237389712,500.79657066755453,
2023-06-16,511.6752605293824,513.6883635758281,505.85412019310803,506.00287164974196,
2023-06-19,509.72165806559013,512.6966871982687,506.25079074413185,508.7299816880306,
2023-06-20,507.7383053104711,511.19925586815384,507.4903862160812,507.7383053104711,
2023-06-21,509.7117413018145,512.101681371733,507.7383053104711,507.7383053104711,
2023-06-22,510.70341767937407,511.69509405693356,505.4574496420842,508.8787331446645,
2023-06-23,510.5149991676377,510.7133344431496,505.4574496420842,509.72165806559013,
2023-06-26,510.7133344431496,526.9569935075745,510.7133344431496,523.4464591310139,
2023-06-27,519.6384218411853,522.3655318794739,514.6800399533877,517.1592308972865,
2023-07-03,556.5783669052771,556.5783669052771,545.9178458465124,556.5783669052771,
2023-07-04,556.2907807557849,557.3221241884468,541.0586315964708,541.9511403362743,
2023-07-05,545.4220076577326,548.3970367904112,532.530214749459,538.480273014816,
2023-07-06,537.4885966372565,555.3387714333278,537.4885966372565,555.3288546695521,
2023-07-07,555.2891876144498,555.8346096221076,548.992042616947,551.3720659230897,
2023-07-10,552.3637423006493,560.2773197935742,550.3704727817546,552.4629099384052,
2023-07-11,559.1071416680538,568.2305643416015,555.8346096221076,564.2638588313635,
2023-07-12,567.238887964042,576.154058598302,563.2721824538039,575.5689695355418,
2023-07-13,573.188946229399,584.0973863825536,568.2305643416015,576.6598135508573,
2023-07-14,576.1639753620775,583.1057100049942,570.323001498252,575.1722989845181,
2023-07-17,574.1806226069585,579.1390044947561,573.288113867155,575.271466622274,
2023-07-18,578.1274945896454,580.6761028799733,573.387281504911,576.2631429998336,
2023-07-19,577.5523222906609,577.5523222906609,574.1806226069585,577.155651739637,
2023-07-20,577.3539870151491,583.1057100049942,576.4713950391209,579.020003329449,
2023-07-21,579.6348426835359,580.1306808723156,576.2928932911603,579.1390044947561,
2023-07-24,580.1306808723156,580.6265190610953,573.188946229399,578.6431663059764,
2023-07-25,578.1572448809721,580.219931746296,576.2631429998336,579.1290877309805,
2023-07-26,578.1671616447478,581.1124404860996,578.1473281171966,579.8331779590478,
2023-07-27,577.155651739637,583.7998834692859,577.155651739637,583.1057100049942,
2023-07-31,579.1390044947561,589.1549359081072,579.1390044947561,584.5932245713334,
2023-08-01,594.5000715831529,596.9891792908273,587.0624987514566,587.0724155152323,
2023-08-02,586.0807391376727,589.9482770101548,580.636435824871,588.1632595305477,
2023-08-03,589.551606459131,597.9808556683869,588.0740086565673,593.0224737805893,
2023-08-04,595.0256600632595,603.9209971699684,595.0058265357084,598.099856833694,
2023-08-07,599.765873147994,604.4267521225237,595.0058265357084,601.064969202597,
2023-08-08,610.3768103878808,617.2193773930414,596.9891792908273,596.9990960546029,
2023-08-09,596.9891792908273,604.3275844847677,596.9891792908273,602.9293207924088,
2023-08-10,602.9392375561845,613.2427551190277,599.9642084235059,605.4184285000832,
2023-08-11,609.414884301648,615.8310304644581,606.1225187281506,610.8726485766606,
2023-08-15,611.8444914266689,621.2654170134842,607.6497003495921,615.8310304644581,
2023-08-16,616.8227068420176,625.1726219410687,614.8393540868987,622.276926918595,
2023-08-17,615.8806142833361,622.7727651073748,613.8575944731147,617.8342167471283,
2023-08-18,618.211053770601,621.761255202264,608.1455385383719,608.4033743965374,
2023-08-21,609.880972199101,611.8147411353422,600.2121275178957,600.4897969036124,
2023-08-22,602.8400699184284,603.7821624771101,596.4933411020476,597.9808556683869,
2023-08-23,597.6040186449143,600.9558848010654,594.0141501581488,596.0074196770435,
2023-08-24,597.9610221408357,599.3692025969701,595.0157432994839,597.8816880306309,
2023-08-25,598.9626152821708,598.9626152821708,593.1315581821209,595.7495838188779,
2023-08-28,587.2806675545197,594.8769086066256,583.1156267687697,583.6312984851007,
2023-08-29,586.5666605626768,586.5666605626768,578.0481604794406,580.1405976360912,
2023-08-30,583.0462094223407,583.0462094223407,574.1806226069585,576.1838088896287,
2023-08-31,576.1639753620775,576.1639753620775,546.4236007990677,551.3819826868653,
2023-09-01,550.3803895455302,553.3554186782087,540.979297486266,551.3720659230897,
2023-09-04,555.2396037955718,558.3138005660063,551.3720659230897,555.3387714333278,
2023-09-05,558.5518028966206,563.5696853670717,548.8928749791909,551.8679041118695,
2023-09-06,550.7572265690028,553.3554186782087,546.5227684368238,549.3887131679706,
2023-09-07,548.8928749791909,553.226500749126,532.530214749459,533.9185616780422,
2023-09-08,535.5052438821375,542.8436490760779,530.6460296320959,538.4703562510405,
2023-09-11,540.4636257699351,542.3874779424006,534.7317363076411,537.4885966372565,
2023-09-12,539.4719493923756,539.4719493923756,526.183485933078,526.0843182953221,
2023-09-13,527.5817496254369,543.329570501082,527.5817496254369,540.4636257699351,
2023-09-14,516.2171383386049,529.5551856167804,516.2171383386049,521.6217745963042,
2023-09-15,533.4227234892625,543.4386549026136,531.5385383718994,538.9265273847178,
2023-09-18,537.4885966372565,540.2652904944231,531.6377060096554,534.5234842683535,
2023-09-19,539.1645297153322,539.1645297153322,530.5468619943399,532.4905476943566,
2023-09-20,535.2474080239721,535.445743299484,530.5468619943399,531.5385383718994,
2023-09-21,533.2045546861993,554.3470950557682,530.5964458132179,553.7520892292325,
2023-09-22,557.3221241884468,557.3221241884468,544.6286665556851,545.4220076577326,
2023-09-25,544.4303312801732,553.3455019144332,541.4652189112702,550.3803895455302,
2023-09-26,551.7389861827868,556.5783669052771,547.4053604128517,554.3470950557682,
2023-09-27,557.2229565506908,560.2971533211254,549.4878808057267,555.5866905277177,
2023-09-28,560.158318628267,562.0821708007325,555.3387714333278,558.4129682037623,
2023-10-02,561.2888296986848,562.2606725486932,556.826285999667,561.7846678874646,
2023-10-03,560.3467371400033,565.2357016813718,559.4443116364241,564.2638588313635,
2023-10-04,561.2888296986848,566.6438821375062,560.5450724155152,565.2555352089229,
2023-10-05,566.2273780589312,581.0926069585483,566.2273780589312,577.155651739637,
2023-10-06,579.1290877309805,579.1290877309805,571.8005993008157,576.1639753620775,
2023-10-09,577.0564841018811,577.0564841018811,566.3463792242384,575.1722989845181,
2023-10-10,578.1473281171966,584.0973863825536,575.37063426003,577.254819377393,
2023-10-11,578.137411353421,578.1473281171966,573.188946229399,575.420218078908,
2023-10-12,576.1639753620775,585.3270650907275,575.7673048110538,580.6265190610953,
2023-10-13,580.2298485100716,589.0557682703512,578.405163975362,587.0724155152323,
2023-10-16,587.518669885134,591.2870401198602,580.3885167304811,580.3885167304811,
2023-10-17,582.8577909106043,590.0474446479108,580.1306808723156,587.1914166805393,
2023-10-18,585.0890627601132,592.9233061428333,585.0890627601132,591.0391210254703,
2023-10-19,594.0141501581488,594.8967421341767,580.1306808723156,593.716647244881,
2023-10-20,591.2870401198602,604.9027567837522,591.2870401198602,600.2220442816714,
2023-10-23,602.9293207924088,604.6746712169136,598.982448809722,602.9392375561845,
2023-10-24,599.4683702347262,604.8730064924256,596.1958381887798,604.8730064924256,
2023-10-25,601.9475611786249,609.980139836857,599.0716996837024,601.2038038954553,
2023-10-26,604.8234226735475,608.095954719494,601.9673947061762,604.9027567837522,
2023-10-27,603.9309139337439,608.7901281837856,601.9475611786249,606.9059430664225,
2023-10-30,611.3784035292159,630.2103379390711,611.3784035292159,627.2353088063925,
2023-10-31,629.4169968370235,630.8053437656068,616.8227068420176,629.7144997502913,
2023-11-01,630.7061761278509,633.7803728982853,621.7810887298152,632.6796121191943,
2023-11-02,633.1754503079741,654.9030797403029,633.1754503079741,652.5230564341601,
2023-11-03,656.4897619443982,670.0757283169636,655.4980855668387,659.9606292658565,
2023-11-06,664.4231729648743,691.6942733477609,659.9804627934077,689.2150824038622,
2023-11-07,691.1984351589812,715.2961711336773,691.1984351589812,712.023639087731,
2023-11-08,715.990344597969,723.9237556184452,707.0652571999334,713.0153154652904,
2023-11-10,709.0486099550524,720.839642084235,709.0486099550524,714.00699184285,
2023-11-13,718.8662060928916,736.319710337939,712.1624737805893,735.3280339603796,
2023-11-14,733.8405193940403,736.319710337939,721.4445646745463,723.9237556184452,
2023-11-15,726.8987847511237,728.8821375062427,712.023639087731,714.00699184285,
2023-11-16,717.973697353088,723.4180006658897,709.0486099550524,711.0319627101715,
2023-11-17,715.9705110704178,715.9705110704178,690.3753437656068,692.1901115365407,
2023-11-20,691.1984351589812,698.1401698018977,672.3565839853504,673.2490927251539,
2023-11-21,678.3066422507075,694.1734642916597,671.4640752455468,683.265024138505,
2023-11-22,689.2150824038622,714.9986682204095,674.3597702680206,711.0319627101715,
2023-11-23,712.4203096387547,725.9071083735641,712.4203096387547,721.7916514066922,
2023-11-24,722.039570501082,725.887274846013,710.0402863326119,712.5194772765108,
2023-11-27,709.1477775928084,728.8821375062427,709.1477775928084,725.4112701847844,
2023-11-28,724.9650158148826,767.5575162310637,724.9650158148826,765.5741634759447,
2023-11-29,763.5908107208256,788.3827201598135,739.800494423173,751.6906941901116,
2023-11-30,753.6740469452305,783.4243382720159,753.6740469452305,782.4326618944565,
2023-12-01,783.4243382720159,814.166305976361,771.5242217413017,814.166305976361,
2023-12-04,814.166305976361,823.0913933743965,793.3411020476111,808.2162477110038,
2023-12-05,808.2162477110038,808.2162477110038,790.7627434659563,797.3078075578492,
2023-12-06,798.2994839354087,808.2162477110038,798.1011486598967,801.3835974696187,
2023-12-07,806.2328949558848,810.1004328283668,784.5647661062094,795.3244548027301,
2023-12-08,793.3411020476111,793.4402696853671,785.407691027135,788.4818877975695,
2023-12-11,791.2585816547361,791.2585816547361,777.4742800066589,782.4326618944565,
2023-12-12,780.4493091393374,803.2578658232062,779.5568003995339,803.2578658232062,
2023-12-13,805.2412185783253,818.1032611952722,794.3327784251707,799.3903279507242,
2023-12-14,803.2578658232062,808.236081238555,790.3660729149326,806.3816464125186,
2023-12-15,798.3094006991843,816.1000749126019,796.4450491093723,803.753704011986,
2023-12-18,808.2162477110038,810.0905160645913,788.5314716164474,789.4041468286998,
2023-12-19,790.3660729149326,791.3676660562677,773.4976577326453,773.8149941734642,
2023-12-20,783.4144215082404,783.4144215082404,741.8235142333943,765.5741634759447,
2023-12-21,764.5824870983852,770.5325453637423,745.7406359247544,766.5658398535043,
2023-12-22,769.5408689861828,770.5325453637423,754.764890960546,758.6324288330281,
2023-12-26,757.6407524554686,777.4742800066589,723.9237556184452,733.8405193940403,
2023-12-27,731.8770001664724,757.6407524554686,725.4112701847844,756.6391593141335,
2023-12-28,756.6490760779091,791.238748127185,752.583202929915,776.4826036290993,
2023-12-29,778.4659563842184,785.308523389379,766.5757566172798,783.4243382720159,
2024-01-01,783.5334226735475,806.2328949558848,783.5334226735475,805.2412185783253,
2024-01-02,806.2229781921092,811.1615265523556,788.5116380888962,795.3244548027301,
2024-01-03,795.3244548027301,805.1123006492426,787.391043782254,794.3426951889462,
2024-01-04,799.7869985017479,800.2233361078742,781.9368237056767,786.3993674046945,
2024-01-05,790.3660729149326,793.3411020476111,779.9534709505576,784.4160146495755,
2024-01-08,779.4576327617779,787.391043782254,778.4461228566672,778.4659563842184,
2024-01-09,785.407691027135,789.3743965373731,775.4909272515398,775.7388463459297,
2024-01-10,783.226002996504,784.8821025470285,770.5325453637423,772.5654819377393,
2024-01-11,774.4992508739804,789.3743965373731,774.4992508739804,782.4326618944565,
2024-01-12,783.4243382720159,798.2003162976526,777.4742800066589,782.4326618944565,
2024-01-15,786.3993674046945,788.4918045613451,770.8300482770101,770.8300482770101,
2024-01-16,773.5075744964208,777.4742800066589,763.6007274846013,766.5658398535043,
2024-01-17,768.5491926086232,772.377063426003,753.6740469452305,761.5975412019311,
2024-01-18,762.9958048942899,762.9958048942899,738.7989012818379,745.0365456966872,
2024-01-19,750.699017812552,753.6740469452305,738.7989012818379,746.633144664558,
2024-01-22,750.6891010487764,750.6891010487764,739.2947394706176,746.732312302314,
2024-01-23,746.732312302314,746.732312302314,730.9150740802396,733.9991876144497,
2024-01-24,736.7163808889628,758.4836773763942,733.8603529215915,743.767199933411,
2024-01-25,745.9389712002663,755.6375661727984,740.7822540369568,743.7572831696355,
2024-01-26,745.8398035625104,754.5566389212585,734.8321957715998,737.8072249042783,
2024-01-29,737.5989728649907,741.7739304145164,732.91826036291,734.7330281338438,
2024-01-30,738.7790677542866,738.7989012818379,724.0229232562011,726.8987847511237,
2024-01-31,727.8904611286832,760.6157815881471,719.9570501082071,730.8159064424838,
2024-02-01,734.8321957715998,740.4550008323622,711.0319627101715,718.9752904944231,
2024-02-02,727.8904611286832,739.7905776593974,716.9820209755285,734.8123622440486,
2024-02-06,736.9147161644748,744.7489595471949,735.3280339603796,744.7489595471949,
2024-02-07,748.6561644747794,751.6906941901116,743.7572831696355,751.6708606625604,
2024-02-09,739.8897452971534,747.7239886798735,714.00699184285,743.7473664058598,
2024-02-12,738.7989012818379,740.2764990844015,704.4373147994007,717.973697353088,
2024-02-13,704.5860662560347,721.8412352255701,692.1901115365407,719.9471333444314,
2024-02-14,722.9320792408856,735.8040386216081,721.6032328949558,727.8607108373565,
2024-02-15,731.8571666389213,732.719925087398,714.0169086066256,715.1474196770434,
2024-02-16,718.9653737306476,718.9653737306476,694.2032145829864,697.0989096054603,
2024-02-19,698.1401698018977,712.023639087731,688.0250707507906,706.5694190111536,
2024-02-20,707.0652571999334,710.9823788912935,691.2083519227567,692.1901115365407,
2024-02-21,699.1417629432328,721.9404028633261,699.1417629432328,721.9404028633261,
2024-02-22,723.9237556184452,723.9237556184452,708.0569335774929,709.0486099550524,
2024-02-23,714.00699184285,734.8321957715998,704.0902280672549,734.8321957715998,
2024-02-26,722.9320792408856,753.6740469452305,722.9320792408856,729.6556450807391,
2024-02-27,726.8987847511237,737.3113867154985,723.9237556184452,729.8738138838022,
2024-02-28,726.8987847511237,763.4618927917429,726.8987847511237,755.8557349758615,
2024-02-29,748.715665057433,773.5075744964208,742.7656067920759,742.9143582487098,
2024-03-01,748.715665057433,751.6906941901116,737.8270584318295,745.7406359247544,
2024-03-04,749.7073414349925,758.6225120692525,742.4879374063593,757.5713351090394,
2024-03-05,761.6074579657067,765.5741634759447,749.7271749625437,757.6407524554686,
2024-03-06,758.6324288330281,761.6074579657067,750.7585183952056,752.682370567671,
2024-03-07,758.513427667721,758.513427667721,741.7937639420676,744.8481271849508,
2024-03-08,746.6232279007824,762.5991343432662,745.7406359247544,753.4261278508407,
2024-03-11,757.6407524554686,767.5575162310637,749.717258198768,755.8061511569834,
2024-03-12,762.5892175794905,762.5892175794905,748.715665057433,749.7370917263192,
2024-03-13,757.630835691693,757.630835691693,746.732312302314,749.7073414349925,
2024-03-14,704.6158165473614,762.5991343432662,704.6158165473614,761.3099550524388,
2024-03-15,762.5991343432662,773.3588230397869,754.6756400865656,767.2302630264691,
2024-03-18,768.2913567504578,772.4068137173298,751.5518594972532,753.8723822207425,
2024-03-19,762.480133177959,762.480133177959,752.7517879141003,754.6657233227901,
2024-03-20,762.5991343432662,763.362725153987,751.5518594972532,753.6839637090061,
2024-03-21,760.6157815881471,760.8042000998835,738.818734809389,743.7473664058598,
2024-03-22,750.5998501747961,755.647482936574,738.8385683369402,738.8385683369402,
2024-03-25,746.7223955385383,746.7223955385383,729.0308889628766,738.7790677542866,
2024-03-26,743.1622773430997,747.7239886798735,736.8155485267188,744.2630381221908,
2024-03-27,745.7902197436324,756.6490760779091,745.7902197436324,755.1615615115699,
2024-03-28,754.6657233227901,765.6733311137007,754.6657233227901,763.5908107208256,
2024-03-29,763.5908107208256,772.4960645913102,753.6839637090061,758.6324288330281,
2024-04-01,749.8065090727484,765.5741634759447,747.049648743133,749.7073414349925,
2024-04-02,753.664130181455,758.3349259197603,745.2646312635259,754.6657233227901,
2024-04-03,755.6573997003496,793.2915182287331,750.7089345763276,792.3494256700516,
2024-04-04,794.6302813384384,798.289567171633,779.9534709505576,784.4160146495755,
2024-04-08,785.407691027135,794.3327784251707,776.5222706842017,793.0435991343433,
2024-04-09,793.3411020476111,804.2495422007657,787.7282137506243,791.3676660562677,
2024-04-15,782.9780839021141,797.3078075578492,782.2839104378226,791.3775828200432,
2024-04-16,793.3411020476111,805.2412185783253,788.8785583485933,793.3411020476111,
2024-04-17,793.3708523389379,802.2661894456468,790.6635758282004,794.3327784251707,
2024-04-18,799.0630747461295,799.0630747461295,779.6063842184118,785.407691027135,
2024-04-19,790.3660729149326,790.3660729149326,780.4493091393374,780.4493091393374,
2024-04-22,781.9368237056767,807.2245713334443,781.9368237056767,800.2828366905277,
2024-04-23,799.2911603129681,827.9506076244381,799.2911603129681,819.6205260529382,
2024-04-24,818.133011486599,867.7168303645747,818.133011486599,854.825037456301,
2024-04-25,835.9831862826702,866.6954036956884,835.9831862826702,839.9003079740303,
2024-04-26,840.4358132179124,858.791742966539,833.9998335275511,852.841684701182,
2024-04-29,860.2792575328783,863.4526219410687,834.9915099051107,840.9415681704678,
2024-04-30,832.998240386216,850.8583319460629,827.5539370734143,829.0414516397536,
2024-05-02,831.1239720326286,847.8833028133844,825.1243299483934,825.1243299483934,
2024-05-03,832.7999051107041,844.9082736807059,830.0430447810887,838.9582154153487,
2024-05-06,847.8833028133844,857.7008989512235,842.9249209255868,850.9574995838188,
2024-05-07,852.841684701182,862.7584484767771,842.9249209255868,842.9249209255868,
2024-05-08,850.8484151822873,851.6417562843349,833.2164091892791,839.8408073913766,
2024-05-09,840.9415681704678,840.9415681704678,823.3888962876644,833.0180739137672,
2024-05-10,836.9748626602297,866.7251539870151,833.9998335275511,854.8746212751789,
2024-05-13,856.80839021142,879.6169468952888,852.841684701182,858.0479856833693,
2024-05-14,862.7584484767771,874.6585650074912,861.7667720992175,872.6752122523723,
2024-05-15,872.6752122523723,905.4005327118361,872.6752122523723,886.5586815382054,
2024-05-16,886.5388480106542,894.4920925586815,879.6268636590644,887.5404411519893,
2024-05-17,886.5586815382054,895.4837689362411,873.7660562676876,876.6419177626103,
2024-05-20,882.4928083902114,891.517063426003,863.3534543033128,873.7759730314633,
2024-05-21,876.7212518728151,881.4812984851006,867.7168303645747,873.6668886299317,
2024-05-22,858.5438238721491,877.5344265024138,858.5438238721491,869.7001831196936,
2024-05-23,869.6902663559181,872.655378724821,862.808032295655,863.7501248543366,
2024-05-24,865.7334776094556,893.500416181122,864.5335491926086,882.5919760279673,
2024-05-27,884.3769935075744,890.5253870484435,879.6169468952888,881.6002996504078,
2024-05-29,882.5919760279673,885.5670051606459,873.8255568503412,876.6716680539371,
2024-05-30,885.5670051606459,899.9463126352589,873.7263892125852,891.2195605127351,
2024-05-31,890.4956367571167,895.285433660729,884.5753287830864,890.0295488596637,
2024-06-03,894.482175794906,901.4338272015981,877.6335941401697,893.500416181122,
2024-06-04,894.4920925586815,911.3505909771933,887.5900249708673,897.9728766439154,
2024-06-05,905.281531546529,909.3672382220742,897.46712169136,901.4338272015981,
2024-06-06,902.2172515398701,915.2974629598801,899.4504744464791,907.4830531047112,
2024-06-07,907.3739687031796,910.1109955052439,885.5670051606459,908.3953953720659,
2024-06-10,913.3339437323123,913.3438604960878,891.517063426003,893.500416181122,
2024-06-11,902.3957532878309,906.3922090893957,882.5919760279673,890.4262194106875,
2024-06-12,894.482175794906,899.3513068087232,880.6086232728484,885.5670051606459,
2024-06-13,892.2112368902947,953.9827584484767,884.6149958381887,952.0093224571333,
2024-06-14,966.884468120526,966.884468120526,933.1674712835026,942.0925586815382,
2024-06-20,942.2413101381721,957.9593807224904,942.0925586815382,942.2908939570501,
2024-06-21,949.9565523555851,949.9664691193608,907.3343016480773,910.3589145996337,
2024-06-24,897.9728766439154,909.7738255368736,889.5337106708839,889.5337106708839,
2024-06-25,892.5087398035624,905.7872864990844,882.5820592641918,897.3679540536041,
2024-06-26,896.8721158648243,905.846787081738,892.5087398035624,893.500416181122,
2024-06-27,895.4738521724654,906.8880472781755,892.5087398035624,895.4837689362411,
2024-06-28,902.4255035791576,903.8138505077409,887.5602746795405,895.6126868653238,
2024-07-01,898.4587980689196,904.4088563342766,887.550357915765,891.517063426003,
2024-07-02,892.5087398035624,902.3065024138505,892.5087398035624,893.500416181122,
2024-07-03,901.2751589811886,909.3672382220742,892.617824205094,907.3838854669552,
2024-07-04,905.3906159480606,931.1841185283836,904.4088563342766,916.3089728649908,
2024-07-05,923.2507075079075,923.2507075079075,904.4088563342766,914.3157033460963,
2024-07-08,908.3755618445147,930.1825253870485,908.3755618445147,923.2507075079075,
2024-07-09,927.2074962543699,930.9361994339937,912.3422673547527,917.3006492425503,
2024-07-10,913.1356084568004,922.1301132012652,900.6404860995506,903.4171799567172,
2024-07-11,910.7555851506576,910.7555851506576,897.9927101714666,898.4587980689196,
2024-07-12,894.3135908107208,902.3263359414017,882.701060429499,893.5995838188779,
2024-07-15,904.1113534210089,922.2590311303479,900.4421508240385,922.2590311303479,
2024-07-18,917.3006492425503,922.2590311303479,912.4711852838356,921.2673547527884,
2024-07-19,921.2673547527884,929.2007657732645,912.3422673547527,912.3422673547527,
2024-07-22,913.3339437323123,919.9781754619611,892.4095721658065,897.46712169136,
2024-07-23,906.8880472781755,908.3160612618613,888.5519510571,892.7070750790745,
2024-07-24,901.4239104378225,907.2648843016481,893.500416181122,905.2517812552022,
2024-07-25,894.4920925586815,906.3922090893957,892.4591559846846,896.4754453138005,
2024-07-26,896.4754453138005,902.3263359414017,883.6828200432828,894.2937572831696,
2024-07-29,888.5420342933244,906.3922090893957,888.5420342933244,892.6079074413185,
2024-07-30,899.4504744464791,902.2172515398701,886.6280988846346,887.550357915765,
2024-07-31,895.4738521724654,895.4738521724654,854.9242050940569,864.7418012318961,
2024-08-01,882.3638904611287,882.3638904611287,845.1661095388713,872.6752122523723,
2024-08-02,872.6752122523723,882.5919760279673,864.7616347594472,877.6335941401697,
2024-08-05,892.4889062760113,892.5087398035624,854.0316963542534,865.7334776094556,
2024-08-06,860.7750957216581,871.6835358748127,844.194266688863,848.8749791909439,
2024-08-07,840.9415681704678,856.80839021142,840.9415681704678,852.792100882304,
2024-08-08,854.825037456301,864.7418012318961,854.825037456301,864.5137156650574,
2024-08-09,872.6752122523723,878.1294323289495,862.7584484767771,872.6752122523723,
2024-08-12,872.6950457799234,882.5919760279673,850.8682487098384,850.8682487098384,
2024-08-13,853.8333610787414,863.7501248543366,844.1149325786582,862.6592808390211,
2024-08-15,847.9031363409356,865.4161411686365,837.0740302979857,839.0177159980022,
2024-08-16,842.9249209255868,868.5994223406026,842.9249209255868,856.3125520226403,
2024-08-19,857.8000665889795,862.6493640752456,843.5199267521225,845.8999500582653,
2024-08-20,848.428724821042,848.8749791909439,832.0263975362077,842.9249209255868,
2024-08-21,844.9082736807059,847.6849675378725,838.1648743133012,842.9249209255868,
2024-08-22,849.8369052771766,857.7901498252039,842.9348376893623,854.825037456301,
2024-08-23,848.8749791909439,856.80839021142,839.9498917929083,845.8999500582653,
2024-08-26,842.9249209255868,849.8666555685033,831.0545546861994,835.9831862826702,
2024-08-27,840.9316514066921,840.9316514066921,826.066422507075,827.0580988846345,
2024-08-28,823.0913933743965,827.8514399866822,820.116364241718,824.083069751956,
2024-08-29,823.0913933743965,829.5868736474113,822.0997169968371,822.5955551856167,
2024-08-30,823.0913933743965,828.0497752621941,821.6137955718328,824.083069751956,
2024-09-02,832.998240386216,832.998240386216,819.6701098718162,820.116364241718,
2024-09-03,823.0913933743965,823.0913933743965,814.1762227401365,818.9263525886465,
2024-09-04,828.0299417346429,837.9467055102381,818.232179124355,837.9467055102381,
2024-09-05,837.9665390377892,837.9665390377892,825.7689195938073,836.9748626602297,
2024-09-06,837.8872049275844,841.9332445480272,832.0263975362077,841.4374063592476,
2024-09-09,840.9415681704678,852.841684701182,834.0395005826535,847.6849675378725,
2024-09-10,838.4127934076911,881.5903828866323,838.4127934076911,872.3777093391044,
2024-09-11,877.8319294156818,880.6086232728484,863.7699583818877,870.6918594972532,
2024-09-12,857.542230730814,874.1428932911604,842.9249209255868,845.909866822041,
2024-09-13,860.6560945563509,864.7418012318961,842.9844215082403,842.9844215082403,
2024-09-16,848.6667271516563,848.8749791909439,834.148584984185,841.9332445480272,
2024-09-18,839.9498917929083,852.8615182287331,839.9498917929083,847.8833028133844,
2024-09-19,849.8567388047278,876.4435824870983,847.8833028133844,862.7584484767771,
2024-09-20,872.1694572998168,892.7070750790745,853.5358581654737,884.5753287830864,
2024-09-23,879.6169468952888,887.550357915765,873.1710504411519,886.5388480106542,
2024-09-24,886.5487647744299,886.5487647744299,867.7168303645747,877.6335941401697,
2024-09-25,891.467479607125,891.517063426003,869.5910987181621,887.570191443316,
2024-09-26,892.5087398035624,895.3746845347094,877.7327617779257,884.5753287830864,
2024-09-27,882.5919760279673,892.0129016147828,875.8089096054603,888.5420342933244,
2024-09-30,892.4095721658065,892.4095721658065,872.6752122523723,875.6502413850508,
2024-10-01,878.6252705177293,892.5087398035624,876.6419177626103,880.8565423672381,
2024-10-02,891.4476460795738,891.4476460795738,863.8592092558681,885.5670051606459,
2024-10-03,890.9914749458965,898.4587980689196,882.5919760279673,896.2771100382886,
2024-10-04,898.3001298485101,936.1425004161811,892.5087398035624,922.1499467288163,
2024-10-07,925.2340602630264,933.1674712835026,914.4347045114033,917.3006492425503,
2024-10-08,918.2923256201099,927.2174130181455,888.5420342933244,895.4837689362411,
2024-10-09,904.1113534210089,907.3838854669552,877.13775595139,885.5670051606459,
2024-10-10,881.6002996504078,881.7093840519394,863.7501248543366,864.7418012318961,
2024-10-11,869.3927634426502,869.4026802064259,820.116364241718,837.9665390377892,
2024-10-14,838.9482986515732,843.4207591143665,823.7359830198102,835.9831862826702,
2024-10-15,837.9764558015648,844.7694389878475,828.6447810887298,837.9665390377892,
2024-10-16,839.9498917929083,846.8519593807225,832.214816047944,835.9831862826702,
2024-10-17,837.9665390377892,847.8833028133844,831.0248043948726,833.9998335275511,
2024-10-18,837.8673714000332,839.9399750291327,826.066422507075,830.3207141668054,
2024-10-21,835.6856833694023,839.8011403362743,831.1239720326286,835.4873480938904,
2024-10-22,839.9498917929083,865.7334776094556,833.0081571499917,860.7750957216581,
2024-10-23,864.7318844681205,872.6752122523723,843.9165973031463,860.2594240053271,
2024-10-24,856.4513867154985,884.5753287830864,856.4117196603962,882.5919760279673,
2024-10-25,899.4405576827035,913.2347760945563,889.5337106708839,902.4255035791576,
2024-10-28,907.3838854669552,937.1242600299651,894.4920925586815,904.4088563342766,
2024-10-29,902.4255035791576,932.175794905943,902.4255035791576,910.4084984185117,
2024-10-30,913.3339437323123,921.1681871150324,882.6018927917429,891.6658148826369,
2024-10-31,897.1696187780923,900.4421508240385,870.6918594972532,875.6502413850508,
2024-11-01,879.6070301315132,931.1444514732812,871.6835358748127,927.2174130181455,
2024-11-04,914.3256201098718,962.8681787914101,914.3256201098718,961.8269185949725,
2024-11-05,965.7936241052106,984.7346429165973,954.9843515898118,981.7596137839188,
2024-11-06,988.6517646079574,1009.5265523555852,977.7929082736807,1001.5931413351091,
2024-11-07,1011.5099051107042,1021.4266688862992,996.6347594473115,1005.5598468453471,
2024-11-08,1011.4999883469286,1011.4999883469286,991.6763775595139,995.593499250874,
2024-11-11,1001.5633910437823,1007.5431996004661,977.7929082736807,983.7429665390378,
2024-11-12,987.7096720492758,996.6149259197603,979.7762610287997,981.7596137839188,
2024-11-13,985.1015631762943,1014.4849342433827,980.7679374063592,1013.4932578658232,
2024-11-14,1021.4266688862992,1038.285167304811,1011.7280739137673,1036.301814549692,
2024-11-15,1036.2918977859165,1039.266926918595,1018.4516397536207,1034.9233843848842,
2024-11-18,1036.301814549692,1051.1769602130846,1028.8642417179956,1048.2019310804062,
2024-11-19,1001.7518095555185,1050.4728699850175,1001.7518095555185,1039.2768436823706,
2024-11-20,1032.335109039454,1046.2185783252871,1013.5130913933743,1015.4766106209422,
2024-11-21,1001.791476610621,1035.0622190777426,1001.791476610621,1030.351756284335,
2024-11-22,1031.2145147328115,1041.4188646578991,1016.4682869985018,1017.4599633760612,
2024-11-25,1018.4516397536207,1031.3235991343433,981.7596137839188,982.7612069252539,
2024-11-26,990.4566156151157,990.4566156151157,917.3006492425503,942.0925586815382,
2024-11-27,952.0093224571333,1031.3434326618944,951.9101548193773,989.6930248043949,
2024-11-28,989.6930248043949,1021.4266688862992,986.7179956717163,1011.5297386382554,
2024-11-29,1010.5182287331446,1022.8150158148827,1005.5598468453471,1013.4932578658232,
2024-12-02,1016.4682869985018,1045.2269019477276,1011.0636507408024,1031.3335158981188,
2024-12-03,1032.4640269685367,1053.061145330448,1031.3434326618944,1047.2102547028467,
2024-12-04,1049.382025969702,1063.077076743799,1036.301814549692,1059.1103712335607,
2024-12-05,1058.1385283835525,1111.6692192442151,1042.7080439487265,1108.6941901115365,
2024-12-06,1110.687459630431,1131.5027467954053,1090.8440153154652,1100.7607790910604,
2024-12-09,1110.786627268187,1208.8237539537206,1093.8190444481438,1167.203096387548,
2024-12-10,1185.0433544198436,1273.153800566006,1147.3695688363575,1191.0132462127517,
2024-12-11,1199.9284168470117,1244.55385383719,1194.9700349592142,1211.828533377726,
2024-12-12,1218.7702680206426,1249.5122357249875,1193.9783585816547,1229.6787081737973,
2024-12-13,1214.8035625104044,1260.4206758781422,1204.9363825536873,1259.4289995005827,
2024-12-16,1249.5122357249875,1259.4289995005827,1209.8550973863826,1222.7369735308805,
2024-12-17,1214.8035625104044,1239.5756384218412,1165.2197436324288,1173.153154652905,
2024-12-18,1181.086565673381,1188.0283003162976,1103.4085550191444,1128.527717662727,
2024-12-19,1115.635924754453,1167.203096387548,1041.2601964374896,1075.9688696520725,
2024-12-20,1074.977193274513,1111.6593024804395,1064.0687531213584,1100.7607790910604,
2024-12-23,1115.635924754453,1125.5328550024972,1042.2518728150492,1124.5610121524887,
2024-12-24,1122.5776593973696,1142.41118694856,1100.7607790910604,1106.7108373564174,
2024-12-26,1106.8100049941734,1110.6775428666556,1051.1769602130846,1056.1353421008823,
2024-12-27,1061.0937239886798,1078.9438987847511,1057.1270184784419,1057.1270184784419,
2024-12-30,1071.010487764275,1101.2566172798402,1046.2185783252871,1090.8440153154652,
2024-12-31,1105.7191609788579,1130.5110704178458,1082.1668470118195,1085.8856334276677,
2025-01-01,1105.570409522224,1181.2353171300151,1089.8523389379056,1175.9794323289495,
2025-01-02,1190.0116530714167,1219.761944398202,1145.3862160812384,1187.23495921425,
2025-01-03,1208.8535042450474,1208.8535042450474,1091.8456084568004,1136.461128683203,
2025-01-06,1149.2537539537207,1156.274822706842,1115.635924754453,1141.4195105710005,
2025-01-07,1141.4195105710005,1146.2787248210423,1088.8606625603463,1141.3699267521226,
2025-01-08,1140.4377509572166,1162.2447144997502,1120.5943066422508,1125.096517396371,
2025-01-09,1127.5360412851674,1137.4528050607623,1082.8511037123355,1093.0852039287497,
2025-01-10,1090.8440153154652,1115.3384218411852,1069.6221408356917,1085.6277975695023,
2025-01-13,1086.907060096554,1110.6775428666556,1086.907060096554,1094.8107208257034,
2025-01-14,1105.2233227900783,1114.6442483768935,1085.0030414516395,1107.2265090727485,
2025-01-15,1095.9015648410186,1119.6026302646912,1089.8523389379056,1101.3954519726985,
2025-01-16,1101.75245546862,1101.75245546862,1081.9387614449809,1090.0010903945397,
2025-01-17,1088.8606625603463,1125.5427717662726,1081.323922090894,1118.9084568003996,
2025-01-20,1135.4694523056435,1135.4694523056435,1120.5943066422508,1123.529668719827,
2025-01-21,1122.5776593973696,1129.5193940402862,1088.8606625603463,1092.3116963542534,
2025-01-22,1100.7607790910604,1109.685866489096,1078.8149808556682,1088.305323788913,
2025-01-23,1100.7508623272847,1104.717567837523,1089.6044198435159,1097.6171649741966,
2025-01-24,1100.7607790910604,1120.5943066422508,1096.3974030297984,1099.917854170135,
2025-01-27,1100.7607790910604,1109.685866489096,1081.9189279174295,1089.5151689695356,
2025-01-28,1097.7857499583818,1109.6759497253204,1068.0354586315964,1075.7903679041117,
2025-01-29,1076.960546029632,1085.8856334276677,1064.1679207591142,1067.192533710671,
2025-01-30,1061.0937239886798,1109.685866489096,1061.0937239886798,1104.4498152155818,
2025-01-31,1140.427834193441,1199.948250374563,1130.5110704178458,1171.0111336773764,
2025-02-03,1174.1448310304645,1229.6787081737973,1168.4030248043948,1189.4860645913102,
2025-02-04,1199.9284168470117,1207.8519111037124,1175.136507408024,1185.7970284667888,
2025-02-06,1185.053271183619,1190.0116530714167,1165.2197436324288,1184.5971000499417,
2025-02-07,1178.2107041784584,1204.8867987348094,1178.2107041784584,1199.2739104378225,
2025-02-10,1200.9200932245712,1204.8867987348094,1180.2932245713334,1199.0359081072081,
2025-02-11,1204.1727917429664,1217.778591643083,1199.9284168470117,1208.4469169302479,
2025-02-12,1208.4469169302479,1209.845180622607,1196.8542200765773,1198.0343149658731,
2025-02-13,1204.8867987348094,1239.5954719493923,1200.9200932245712,1231.8108123855502,
2025-02-14,1354.9968520059929,1354.9968520059929,1333.804727817546,1354.9968520059929,
2025-02-17,1355.6216081238554,1429.0056600632595,1348.6798734809388,1392.6111370068254,
2025-02-18,1398.2636923589146,1478.5894789412353,1369.5249109372398,1447.5004245047446,
2025-02-19,1455.6817546196105,1461.7309805227235,1380.4135175628433,1390.4988663226236,
2025-02-20,1388.3469285833194,1437.9307474612951,1368.5134010321292,1384.3008889628768,
2025-02-21,1522.7289945064092,1522.7289945064092,1393.305310471117,1410.6794806059597,
2025-02-24,1389.338604960879,1459.7377110038287,1359.6874812718495,1437.3059913434324,
2025-02-25,1447.8475112368903,1467.6810387880805,1428.0139836857,1444.158475112369,
2025-02-26,1445.8641584817713,1463.6944997502912,1437.9307474612951,1447.7780938904612,
2025-02-27,1454.789245879807,1457.655190610954,1421.0722490427834,1424.9695372065923,
2025-02-28,1432.8731979357417,1432.8731979357417,1394.3961544864324,1412.3058298651574,
2025-03-03,1403.469993341102,1422.063925420343,1397.272015981355,1400.9610521058764,
2025-03-04,1401.2486382553686,1427.9148160479442,1401.2486382553686,1416.867541201931,
2025-03-05,1421.0722490427834,1447.8475112368903,1417.1055435325454,1422.3713450973862,
2025-03-06,1425.1381221907773,1437.9307474612951,1420.8243299483936,1422.9861844514733,
2025-03-07,1428.0040669219245,1445.7451573164642,1422.063925420343,1436.8894872648577,
2025-03-10,1437.9307474612951,1450.8225403695687,1428.0139836857,1436.4333161311802,
2025-03-11,1435.947394706176,1437.9307474612951,1420.0805726652238,1426.3182170800733,
2025-03-12,1429.997336440819,1431.980689195938,1416.1138671549859,1418.9897286499086,
2025-03-13,1422.063925420343,1471.6477442983187,1422.063925420343,1459.0832045946395,
2025-03-14,1477.5978025636757,1477.5978025636757,1443.4841351756284,1451.9233011486597,
2025-03-17,1457.7543582487099,1486.5228899617114,1452.8058931246878,1480.5629149325787,
2025-03-18,1487.514566339271,1512.3064757782586,1480.1265773264524,1504.1747294822705,
2025-03-19,1502.3897120026636,1532.140003329449,1477.5978025636757,1521.846402530381,
2025-03-20,1535.105115698352,1556.9319127684369,1527.3799567171634,1536.5926302646913,
2025-03-21,1538.189229232562,1547.0151489928417,1507.397677709339,1515.0732528716496,
2025-03-24,1525.1982686865324,1529.1649741967703,1476.6061261861162,1483.9941151989347,
2025-03-25,1483.5478608290327,1494.7042200765773,1460.739304145164,1485.4022956550689,
2025-03-26,1497.431330114866,1502.3897120026636,1467.6810387880805,1478.8671483269518,
2025-03-27,1473.6410138172132,1505.364741135342,1467.8793740635924,1484.1428666555685,
2025-04-03,1477.5978025636757,1517.155773264525,1473.6410138172132,1503.6392242383886,
2025-04-04,1502.3897120026636,1517.2152738471782,1484.5395372065923,1488.9128300316297,
2025-04-07,1477.5978025636757,1487.514566339271,1400.2470451140337,1463.773833860496,
2025-04-08,1487.5244831030464,1608.3007491260196,1481.5645080739137,1561.0473697353088,
2025-04-09,1566.8486765440318,1566.8486765440318,1528.1732978192108,1547.98699184285,
2025-04-10,1589.6572332279006,1612.4657899117697,1566.8585933078075,1588.496971866156,
2025-04-11,1576.765440319627,1600.5656733810554,1564.865323788913,1589.6076494090228,
2025-04-14,320.41063758947894,336.97163309472285,318.3479507241551,335.10728150491093,
2025-04-15,337.1699683702347,346.4917263192941,332.21158648243716,340.39291659730316,
2025-04-16,341.13667388047276,351.2517729315798,339.1533211253537,342.23743465956386,
2025-04-17,343.5166971866156,349.0502513733977,342.52502080905606,344.76620942234064,
2025-04-18,346.84872981521556,356.21015481937735,344.70670883968705,347.37431829532215,
2025-04-28,361.9618778092226,380.0599716996837,352.17403196271016,355.89281837855833,
2025-04-29,355.02014316630596,360.9503679041119,332.21158648243716,346.2537239886799,
2025-04-30,337.1699683702347,341.07717329781923,322.294822706842,324.5657616114533,
2025-05-02,333.30243049775265,339.1533211253537,330.2282337273181,333.9966039620443,
2025-05-05,334.1949392375562,337.1699683702347,325.2698518395205,332.22150324621276,
2025-05-06,336.4857116697187,336.4857116697187,317.33644081904447,320.61888962876645,
2025-05-07,297.51283003162973,315.78942567005157,293.5362077576161,302.381961045447,
2025-05-08,303.56205593474283,315.3035042450474,272.1457482936574,285.28546029632093,
2025-05-09,292.5445313800566,306.4280006658898,277.81813717329777,304.51406525719995,
2025-05-12,334.96844681205255,334.96844681205255,334.96844681205255,334.96844681205255,
2025-05-13,348.0784085233894,352.03519726985184,334.9882803396038,348.2668270351257,
2025-05-14,361.91229399034455,361.91229399034455,340.14499750291327,348.17757616114534,
2025-05-15,348.17757616114534,351.0534376560679,340.14499750291327,344.5976244381555,
2025-05-16,346.09505576827036,346.09505576827036,338.657482936574,339.5202413850508,
2025-05-19,342.1283502580323,344.1117030131513,332.3107541201931,335.3353670717496,
2025-05-20,336.1782919926752,343.1200266355918,330.0497319793574,334.36352422174133,
2025-05-21,334.1850224737806,335.275866489096,330.82323955385385,332.59834026968537,
2025-05-22,332.7173414349925,334.075938072249,320.8271416680539,322.2849059430664,
2025-05-23,324.2385084068586,327.7391260196438,317.38602463792245,322.1163209588813,
2025-05-26,318.33803396037956,325.09135009155983,318.33803396037956,320.1924687864158,
2025-05-27,322.3047394706176,327.0449525553521,316.8406026302647,321.5312318961212,
2025-05-29,323.2567487930748,337.07080073247874,322.0469036124521,330.60507075079073,
2025-05-30,332.64792408856334,335.18661561511567,330.7240719160979,332.82642583652404,
2025-06-02,333.2528466788747,337.0212169136008,327.25320459463956,329.0084717829199,
2025-06-03,332.21158648243716,340.64083569169304,331.2199101048776,336.43612785084065,
2025-06-04,340.14499750291327,345.2025470284668,338.657482936574,342.73327284834363,
2025-06-05,342.73327284834363,344.6075412019311,337.78480772432164,339.2128217080073,
2025-06-10,340.14499750291327,340.1549142666888,332.0628350258032,332.6875911436657,
2025-06-11,342.1283502580323,351.0534376560679,337.27905277176626,349.19900283003165,
2025-06-12,352.04511403362744,370.8869652072582,349.0800016647245,353.0367904111869,
2025-06-13,345.1033793907108,348.0784085233894,338.657482936574,342.8423572498752,
2025-06-16,342.8423572498752,349.0601681371733,337.13030131513233,338.0128932911603,
2025-06-17,338.1715615115698,341.13667388047276,331.2199101048776,332.4396720492758,
2025-06-18,333.20326285999664,333.6991010487764,325.9640253038122,328.77046945230563,
2025-06-19,328.74071916097887,334.2048560013318,322.294822706842,325.7161062094223,
2025-06-20,325.1508506742134,330.1290660895622,323.2864990844015,327.1837872482104,
2025-06-23,317.5347760945563,324.1690910604295,312.37805893124687,314.02424171799566,
2025-06-24,332.7074246712169,345.05379557183284,328.35396537373066,343.5365307141668,
2025-06-25,345.1033793907108,346.5908939570501,342.1283502580323,344.8455435325454,
2025-06-26,344.8554602963209,348.0784085233894,337.5567221574829,338.4393141335109,
2025-06-27,339.74832695188945,361.9618778092226,338.4393141335109,352.92770600965537,
2025-06-30,354.1276344265024,356.0118195438655,350.07167804228396,352.2831163642417,
2025-07-01,354.02846678874647,354.02846678874647,345.08354586315966,346.84872981521556,
2025-07-02,347.08673214582984,350.95427001831195,345.1033793907108,345.89672049275845,
2025-07-03,347.0569818545031,352.54095222240716,345.17279673714,346.74956217745967,
2025-07-04,350.0518445147328,351.54927584484767,347.08673214582984,350.14109538871315,
2025-07-07,352.03519726985184,355.02014316630596,349.07008490094887,353.62187947394705,
2025-07-08,355.02014316630596,356.636575661728,349.13950224737806,352.0748643249542,
2025-07-09,353.5227118361911,354.02846678874647,347.3346512402197,349.4865889795239,
2025-07-10,351.0534376560679,351.3013567504578,347.08673214582984,350.438598301981,
2025-07-11,351.4897752621941,356.90432828366903,348.57424671216916,349.0502513733977,
2025-07-14,350.0617612785084,352.8384551356751,347.8304894289995,350.2501797902447,
2025-07-15,351.0534376560679,353.0367904111869,346.09505576827036,346.9578142167471,
2025-07-16,347.08673214582984,348.17757616114534,342.1283502580323,346.70989512235724,
2025-07-17,348.0288247045114,356.11098718162145,346.09505576827036,355.3176460795738,
2025-07-18,355.52589811886133,371.7298901281838,351.7674446479108,355.7242333943732,
2025-07-21,355.5159813550857,361.9618778092226,353.0367904111869,354.7523905443649,
2025-07-22,355.02014316630596,357.9951722989845,352.6500366239387,354.1078008989512,
2025-07-23,355.02014316630596,357.003495921425,352.54095222240716,353.80038122190774,
2025-07-24,354.0483003162976,356.45807391376724,350.0617612785084,350.5476827035126,
2025-07-25,350.26009655402027,357.003495921425,349.0800016647245,355.5556484101881,
2025-07-28,358.87776427501245,370.133291160313,358.7290128183786,366.2260862327285,
2025-07-29,366.92025969702013,371.76955718328617,354.83172465456965,358.8678475112369,
2025-07-30,360.9602846678875,361.951961045447,348.0784085233894,353.46321125353757,
2025-07-31,355.02014316630596,359.33393540868985,349.56592308972864,353.9788829698685,
2025-08-01,355.02014316630596,359.0860163143,352.04511403362744,356.91424504744464,
2025-08-04,361.9321275178958,370.8869652072582,360.4842800066589,369.0126968536707,
2025-08-05,369.0126968536707,374.70491926086237,368.89369568836355,371.81914100216414,
2025-08-06,374.3578325287165,379.3261311802896,372.03730980522727,377.66011486598967,
2025-08-07,377.83861661395036,381.2003995338771,373.0686532378891,379.10796237722656,
2025-08-08,376.8370234726153,383.6795904777759,367.11859497253204,371.61088896287663,
2025-08-11,370.8869652072582,379.21704677875806,368.90361245213916,372.75131679707005,
2025-08-12,375.815596803729,378.07661894456464,373.37607291493254,375.25034126852,
2025-08-13,376.94610787414683,383.77875811553184,375.85526385883134,382.21190943898785,
2025-08-15,384.22501248543364,396.4226319294157,379.81205260529384,391.0576627268187,
2025-08-18,391.71216913600796,410.058182120859,391.3154985849842,407.5988247045114,
2025-08-19,408.57066755451973,426.420842350591,408.57066755451973,422.4343033128017,
2025-08-20,426.420842350591,428.85044947561175,419.48902447144997,421.0856234393208,
2025-08-21,421.4624604627934,425.37958215415347,405.59563842184116,416.4148277010155,
2025-08-22,416.4148277010155,420.9666222740136,412.041534875978,413.608383552522,
2025-08-25,414.53064258365237,416.50407857499584,407.5789911769602,410.1375162310637,
2025-08-26,410.2565173963709,419.4592741801232,407.5789911769602,411.98203429332443,
2025-08-27,414.5207258198768,416.0082403862161,410.35568503412685,411.17877642750125,
2025-08-28,411.54569668719824,419.97494589645413,411.17877642750125,414.77856167804225,
2025-08-29,416.50407857499584,431.37922423838853,415.7603212918262,423.86231729648745,
2025-09-01,425.62750124854335,445.46102879973364,424.4474063592475,441.8414100216414,
2025-09-02,444.2710171466622,444.2710171466622,434.3542533710671,437.05161311802897,
2025-09-03,437.5871183619111,446.2543699017812,437.5871183619111,439.4812202430498,
2025-09-04,439.4812202430498,452.2044281671383,439.4118028966206,449.14014816047944,
2025-09-05,451.11358415182286,477.9880139836857,450.3202430497753,462.2996936906942,
2025-09-08,465.096221075412,476.9963376061262,465.096221075412,474.5865640086565,
2025-09-09,473.92214083569166,481.92496920259697,468.5670883968703,477.00625436990174,
2025-09-10,471.64128516730483,481.95471949392373,470.05460296320956,479.1879424005327,
2025-09-11,479.47552855002493,482.93647910770767,474.0213084734476,476.63933411020474,
2025-09-12,476.9963376061262,478.9796903612452,467.5754120193108,470.2231879473947,
2025-09-15,470.2231879473947,475.06256866988514,466.0878974529715,472.6230447810887,
2025-09-16,475.9054935908107,476.9963376061262,471.0462793407691,473.54530381221906,
2025-09-17,478.8,487.5,477.0,480.56,
2025-09-18,481.0,486.0,480.56,484.45,
2025-09-19,485.99,494.5,480.55,487.99,
2025-09-22,489.47,491.98,481.01,482.4,
2025-09-23,485.0,486.0,475.05,476.24,
2025-09-24,476.7,481.0,473.0,474.83,
2025-09-25,475.05,477.6,460.0,464.62,
2025-09-26,465.0,474.0,460.75,470.56,
2025-09-29,473.98,473.98,466.0,467.1,
2025-09-30,467.25,478.0,463.1,475.89,
2025-10-01,478.89,483.0,469.55,479.07,
2025-10-02,479.0,484.99,470.1,472.14,
2025-10-03,475.0,479.79,473.01,474.12,
2025-10-06,472.5,474.0,467.0,470.65,
2025-10-07,475.77,475.77,455.0,456.11,
2025-10-08,457.0,459.99,440.0,443.95,
2025-10-09,445.11,463.49,445.11,450.88,
2025-10-10,450.0,460.0,443.0,448.34,
2025-10-13,441.0,450.0,425.0,431.38,
2025-10-14,440.0,472.0,440.0,467.16,
2025-10-15,468.0,470.01,454.05,458.55,
2025-10-16,458.35,465.95,452.1,454.59,
2025-10-17,457.0,463.0,451.12,459.89,
2025-10-20,465.0,467.5,456.0,462.45,
2025-10-21,463.01,465.0,458.01,462.41,
2025-10-22,462.3,463.75,457.11,459.85,
2025-10-23,457.99,460.0,450.0,451.78,
2025-10-24,451.78,455.0,443.02,452.32,
2025-10-27,452.32,452.32,443.8,445.2,
2025-10-28,455.0,464.9,450.51,452.64,
2025-10-29,452.51,458.0,440.0,442.28,
2025-10-30,442.0,452.85,442.0,445.93,
2025-10-31,450.0,462.0,450.0,459.87,
2025-11-03,465.0,465.48,458.0,459.92,
2025-11-04,460.0,462.05,449.82,454.76,
2025-11-05,455.85,455.85,440.01,442.02,
2025-11-06,443.95,444.84,427.99,439.66,
2025-11-07,440.0,445.0,432.55,439.84,
2025-11-10,441.99,446.5,439.0,441.42,
2025-11-11,441.0,443.99,430.0,430.62,
2025-11-12,430.0,434.0,422.0,424.34,
2025-11-13,425.01,449.0,425.01,445.9,
2025-11-14,448.11,450.89,441.51,442.41,
2025-11-17,445.1,447.9,431.0,432.63,
2025-11-18,435.99,436.0,425.0,430.24,
2025-11-19,430.24,434.5,426.91,428.08,
2025-11-20,430.0,432.89,426.1,429.78,
2025-11-21,431.0,435.0,426.5,428.42,
2025-11-24,428.01,431.0,421.87,426.98,
2025-11-25,428.1,433.45,423.0,430.53,
2025-11-26,427.5,440.0,423.5,436.7,
2025-11-27,438.07,457.0,438.0,451.58,
2025-11-28,453.5,460.48,452.0,458.24,
2025-12-01,464.0,469.0,455.0,465.35,
2025-12-02,468.99,481.4,463.25,476.71,
2025-12-03,480.0,480.0,466.0,471.13,
2025-12-04,469.0,472.98,465.0,471.44,
2025-12-05,478.0,478.0,468.01,475.6,
2025-12-08,475.0,477.98,471.5,476.06,
2025-12-09,479.45,488.7,473.49,485.92,
2025-12-10,485.92,504.0,485.27,497.28,
2025-12-11,495.0,496.0,484.52,487.24,
2025-12-12,487.24,492.77,481.0,488.82,
2025-12-15,490.0,496.0,487.02,488.6,
2025-12-16,491.98,500.0,487.5,488.3,
2025-12-17,488.8,490.5,471.2,476.63,
2025-12-18,479.11,495.03,477.0,485.49,
2025-12-19,485.67,503.04,485.67,499.04,
2025-12-22,498.99,529.5,495.0,512.7,
2025-12-23,510.0,520.0,505.1,509.2,
2025-12-24,495.01,502.0,487.96,490.42,
2025-12-26,491.89,497.8,485.0,486.36,
2025-12-29,489.89,495.0,484.8,486.74,
2025-12-30,487.0,492.0,486.1,487.24,
2025-12-31,492.0,492.0,470.0,474.96,
2026-01-01,476.01,492.0,476.01,481.02,
2026-01-02,483.99,486.65,472.0,478.44,
2026-01-05,478.5,498.99,478.5,488.36,
2026-01-06,490.5,514.0,489.0,508.8,
2026-01-07,508.8,515.23,506.01,512.15,
2026-01-08,514.49,516.88,504.55,507.84,
2026-01-09,507.0,508.27,492.0,498.3,
2026-01-12,498.3,499.97,490.0,491.18,
2026-01-13,494.2,506.0,488.0,500.09,
2026-01-14,500.26,502.0,487.11,490.0,
2026-01-15,490.02,495.0,485.0,487.58,
2026-01-16,488.1,500.12,488.1,493.86,
2026-01-19,497.99,501.25,494.16,500.15,
2026-01-20,501.0,502.96,495.0,496.37,
2026-01-21,498.49,499.79,490.0,492.35,
2026-01-22,491.99,497.2,490.1,495.17,
2026-01-23,494.98,497.0,485.01,491.94,
2026-01-26,492.0,499.0,480.06,486.26,
2026-01-27,485.0,485.0,475.1,477.24,
2026-01-28,478.0,485.0,475.01,478.07,
2026-01-29,480.0,483.5,462.51,465.43,
2026-01-30,467.9,489.5,465.0,482.13,
2026-02-02,483.5,486.82,473.5,475.91,
2026-02-03,479.27,481.5,475.01,476.06,
2026-02-04,477.0,481.75,475.0,476.66,
2026-02-06,477.0,478.0,466.5,468.65,
2026-02-09,472.0,473.85,455.76,457.49,
2026-02-10,459.99,470.0,453.01,465.95,
2026-02-11,466.0,484.0,466.0,477.53,
2026-02-12,477.0,482.5,467.06,472.88,
2026-02-13,472.0,472.0,454.01,460.86,
2026-02-16,461.02,462.0,442.0,449.06,
2026-02-17,449.06,457.0,441.0,445.65,
2026-02-18,449.0,457.5,445.5,454.25,
2026-02-19,453.9,453.9,432.6,435.72,
2026-02-20,435.8,441.97,424.01,436.5,
2026-02-23,434.99,435.0,397.0,407.97,
2026-02-24,415.0,431.02,405.0,422.22,
2026-02-25,423.24,428.3,410.55,414.58,
2026-02-26,415.0,430.5,408.0,424.06,
2026-02-27,420.0,435.0,410.2,422.18,
2026-03-02,379.96,410.2,379.96,381.27,
2026-03-03,387.0,405.0,381.27,398.55,
2026-03-04,398.0,398.0,389.0,390.6,
2026-03-05,392.95,400.5,390.0,398.83,
2026-03-06,397.99,398.0,381.99,383.04,
2026-03-09,344.74,359.99,344.74,344.97,
2026-03-10,376.0,379.47,371.0,379.41,
2026-03-11,385.0,390.0,375.1,379.02,
2026-03-12,375.1,377.96,365.0,366.5,
2026-03-13,365.0,367.65,350.0,358.85,
2026-03-16,358.4,359.0,341.5,342.91,
2026-03-17,345.0,354.98,341.0,346.79,
2026-03-18,349.99,363.5,343.97,356.53,
2026-03-19,350.03,358.52,344.0,354.85,
2026-03-24,379.68,379.68,358.0,365.22,
2026-03-25,370.23,389.25,368.11,384.99,
2026-03-26,383.97,383.97,363.0,366.56,
2026-03-27,366.15,373.0,360.0,362.3,
2026-03-30,362.3,364.0,339.0,345.09,
2026-03-31,355.0,364.0,350.52,356.86,
2026-04-01,368.0,392.55,368.0,389.58,
2026-04-02,376.0,383.44,370.0,378.75,
2026-04-03,370.0,377.0,369.0,371.17,
2026-04-06,370.5,382.56,361.36,379.26,
2026-04-07,372.0,385.0,370.0,382.12,
2026-04-08,420.33,420.33,420.33,420.33,
2026-04-09,439.8,439.8,402.0,429.97,
2026-04-10,431.11,447.8,431.11,435.76,
2026-04-13,415.0,425.0,407.0,410.06,
2026-04-14,425.0,438.0,420.0,434.36,
2026-04-15,455.0,458.44,433.99,435.77,
2026-04-16,439.99,444.0,430.15,435.5,
2026-04-17,438.01,451.95,437.01,449.37,
2026-04-20,445.0,445.0,430.1,440.86,
2026-04-21,448.0,448.0,438.5,441.02,
2026-04-22,441.0,442.97,429.05,431.12,
2026-04-23,430.0,433.99,420.55,425.8,
2026-04-24,422.27,435.0,415.0,430.25,
2026-04-27,430.0,434.0,420.0,422.88,
2026-04-28,417.99,421.0,415.0,418.64,
2026-04-29,418.01,425.9,410.5,418.41,
2026-04-30,413.94,413.94,400.51,407.99,
2026-05-04,411.0,425.0,406.81,411.18,
2026-05-05,405.0,411.9,405.0,409.1,
2026-05-06,420.1,444.0,418.11,439.61,
2026-05-07,445.25,457.0,436.0,449.6,
2026-05-08,442.0,448.97,438.0,445.73,
2026-05-11,440.26,441.4,435.0,436.13,
2026-05-12,436.13,440.0,427.0,428.3,
2026-05-13,428.02,431.4,421.0,422.36,
2026-05-14,422.36,429.9,421.0,422.8,
2026-05-15,429.0,429.0,416.0,417.75,
2026-05-18,413.15,414.99,405.0,406.51,
2026-05-19,408.11,415.49,406.11,407.89,
2026-05-20,410.01,412.25,405.01,410.88,
2026-05-21,418.0,434.0,418.0,426.82,
2026-05-22,430.48,431.5,420.16,422.13,
2026-05-25,435.0,438.5,430.0,436.77,
2026-05-29,440.0,454.5,437.8,453.43,
2026-06-01,451.9,452.15,434.0,437.14,
2026-06-02,437.14,441.5,432.0,435.67,
2026-06-03,435.0,435.0,427.0,429.83,
2026-06-04,434.95,436.36,430.0,434.4,
2026-06-05,435.6,437.67,430.2,431.5,
