Date,open,high,low,Price,Change %
2015-01-06,219.81908654473412,223.77159565132953,215.86657743813868,220.45212636126823,
2015-01-07,220.70215049048758,221.1383628010405,209.7064084671594,211.52573298190455,
2015-01-08,212.34496097977228,216.74432172156835,211.02568472346582,212.29176435653415,
2015-01-09,214.92499720682315,222.90449069254754,213.00459910792546,216.49961725467276,
2015-01-12,216.4783386053776,220.4787246728873,214.1536461698698,215.4250454652619,
2015-01-13,215.4250454652619,216.74432172156835,212.5949851089916,213.47272939242131,
2015-01-14,213.71211419699307,215.86125777581486,212.786492952649,213.222705263202,
2015-01-15,216.62728915044434,221.57457511159345,215.4250454652619,215.96765102229114,
2015-01-16,217.62738566732182,222.02142674679402,214.54730118183224,219.58502140248615,
2015-01-19,222.78213845909977,230.55948477651913,221.58521443624105,230.55948477651913,
2015-01-20,233.55977432715142,242.08719303222878,233.55977432715142,242.08719303222878,
2015-01-21,245.757760035662,254.1894248189107,245.40666232229012,254.1894248189107,
2015-01-22,264.66383993450484,266.89809811050765,258.0674586529729,265.8022476718015,
2015-01-23,265.98311619081124,265.98311619081124,252.7956732900709,255.07248876466426,
2015-01-26,260.7060111655856,267.8183996925278,257.6312463424198,266.1480257228496,
2015-01-27,270.81868924316024,279.17055909155164,267.74392441999447,272.13796549946665,
2015-01-28,271.74431048750426,274.7765180120795,266.42464816368806,267.89287496506125,
2015-01-29,265.98311619081124,270.81868924316024,265.9405588922208,266.3554925534784,
2015-01-30,268.00458787386157,271.2602212160369,263.791415313399,265.0628146087911,
2015-02-02,267.30239244711777,273.01570978289624,266.6427543189645,267.7705227316136,
2015-02-03,270.81868924316024,273.1912586395823,266.8608604742409,267.57369522563243,
2015-02-04,270.81868924316024,272.13796549946665,257.1897143695432,262.0040087725967,
2015-02-06,261.5890751113392,263.7860956510752,254.55648151925405,255.4342258026837,
2015-02-09,255.5193403998649,260.44534771171857,251.91260934431742,253.22656593829998,
2015-02-10,254.11494954637732,265.8820426066589,254.11494954637732,265.8820426066589,
2015-02-11,270.37715727028353,279.17055909155164,269.6164455579779,278.61199454755103,
2015-02-12,277.4150705246924,281.80911160416457,264.68511858380015,272.94655417268683,
2015-02-13,273.89877372864987,280.05362303730533,272.13796549946665,274.54777253215553,
2015-02-16,277.8512828352453,278.7343467809988,268.1801367305474,270.10053482944494,
2015-02-17,269.4994129868539,273.01570978289624,256.5992318515995,256.5992318515995,
2015-02-18,243.7682063265547,247.07703629196843,243.7682063265547,243.7682063265547,
2015-02-19,244.00227146880266,248.83784452115154,240.04444269988332,242.02335708434305,
2015-02-20,243.97035349485975,246.1992920085387,240.92218698331305,241.57650544914245,
2015-02-23,243.1670844839635,244.88001575223237,240.04444269988332,240.64024488015082,
2015-02-24,242.23614357729562,242.68299521249617,228.6603653269167,230.83078755503362,
2015-02-25,230.80950890573843,232.57031713492157,226.85699979914287,227.7666620565156,
2015-02-26,229.054020338879,236.87924361721278,228.6124883660023,234.20345346833315,
2015-02-27,237.40589018727047,241.35307963154207,232.57031713492157,233.66084791130385,
2015-03-02,234.76733767465774,236.59198185172664,229.53810961034634,230.474370179338,
2015-03-03,230.81482856806218,235.09715673873424,227.782621043487,231.8734413705016,
2015-03-04,233.44806141835127,234.72478037606714,229.054020338879,229.4423556885177,
2015-03-05,230.33073929659488,231.9053593444445,228.60716870367852,229.55406859731787,
2015-03-06,231.46914703389163,231.69257285149195,226.85699979914287,229.00614337796475,
2015-03-09,228.6603653269167,230.54352578954754,224.6599792594068,225.34621569917917,
2015-03-10,222.5055160182613,226.41546782626622,222.4576390573469,223.22367043197653,
2015-03-11,221.1383628010405,223.86202991083434,219.40415288347643,221.6596897087745,
2015-03-12,223.22899009430031,223.77691531365338,221.1383628010405,221.55861612462198,
2015-03-13,222.67574521262333,232.63415308280744,222.67574521262333,231.84152339655876,
2015-03-16,234.37368266269527,236.08661393096403,225.5377235428365,228.0592434843255,
2015-03-17,227.73474408257263,229.7987730642133,222.02142674679402,224.04821809216796,
2015-03-18,222.54275365452796,226.40482850161862,213.22802492552577,219.6914146489626,
2015-03-19,220.26061851761082,223.77691531365338,217.62738566732182,221.180920099631,
2015-03-20,223.55880915837696,232.12878516204486,222.89917103022373,230.17646908920426,
2015-03-24,233.0065294454745,235.86850777568768,229.93176462230872,233.46402040532274,
2015-03-25,233.88959339122798,235.09715673873424,230.37329659518548,231.84684305888257,
2015-03-26,234.24069110459988,235.86850777568768,224.23972593582536,232.1341048243686,
2015-03-27,233.88959339122798,235.2088696475344,225.97925551571322,227.36768738222926,
2015-03-30,224.21844728653016,225.93137855479893,216.0048886585578,216.0048886585578,
2015-03-31,209.27019615660652,226.8038031759048,209.27019615660652,226.8038031759048,
2015-04-01,227.287892447372,229.27212649415551,219.81908654473412,221.3139116577264,
2015-04-02,222.02142674679402,226.41546782626622,222.02142674679402,224.7557331812356,
2015-04-03,226.41546782626622,226.766565539638,218.94134226130447,220.2127415566965,
2015-04-06,219.81908654473412,231.21912290467222,218.1061552764652,230.88398417827182,
2015-04-07,231.66597453987282,233.22995526307474,224.7663725058832,226.04309146359907,
2015-04-08,226.766565539638,237.34205423938485,226.42078748859004,236.522826241517,
2015-04-09,237.40589018727047,248.34311592503664,231.70321217613957,248.34311592503664,
2015-04-10,250.41778423132502,259.97721742722297,244.0661074166885,248.69421363840854,
2015-04-13,247.960100237722,259.1686287540027,244.88001575223237,251.5029953453836,
2015-04-14,252.35414131719412,256.00342967133207,248.83784452115154,250.2422353746391,
2015-04-15,252.83823058866142,256.72690374737107,251.8062160978411,252.41797726507994,
2015-04-16,257.1897143695432,258.0674586529729,252.7956732900709,254.1309085333487,
2015-04-17,254.55116185693024,256.70030543575206,241.47543186498993,244.8746960899085,
2015-04-20,248.3537552496844,248.39631254827486,234.02790461164716,235.8631881133638,
2015-04-21,235.2088696475344,236.0440566323736,227.07510595441943,229.9636825962517,
2015-04-22,230.37329659518548,241.45947287801857,230.37329659518548,241.45947287801857,
2015-04-23,244.00227146880266,253.53510635308143,243.58201814522124,250.65184937357301,
2015-04-24,250.56141511406798,250.56141511406798,238.288954133024,240.4061797379029,
2015-04-27,241.31052233295162,244.88001575223237,236.5281459038409,237.98041371824274,
2015-04-28,239.6029107270067,244.00227146880266,238.7677237421675,241.77865261744742,
2015-04-29,243.46498557409726,246.17269369691968,239.6029107270067,240.23595054354072,
2015-04-30,240.92218698331305,242.6404379139057,237.40057052494672,240.4700156857886,
2015-05-04,241.80525092906657,252.35414131719412,241.58182511146623,245.8588336198145,
2015-05-05,246.1992920085387,249.7155888045813,244.0448287673932,245.95990720396705,
2015-05-06,248.39631254827486,250.15712077745806,245.42794097158537,246.59294702050119,
2015-05-07,246.1992920085387,246.64082398141554,241.82652957836186,242.7149131864392,
2015-05-08,241.80525092906657,241.80525092906657,237.95381540662362,238.70920745660555,
2015-05-11,238.94327259885344,238.94327259885344,228.6337670152976,230.21902638779477,
2015-05-12,230.28286233568053,235.8259504770972,229.4955523117558,232.0968671881019,
2015-05-13,232.04367056486376,232.12878516204486,220.49468365985874,229.202970883946,
2015-05-14,200.1788932452046,200.1788932452046,200.1788932452046,200.1788932452046,
2015-05-15,202.23760256452144,204.43462310425758,197.88079912131596,200.22145054379507,
2015-05-18,200.03526236246154,200.91832630821503,195.9018847368564,196.94453855232436,
2015-05-19,196.94453855232436,200.3650814265381,193.44420074325322,194.58260848054994,
2015-05-20,193.57187263902483,194.32194502668284,187.94898956275102,189.49169163665775,
2015-05-21,190.39603423170658,193.88041305380614,189.48637197433396,192.960111471786,
2015-05-22,193.88041305380614,196.9604975392958,193.00266877037643,193.81125744359656,
2015-05-25,196.9604975392958,196.9604975392958,191.24186054119332,192.25791604504226,
2015-05-26,191.68339251407005,192.56113679749978,189.48637197433396,189.8002320514391,
2015-05-27,192.1302441492706,192.40686659010908,189.48637197433396,190.04493651833465,
2015-05-28,189.92258428488688,199.54585342867045,188.6086276909043,196.08275325586612,
2015-05-29,200.47679433533827,205.8868909186594,199.5990500519086,205.8230549707736,
2015-06-01,207.95091990030008,210.14794044003622,203.11534684795112,206.17415268414544,
2015-06-02,206.63164364399367,210.14794044003622,205.44535894578263,205.93476787957374,
2015-06-03,206.62632398166983,209.92983428475975,204.4559017535528,206.5305700598411,
2015-06-04,208.1690260555765,216.85071496804463,206.41353748871717,214.03661359874584,
2015-06-05,213.22802492552577,218.49981028842762,211.5789296051428,212.29176435653415,
2015-06-08,208.82334452140594,218.85622766412337,204.87083541481047,216.98370652613997,
2015-06-09,215.4250454652619,222.8832120432522,215.4250454652619,218.48917096378008,
2015-06-10,219.38287423418112,221.5266981506791,217.22841099303562,217.60078735570275,
2015-06-11,218.63280184652302,220.70215049048758,216.7868790201588,217.65398397894086,
2015-06-12,218.49981028842762,222.4150817587564,217.18585369444503,218.27106480850355,
2015-06-15,219.77652924614355,221.9735497858796,218.0635979778747,218.71259678138028,
2015-06-16,219.20732537749527,220.39361007570622,217.09541943494023,217.42523849901684,
2015-06-17,217.1805340321212,218.9307029366568,214.97819383006134,215.89849541208156,
2015-06-18,216.3027897486915,217.4039598497215,211.02568472346582,212.58434578434404,
2015-06-19,211.46721669634266,212.56838679737265,204.43462310425758,207.23808514890874,
2015-06-22,208.49352545732935,208.49884511965308,201.6258413972826,202.4131514212074,
2015-06-23,202.23760256452144,206.1901116711169,202.23760256452144,203.6366737556851,
2015-06-24,203.59943611941839,213.81318778114553,203.59943611941839,210.29689098510306,
2015-06-25,208.39245187317687,210.58947241291293,204.43462310425758,205.53579320528758,
2015-06-26,204.87083541481047,206.63164364399367,202.23760256452144,203.1259861725988,
2015-06-29,206.1901116711169,207.95091990030008,202.0141767469212,204.87083541481047,
2015-06-30,206.62632398166983,210.14794044003622,205.35492468627777,206.01456281443097,
2015-07-01,207.07317561687043,214.52070287021309,206.72207790349853,211.13739763226602,
2015-07-02,212.34496097977228,215.33461120575706,209.48830231188296,210.00430955729314,
2015-07-03,210.14794044003622,213.22802492552577,209.38190906540666,210.07878482982656,
2015-07-06,211.02568472346582,214.30259671493667,210.36604659531267,210.701185321713,
2015-07-07,211.46721669634266,221.23411672286915,210.14794044003622,220.5531999454207,
2015-07-08,223.71307936576753,223.9950214689298,212.786492952649,213.8663844043837,
2015-07-09,213.22802492552577,213.66423723607872,208.82866418372976,209.94579327173113,
2015-07-10,211.02568472346582,216.3027897486915,211.02568472346582,211.9885436040766,
2015-07-13,210.58947241291293,213.00459910792546,210.28093199813165,211.21719256712325,
2015-07-14,211.9087486692194,216.3027897486915,210.36604659531267,210.82885721748468,
2015-07-15,212.786492952649,214.95159551844222,211.02568472346582,211.53637230655215,
2015-07-16,211.33422513824723,212.56838679737265,210.36604659531267,211.14803695691356,
2015-07-22,209.10316310650762,212.0954473136183,206.3717720064226,206.67525990643202,
2015-07-23,206.81369298362932,207.69221058891986,201.5319386536404,202.0271031220768,
2015-07-24,202.01645442383094,205.49325440113216,201.20182900801612,202.41578060805384,
2015-07-27,202.41578060805384,203.7308948414281,194.93507009027726,196.4099147973406,
2015-07-28,194.97766488326099,202.32526667296338,194.97766488326099,198.1988961026595,
2015-07-29,198.0551386763392,201.79283176066602,198.01254388335542,198.34265352897975,
2015-07-30,199.7269843009527,201.48934386065665,197.57062290614869,198.83781799741615,
2015-07-31,199.75360604656754,200.9941793922202,196.47380698681633,197.0381879938514,
2015-08-03,197.66113684123923,198.45446486056218,195.371666718361,196.17564343592989,
2015-08-04,196.25550867277445,197.13402627806497,192.29419292528277,192.9810339621462,
2015-08-05,193.82228112357592,199.5512807798945,193.39100884461513,194.0991472779705,
2015-08-06,195.81358769556763,203.60311046247676,194.71144742711235,201.2390994518769,
2015-08-07,202.389158862439,204.94484644146587,195.81891204469065,196.6867809517352,
2015-08-10,197.13402627806497,198.82184495004734,193.61463150777993,194.0246063902488,
2015-08-11,195.54737023941905,198.45446486056218,194.45055432008672,195.28115278327044,
2015-08-12,196.60691571489053,197.52802811316496,186.57051761808705,190.08458803924904,
2015-08-13,192.46457209721788,194.8818265990474,190.53183336557876,191.09089002349089,
2015-08-17,190.11653413398693,191.85227194807598,186.62376110931677,187.374494335656,
2015-08-18,188.54585114270995,189.21139478308146,183.50901687237769,184.79750936013713,
2015-08-19,185.91029832683842,187.42773782688568,183.4930438250088,184.1000196250277,
2015-08-20,183.54096296711552,183.71134213905066,177.33277188972943,177.93442334062527,
2015-08-21,178.2112894950199,180.40492133368465,170.1129544789784,178.33907387397127,
2015-08-24,173.83999886505924,173.83999886505924,169.4261134421149,169.4261134421149,
2015-08-25,163.6917894366733,173.3714561422377,162.81327183138285,172.78045338958773,
2015-08-26,172.92953516503096,174.24997374752812,168.76056980174332,171.05003992462156,
2015-08-27,172.4876141878242,179.0898071003104,172.3438567615039,177.89715289676448,
2015-08-28,180.41024568280758,186.1232722917573,180.41024568280758,182.88606802498992,
2015-08-31,183.92964045309265,183.92964045309265,179.0898071003104,180.59659790211165,
2015-09-01,185.25007903558983,186.57051761808705,179.1962940827698,180.0854603863063,
2015-09-02,176.23063162127403,178.63191307573473,175.1338157019417,176.0283063546011,
2015-09-03,176.8908509125227,178.65321047222662,173.8133771194444,174.77708431070252,
2015-09-04,174.69189472473496,175.96973851424835,167.653105184165,170.85303900707157,
2015-09-07,170.73057897724323,173.8133771194444,162.81327183138285,164.47446875775032,
2015-09-08,165.44882464725424,166.99288589291638,160.6089912944721,166.33266660166774,
2015-09-09,168.08970181224873,170.1395762245933,166.99288589291638,168.92562462455552,
2015-09-10,167.2111842069583,167.653105184165,165.06014716127726,166.04515174902718,
2015-09-11,165.9647986391277,168.60685468191122,164.201652368641,164.43602830792028,
2015-09-14,166.35897635518805,166.35897635518805,162.44383282404712,163.6050590686577,
2015-09-15,162.88595107314202,164.64377061773587,162.44383282404712,162.9125847026055,
2015-09-16,164.952720719513,164.952720719513,162.88595107314202,162.9072579767128,
2015-09-17,165.12850267397235,165.52268039003278,162.7527829258242,162.9072579767128,
2015-09-18,163.76486084543893,169.927882703303,163.32274259634409,165.3309182578953,
2015-09-21,166.84370841142464,167.26451975694857,163.76486084543893,165.03262160790362,
2015-09-22,166.80109460428295,167.2858266605195,163.32274259634409,163.77551429722428,
2015-09-23,163.90335571864932,164.64377061773587,163.32274259634409,163.98858333293268,
2015-09-28,164.05250404364517,165.17111648111396,162.66222858564817,163.2055546267045,
2015-09-29,161.60753685889188,161.61286358478458,158.4807487598718,160.27585538571466,
2015-09-30,159.00809462324995,162.44383282404712,158.5020556634426,159.8816776696542,
2015-10-01,160.68068655356055,162.00171457495227,159.35965853216874,159.9615785580448,
2015-10-02,159.9615785580448,160.8777754115907,159.9615785580448,160.29716228928552,
2015-10-05,161.1281315285481,162.88595107314202,159.82308368483447,162.04432838209394,
2015-10-06,163.76486084543893,170.14627846490404,163.3280693222368,170.08235775419158,
2015-10-07,171.68570224789684,176.47975555133482,171.68570224789684,174.03478836658152,
2015-10-08,173.8909667674783,173.8909667674783,171.68570224789684,172.0106325273521,
2015-10-09,173.8909667674783,177.12428938435258,172.13314722288445,173.59267011748653,
2015-10-12,174.72726273263365,182.26990659670926,173.91227367104918,180.89561131639041,
2015-10-13,182.66941103866245,185.77489223411158,178.29616908074843,180.59198794050593,
2015-10-14,180.2670576610507,183.13283619132807,180.07529552891327,180.45881979318824,
2015-10-15,182.20598588599668,182.69071794223322,179.61187037624754,180.7944035244289,
2015-10-16,181.37501664673414,186.65380200640857,180.53872068157887,183.90521144577085,
2015-10-19,184.89065573592188,187.92688949476602,184.5444185528959,186.9680788340784,
2015-10-20,187.75643426619934,196.31648277578228,186.21701048320645,190.40381703487552,
2015-10-21,191.0590043196787,193.04054635176632,187.09592025550342,188.1719188858305,
2015-10-22,188.80579926706287,191.7195183303746,187.53803850459818,188.17724561172327,
2015-10-26,188.85906652599002,191.93791409197567,187.09592025550342,187.76708771798465,
2015-10-27,187.09592025550342,189.9297384304244,186.21701048320645,186.6378218287305,
2015-10-28,186.65380200640857,189.27455114562125,186.25962429034809,186.65380200640857,
2015-10-29,188.37433446975348,191.49579584288085,186.65380200640857,187.29833583942633,
2015-10-30,188.36368101796805,188.85906652599002,184.4538642127198,185.12503167520114,
2015-11-02,186.65380200640857,186.8721977680096,184.01174596362506,184.39527022790006,
2015-11-03,184.5444185528959,187.047979722469,184.03837959308854,185.29548690376782,
2015-11-04,188.0227705608347,190.08954020720574,186.87752449390229,187.57532558584714,
2015-11-05,188.37433446975348,188.85906652599002,186.65380200640857,186.84556413854602,
2015-11-06,185.15699203055738,187.047979722469,184.4538642127198,184.61366598950107,
2015-11-09,184.27808225826047,184.4538642127198,182.6960446681259,183.25002416096757,
2015-11-10,183.44178629310514,183.13283619132807,178.2908423548558,179.18040557893812,
2015-11-11,176.5330228102619,180.05398862534236,176.5330228102619,178.5571786494912,
2015-11-12,179.61187037624754,186.6324951028377,179.16975212715272,183.846617460951,
2015-11-13,183.83596400916556,192.81682386427266,182.6960446681259,191.55971655359335,
2015-11-16,194.62258394190084,199.20356820963048,194.13785188566436,197.7280651373501,
2015-11-17,200.7429919926233,207.60914166832492,200.30087374352846,206.90068712459464,
2015-11-18,209.54806989327093,217.16528791984447,209.1059516441761,215.3328942127527,
2015-11-19,217.9110295448237,221.43199535990422,212.19012593605453,215.00263720740466,
2015-11-20,216.59000152343188,217.46891129572884,211.30588943786478,213.4632134244119,
2015-11-23,216.59000152343188,222.75302338129598,215.71109175113497,217.57544581358303,
2015-11-24,218.65677116980294,223.6319331535929,217.0321197725268,217.62338634661742,
2015-11-25,218.12942530642482,220.55308558760726,211.74800768695968,217.80982175286223,
2015-11-26,217.9110295448237,228.69764947755897,217.9110295448237,228.55382787845588,
2015-11-27,232.20796184085413,234.20015732472717,226.71610744547135,230.78572602750086,
2015-11-30,234.20015732472717,234.20015732472717,220.9952038367021,225.22995092140556,
2015-12-01,224.9529611749847,228.47392699006525,218.15605893588835,222.10316282238554,
2015-12-02,223.19514163039088,229.09182719361945,218.78993931712063,227.50446287759226,
2015-12-03,228.0477889186485,229.35816348825486,224.07937812858043,227.1582256945661,
2015-12-04,227.80808625347672,231.77649704354468,226.4977116838703,227.1582256945661,
2015-12-07,238.52013202371398,238.52013202371398,238.52013202371398,238.52013202371398,
2015-12-08,244.3262632467666,250.44667129748896,242.12632545307787,250.44667129748896,
2015-12-09,255.3312789411029,262.96447714535464,255.3312789411029,262.78869519089517,
2015-12-10,270.7361702228168,275.9244012423152,269.4204689273176,275.9244012423152,
2015-12-11,287.90953450090984,289.7152945785381,281.76781954661675,289.7152945785381,
2015-12-14,292.7515283373823,304.19866228081327,282.64672931891363,303.30909905673093,
2015-12-15,307.7196280958939,318.2771988152427,295.87298971050956,310.91033690562637,
2015-12-16,310.35635741278463,312.49237449576094,304.19333555492057,307.56515304500533,
2015-12-17,307.27750984679903,312.1195036832714,295.85168280693864,298.9411838247098,
2015-12-18,295.8303759033678,313.88797667965076,286.27955637774113,310.9689308904461,
2015-12-21,307.7196280958939,314.3194414769601,307.7196280958939,311.4217025913264,
2015-12-22,313.222135943062,314.54316396445364,307.7196280958939,309.7384572092305,
2015-12-23,308.156419619096,310.7984756618794,301.5619329639225,303.6872965951133,
2015-12-28,305.0775720531103,309.04065611728544,295.92093024354386,299.37264862201914,
2015-12-29,300.62975593269834,309.9195658895826,298.4724319461513,299.9106479371829,
2015-12-30,300.2355782166379,310.46821865653175,300.23025149074516,308.96075522889504,
2015-12-31,312.56694865825887,313.17419541002766,305.51436357631235,306.89931230841665,
2016-01-01,306.83006487181154,309.04065611728544,305.301294540604,306.97921319680734,
2016-01-04,308.1138058119542,311.90110792167013,306.83539159770424,308.46536972087307,
2016-01-05,303.1759309094132,309.4774476404878,299.3513417184484,306.8833321307385,
2016-01-06,309.47212091459505,312.1195036832714,306.94725284145113,309.0779431985346,
2016-01-07,309.04065611728544,323.5666376267025,305.96180855130007,317.5687442715124,
2016-01-08,319.1614353134322,319.3318905419991,312.56694865825887,313.7974223394746,
2016-01-11,313.8826499537579,315.8588652599529,308.1617463449887,309.125883731569,
2016-01-12,309.4774476404878,310.7558618547379,293.66772519092797,294.7011100141136,
2016-01-13,294.50934788197605,300.8960922273339,280.00467327613,281.2724340385947,
2016-01-14,279.10445660026227,279.9833663725592,267.2311845854143,269.670825044275,
2016-01-15,269.4204689273176,278.2202201020726,256.65230696249483,259.8057286909783,
2016-01-18,253.56813267061625,257.53121673479177,246.81917096455427,253.46692487865477,
2016-01-19,257.53121673479177,265.66512717295797,254.49498297594766,263.03372458195986,
2016-01-20,259.8217088686565,270.2993786996146,259.29436300527817,262.5702994292942,
2016-01-21,264.57314836495266,267.6573226568311,257.97333498388645,259.5660260258066,
2016-01-22,264.1363568417505,267.6466692050456,261.9364190480619,262.95915041946193,
2016-01-25,265.89417638634444,275.53555025214735,265.89417638634444,273.59129530130866,
2016-01-26,270.72551677103144,273.820344514695,267.6786295604019,270.400586491576,
2016-01-27,272.9414347423982,274.26246276379,267.33771910326857,268.4190444594884,
2016-01-28,271.17828847191157,274.4595516218202,268.9783506782228,272.5632372040159,
2016-01-29,274.78980862716816,275.1413725360869,269.44177583088856,270.94391253263234,
2016-02-01,272.0358913406376,273.60194875309406,269.85726045051985,270.7095365933532,
2016-02-02,269.85726045051985,275.13604581019416,268.54155915502065,270.9811996138814,
2016-02-03,272.0571982442084,283.9464504367345,270.2993786996146,281.1445926171698,
2016-02-04,285.8800519357879,295.20182224802824,285.2674784581263,295.20182224802824,
2016-02-08,300.66704301394736,300.66704301394736,290.5728974472643,292.20287557043315,
2016-02-09,288.3516527500047,292.7515283373823,287.9521483080516,290.0934921169204,
2016-02-10,287.8829008714462,292.30408336239464,283.0675406644376,288.2717518616141,
2016-02-11,286.6737340938014,298.8239958550701,286.588506479518,295.99550440604173,
2016-02-12,297.1034633917252,303.75121730582583,293.630438109679,295.7398215631918,
2016-02-15,300.2355782166379,303.30909905673093,298.259362910443,301.12514144072026,
2016-02-16,304.67806761115713,305.33858162185317,294.9514661310708,296.90104780780234,
2016-02-17,296.66667186852305,296.6879787720939,283.54694599478137,286.9453971143297,
2016-02-18,290.10947229459856,291.60628227044975,281.3043943939511,283.25397607068237,
2016-02-19,281.7465126430458,283.2859364260387,274.699254286992,275.64741149589423,
2016-02-22,275.58349078518177,283.5043321876397,266.33629463543923,269.5749439782062,
2016-02-23,271.6204067210063,276.8991920806808,256.10365419554574,261.5742016873576,
2016-02-24,257.5525236383625,266.77841288453413,257.5525236383625,262.81000209446614,
2016-02-25,264.1363568417505,264.79687085244643,255.77339719019776,257.56317709014786,
2016-02-26,259.7311545284804,262.8153288203588,254.67076493040713,258.38349287762503,
2016-02-29,258.60721536511886,258.60721536511886,254.0102509197112,255.56565488038208,
2016-03-01,255.41650655538623,268.3391435710979,254.6760916562998,268.3391435710979,
2016-03-02,277.34131032977564,281.7518393689386,276.4624005574787,281.7518393689386,
2016-03-03,290.9883820668955,295.6972077560502,280.86227614485625,282.38039302427813,
2016-03-04,286.588506479518,290.46103620351744,283.0675406644376,285.9812597277494,
2016-03-07,290.54626381780076,297.9876998899149,287.6378714803817,293.4226957998635,
2016-03-08,295.8303759033678,297.1514039247597,290.10947229459856,291.79804440258727,
2016-03-09,290.54626381780076,295.7877620962261,287.46741625181505,290.0934921169204,
2016-03-10,292.7515283373823,293.62511138378636,281.7465126430458,284.70284551349926,
2016-03-11,283.9464504367345,284.3832419599365,280.2017621341602,280.8889097743198,
2016-03-14,282.62542241534277,293.3641018150436,282.62542241534277,288.9162856946319,
2016-03-15,288.9216124205246,289.20392889283806,285.2674784581263,286.33815036256084,
2016-03-16,284.9709328024109,293.2955311274351,284.9709328024109,287.4064906990408,
2016-03-17,291.13710454508237,291.9311923494541,286.2926359935799,287.11870048806054,
2016-03-18,289.81540135391333,289.81540135391333,281.89051165525086,283.6652179562964,
2016-03-21,285.41327701558436,294.37740914278703,285.41327701558436,291.88855676264234,
2016-03-22,295.10221411858936,295.9815730965849,288.49369816274447,288.7441822352643,
2016-03-24,286.2926359935799,290.2524161187355,284.0915738244154,285.2480641166882,
2016-03-25,286.2926359935799,287.6143391847489,285.0135683892228,286.46850778917906,
2016-03-28,287.1719949715755,288.9360423759179,284.5765536244008,286.1167641979808,
2016-03-29,287.3958318023379,288.2751907803335,285.8929273672183,286.35125992544624,
2016-03-30,287.0440882111397,300.6661581975428,287.0440882111397,300.5915459206221,
2016-03-31,302.58475960407856,311.3996671774395,301.7107300744345,309.4011240456316,
2016-04-01,309.60364308298807,310.02466950275567,304.35413645677244,305.7078163380505,
2016-04-04,303.911792243599,307.87690181710605,301.2683858612611,302.9098559535192,
2016-04-05,303.911792243599,306.555198625937,292.46413718460275,295.65647674714415,
2016-04-06,295.9815730965849,306.9229305621896,295.9815730965849,303.51208361723747,
2016-04-07,304.8071395666489,308.3139165819281,302.8085964348411,303.48543637548005,
2016-04-08,301.2683858612611,306.9868839424076,301.2683858612611,305.0416352941144,
2016-04-11,306.1128544127635,316.68115049376405,302.59008905242996,303.7146026545939,
2016-04-12,304.3488070084209,309.9873633642952,299.94668267009206,307.53048767425935,
2016-04-13,311.3996671774395,314.92243253777286,309.241240595087,310.54162599285,
2016-04-14,311.8366819422616,313.1583851334306,306.107524964412,310.31245971373596,
2016-04-15,310.9626524126175,312.06051877302394,306.1128544127635,307.0561667709768,
2016-04-18,304.3488070084209,306.09153661935767,303.11770443922717,304.4607254238022,
2016-04-19,306.1128544127635,310.9519935159145,300.87400668325085,307.7223478149129,
2016-04-20,309.63561977309706,312.72137036860846,306.555198625937,307.669053331398,
2016-04-21,311.4049966257909,321.96796325844,308.31924603027954,314.72524294876786,
2016-04-22,316.2441357289421,328.1341350011116,314.4854177729512,321.7228086342717,
2016-04-25,322.1918000892026,337.38072789094315,322.010598845252,335.33954917232336,
2016-04-26,336.94371312612117,342.6728701039707,331.6569003614451,333.21309928007963,
2016-04-27,336.9010775393092,341.3458374644502,335.1849951701301,339.56580171505317,
2016-04-28,341.3511669128017,347.0749944422997,337.8710371392801,339.7896385458158,
2016-04-29,340.02946372163274,341.7828522292722,332.09924457461875,333.06387472623794,
2016-05-02,332.4083525790049,332.9786035526141,327.93694541210664,331.7688187768264,
2016-05-03,331.6569003614451,338.6597954953003,331.6569003614451,336.60795787997745,
2016-05-04,338.26541631729026,353.43835577397635,338.26541631729026,353.43835577397635,
2016-05-05,369.09627503064775,371.1108065075103,369.09627503064775,371.1108065075103,
2016-05-06,377.7193224633553,380.94363871600547,368.01972646364726,372.92814839536766,
2016-05-09,375.3743651887007,383.18200702363043,375.2624467733193,378.53472806113297,
2016-05-10,377.0264941776619,379.2275563468265,374.3830877953239,378.06040715785053,
2016-05-11,380.99160375116884,381.73772652037724,375.3104118084827,376.2377358216416,
2016-05-12,378.7905415820044,380.93830926765406,374.84674980190334,375.74209712495326,
2016-05-13,376.4509137557011,378.78521213365275,373.1786324678875,376.7653512084389,
2016-05-16,378.78521213365275,380.5492595379953,376.6267855513004,378.2789145402615,
2016-05-17,379.66990055999986,383.93878868954175,378.34819736883077,380.698484091837,
2016-05-18,383.19266592033347,399.72994415500034,381.87096272916443,393.707667517819,
2016-05-19,401.691181148348,408.29969710419294,388.56474985863326,391.16552065415937,
2016-05-20,390.6805408541737,400.326842370367,389.9077708432082,392.6098011574125,
2016-05-23,393.3239472365119,398.16841578801444,393.3239472365119,395.5783038891915,
2016-05-24,403.449899104339,403.45522855269047,394.42714304527,395.9460358254441,
2016-05-25,398.6054305528363,399.49011897918353,394.2139651112104,395.02937070898815,
2016-05-26,397.02258439244446,397.2837273616674,392.0022440453428,393.0734631639921,
2016-05-27,394.2033062145074,397.2837273616674,392.439258810165,395.0933240892059,
2016-05-30,394.2033062145074,394.2033062145074,389.80118187617836,389.9930420168319,
2016-05-31,388.61804434214804,391.074920032184,386.7154312806668,387.4135890147117,
2016-06-01,386.27308706749335,394.2033062145074,383.2566193005512,392.2367397728084,
2016-06-02,395.082665192503,409.1790560821884,394.645650427681,404.2279985636562,
2016-06-03,407.85735289101945,424.43726671249846,407.4629737130094,424.43726671249846,
2016-06-06,433.401398839701,440.0099147955462,427.23522709702956,431.1310538419673,
2016-06-07,436.0448052220391,437.8088526263816,427.23522709702956,428.8074143607185,
2016-06-08,431.63202198700714,434.7231020308702,425.48183858939,426.49976322452426,
2016-06-09,429.44161871454565,432.52203986170554,424.5971501630432,426.06274845970233,
2016-06-10,426.355868119034,426.355868119034,406.09330548667697,408.310356000896,
2016-06-13,404.77160229550805,424.1548059498697,393.7662914496854,414.2793381545624,
2016-06-14,425.03416492786516,433.84374305287463,422.8331027587006,429.91061016947657,
2016-06-15,438.2458673912037,442.64799172953275,430.811286940878,432.73521779576527,
2016-06-16,431.5094446749229,431.6426808837101,415.41984010178084,418.2444477280695,
2016-06-17,417.97797531049514,419.5075269873721,399.49011897918353,403.2473800669825,
2016-06-20,407.3084197108162,413.98088904687916,400.9184111373821,403.19941503181906,
2016-06-21,407.415008677846,413.98088904687916,404.7982495372654,407.04727674159324,
2016-06-22,410.5007592733576,413.5278859370026,403.449899104339,408.3156854492475,
2016-06-23,408.0758602734305,409.39756346459956,395.52500940567637,405.427124442741,
2016-06-24,399.92713374400546,400.150970574768,385.15390291368095,387.08849266527113,
2016-06-27,393.76096200133395,393.76096200133395,384.5143691115023,387.12046935537995,
2016-06-28,387.1577754938404,390.23819664100046,381.42861851599093,383.6190217884524,
2016-06-29,385.39372808949787,402.79437695710595,385.39372808949787,402.6877879900763,
2016-06-30,409.1790560821884,409.1790560821884,397.7260715748409,400.0283932626837,
2016-07-04,400.80116327364954,416.2245868028555,398.65339558799974,410.10105064699593,
2016-07-11,407.85735289101945,418.8679931851936,399.0690925594159,413.138836207344,
2016-07-12,414.02352463369107,427.19259151021765,411.9290514315563,423.51527214769095,
2016-07-13,426.7982123322075,433.84374305287463,420.8505479719471,423.70713228834455,
2016-07-14,423.7124617366961,428.55693028819854,422.3907585455269,425.753640455316,
2016-07-15,427.23522709702956,433.84374305287463,425.961488941024,431.5840569518437,
2016-07-18,431.6426808837101,444.41203913387517,431.6426808837101,439.5036172021548,
2016-07-19,438.2458673912037,439.56757058237264,432.0796956485321,434.07823878034003,
2016-07-20,432.1063428902896,433.84374305287463,427.23522709702956,431.3868673628388,
2016-07-21,435.1654462440436,438.6882116043773,430.75799245736306,436.65236233410883,
2016-07-22,438.2458673912037,441.3316179867151,432.0796956485321,433.72649518914193,
2016-07-25,433.84374305287463,434.6591486506521,428.11991552337656,428.84472049917895,
2016-07-26,429.87863347936775,431.20033667053656,426.355868119034,427.1019908882424,
2016-07-27,428.11991552337656,434.7231020308702,428.11991552337656,429.3670064376247,
2016-07-28,431.6426808837101,436.0448052220391,428.11991552337656,429.39898312773374,
2016-07-29,429.44161871454565,430.71535687055115,426.5797049497965,427.9333848310746,
2016-08-01,429.44161871454565,431.63735143535877,425.1460833432464,427.20857985527226,
2016-08-02,426.38251536079144,427.23522709702956,418.2977422115844,422.4600413740964,
2016-08-03,424.9009287190779,427.23522709702956,417.5889255808365,419.1504539478225,
2016-08-04,424.68775078501847,427.6775713102032,421.72990694994263,424.38397222898357,
2016-08-05,425.47650914103855,426.26526749705886,423.3607181454978,424.2720538136023,
2016-08-08,425.87088831904873,434.7231020308702,425.03416492786516,430.0385169299123,
2016-08-09,433.3587632528892,439.4130165801795,432.96438407487915,435.1441284506377,
2016-08-10,436.92416420003457,442.38684876030976,436.70565681762355,440.64944859772476,
2016-08-11,441.7739621998886,442.20564751635914,429.88396292771915,434.7284314792216,
2016-08-12,436.00216963522723,440.27638721312053,433.401398839701,434.04093264187964,
2016-08-15,436.0448052220391,439.56757058237264,433.8970375363895,438.2032318043918,
2016-08-16,438.6882116043773,439.03995519557543,434.504594648459,435.89025121984594,
2016-08-17,436.92416420003457,438.6882116043773,433.84374305287463,435.3253296945882,
2016-08-18,438.6882116043773,438.9067189867881,431.6426808837101,433.05498469685443,
2016-08-19,435.6077904572171,438.6882116043773,429.44161871454565,435.46389535172693,
2016-08-22,434.7231020308702,434.23812223088476,434.23812223088476,433.2148681473991,
2016-08-23,431.5094446749229,435.16011679569203,429.44161871454565,429.8733040310162,
2016-08-24,431.6426808837101,431.6426808837101,429.46293650795155,429.7240794771745,
2016-08-25,430.75799245736306,435.58114321545963,430.75799245736306,432.4953926199483,
2016-08-26,431.6480103320617,434.06225043528576,429.894621824422,430.3689427277046,
2016-08-29,429.46293650795155,433.8011074660626,428.11991552337656,430.28900100243214,
2016-08-30,433.6252356704635,433.6252356704635,428.11991552337656,428.85537939588204,
2016-08-31,428.11991552337656,428.5622597365502,425.0394943762165,425.305966793791,
2016-09-01,425.03416492786516,425.03416492786516,421.51139956753156,421.788530881809,
2016-09-02,420.5414399675608,420.5414399675608,411.6892262557393,413.01092944690856,
2016-09-05,414.02352463369107,415.563735207271,409.5094818799807,412.2967833678089,
2016-09-06,413.05356503372025,418.8679931851936,409.7066714689858,411.02837466015484,
2016-09-07,411.82246246452655,417.96731641379205,411.82246246452655,415.30792168639965,
2016-09-08,420.63204058953613,428.99927450137204,415.30792168639965,416.08602114571687,
2016-09-09,420.1896963763624,421.90577874554174,412.74445702933394,413.87962952820084,
2016-09-15,414.02352463369107,415.7875720380335,409.62140029536204,413.6824399391959,
2016-09-16,415.34522782486005,417.10394578085095,413.5811804205175,413.7250755260077,
2016-09-19,414.1250667720578,428.22491489928905,411.92346477714415,419.24259199025903,
2016-09-20,419.76500602295033,422.0572308602696,414.13039752749347,414.85538026673856,
2016-09-21,415.88954682125,416.32666876697135,409.73252429310173,414.1677128155429,
2016-09-22,418.50694774014244,425.13840750206157,415.4470941200931,417.088966794266,
2016-09-23,417.6486961150067,418.528270761885,414.1250667720578,416.9823516855534,
2016-09-26,418.528270761885,418.528270761885,411.4810120759873,413.581329717624,
2016-09-27,412.0567336630347,414.1144052611865,409.98306979857625,411.8594957119166,
2016-09-28,411.92346477714415,412.8030394240225,409.7218627822305,410.22295379317944,
2016-09-29,425.13840750206157,425.13840750206157,415.932192864735,419.4664837185552,
2016-09-30,416.1933998810807,421.6147781591126,416.1933998810807,420.5273040502449,
2016-10-03,422.4943528059908,426.19389707831544,419.85029810992035,420.5166425393736,
2016-10-04,421.17232545795565,422.9368055071479,419.413176164199,420.0741898382167,
2016-10-05,422.9368055071479,427.3400094969751,420.7352035122343,423.4325657626611,
2016-10-06,425.1170844803189,430.863638839924,425.11175372488333,426.844249241462,
2016-10-07,427.3400094969751,431.263445497596,426.76961866536317,427.9050695731516,
2016-10-10,427.3400094969751,433.9501462371516,427.3400094969751,432.85201061741253,
2016-10-13,433.9501462371516,436.5942009332223,430.4691629376877,434.03543832412174,
2016-10-14,429.98406419304587,434.3925989383087,422.9474670180192,433.47037824794523,
2016-10-17,433.5076935359946,433.9501462371516,430.42651689420285,432.59613435650266,
2016-10-18,431.748544242238,437.4737755801005,427.3453402524108,435.6879725091657,
2016-10-19,427.3400094969751,436.1517482320652,427.3400094969751,433.85952339474613,
2016-10-20,431.6419291335254,447.122442918584,431.6419291335254,437.2605453626756,
2016-10-21,436.1517482320652,437.0313228789435,430.863638839924,435.95984103638267,
2016-10-24,433.9501462371516,438.35335022697893,432.6387803999876,434.29664534046725,
2016-10-25,432.62811888911625,453.7752257022455,427.3400094969751,443.6734441517337,
2016-10-26,441.8823103253634,448.1299556959172,433.9501462371516,435.5600343787108,
2016-10-27,431.0875305682204,433.61963940014283,428.26756094277414,429.2590814538006,
2016-10-28,429.1044895461674,434.82972088403005,418.9813849739133,425.0904307031408,
2016-10-31,421.6147781591126,432.95862572612504,421.6147781591126,430.20262516590634,
2016-11-01,431.748544242238,441.8823103253634,429.54694224732447,440.68822110778314,
2016-11-02,443.20433767339864,451.57362370733205,440.56028297732814,442.36207831456977,
2016-11-03,442.71923892875674,442.7618849722419,438.35335022697893,440.0538612109435,
2016-11-04,436.1517482320652,440.56028297732814,436.1517482320652,438.30004267262257,
2016-11-07,436.1517482320652,460.20944751304637,433.8968386827954,460.20944751304637,
2016-11-08,473.6003051673393,473.6003051673393,449.361360201547,451.9947533867463,
2016-11-09,440.99740492304954,473.9947810695757,433.9501462371516,467.9816889381894,
2016-11-10,469.1917704220765,476.68681256456705,463.9089917853709,466.8622302967078,
2016-11-11,464.7885664322492,470.49247474836943,456.41928039831606,459.5750876162068,
2016-11-14,457.74130774635137,466.990168427163,456.4619264418012,457.3308395778082,
2016-11-15,458.17842969207277,460.3853624424219,443.20433767339864,453.727248903325,
2016-11-16,458.1304528931521,464.3461137310923,454.21767840340243,459.01535829546606,
2016-11-17,455.97682769715914,465.89203280742396,455.97149694172356,457.96519947464776,
2016-11-18,460.3853624424219,460.3853624424219,448.4871163101044,449.65455175050647,
2016-11-21,449.37202171241836,462.5869644373356,449.37202171241836,460.73719230117337,
2016-11-22,466.9848376717273,471.7931790746621,464.7885664322492,465.63082579107817,
2016-11-23,466.9848376717273,471.8145020964047,462.5869644373356,471.13749615608015,
2016-11-24,471.39870317242577,482.0175680001932,466.990168427163,468.4667876828313,
2016-11-25,471.1748114441294,471.39870317242577,464.7885664322492,467.5339054815967,
2016-11-28,463.509185127699,466.990168427163,458.17842969207277,459.2179270020199,
2016-11-29,459.0633350943866,465.62549503564253,454.21767840340243,457.9492072083409,
2016-11-30,455.97682769715914,471.3720493952477,455.97682769715914,462.22447306771323,
2016-12-01,485.3332978811528,485.3332978811528,482.41204390242956,485.3332978811528,
2016-12-02,486.8152478922568,489.02218064260603,476.68681256456705,478.7498149181543,
2016-12-05,480.21044190751576,498.71349402457435,477.5663872114453,493.9637909314315,
2016-12-06,495.62698662734687,503.1166980144016,494.7474119804685,498.43629474192176,
2016-12-07,498.71349402457435,501.79467066636636,493.42538463243324,497.6633352037561,
2016-12-08,488.1372752402922,522.5473015772592,484.61364589734313,522.5473015772592,
2016-12-09,528.6723395727937,548.6733339672636,526.47073757788,548.6733339672636,
2016-12-13,576.1054014389958,576.1054014389958,576.1054014389958,576.1054014389958,
2016-12-14,604.907473057684,604.907473057684,599.9018937036309,604.907473057684,
2016-12-15,604.8861500359418,634.8449955841609,594.7523839528164,625.2389742891626,
2016-12-16,631.321366241212,649.8244183582707,614.5774634179103,627.1740385122949,
2016-12-19,638.8110776282667,649.8244183582707,630.527083681304,637.4304119704396,
2016-12-20,639.6906522751452,640.1331049763021,621.1876001580866,623.437178951921,
2016-12-21,631.321366241212,631.7584881869334,605.3286027370987,615.8141986789755,
2016-12-22,619.4231201088944,619.4231201088944,599.1609186980792,600.9627140353209,
2016-12-23,599.1609186980792,625.5908041479137,596.9539859477295,615.0519006516809,
2016-12-26,607.9726574331693,617.6639708151376,607.5302047320123,609.8170988138959,
2016-12-27,601.3625206929929,616.7843961682593,601.3625206929929,613.9484342765063,
2016-12-28,615.4623688202241,621.1876001580866,607.5728507754973,609.7477989932328,
2016-12-29,616.7790654128239,621.1396233591662,599.603371399236,608.7349554604639,
2016-12-30,604.0065753890634,613.6872272601605,594.7523839528164,605.7284093947704,
2017-01-02,604.0065753890634,614.1403414721888,598.8090888393278,600.5255920895994,
2017-01-03,596.9539859477295,603.558791932471,586.7722430656837,597.3697848717087,
2017-01-04,607.0877520308553,607.0877520308553,596.9539859477295,600.077808633007,
2017-01-05,596.9539859477295,607.9673266777336,594.7523839528164,595.7812197518922,
2017-01-06,594.7523839528164,617.6639708151376,594.7523839528164,602.6045867094939,
2017-01-09,604.0065753890634,612.3758614229965,599.1609186980792,600.8507681711727,
2017-01-10,607.0877520308553,607.0877520308553,594.7523839528164,602.7058710627704,
2017-01-11,599.1609186980792,608.7989245256913,593.4410181156524,606.9065063460441,
2017-01-12,607.9726574331693,625.5588196153001,607.9726574331693,617.9198470760479,
2017-01-13,621.1876001580866,636.6041448779174,614.6947400374938,620.1267798263971,
2017-01-16,651.1251226845635,651.1251226845635,630.8842442954906,641.1352869981995,
2017-01-17,641.8869235146232,647.6228163633571,632.6860396327324,641.7056778298121,
2017-01-18,654.6700750492549,654.6700750492549,638.8110776282667,642.590583232126,
2017-01-19,641.4551323243373,647.6228163633571,636.6094756333532,643.6194190312017,
2017-01-20,647.1750329067644,675.8011895960772,627.7977368982631,655.6082880059248,
2017-01-23,655.7735414244296,667.4478958284507,645.4158836130077,657.1915223703061,
2017-01-24,658.6361570933607,658.6361570933607,645.4158836130077,648.8488901135511,
2017-01-25,653.7905004023767,654.2276223480981,635.8685006278013,638.7897546065243,
2017-01-26,635.7245702310393,639.2481995739884,629.2103870887039,630.2925304421362,
2017-01-27,631.3693430401328,633.5229682361256,616.7843961682593,618.0584467173738,
2017-01-30,605.696424862157,612.3758614229965,587.156057457049,587.156057457049,
2017-01-31,583.7390432228125,583.7390432228125,563.4715110565617,569.2447191933448,
2017-02-01,575.3750879443148,585.002432261056,573.1681551939658,581.4574798963642,
2017-02-02,585.5035232720047,610.5314200422697,561.712361762805,605.0300804327036,
2017-02-03,635.2821175298824,635.2821175298824,610.1742594280829,635.2821175298824,
2017-02-06,638.36862492711,638.8110776282667,621.1876001580866,633.8428135622631,
2017-02-07,633.5229682361256,633.5229682361256,624.7112295010357,627.6697987678082,
2017-02-08,621.1929309135222,629.5568861920199,618.9859981631731,620.5639017721181,
2017-02-09,616.9318217350387,625.3031082196075,612.5222332492185,614.6817052404606,
2017-02-10,627.9477949051778,627.9477949051778,586.0806984231201,590.0050722146119,
2017-02-13,592.6977471666547,601.5062600790797,572.905253261739,584.4864215703265,
2017-02-14,572.862597024875,591.8126302517259,572.862597024875,575.3046665853414,
2017-02-15,575.0647252529811,595.3371018226175,575.0647252529811,579.1330638438892,
2017-02-16,577.2935136291273,584.3211286524784,576.3924006253743,577.1228886816712,
2017-02-17,592.6870831074389,592.6870831074389,570.6604687967688,571.9881441691624,
2017-02-20,556.9998089410592,582.5508948226205,556.9998089410592,563.5102170924337,
2017-02-21,556.9998089410592,564.0487520828422,553.032778912703,559.8097885444779,
2017-02-22,564.0487520828422,568.4583405686625,560.9668389694151,561.5267020782557,
2017-02-23,544.6668244577428,582.9987853096932,544.6668244577428,573.0065618242911,
2017-02-24,583.4413437671575,597.0966715932587,577.2668534810874,593.2522782458872,
2017-02-27,588.7253851086911,600.5784869272866,584.7583550803348,594.787902772993,
2017-02-28,594.894543365153,594.894543365153,586.9658153380491,590.4902869089403,
2017-03-01,586.0806984231201,603.7083883071855,581.6764419669078,597.8378237087719,
2017-03-02,590.927513336797,616.937153764647,590.927513336797,614.4950842041804,
2017-03-03,625.3031082196075,641.165896303423,606.3584070223643,627.2386349673133,
2017-03-06,627.0626779902491,627.0626779902491,612.7408464631467,616.7345366395427,
2017-03-07,616.4892632775744,616.9318217350387,608.997761678327,609.8935426524719,
2017-03-08,610.3201050211122,617.3637161332873,610.3201050211122,616.1213532346221,
2017-03-09,608.117976793006,619.1339499631451,594.894543365153,603.4471188563934,
2017-03-10,595.9662813163619,603.6657320703216,588.2881586808342,594.5372973814165,
2017-03-13,590.5969275011007,590.5969275011007,580.3540986241223,583.084097783421,
2017-03-14,576.173787411446,577.2668534810874,572.862597024875,575.3046665853414,
2017-03-15,575.5072837104456,590.4902869089403,575.1127135194531,588.3734711545625,
2017-03-16,594.894543365153,617.7902785019279,568.4583405686625,610.8106517450486,
2017-03-17,616.9318217350387,620.8935197337868,580.2687861503944,589.1146232700751,
2017-03-20,586.5285889101924,614.7243614773248,586.5285889101924,610.8906321891687,
2017-03-21,601.5115921086875,608.117976793006,583.8785701950138,587.3497214698255,
2017-03-22,590.4742908201164,590.4742908201164,575.0647252529811,579.5649582421378,
2017-03-24,573.5450968146998,585.2009135377992,573.5450968146998,583.084097783421,
2017-03-27,579.5223020052732,581.6764419669078,565.6270328468117,568.4636725982707,
2017-03-28,570.2179103393044,592.6924151370466,557.4370353689155,578.7918139489766,
2017-03-29,588.2881586808342,607.7287386316217,586.0806984231201,607.7287386316217,
2017-03-30,625.3031082196075,638.1106433380357,616.9318217350387,638.1106433380357,
2017-03-31,665.3999708718072,670.0175085123396,651.7393110160976,670.0175085123396,
2017-04-03,665.3999708718072,703.5133185098292,655.2691146165969,688.8022488213426,
2017-04-04,689.6393774697993,709.4638635523631,683.0276607558727,696.1071293843096,
2017-04-05,699.7755657546176,704.17982221083,687.4372492416929,691.7455291649615,
2017-04-06,689.6393774697993,700.6553506399381,672.0116875857336,696.1551176507818,
2017-04-07,701.5351355252592,701.7590807687953,687.4372492416929,689.7086938547036,
2017-04-10,689.6393774697993,688.5356473409422,682.5904343280162,684.5419571645461,
2017-04-11,661.4382728730591,688.3170341270142,661.4382728730591,680.4576224848142,
2017-04-12,687.4372492416929,700.6553506399381,685.2297889839788,698.7411520106646,
2017-04-13,704.6170486386861,704.6170486386861,663.8056940190138,663.8056940190138,
2017-04-14,639.4009945031734,656.5914579593825,632.3520513613901,638.1106433380357,
2017-04-17,638.9637680753167,647.7776130173496,621.3360781912512,643.1600753768172,
2017-04-18,646.4552696745643,662.3180577583802,646.4446056153482,660.7291129351945,
2017-04-19,645.5701527596353,685.2297889839788,627.9477949051778,682.307836758792,
2017-04-20,660.9957144155949,716.416830161202,656.3675127158461,700.1328117383539,
2017-04-21,700.6553506399381,716.518138723754,698.4532224118323,704.7876735861423,
2017-04-24,704.6223806682942,708.1468522391857,691.8361736682975,704.9316383855585,
2017-04-25,705.5074975832233,711.6180035139971,683.6941644568735,696.304414479806,
2017-04-26,686.552132326764,707.267067353865,686.552132326764,704.3184549806379,
2017-04-27,705.0596070961508,707.267067353865,691.8415056979056,696.3950589831419,
2017-04-28,694.0489659556197,696.2510941837261,683.9074456411937,693.5850793797232,
2017-05-02,691.3989472404411,691.8415056979056,678.180845842196,680.7668802020785,
2017-05-03,687.2186360277649,687.2186360277649,667.6074311295212,674.5923899160081,
2017-05-04,661.4382728730591,696.2510941837261,661.4382728730591,674.6457102120883,
2017-05-05,671.5691291282694,674.2138158138399,665.3999708718072,667.298173412257,
2017-05-08,674.203151754624,678.6234042996605,663.1978426437009,675.5414911862331,
2017-05-09,672.0596758522059,683.0276607558727,672.0116875857336,673.8778979485356,
2017-05-10,676.8585024994107,678.6234042996605,667.6074311295212,671.5318049210132,
2017-05-11,678.6074082108364,698.4532224118323,676.4212760715541,695.1153718772208,
2017-05-12,697.5681054969032,707.267067353865,695.8085357262614,704.2278104773019,
2017-05-15,705.0596070961508,724.8894252083222,701.9776939827237,715.5423773054895,
2017-05-16,724.0096403230016,724.0096403230016,709.9544102762998,718.4536654714599,
2017-05-17,718.283040524004,730.6213570369281,705.5021655536153,717.1633143063226,
2017-05-18,711.6713238100774,712.1138822675417,706.8245088964005,710.359644526508,
2017-05-19,705.0596070961508,727.0488971995643,700.6553506399381,719.1788214981487,
2017-05-22,719.1628254093247,722.6872969802162,705.9447240110795,715.9529435853054,
2017-05-23,723.1298554376808,727.0968854660366,720.4851687521099,722.1487619898076,
2017-05-24,727.0968854660366,749.1288318063147,727.0968854660366,735.3935235360927,
2017-05-25,741.5840099109869,766.7565216903803,739.435201978961,763.3760149189047,
2017-05-26,768.0788650331656,768.0788650331656,735.9107304080696,743.5888530435969,
2017-05-29,731.5011419222492,762.3469332045597,731.5011419222492,755.3459783292486,
2017-05-30,747.9077970260815,768.3827907208218,747.9077970260815,763.4559953630247,
2017-05-31,770.7182196891283,771.1607781465925,725.2839953993149,744.8205518830464,
2017-06-01,745.3804149918869,749.1288318063147,707.5816571007373,715.3131000323451,
2017-06-02,705.0596070961508,724.8894252083222,679.5458454218456,705.1235914514468,
2017-06-05,718.2670444351799,740.378971219578,706.387282468544,740.378971219578,
2017-06-06,749.1288318063147,766.7565216903803,722.6872969802162,749.1554919543549,
2017-06-07,750.0086166916354,751.3309600344209,742.9063532537722,745.9349460711194,
2017-06-08,760.1341409172376,760.1341409172376,740.3149868642818,748.9901990365064,
2017-06-09,748.643617111986,752.610647140342,744.7192433204945,748.6062929047303,
2017-06-12,741.3440685786269,741.6426622366752,711.1807770861409,714.1187254001518,
2017-06-13,703.3000373255092,729.2990136941428,702.8574788680445,714.7479048938962,
2017-06-14,727.0808893772127,727.0968854660366,696.2510941837261,704.387771365542,
2017-06-15,676.4639323084185,705.0649391257585,676.4639323084185,697.2748438684629,
2017-06-16,704.17982221083,716.0809122958975,683.0276607558727,694.347559613668,
2017-06-19,701.5351355252592,701.8390612129153,681.268090985231,698.2932615235919,
2017-06-20,696.2510941837261,696.2510941837261,679.0179744906528,680.3243217446143,
2017-06-21,674.6563742713045,702.8574788680445,660.9957144155949,684.190043210418,
2017-06-22,690.0819359272638,718.4003451753799,678.6234042996605,698.9917574022408,
2017-06-29,713.8627879789675,713.8627879789675,676.8478384401948,691.8415056979056,
2017-06-30,683.0276607558727,697.5681054969032,683.0276607558727,694.3262314952361,
2017-07-03,687.9864482913175,687.9864482913175,659.6093867175134,660.8837417938266,
2017-07-04,630.1499231332837,687.4372492416929,630.1499231332837,681.294751133271,
2017-07-05,687.4319172120851,715.3557562692089,679.0606307275168,706.0780247512797,
2017-07-06,707.267067353865,707.267067353865,687.4372492416929,702.436248529012,
2017-07-07,695.1473640548688,707.267067353865,695.1473640548688,705.0169508592866,
2017-07-10,696.2510941837261,713.4362256103268,696.2510941837261,706.296637965208,
2017-07-11,685.6723474414432,705.0542750665428,670.9826058713886,670.9826058713886,
2017-07-12,654.3839977016684,678.6234042996605,638.9637680753167,658.3403636708081,
2017-07-13,654.6505991820684,660.9957144155949,638.9637680753167,647.8256012838217,
2017-07-14,655.2691146165969,665.3999708718072,643.6772822487935,650.9661667229368,
2017-07-17,650.8595261307765,666.279755757128,650.8595261307765,661.2516518367793,
2017-07-18,667.6074311295212,676.4212760715541,666.7223142145925,670.4014146441161,
2017-07-19,668.9297744723066,699.7169134289293,668.9297744723066,688.6636160515342,
2017-07-20,700.212792182474,700.212792182474,677.7382873847315,678.6927206845643,
2017-07-21,674.2138158138399,711.6713238100774,665.3999708718072,708.8080239105783,
2017-07-24,713.8681200085755,713.8681200085755,692.2840641553698,697.1682032763028,
2017-07-25,702.8574788680445,722.6872969802162,702.8574788680445,705.3582007541991,
2017-07-26,712.1138822675417,722.6872969802162,710.348980467292,720.9917115648706,
2017-07-27,718.7255989814681,757.0362317149865,718.7255989814681,727.8966899072373,
2017-07-28,696.2510941837261,759.7022465189891,696.2510941837261,747.609203368033,
2017-07-31,757.8520322450112,784.9867309201503,757.0575598334185,772.0298989726975,
2017-08-01,777.7724948605193,793.1927244868705,771.1607781465925,787.7433902274893,
2017-08-02,787.7540542867051,804.2086976570096,787.7540542867051,792.6328613780299,
2017-08-03,806.4161579147238,806.4161579147238,782.1767513167315,792.6435254372461,
2017-08-04,819.1917008555045,819.1917008555045,784.9867309201503,787.9620034414171,
2017-08-07,791.8703811440853,791.8703811440853,779.9746230886252,783.669719606973,
2017-08-08,786.586339802552,789.6682529159789,771.1607781465925,778.5189790056398,
2017-08-09,771.2620867091445,793.1927244868705,771.1607781465925,789.7429013304912,
2017-08-10,793.1927244868705,794.493739711224,788.788468030658,788.793800060266,
2017-08-11,782.1767513167315,801.4360422608468,782.1767513167315,797.3410435218989,
2017-08-15,793.1980565164787,797.6023129726908,776.4501515177337,782.2833919088915,
2017-08-16,782.1767513167315,784.3788795448376,780.4171815460899,783.1098564981324,
2017-08-17,787.4661246878728,787.4661246878728,744.0580716491016,751.4749248338368,
2017-08-18,730.1787985794637,789.0497374814504,729.7415721516073,781.0516930694424,
2017-08-21,781.3396226682746,784.3682154856217,757.9426767483474,760.3154299239097,
2017-08-22,738.2141671987278,771.1607781465925,724.8894252083222,752.5839869923024,
2017-08-23,745.2631103405109,762.29361290848,741.6373302070672,751.0910187020605,
2017-08-24,757.6707432383392,757.6707432383392,716.5607949606182,735.5694805131571,
2017-08-25,724.452198780466,744.7192433204945,724.452198780466,741.7013145623633,
2017-08-28,704.6223806682942,704.6223806682942,704.6223806682942,704.6223806682942,
2017-08-29,669.3883290185953,669.3883290185953,669.3883290185953,669.3883290185953,
2017-08-30,635.9191791691457,683.0276607558727,635.9191791691457,639.0384164898289,
2017-08-31,649.9797412454558,658.7935861874885,607.088895078661,632.7252934339507,
2017-09-05,632.3520513613901,654.3839977016684,632.3520513613901,647.7616169285254,
2017-09-06,660.9957144155949,662.7606162158447,638.9637680753167,646.1140197796518,
2017-09-07,638.9637680753167,651.3020845882411,630.1499231332837,636.6283391070104,
2017-09-08,644.5517351045061,649.9797412454558,625.7403346474634,628.8115837016747,
2017-09-11,628.8115837016747,630.1499231332837,621.3360781912512,625.942951772568,
2017-09-12,617.4810207846633,633.4077932237753,617.4810207846633,627.6705293655616,
2017-09-13,630.1499231332837,659.054855638281,630.1499231332837,659.054855638281,
2017-09-14,660.9957144155949,674.2138158138399,657.0446804760627,665.9598339806479,
2017-09-15,672.1237988294657,687.5464786318587,665.5056986791304,678.139283897619,
2017-09-18,670.3746152280879,670.3746152280879,669.9159878204097,670.2679576914185,
2017-09-19,652.5041449591323,691.9514348963046,652.5041449591323,686.8798690276753,
2017-09-20,687.5464786318587,694.1325815211932,677.4193455251008,688.4264033093815,
2017-09-21,687.1038498546811,687.9837745322035,677.1953646980949,682.0376168628851,
2017-09-22,683.1361894905798,687.5464786318587,648.317836644859,683.1308566137463,
2017-09-25,696.047084304409,696.047084304409,674.3209440848551,682.4322497485618,
2017-09-26,680.9337113583568,683.1361894905798,672.1344645831326,683.1361894905798,
2017-09-27,683.1361894905798,683.1361894905798,671.2385412751098,672.7797426799825,
2017-09-28,672.9983906301546,672.9983906301546,658.8982642824619,661.6820259895329,
2017-09-29,658.8982642824619,679.1685291264787,658.4556355052839,663.3085534237412,
2017-10-02,683.1361894905798,683.1361894905798,661.1007424146849,664.4817863271041,
2017-10-03,663.7458493240856,676.5287550939113,655.8105285958833,670.2039631694169,
2017-10-04,657.5757108277616,665.5056986791304,639.0652953387896,663.2498917785729,
2017-10-05,661.1007424146849,661.1060752915186,650.0830188767372,656.8504395784099,
2017-10-06,658.8982642824619,689.6902951189136,651.4055723314376,679.6324894109905,
2017-10-09,663.3085534237412,669.3240384918943,645.6513982281242,648.5311517181979,
2017-10-10,648.317836644859,652.2854970089601,632.0098992881099,647.5392366271722,
2017-10-11,639.0652953387896,652.2854970089601,634.6550061975106,649.4270750262205,
2017-10-12,641.2677734710126,641.2677734710126,630.2500499330647,638.8093172507832,
2017-10-13,630.6873458334098,650.9629435542596,617.0298482628946,621.0081743806628,
2017-10-16,625.7970977771182,646.5579872898142,624.5172073370856,641.214444702678,
2017-10-17,642.5903269257129,658.8982642824619,642.5903269257129,648.10452157152,
2017-10-18,644.0462023012501,656.6957861502393,643.4702516032353,651.5388942522744,
2017-10-19,661.1007424146849,683.0935264759117,645.6727297354581,669.4840247968986,
2017-10-20,669.036063142887,683.1361894905798,661.1007424146849,671.7771618352905,
2017-10-23,663.3032205469076,667.7135096881865,645.6727297354581,654.3066573288448,
2017-10-24,654.487975141183,654.487975141183,636.8628172065669,638.9746364326209,
2017-10-25,647.8805407445145,647.8805407445145,639.0652953387896,643.4702516032353,
2017-10-26,643.4702516032353,658.8502683909608,636.8628172065669,639.2732775352952,
2017-10-27,617.0298482628946,627.6049430236641,617.0298482628946,623.9785867769051,
2017-10-30,617.0298482628946,628.0475718008422,617.0298482628946,625.8610922991201,
2017-10-31,619.2323263951176,647.8805407445145,619.2323263951176,639.0652953387896,
2017-11-01,647.8752078676808,671.0145604481041,647.8752078676808,670.4012796122552,
2017-11-02,682.6935607134019,693.7166171281827,663.3032205469076,681.1256949243618,
2017-11-03,692.8313595738271,683.1361894905798,676.966050994256,679.968460651499,
2017-11-06,713.5495860718548,713.5495860718548,680.9337113583568,683.7121401885944,
2017-11-07,678.1072866366181,707.3794475755311,678.1072866366181,698.3242227123002,
2017-11-08,698.1215733926283,700.766680302029,691.9514348963046,698.5268720319716,
2017-11-09,703.9664064021107,713.9868819721996,701.2093090792074,705.3636201324797,
2017-11-10,700.766680302029,712.6429970101652,698.70818984431,703.9504077716103,
2017-11-13,705.171636566475,705.171636566475,691.9514348963046,693.0606732776661,
2017-11-14,696.3617240375837,704.5103598391249,683.1361894905798,684.128104581605,
2017-11-15,694.1539130285273,710.4618503852763,691.946102019471,705.528939314317,
2017-11-16,702.9744913110854,709.581925707754,700.766680302029,700.9479981143671,
2017-11-17,666.3909562334862,702.5265296570741,696.3617240375837,700.7773460556962,
2017-11-20,700.7613474251957,700.7613474251957,678.7312332261343,681.3443428745344,
2017-11-21,680.9337113583568,694.1539130285273,674.7902372462001,683.1308566137463,
2017-11-22,683.1361894905798,687.5464786318587,678.7312332261343,684.4587429452803,
2017-11-23,679.1685291264787,683.1308566137463,674.3209440848551,678.2886044489563,
2017-11-24,674.3209440848551,682.6988935902352,672.5610947298103,674.4915961435262,
2017-11-27,661.5433711918625,678.7312332261343,661.5433711918625,671.6651714217874,
2017-11-28,669.9159878204097,671.2385412751098,663.3032205469076,663.3032205469076,
2017-11-29,661.1007424146849,663.3032205469076,656.6957861502393,661.1114081683518,
2017-11-30,663.3032205469076,663.3032205469076,650.0830188767372,656.6957861502393,
2017-12-04,650.0830188767372,663.7031863094177,650.0830188767372,659.2502341534711,
2017-12-05,663.3032205469076,663.3032205469076,653.6080504636604,657.0104258834141,
2017-12-06,658.887598528795,658.887598528795,650.0830188767372,651.4962312376066,
2017-12-07,643.4702516032353,649.6403900995592,634.6550061975106,638.6973268372806,
2017-12-08,639.0706282156232,652.2854970089601,638.6226665616118,639.3426049341302,
2017-12-11,656.6957861502393,664.0764876877607,639.5025912391344,651.1549271202645,
2017-12-12,652.2854970089601,652.2854970089601,641.2677734710126,649.853705172898,
2017-12-13,654.487975141183,654.487975141183,650.9576106774261,650.9629435542596,
2017-12-14,643.4702516032353,649.6350572227259,634.6550061975106,637.0121377579043,
2017-12-15,639.0706282156232,651.4055723314376,630.2500499330647,644.4355023100933,
2017-12-18,639.0652953387896,639.0652953387896,636.8628172065669,639.0546295851228,
2017-12-19,635.7802432093725,635.7802432093725,612.6195591216157,616.31524276721,
2017-12-20,621.4348045273404,625.4024648914417,606.006791848114,616.325908520877,
2017-12-21,617.0298482628946,620.9921757501623,617.0298482628946,617.8937743099169,
2017-12-22,620.9868428733292,648.7551325452033,613.4994837991384,627.2529731526554,
2017-12-26,625.8397607917858,649.5550640702239,617.0298482628946,629.226137581039,
2017-12-27,630.2553828098985,639.059962461956,630.2553828098985,636.32952952322,
2017-12-28,636.8628172065669,641.2624405941793,634.6550061975106,634.6550061975106,
2017-12-29,630.2553828098985,643.4702516032353,630.2553828098985,639.4492624707995,
2018-01-01,639.5025912391344,647.8805407445145,630.2500499330647,633.8284102883231,
2018-01-02,650.0830188767372,664.6204411247745,645.6727297354581,661.7246890042006,
2018-01-03,677.8459756717783,678.7312332261343,652.2854970089601,657.7090327485982,
2018-01-04,664.9617452421166,672.1184659526322,661.1007424146849,661.1434054293525,
2018-01-05,652.7334586629714,669.9159878204097,652.7334586629714,660.1248259541597,
2018-01-08,661.1007424146849,667.7135096881865,658.4556355052839,665.4417041571286,
2018-01-09,665.5056986791304,665.5056986791304,652.7334586629714,655.4052299565395,
2018-01-10,661.1007424146849,668.9720686208855,649.6403900995592,660.2261506139957,
2018-01-11,661.1007424146849,663.3032205469076,652.2854970089601,655.581214892044,
2018-01-12,656.6957861502393,661.1007424146849,647.8805407445145,656.5677971062358,
2018-01-15,660.2154848603288,660.2154848603288,647.8805407445145,649.5710627007242,
2018-01-16,654.487975141183,661.1007424146849,654.487975141183,660.5301245935035,
2018-01-17,661.1007424146849,665.4630356644626,658.6742834554562,661.3033917343566,
2018-01-18,667.8894946236912,676.704740029416,661.980667092207,666.3589589724855,
2018-01-19,661.5433711918625,661.5433711918625,658.4982985199517,661.090076661018,
2018-01-22,661.1007424146849,665.5056986791304,650.0830188767372,662.6312780658906,
2018-01-23,665.5056986791304,665.5056986791304,656.6957861502393,661.7513533883681,
2018-01-24,634.6550061975106,669.9159878204097,634.6550061975106,665.761676767137,
2018-01-25,667.7988357175223,683.1361894905798,667.7988357175223,677.2113633285953,
2018-01-26,678.7312332261343,678.7312332261343,669.9159878204097,674.8488988913685,
2018-01-29,669.1213891722225,674.3209440848551,667.7135096881865,672.1611289673001,
2018-01-30,669.9586508350772,687.5464786318587,669.9159878204097,683.8721264935984,
2018-01-31,668.1561384653647,691.8394444828017,668.1561384653647,688.2184211128762,
2018-02-01,689.7489567640818,700.766680302029,689.7329581335812,698.4362131258031,
2018-02-02,699.8867556245069,710.3765243559407,690.1915855412597,703.1984721380911,
2018-02-06,678.7312332261343,709.581925707754,678.7312332261343,703.0118214489199,
2018-02-07,736.0223290480943,736.0223290480943,694.1539130285273,697.2469815919395,
2018-02-08,705.0596461529719,705.0596461529719,689.7489567640818,691.4021485824571,
2018-02-09,700.766680302029,705.171636566475,687.9837745322035,697.1936528236047,
2018-02-12,696.3617240375837,696.3617240375837,687.5464786318587,692.9380171104962,
2018-02-13,700.766680302029,700.766680302029,694.1539130285273,695.9030966299053,
2018-02-14,694.1539130285273,694.1539130285273,676.5287550939113,682.6295661914002,
2018-02-15,676.5287550939113,704.2917118889526,672.3957755479724,678.7365661029676,
2018-02-16,678.7365661029676,696.3617240375837,685.1200196726302,687.5731430160262,
2018-02-19,687.5464786318587,696.3617240375837,683.1308566137463,687.8504526113664,
2018-02-20,687.5464786318587,689.7489567640818,669.9159878204097,684.2240963646074,
2018-02-21,690.1915855412597,690.1915855412597,678.7205674724673,679.4351729681522,
2018-02-22,674.3209440848551,690.6288814416041,674.3209440848551,689.1250101745659,
2018-02-23,683.1361894905798,696.3617240375837,674.3209440848551,688.7090457815552,
2018-02-26,682.6988935902352,687.9837745322035,674.331609838522,683.7708018337628,
2018-02-27,673.4410194073325,683.1361894905798,672.1237988294657,676.4647605719098,
2018-02-28,677.1846989444281,678.7312332261343,642.6436556940475,648.7124695305357,
2018-03-01,651.400239454604,656.6957861502393,628.0475718008422,634.6763377048444,
2018-03-02,634.8309911330149,636.8628172065669,628.0475718008422,628.4048745486847,
2018-03-05,628.4848677011867,632.4471951884544,628.0475718008422,630.1860554110635,
2018-03-06,630.2500499330647,630.6873458334098,629.3701252555426,629.727428003385,
2018-03-07,621.4348045273404,628.1542293375117,621.4348045273404,626.1863977859615,
2018-03-08,627.1623142464865,628.0475718008422,621.8774333045183,625.0504950204327,
2018-03-09,625.0024991289315,625.9730827126227,622.3147292048626,624.9651689910969,
2018-03-12,625.8397607917858,628.0475718008422,625.8397607917858,627.8822526190047,
2018-03-13,630.4161165702444,634.1661485546487,630.4161165702444,630.5761463846569,
2018-03-14,626.2393384140729,630.4107822430971,626.2393384140729,628.4850901429978,
2018-03-15,629.9787017441831,630.4001135888033,626.0099623467479,628.0956842612603,
2018-03-16,626.1006459082487,629.9360271270064,614.9892424608603,626.7247621844582,
2018-03-19,621.6091424503988,628.2183737856433,621.6038081232517,626.2286697597787,
2018-03-20,630.4107822430971,640.3379650638318,630.4107822430971,639.2444279986784,
2018-03-21,648.0567364456712,650.2598135574192,639.2390936715311,639.7885293676816,
2018-03-22,649.8117300770638,649.8170644042107,641.4421707832795,644.1626776282951,
2018-03-26,644.1520089740011,654.6659677809157,644.0879970482362,652.1855056575187,
2018-03-27,652.4628906691675,652.4628906691675,638.3535953651143,640.1832695765662,
2018-03-28,643.6399135678806,645.8483250067758,639.6765084975929,643.079809217436,
2018-03-29,637.0360165597831,644.5254118742974,637.0360165597831,643.8799582894998,
2018-03-30,639.2390936715311,656.874379219811,631.3016148766612,652.7082697179336,
2018-04-02,655.1087169341241,655.5514660873324,642.7650839157578,648.5101542531737,
2018-04-03,652.4628906691675,652.4628906691675,641.8849199364878,646.0030204940415,
2018-04-04,643.6452478950275,661.2805334433073,643.6665852036161,655.3914362729199,
2018-04-05,661.2805334433073,665.6866876668036,655.9888809133939,657.1037552871356,
2018-04-06,652.9056398223761,672.3012533291951,652.9056398223761,668.9299585722343,
2018-04-09,672.3012533291951,682.372462982901,661.2751991161601,668.7912660664101,
2018-04-10,639.6765084975929,674.5043304409434,665.6866876668036,674.0669156148821,
2018-04-11,663.7076522952333,682.8365494446978,663.7076522952333,676.2699927266302,
2018-04-12,678.915818991587,683.3219732150832,661.2858677704546,671.1010297211,
2018-04-13,674.4616558237667,676.7127418798385,662.2300436754894,669.0579824237642,
2018-04-16,669.0579824237642,682.8792240618748,667.8950991056986,677.1554910330469,
2018-04-17,661.2805334433073,682.8312151175508,661.2805334433073,674.3923095708544,
2018-04-18,670.1088448717412,670.7809700922747,667.8950991056986,668.0017856486405,
2018-04-19,673.6241664616733,674.0669156148821,667.8950991056986,671.3837490598956,
2018-04-20,665.6920219939506,678.915818991587,665.6920219939506,678.915818991587,
2018-04-23,683.0979314749052,683.0979314749052,670.0981762174472,670.3915642105369,
2018-04-24,674.5043304409434,678.915818991587,666.1294368200123,675.8805868448924,
2018-04-25,674.5043304409434,676.2699927266302,670.0981762174472,675.2724735501243,
2018-04-26,678.9104846644397,678.9104846644397,670.5409253706554,671.1277013568354,
2018-04-27,670.9730058695698,674.4989961137964,661.3658826776606,668.5885616348204,
2018-04-30,674.061581287735,682.8792240618748,674.061581287735,677.9396371236693,
2018-05-02,672.3065876563422,683.7647223682915,670.5835999878321,683.3433105236718,
2018-05-03,683.3219732150832,683.8500716026449,678.915818991587,681.412284096425,
2018-05-04,674.0669156148821,683.3219732150832,674.0669156148821,683.3219732150832,
2018-05-07,683.3219732150832,691.1634341213055,683.3219732150832,683.3859851408481,
2018-05-08,663.9263597082639,705.3634129868592,663.9263597082639,702.7069180676084,
2018-05-09,705.3634129868592,714.1810557609989,674.552339385267,700.8185662575382,
2018-05-10,692.139615989223,696.5511045398665,692.139615989223,693.1211321842875,
2018-05-11,694.3426931009711,694.3426931009711,692.1609532978109,692.5876994695784,
2018-05-14,676.7127418798385,683.3219732150832,672.3012533291951,676.4673628310726,
2018-05-15,661.7232825965156,678.915818991587,661.7232825965156,669.8634658229751,
2018-05-16,672.3012533291951,672.3065876563422,667.8950991056986,669.4100480154723,
2018-05-17,667.8950991056986,672.3012533291951,667.8950991056986,667.8950991056986,
2018-05-18,682.4418092358133,682.4418092358133,668.3325139317603,670.2101970875358,
2018-05-21,667.8950991056986,667.8950991056986,661.2751991161601,662.9021688960224,
2018-05-22,665.6866876668036,672.6959935380797,661.2805334433073,672.3545966006661,
2018-05-23,674.4616558237667,674.5043304409434,666.7908933862512,671.2183849183359,
2018-05-24,667.8950991056986,683.3219732150832,667.8950991056986,670.0394986188289,
2018-05-25,670.0981762174472,674.5043304409434,665.6866876668036,665.9960786413347,
2018-05-28,674.4616558237667,676.7074075526916,665.6866876668036,669.7514449528861,
2018-05-29,673.6241664616733,674.5043304409434,665.6920219939506,670.700955185068,
2018-05-30,674.4936617866492,678.8678100472629,665.6866876668036,670.7062895122153,
2018-05-31,681.1188961033348,681.1188961033348,661.2805334433073,670.2688746861538,
2018-06-01,661.2805334433073,676.7127418798385,663.4836105550554,674.0455783062935,
2018-06-04,675.8272435734217,676.7127418798385,675.8219092462746,676.664732935515,
2018-06-05,672.3012533291951,705.3634129868592,666.5721859732205,685.6797458140969,
2018-06-06,713.7383066077903,713.7383066077903,674.5043304409434,675.4431720188312,
2018-06-07,661.2805334433073,682.436474908666,661.2805334433073,674.9577482484457,
2018-06-11,667.8950991056986,687.7334617657264,667.8950991056986,679.3799054533836,
2018-06-12,687.2907126125183,705.3634129868592,679.3532338176482,683.316638887936,
2018-06-13,699.6343456308844,692.1342816620759,680.2440664512121,683.1672777278177,
2018-06-14,650.6972283834806,694.337358773824,678.915818991587,688.891010756645,
2018-06-19,688.6136257449966,688.6136257449966,678.915818991587,681.5243049665138,
2018-06-20,683.3219732150832,683.3219732150832,676.2753270537771,676.7127418798385,
2018-06-21,676.7127418798385,676.7127418798385,663.4836105550554,668.3111766231717,
2018-06-22,665.6866876668036,667.8950991056986,650.2598135574192,655.8928630247462,
2018-06-25,634.8329394480351,661.2805334433073,634.8276051208878,642.0822900409304,
2018-06-26,656.8690448926637,656.874379219811,632.1817788559312,640.1192576508012,
2018-06-27,660.8324499629515,661.2805334433073,648.4941512717324,652.4628906691675,
2018-06-28,652.4628906691675,670.0981762174472,652.4575563420201,659.3708443246489,
2018-06-29,665.6866876668036,672.7440024824037,648.0567364456712,664.0063746154701,
2018-07-02,661.2805334433073,661.2858677704546,661.2805334433073,661.2805334433073,
2018-07-03,661.2805334433073,663.4836105550554,661.2805334433073,661.3018707518958,
2018-07-04,653.3430546484371,655.5514660873324,633.0672771623482,638.2789147850552,
2018-07-05,655.9888809133939,670.1835254518005,641.9756034979882,650.0624434529769,
2018-07-06,639.2390936715311,655.9888809133939,632.6885399349047,640.3006247738022,
2018-07-09,628.2183737856433,629.9787017441831,617.1443106282844,617.1976538997552,
2018-07-10,606.1715996867205,626.4527114999569,590.7447255773359,605.2540954174208,
2018-07-11,617.17098226402,618.957981858295,612.7808310219649,616.1948003961024,
2018-07-12,617.1976538997552,621.6038081232517,606.1715996867205,617.7310866144646,
2018-07-13,623.8068852349999,639.1857504000602,623.8068852349999,631.979074424342,
2018-07-16,632.1817788559312,639.2390936715311,617.2403285169322,639.2390936715311,
2018-07-17,632.6245280091396,632.6245280091396,622.0465572764601,629.0078542034128,
2018-07-18,632.6245280091396,650.1691299959189,629.0985377649132,642.0716213866363,
2018-07-19,661.2805334433073,661.2805334433073,648.59016916038,659.141468257324,
2018-07-20,637.0360165597831,655.1087169341241,635.7131034273049,643.7092598207927,
2018-07-23,643.6452478950275,643.6452478950275,617.1976538997552,619.3473877400329,
2018-07-24,596.4737929333107,640.5620068040095,596.4737929333107,631.392298438162,
2018-07-26,648.0567364456712,648.0567364456712,626.9861442146656,630.2240807929492,
2018-07-27,638.7963445183228,643.6452478950275,628.2183737856433,632.048420677254,
2018-07-30,644.4827372571209,663.6489746966151,643.6452478950275,660.7150947657157,
2018-07-31,659.077456331559,659.077456331559,641.8902542636351,646.2483995428076,
2018-08-01,639.6765084975929,656.874379219811,639.6765084975929,652.4628906691675,
2018-08-02,651.139977536689,651.139977536689,643.6452478950275,647.9073752855526,
2018-08-03,645.8483250067758,660.4003694640375,645.8483250067758,652.142831040342,
2018-08-06,661.2325244989833,661.2805334433073,648.0567364456712,660.7737723643338,
2018-08-07,659.077456331559,669.6554270642384,657.3117940458723,665.2279355321537,
2018-08-08,663.4836105550554,674.0562469605877,663.4836105550554,670.8183103823039,
2018-08-09,672.3012533291951,694.3426931009711,661.2805334433073,677.8862938521982,
2018-08-10,683.3219732150832,691.2594520099531,680.238732124065,681.0815558133054,
2018-08-13,678.9584936087635,687.7761363829031,670.1675224703592,683.3219732150832,
2018-08-15,690.662007369479,696.5511045398665,689.9365388774748,694.145322996529,
2018-08-16,694.337358773824,694.337358773824,692.139615989223,693.6545648989963,
2018-08-17,694.3426931009711,698.7541816516147,685.5250503268311,694.3907020452949,
2018-08-20,692.5823651424313,704.9259981607976,692.139615989223,700.7598886589203,
2018-08-24,696.5511045398665,705.4114219311828,687.7334617657264,700.9359214547744,
2018-08-27,696.5511045398665,700.9572587633626,688.6136257449966,697.9220266166684,
2018-08-28,699.1489218604992,699.1489218604992,676.7127418798385,684.7622415447973,
2018-08-29,674.5096647680905,700.9572587633626,670.5409253706554,680.8468454188334,
2018-08-30,685.5037130182429,687.5094200255488,669.6500927370915,678.8198011029391,
2018-08-31,682.4418092358133,682.4418092358133,668.8872839550577,675.2191302786533,
2018-09-03,671.4210893499253,682.8365494446978,669.436719651208,675.8699181905984,
2018-09-04,678.8251354300863,678.8678100472629,662.1606974225768,672.2265727491359,
2018-09-05,678.915818991587,678.915818991587,666.1294368200123,669.3033614725306,
2018-09-06,670.0928418903001,670.0981762174472,665.6866876668036,670.0661702545647,
2018-09-07,674.5043304409434,674.5043304409434,661.2805334433073,661.3125394061899,
2018-09-10,656.874379219811,661.2858677704546,656.874379219811,661.2805334433073,
2018-09-11,665.6866876668036,665.6866876668036,652.4628906691675,660.2776799396543,
2018-09-12,652.4682249963146,663.4782762279082,652.4682249963146,661.2805334433073,
2018-09-13,661.2805334433073,670.0981762174472,659.5148711576203,668.3805228760841,
2018-09-14,674.0669156148821,674.4829931323549,669.6554270642384,670.5996029692734,
2018-09-17,672.7440024824037,691.254117682806,670.0981762174472,672.2692473663127,
2018-09-18,672.7440024824037,694.7854422541797,670.5409253706554,671.047686449629,
2018-09-19,663.4836105550554,670.05550160027,663.7343239309687,666.0547562399527,
2018-09-24,665.6866876668036,665.6866876668036,659.077456331559,659.077456331559,
2018-09-25,664.806523687534,681.1188961033348,661.0618260302766,677.4915536433138,
2018-09-26,687.6854528214027,687.7334617657264,670.0981762174472,670.2742090133008,
2018-09-27,672.3012533291951,678.0303206851698,670.0981762174472,672.994715858317,
2018-09-28,683.2259553264355,701.8747630326621,661.7232825965156,686.9973246194282,
2018-10-01,681.113561776188,700.9572587633626,678.9211533187338,688.5602824735254,
2018-10-02,688.6136257449966,691.6541922188378,685.5250503268311,685.8451099556568,
2018-10-03,685.9677994800396,687.7334617657264,678.915818991587,685.210325025153,
2018-10-04,667.8950991056986,680.6761469501265,667.8950991056986,677.9129654879339,
2018-10-05,683.3219732150832,683.3219732150832,667.9591110314641,672.2639130391656,
2018-10-08,667.8950991056986,667.8950991056986,650.2598135574192,651.9241236273115,
2018-10-09,655.1087169341241,684.5168624960314,655.1087169341241,683.6953761153794,
2018-10-10,696.5053937345385,698.44746706802,681.9558498323277,691.7569177268497,
2018-10-11,683.8979231658094,726.3407620884666,679.0480751984062,716.6517368862609,
2018-10-12,691.703564063842,708.1471630028274,691.703564063842,699.3651500717533,
2018-10-15,669.8285622306687,692.1197226353022,669.8285622306687,679.6296301251905,
2018-10-16,679.0480751984062,686.3201794663607,659.6433479624909,679.2188069200308,
2018-10-17,679.0480751984062,700.8750587348724,679.0480751984062,691.13801523596,
2018-10-18,699.9040220681316,705.7249067022759,679.0480751984062,694.7980765182909,
2018-10-19,686.3201794663607,693.5976191006165,679.5816118284832,688.4970089170768,
2018-10-22,688.4970089170768,693.5922837343159,683.8979231658094,691.2127103641708,
2018-10-23,688.7477711332133,688.7477711332133,674.2462455277094,682.761490143745,
2018-10-24,708.1471630028274,712.9970109702308,683.8979231658094,700.0053940278463,
2018-10-25,687.2912161331018,700.3895404015021,687.2912161331018,693.3842044485856,
2018-10-26,689.718807799954,701.8407600353124,683.9032585321102,694.0938081665888,
2018-10-29,700.3895404015021,720.2744506044867,689.718807799954,717.5374076921895,
2018-10-30,727.3064633889065,727.5518902387422,703.3453333321307,721.6723165752894,
2018-10-31,727.5518902387422,727.5518902387422,703.7881687350949,715.424602637083,
2018-11-01,715.424602637083,715.424602637083,703.2973150354237,714.0747549629872,
2018-11-02,703.3026504017245,705.7355774348774,681.9558498323277,689.3880150893059,
2018-11-05,688.7477711332133,688.7477711332133,679.0480751984062,681.9665205649295,
2018-11-06,688.2035637705343,688.2035637705343,681.9665205649295,684.479478092594,
2018-11-07,684.479478092594,688.7477711332133,682.4413681656982,686.3575270304666,
2018-11-08,681.4703314989574,688.7477711332133,681.4703314989574,684.7782586054374,
2018-11-09,684.38344149918,686.3201794663607,662.0709396293435,678.791977615969,
2018-11-12,679.0480751984062,683.8925877995088,679.0480751984062,679.8857277076274,
2018-11-13,679.0480751984062,688.7424357669124,669.3483792635989,679.592282561085,
2018-11-14,679.0480751984062,679.0534105647067,654.7934999950877,664.2264276148559,
2018-11-15,678.0770385316653,678.0770385316653,664.4931959298948,671.8986843553688,
2018-11-16,674.256916260311,685.7866428362834,674.256916260311,680.3979228725018,
2018-11-19,688.7477711332133,688.7477711332133,679.0480751984062,679.2561544841362,
2018-11-20,679.0480751984062,687.2912161331018,674.1982272310026,681.459660766356,
2018-11-22,683.4124048324388,683.4124048324388,654.7934999950877,659.1151466987143,
2018-11-23,645.6273406903579,666.4299338970757,645.6273406903579,651.4535606908031,
2018-11-26,640.2546268254786,661.5854212959729,640.2546268254786,657.6265795007985,
2018-11-27,654.7934999950877,657.2210916619398,640.2439560928769,653.0541705810352,
2018-11-28,653.0541705810352,662.0709396293435,645.0991394265812,653.3209388960739,
2018-11-29,645.0938040602805,645.0991394265812,642.671547759729,642.8209380161506,
2018-11-30,624.2645340220587,674.9558492457123,624.2645340220587,674.8331358207946,
2018-12-03,686.3201794663607,686.3201794663607,645.0938040602805,660.096854098057,
2018-12-04,676.620483531554,678.5625568650356,649.9436520276839,660.8598114790676,
2018-12-05,641.700511092988,676.6151481652532,640.2439560928769,654.8575243906969,
2018-12-06,654.8468536580951,664.4931959298948,640.7294744262473,642.3140782175772,
2018-12-07,649.9436520276839,649.9436520276839,641.2149927596176,642.7995965509476,
2018-12-10,661.5854212959729,671.7706355641503,654.3026462954163,661.7401469186952,
2018-12-11,661.7454822849959,661.7454822849959,642.671547759729,650.0556947200001,
2018-12-12,643.1517307267987,649.9436520276839,642.671547759729,647.7294750128631,
2018-12-13,647.5213957271326,648.4870970275728,642.6608770271275,642.788925818346,
2018-12-14,647.5213957271326,669.3483792635989,647.5213957271326,657.0770367718188,
2018-12-17,651.4002070277954,657.2210916619398,632.4809981252508,636.7439557995692,
2018-12-18,640.2439560928769,640.2439560928769,630.5442601580695,630.7416687111986,
2018-12-19,630.5442601580695,635.3941081254733,618.4169725564108,630.68297968189,
2018-12-20,649.9383166613833,649.9383166613833,630.560266256972,634.1136202132875,
2018-12-21,632.7264249750863,640.2439560928769,630.7630101764016,635.1806934734425,
2018-12-24,637.8163644260246,637.8163644260246,611.1395329221549,626.5213939672861,
2018-12-26,599.5030990201667,628.1166684912179,599.5030990201667,619.2492896993315,
2018-12-27,621.3300825566333,630.5442601580695,594.5305376278453,609.0640754311537,
2018-12-28,594.6532510527633,614.0526429223775,586.890293085137,604.7691055590307,
2018-12-31,582.0404451177337,630.5442601580695,582.0404451177337,599.4337392582569,
2019-01-01,601.4398369873479,625.6944121906664,594.1677327193928,615.599899149602,
2019-01-02,615.599899149602,639.2729194261361,615.5091979224889,624.1364852308403,
2019-01-03,624.7233755239255,632.9665164586211,623.2668205238143,632.918498161914,
2019-01-04,637.3308460926544,642.671547759729,630.5442601580695,630.9550833632294,
2019-01-07,642.1860294263588,658.677646662051,635.3941081254733,652.1044753794976,
2019-01-08,662.0709396293435,678.5625568650356,654.7934999950877,673.8247515899485,
2019-01-09,669.3483792635989,674.1982272310026,659.6433479624909,671.6425867729317,
2019-01-10,674.1982272310026,676.620483531554,660.1288662958614,673.4566113151949,
2019-01-11,664.9840496295658,669.3483792635989,649.9436520276839,660.9024944094739,
2019-01-14,647.5213957271326,664.4931959298948,647.5213957271326,653.438316954691,
2019-01-15,654.7934999950877,665.4642325966355,630.7843516416045,648.1136213865186,
2019-01-16,631.5152968248108,649.8316093353678,627.2043208537855,633.7614860374365,
2019-01-17,639.7584377595064,645.0938040602805,626.6654488574071,641.7965476864023,
2019-01-18,636.370480158515,644.6082857269101,635.8796264588439,642.7302367890376,
2019-01-21,642.671547759729,654.7881646287868,640.2439560928769,644.2614869173597,
2019-01-22,642.671547759729,649.895633730977,642.6662123934283,642.9009685106624,
2019-01-23,633.4520347919915,645.0938040602805,633.4520347919915,643.6372490601692,
2019-01-24,654.307981661717,654.307981661717,642.671547759729,646.3529505072629,
2019-01-25,642.671547759729,652.3712436945361,640.2439560928769,647.7508164780659,
2019-01-28,641.700511092988,647.5213957271326,641.2256634922193,643.1517307267987,
2019-01-29,637.336181458955,652.3712436945361,636.9200228874946,650.0396886210976,
2019-01-30,649.9436520276839,654.7934999950877,645.6593528881627,650.4184996284528,
2019-01-31,645.0938040602805,645.1898406536943,624.2378571905549,627.1349610918753,
2019-02-01,620.8659056884658,630.5442601580695,620.8659056884658,625.9985280698104,
2019-02-04,630.5442601580695,635.3941081254733,628.1166684912179,630.5869430884761,
2019-02-06,634.6631629422673,645.0938040602805,632.0008151581811,640.0625536386506,
2019-02-07,632.9771871912227,641.2096573933171,632.9771871912227,636.7226143343661,
2019-02-08,636.8720045907878,640.238620726576,622.7813021904434,625.3369426485143,
2019-02-11,625.6944121906664,628.1166684912179,615.9947162558592,620.5777959082243,
2019-02-12,628.1166684912179,632.4809981252508,620.8445642232628,629.9733759638871,
2019-02-13,630.5442601580695,634.7645349019821,628.1166684912179,630.5442601580695,
2019-02-14,635.3941081254733,635.3941081254733,625.6944121906664,630.0160588942931,
2019-02-15,630.0587418246994,632.0008151581811,623.2668205238143,630.2988333082341,
2019-02-18,626.6654488574071,630.5442601580695,613.567124589007,623.9550827766138,
2019-02-19,611.6837402848339,630.5389247917691,611.1395329221549,618.0648383805595,
2019-02-20,625.6944121906664,644.1227673935394,618.4169725564108,631.3925833998928,
2019-02-21,636.3651447922144,642.1860294263588,630.5442601580695,632.3422786014307,
2019-02-22,630.5495955243706,637.8163644260246,623.2668205238143,635.4261203232782,
2019-02-25,630.5442601580695,666.915452230446,630.5442601580695,646.731761514618,
2019-02-26,639.2729194261361,639.2729194261361,630.0587418246994,634.5777970814548,
2019-02-27,625.6944121906664,649.9436520276839,603.8674286542,635.500815451489,
2019-02-28,630.5442601580695,642.6608770271275,630.5442601580695,636.2317606346949,
2019-03-01,640.19593779617,652.3712436945361,640.19593779617,646.7904505439268,
2019-03-04,647.5213957271326,647.5213957271326,631.5152968248108,640.0838951038538,
2019-03-05,647.5213957271326,647.5213957271326,637.336181458955,638.5206327777269,
2019-03-06,647.0358773937622,647.0358773937622,621.3781008533402,631.840754169158,
2019-03-07,630.5495955243706,636.3651447922144,630.5442601580695,632.5877054512661,
2019-03-08,637.8163644260246,637.8163644260246,628.1166684912179,629.7279491140515,
2019-03-11,630.5442601580695,630.5442601580695,626.1799305240368,630.5442601580695,
2019-03-12,628.3316552156718,630.7600777790861,623.4801472812894,630.2530444966153,
2019-03-13,607.4685699400931,630.7600777790861,607.4685699400931,629.8847782177679,
2019-03-14,628.3316552156718,636.582954738835,618.6286393469069,627.4830416165884,
2019-03-15,624.9425380117852,635.6115857134688,621.0570619103215,630.7013686621686,
2019-03-18,625.9085698447041,630.7600777790861,611.3487088491095,626.9172992171995,
2019-03-19,625.9085698447041,630.2743932664035,616.2055539759391,628.0541212084242,
2019-03-20,623.4854844737364,627.8459707029888,621.0570619103215,626.052674040775,
2019-03-21,612.3200778744754,621.1531313743687,601.1600084676617,605.3070069990314,
2019-03-22,610.3826770161907,615.7198694632561,591.9426771115794,603.2842110615935,
2019-03-25,604.0741155437594,605.531169081808,582.2396612428148,593.0955106801456,
2019-03-26,596.7941850459621,606.4972009147272,591.4569925988966,604.2235569322771,
2019-03-27,606.4972009147272,628.3316552156718,606.0115164020441,613.8518521067833,
2019-03-28,602.8625728582755,618.6072905771185,602.1313774930275,608.8989375159065,
2019-03-29,612.3200778744754,612.3200778744754,601.6456929803446,604.1915337775948,
2019-04-01,601.6510301727915,601.6510301727915,589.999939060848,594.4191344070179,
2019-04-02,596.788847853515,606.4972009147272,582.2289868579207,593.111522257487,
2019-04-03,592.4283616242626,603.5884310310764,580.2969231920828,592.9780924463104,
2019-04-04,587.091169177197,587.1071807545384,573.5080143994156,576.2726800869955,
2019-04-05,572.5366453740498,591.4569925988966,567.6851374396672,584.5239796101586,
2019-04-08,574.9597307450175,582.2396612428148,571.084929028448,578.9679622727637,
2019-04-09,572.541982566497,587.5768536898804,572.541982566497,582.0475223147203,
2019-04-10,570.1082228106349,586.59481027962,570.1082228106349,579.9286569132352,
2019-04-11,579.8112386793998,582.2396612428148,572.5366453740498,578.2100809452802,
2019-04-12,577.3881533084324,584.6627466137825,577.3881533084324,582.2076380881321,
2019-04-15,577.3881533084324,587.0431344451735,577.3881533084324,579.8592734114235,
2019-04-16,581.7539767301317,581.7539767301317,577.3881533084324,581.4657683379903,
2019-04-17,581.2682922174488,581.2682922174488,574.9597307450175,579.41094924587,
2019-04-18,573.5080143994156,581.145536791166,572.5846801060734,579.1227408537284,
2019-04-19,579.8112386793998,591.9426771115794,567.6904746321144,572.0296120915783,
2019-04-22,570.1082228106349,574.9597307450175,562.8336295052848,571.9015194728487,
2019-04-23,570.1082228106349,570.1082228106349,562.8336295052848,563.0524543956144,
2019-04-24,565.9665614717121,576.897131603302,562.3479449926019,568.6885296197156,
2019-04-25,572.5366453740498,574.9597307450175,565.2567148762525,567.9359854846791,
2019-04-26,567.6851374396672,572.5366453740498,562.8443038901787,571.2183588396244,
2019-04-29,567.7118234019026,581.2682922174488,563.3139768255206,574.0577452214633,
2019-04-30,570.1082228106349,570.5992445157649,565.7477365813824,566.7030940294071,
2019-05-02,562.8336295052848,566.2280839016184,553.1572995987552,560.325149055164,
2019-05-03,553.1252764440726,562.342607800155,551.187875585788,556.7065325760536,
2019-05-06,557.9767843784551,557.9767843784551,543.4222605753077,546.7953662018532,
2019-05-07,540.99917520434,540.99917520434,537.1136991028766,537.1830826046884,
2019-05-08,528.8677367721602,529.3534212848434,510.32633021105505,510.32633021105505,
2019-05-09,501.2104055114674,494.90184403903595,484.81455031408234,485.1828165929298,
2019-05-10,482.77574279930326,482.77574279930326,475.981496814189,478.39924499270967,
2019-05-13,475.981496814189,480.34732023588856,454.48862282985647,454.48862282985647,
2019-05-14,456.0897805639761,473.0673897380912,440.0782032227799,460.471615563017,
2019-05-15,465.79279643274117,483.4962637796572,464.82142740737515,477.7107471670383,
2019-05-16,470.6443043671235,485.198828170271,466.27848094542406,479.6267992555347,
2019-05-17,464.33574289469226,468.2158818037088,456.0897805639761,456.76226681230645,
2019-05-20,451.2329354371467,469.06449540279226,442.0156040810646,461.62978632403014,
2019-05-21,475.490475109059,479.86163572320567,456.0897805639761,477.81749101597956,
2019-05-22,484.71314365758803,501.7067644090445,475.4958123015062,501.7067644090445,
2019-05-23,504.60485990780086,526.791568910252,502.18177453683313,526.791568910252,
2019-05-24,512.370474918281,553.1252764440726,504.60485990780086,528.6969466138542,
2019-05-27,525.9536296960628,545.8506831387225,525.9536296960628,534.5304979584968,
2019-05-28,519.6504054160785,533.7139075140958,512.370474918281,522.0041072852343,
2019-05-29,531.290822143128,548.1029783513843,528.8677367721602,548.076292389149,
2019-05-30,536.1476672699577,557.9767843784551,536.1476672699577,554.9239102987339,
2019-06-03,545.8506831387225,545.8720319085107,533.7192447065428,535.1602866672505,
2019-06-10,521.5878062743632,552.6395919313899,514.9003041381902,534.7012881168029,
2019-06-11,517.7076673653464,539.0297511913728,517.7076673653464,524.1389842640604,
2019-06-12,524.0162288377779,533.7139075140958,514.9003041381902,524.8808540142027,
2019-06-13,543.4222605753077,543.4222605753077,519.1647209033954,531.5043098410107,
2019-06-14,533.7192447065428,538.5707526409254,528.8677367721602,533.0574328431067,
2019-06-17,524.501913350461,524.9875978631438,515.5300928469438,516.0157773596268,
2019-06-18,509.4617050346304,509.4617050346304,490.2157890705125,491.8062724197379,
2019-06-19,508.97602052194753,508.97602052194753,484.24880791469343,499.0008078383823,
2019-06-20,494.90184403903595,513.82752845633,494.90184403903595,509.9420523548663,
2019-06-21,521.1021217616801,522.0734907870462,500.2390364861014,512.5092419219048,
2019-06-24,507.03328247121567,507.5243041763457,490.0503361046535,495.65438817407215,
2019-06-25,499.7533519734185,509.4617050346304,485.198828170271,502.19778611417445,
2019-06-26,499.7533519734185,505.0905444204839,485.198828170271,493.01781510522187,
2019-06-27,490.63209008138364,494.90184403903595,473.0673897380912,482.5889410636562,
2019-06-28,482.77574279930326,497.3302666024509,476.4938672891073,489.7247673653825,
2019-07-01,487.62725073368574,498.733948216029,476.221670474307,492.12650396656204,
2019-07-02,491.9930741553854,494.4161595263529,491.9930741553854,492.88972248649236,
2019-07-03,497.3302666024509,497.3302666024509,485.68451268295416,492.3186428946563,
2019-07-04,496.8445820897678,496.8445820897678,485.198828170271,492.1158295816678,
2019-07-05,485.198828170271,490.0503361046535,477.4385503522379,484.37690053342305,
2019-07-08,479.3759512105226,485.198828170271,477.92423486492083,485.1507934382474,
2019-07-09,481.3186892612544,485.198828170271,481.3186892612544,484.8358990838706,
2019-07-10,482.77574279930326,485.198828170271,482.77574279930326,484.45162122768187,
2019-07-11,477.97226959694433,480.34732023588856,476.48853009666016,477.7908050537443,
2019-07-12,475.4958123015062,485.198828170271,465.78745924029414,474.5938267779521,
2019-07-15,470.6443043671235,481.8043737739373,458.02718142226087,473.87330579759805,
2019-07-16,479.85629853075864,479.85629853075864,465.8888658967882,472.1707414069843,
2019-07-17,470.6443043671235,476.221670474307,469.19258802152183,474.02808437856316,
2019-07-18,467.30855908770775,482.77574279930326,457.0824983591303,474.6151755477403,
2019-07-19,471.1299888798065,474.5244432761403,466.7641654581071,471.1299888798065,
2019-07-22,465.79279643274117,471.1299888798065,459.07327114188575,462.65452727386656,
2019-07-23,460.94128849835863,463.36437386932636,456.5701278842122,461.0106720001705,
2019-07-24,460.45560398567574,460.45560398567574,446.38142750276415,446.7176706269293,
2019-07-25,443.95834213179654,450.72590215467534,436.67841163399913,447.673028074954,
2019-07-26,439.5925187100969,444.4440266444793,437.16409614668214,442.57600928800645,
2019-07-29,442.57600928800645,443.95834213179654,436.67841163399913,440.17427268682707,
2019-07-30,434.2553262630314,452.2043044625126,434.2553262630314,446.24266049914047,
2019-07-31,446.38142750276415,456.0897805639761,446.38142750276415,453.41050995554934,
2019-08-01,454.6380642183745,454.6380642183745,449.2955345788619,452.87145351839564,
2019-08-02,453.6613580005614,453.6613580005614,449.78121909154487,452.6686402054072,
2019-08-05,442.0209412735117,451.2329354371467,442.0209412735117,449.6477892803683,
2019-08-06,441.53525676082876,456.0897805639761,437.24415403338816,445.1111757003627,
2019-08-07,437.16409614668214,445.8957429900813,427.4984406250466,431.73617142801663,
2019-08-08,423.0952568562176,426.9753957652343,413.2001020593584,423.1112684335589,
2019-08-09,425.15541314078496,425.15541314078496,407.56936402770435,413.4722988741588,
2019-08-16,407.56936402770435,414.81727137081936,404.16957243892364,409.97643782133093,
2019-08-19,407.56936402770435,424.0666258815836,407.56936402770435,413.12538136509943,
2019-08-20,413.1467301348878,433.78031613524263,411.4495029367209,426.41499055829246,
2019-08-21,426.9753957652343,435.70704260863334,419.695465267437,432.3232625971937,
2019-08-22,439.10683419741395,451.71861994982964,431.82690369961676,449.1941279223676,
2019-08-23,441.52991956838173,450.2669036042279,429.6439919887669,435.37613667691534,
2019-08-26,429.40381832864904,436.67841163399913,417.2723798964694,420.8643104133444,
2019-08-27,414.84395733305456,422.1238878308518,401.50631340783804,411.89782710227445,
2019-08-28,407.56936402770435,414.7959226010309,407.56936402770435,412.09530322281586,
2019-08-29,410.96381842403804,410.96381842403804,405.14094146428965,406.2457403008322,
2019-08-30,412.4101975771927,412.4101975771927,400.28943352990717,404.75132641565375,
2019-09-02,407.56936402770435,407.56936402770435,401.26613974772016,402.69117013108655,
2019-09-03,405.1356042718425,419.20978075475404,397.86101096649236,404.86874464948926,
2019-09-04,402.803251172475,425.1127156012084,399.34475046677653,415.1535144949843,
2019-09-05,414.8492945255016,419.695465267437,409.99244939867214,416.72798626686864,
2019-09-06,419.20978075475404,425.99868954742124,407.56402683525727,418.08897034087033,
2019-09-11,417.2723798964694,424.1360093833954,414.84395733305456,422.6095723435347,
2019-09-12,422.1185506384047,428.91279662351906,420.426660632685,423.8584753761481,
2019-09-13,421.63820331816885,422.11321344595774,402.7658908253455,408.2205015062463,
2019-09-16,422.1238878308518,428.6299254238245,414.84395733305456,424.4936012773488,
2019-09-17,430.8448602893567,441.52991956838173,422.1238878308518,427.2689413498229,
2019-09-18,426.9753957652343,426.9753957652343,412.41553476963986,417.0215318514572,
2019-09-19,416.7760209988923,424.54697320181947,416.2903364862093,422.6896302302408,
2019-09-20,422.1238878308518,426.48971125255133,417.3684493605164,421.1311700356976,
2019-09-23,426.4736996752101,426.4736996752101,419.940976120002,420.36261432332026,
2019-09-24,426.9220238407636,426.9753957652343,417.3471005907283,423.79976625923024,
2019-09-25,426.9647213803402,431.3412191869337,423.1112684335589,425.25148260483206,
2019-09-26,425.5130050347382,427.46108027791723,422.1292250232989,424.90990228822,
2019-09-27,426.72988491266926,441.2630599460284,419.9783364671314,440.16893549438004,
2019-09-30,440.0782032227799,446.3867646952113,432.3606229443233,436.2727850080222,
2019-10-01,429.884165648885,448.76181533415524,429.40381832864904,439.4590888989203,
2019-10-02,439.5925187100969,445.3620237453748,436.1927271213163,439.70459975148526,
2019-10-03,441.5245823759346,452.68998897519543,437.1694333391293,448.2227588970017,
2019-10-04,453.17033629543147,467.7301972910258,446.39210188765816,458.4114592784496,
2019-10-07,465.73942450827036,481.3293636461486,463.36437386932636,481.3293636461486,
2019-10-08,499.7480147809714,500.72472099878433,482.82377753132687,491.2832275599256,
2019-10-09,485.68451268295416,515.8449872013206,485.68451268295416,513.411227445459,
2019-10-10,515.2792448019319,539.0831231158436,505.0905444204839,539.0831231158436,
2019-10-11,547.7880839970071,566.035944973524,547.7880839970071,564.8724370200637,
2019-10-14,571.1954303026278,589.8793929760782,571.1954303026278,584.9521651053367,
2019-10-15,584.9575033803864,587.2102554512994,567.4693143180368,575.5247713678185,
2019-10-16,576.5337053521848,576.5337053521848,560.038435449053,565.9639207540617,
2019-10-17,567.1917240154597,567.1917240154597,541.8349175300627,542.0377719819459,
2019-10-18,559.4512251936017,559.4512251936017,530.0960506960862,551.0594568156976,
2019-10-21,554.6414393739507,554.6414393739507,542.3794215851176,545.4916359390094,
2019-10-22,544.5040550548413,562.6541902233362,531.6921949359039,553.3655916371065,
2019-10-23,559.9850526985574,571.1954303026278,549.8423301043988,566.2094814063413,
2019-10-24,579.7206555567706,581.8719804017422,568.7932065303269,580.1103496353883,
2019-10-25,584.5357796514713,592.5485305008568,574.4517780828576,582.1709238045174,
2019-10-28,576.5390436272346,582.395131356599,570.1277752927164,573.4428440984913,
2019-10-29,581.3381528967865,587.2102554512994,560.7911322310406,576.9661056311992,
2019-10-30,573.8645678274063,581.861303851643,561.3196214609468,572.0388777604578,
2019-10-31,578.6636770969584,585.4753160601933,571.1954303026278,581.2901084213406,
2019-11-01,581.8719804017422,610.3516777911301,573.8645678274063,601.7196870359963,
2019-11-04,601.6235980851043,625.6458358081118,601.6235980851043,622.7738438314501,
2019-11-05,623.510525788289,640.5876676718225,615.5084514890025,627.7064099772409,
2019-11-06,632.5855933725362,640.0591784419165,624.5781807982004,632.4361216711487,
2019-11-07,632.5855933725362,639.5253509369608,622.4428707783775,636.5305786341592,
2019-11-08,643.2621434716508,651.5364697984645,629.9164558477576,645.0931718136488,
2019-11-11,651.2695560459867,664.61524366988,650.2019010360752,658.5723163137811,
2019-11-12,656.607831095544,659.2769686203226,640.85991969935,644.3938577821568,
2019-11-13,640.5930059468723,676.6103477062352,637.133803714759,671.256057831529,
2019-11-14,666.2220644597967,683.2992063433304,650.228592411323,664.3323150922533,
2019-11-15,664.0814161649242,667.2843811946585,651.2695560459867,657.2857920268377,
2019-11-18,659.2769686203226,680.6300688185518,652.3372110558981,674.3896252856193,
2019-11-19,667.2843811946585,691.3066189176664,661.9514444201509,677.8968719931784,
2019-11-20,671.0211737293486,680.096241313596,647.1590842578277,655.0597313311723,
2019-11-21,656.0473122153405,656.0473122153405,640.5930059468723,651.5097784232167,
2019-11-22,649.1342460261639,666.7505536897027,645.9312809964296,663.515559009671,
2019-11-25,664.61524366988,668.35203620457,660.8784511351898,664.8554660471101,
2019-11-26,653.9386935707653,667.1722774186178,651.2695560459867,658.0972098343706,
2019-11-27,656.607831095544,656.6131693705935,644.3297984815623,647.0736718570347,
2019-11-28,651.2642177709372,664.61524366988,646.4704467764348,658.4335211624928,
2019-11-29,654.7340965531495,668.8858637095257,651.2695560459867,652.5347272327318,
2019-12-02,657.6701478304059,667.2843811946585,644.3297984815623,660.830406659744,
2019-12-03,667.2843811946585,688.6374813928875,657.1523351505988,668.0050483263487,
2019-12-04,669.9481804443876,677.9609312937731,661.9994888955968,673.8931657060104,
2019-12-05,675.2917937689945,675.2917937689945,661.9461061451013,665.5280887033543,
2019-12-06,667.279042919609,672.6226562442158,640.5930059468723,662.8162449781792,
2019-12-09,661.9461061451013,680.6300688185518,661.9407678700519,671.5496629592548,
2019-12-10,675.2864554939449,675.3024703190933,665.1490711748359,670.0549459453788,
2019-12-11,672.6226562442158,703.5526218813507,667.3644553204018,703.5526218813507,
2019-12-12,731.3436817893459,738.7265161828833,707.9086543217893,713.519181398874,
2019-12-13,720.4002179377533,725.444887859585,706.7929548364319,709.1151044829892,
2019-12-16,714.7416463852227,727.6015509796061,701.449341511825,724.6174552269035,
2019-12-17,728.1353784845618,732.9451643042128,705.1914723215647,722.3700414310399,
2019-12-18,709.9905815911168,726.000068464739,707.321444066338,717.0371046565323,
2019-12-19,723.3362692150098,723.3362692150098,694.5629666978961,702.4903051464887,
2019-12-20,706.7876165613822,715.328856640674,699.3247080421013,714.4427029824474,
2019-12-23,715.328856640674,715.328856640674,699.3140314920021,702.9974412761969,
2019-12-24,704.5989237910637,713.7273741258068,691.3066189176664,706.889043787324,
2019-12-26,715.3235183656243,724.937751729877,709.9905815911168,723.3149161148116,
2019-12-27,712.6597191158953,722.8024417100542,699.3140314920021,707.225355115446,
2019-12-30,707.321444066338,712.6597191158953,703.0508240266922,705.1060599207718,
2019-12-31,705.7199615514709,712.6597191158953,691.3066189176664,699.3674142424976,
2020-01-01,704.6469682665099,706.7876165613822,699.3140314920021,702.7518806239171,
2020-01-02,704.6523065415594,715.3235183656243,701.1824277593472,708.0634642982264,
2020-01-03,712.12055333589,712.12055333589,696.6448939672234,699.0044115391277,
2020-01-06,693.9757564424448,696.6448939672234,675.2917937689945,684.4202441037372,
2020-01-07,693.4419289374893,699.3140314920021,675.2917937689945,691.2585744422202,
2020-01-08,680.6300688185518,725.4715792348327,680.6300688185518,696.4100098650429,
2020-01-09,702.5223347967861,726.0054067397886,697.4990179751527,721.441181572417,
2020-01-10,723.3362692150098,736.6819568389029,715.328856640674,731.5411979661793,
2020-01-13,719.5994766803196,734.0128193141245,719.5994766803196,729.6514485986362,
2020-01-14,726.0054067397886,739.3510943636817,726.0054067397886,733.5857573101598,
2020-01-15,741.4864043835046,741.4864043835046,720.6671316902314,727.1905038007902,
2020-01-16,722.8024417100542,726.0054067397886,718.5318216704082,724.4359538752187,
2020-01-17,725.9947301896894,734.0128193141245,715.328856640674,728.7706332154593,
2020-01-20,733.4789918091686,768.8504022875351,733.4789918091686,768.8504022875351,
2020-01-21,792.7338448592545,802.8765674534133,763.4267148371848,767.9962782796059,
2020-01-22,768.7062688611971,786.8617423047414,755.9050852923586,776.4521059581045,
2020-01-23,782.0572947601399,783.6587772750069,768.658224385751,773.8737191091685,
2020-01-24,735.6143018289915,779.3934955104106,735.0804743240357,772.5284737966801,
2020-01-27,774.0498821858037,774.0498821858037,752.7021202626244,767.259596322767,
2020-01-28,760.9711083143885,768.3859723582237,755.3659195123533,758.9158724203091,
2020-01-29,759.1027120470435,759.1027120470435,739.3564326387313,752.0722038067767,
2020-01-30,744.6893694132389,754.2929262273924,740.9525768785488,741.9615108629154,
2020-01-31,746.8193411580123,747.3585069380176,717.1598849826721,725.2527099578008,
2020-02-03,707.3534737166353,730.8098542843901,688.6374813928875,693.7035044149173,
2020-02-04,697.1787214721791,703.5846515316479,683.2992063433304,700.8941609066711,
2020-02-06,706.7876165613822,706.7876165613822,691.3066189176664,698.5026136844693,
2020-02-07,693.9757564424448,698.2463764820909,675.8256212739502,680.1015795886454,
2020-02-10,680.1015795886454,683.2992063433304,646.550520902178,652.5987865333265,
2020-02-11,659.2769686203226,676.8932762838616,654.4725210757211,675.1476603426564,
2020-02-12,675.1850282680033,705.1861340465152,675.1850282680033,701.2731784351896,
2020-02-13,693.9757564424448,701.9831690167807,689.7104746778487,692.7105852556999,
2020-02-14,685.4345163631532,693.9757564424448,683.2938680682809,687.9114759861478,
2020-02-17,692.3689356525281,692.9027631574837,675.5853988967202,685.3491039623603,
2020-02-18,683.2725149680824,685.9683438681091,677.9609312937731,683.2137939425373,
2020-02-19,683.3525890938259,686.5021713730648,677.9609312937731,679.6424879343837,
2020-02-20,680.096241313596,680.096241313596,670.4926844994425,673.5888840281855,
2020-02-21,675.2917937689945,675.2917937689945,666.7505536897027,669.1527774620033,
2020-02-24,669.1527774620033,669.1527774620033,643.8600302772012,650.0417527845887,
2020-02-25,640.6036824969714,664.61524366988,636.3277241822759,656.282196317521,
2020-02-26,641.6606609567838,664.61524366988,641.6606609567838,654.8515386042396,
2020-02-27,641.1268334518277,657.6754861054558,616.8376819763425,655.1825116573123,
2020-02-28,656.607831095544,657.1416586004997,640.6463886973677,643.0005679942226,
2020-03-02,661.9461061451013,661.9461061451013,646.4651085013852,655.7537070876149,
2020-03-03,661.9461061451013,661.9461061451013,646.4651085013852,652.8176558103584,
2020-03-04,661.9461061451013,661.9461061451013,637.9238684220935,641.4898361551978,
2020-03-05,615.7967183416786,656.607831095544,615.7967183416786,640.1819587680562,
2020-03-06,652.8657002858043,680.6300688185518,652.8657002858043,667.8609149000106,
2020-03-09,621.1136402910379,621.1136402910379,621.1136402910379,621.1136402910379,
2020-03-10,577.6387282874432,653.9386935707653,577.6387282874432,647.4740424857517,
2020-03-11,648.6004185212081,667.2256601691134,627.2473183229791,638.7192714044776,
2020-03-12,619.2399057486432,619.2399057486432,594.0112178644356,597.2141828941699,
2020-03-13,571.1954303026278,613.9069689741355,571.1954303026278,610.0527343883551,
2020-03-16,587.7440829562552,597.3476397704088,564.3037172136493,564.3037172136493,
2020-03-17,563.1880177282918,565.8571552530706,528.4892299061695,544.4506723043459,
2020-03-18,538.6319525003283,538.6319525003283,503.61820645028223,503.61820645028223,
2020-03-19,465.8499104746647,531.1583674309483,465.8499104746647,506.1378722736733,
2020-03-20,532.7598499458154,538.6319525003283,496.99340711378164,528.9376450103323,
2020-03-24,489.2689231170722,491.65513206422446,489.2689231170722,489.2689231170722,
2020-03-25,491.12130455926876,493.7904420840474,452.5789587014652,452.5842969765147,
2020-03-26,458.50444400647376,475.10647941059693,437.7385540636959,448.0254100841929,
2020-03-27,448.4151041628107,467.0403458107159,440.46107433897026,447.87593838280526,
2020-03-30,447.8812766578547,447.8812766578547,435.60324404387313,443.3277280405825,
2020-03-31,453.219551707412,476.5745050492252,445.7459666380319,475.6936896660483,
2020-04-01,480.4447544601542,511.3693818222393,460.70381332689135,507.4884558612113,
2020-04-02,517.8126798070549,545.545018689505,517.8126798070549,545.545018689505,
2020-04-03,570.6616027976721,586.4575586693119,560.5188802035133,579.7259938318203,
2020-04-06,584.5411179265209,584.5411179265209,547.1731925796201,550.2800686584624,
2020-04-07,550.2800686584624,576.5337053521848,550.2800686584624,563.1026053274988,
2020-04-08,560.5989543292567,568.526292777849,551.4491508943153,554.8282790006851,
2020-04-09,576.5016757018877,584.5411179265209,564.2556727382033,576.1226581733691,
2020-04-10,565.8571552530706,565.8571552530706,555.180605153956,560.7217346553963,
2020-04-13,560.5242184785627,560.5242184785627,531.1583674309483,538.1088015454718,
2020-04-14,533.8275049557268,555.180605153956,533.608635678695,542.966631840569,
2020-04-15,555.180605153956,555.180605153956,531.1583674309483,536.7635562329832,
2020-04-16,545.5717100647529,549.8476683794482,533.8275049557268,544.8243515578148,
2020-04-17,560.5242184785627,585.6835087871261,560.5242184785627,569.8341701649906,
2020-04-20,597.886805550414,600.6360172009362,573.3307403224505,586.5910155455507,
2020-04-21,560.5242184785627,598.9544605603255,543.9702275498856,550.8726171889633,
2020-04-22,544.5040550548413,546.6393650746642,524.2186098665237,542.7157329132397,
2020-04-23,555.180605153956,581.8719804017422,552.5114676291773,576.9500908060503,
2020-04-24,581.8666421266927,592.5485305008568,573.9179505779019,586.9219885986234,
2020-04-27,564.3891296144421,564.3891296144421,543.4364000449299,547.1785308546695,
2020-04-28,549.8423301043988,565.296636372867,549.8423301043988,555.6930795587135,
2020-04-29,563.1880177282918,587.2102554512994,556.2429218888178,582.2616744803598,
2020-04-30,598.9544605603255,625.9287643857384,598.9544605603255,624.5247980477048,
2020-05-04,624.0443532932446,624.0443532932446,597.886805550414,600.5292516999448,
2020-05-05,613.9016306990858,624.0390150181951,601.6289363601537,604.8692693152349,
2020-05-06,608.5633556495286,613.1809635673958,597.9935710514052,601.4794646587663,
2020-05-07,597.886805550414,604.2927356098828,592.5485305008568,599.2747570632988,
2020-05-08,613.8909541489868,613.8909541489868,587.2102554512994,596.7230615896104,
2020-05-11,595.2176680256354,605.3603906197942,595.2176680256354,603.6094364035395,
2020-05-12,609.8979244119178,610.4317519168736,601.0897705801485,607.1647275865446,
2020-05-13,613.36780319413,628.8488008378462,610.1701764394453,621.9464111987685,
2020-05-14,628.8488008378462,640.582329396773,611.766320679263,634.0322659109663,
2020-05-15,641.4364534047021,673.3700147511538,641.4364534047021,664.2469026914604,
2020-05-18,675.8362978240492,685.9683438681091,661.9461061451013,667.220321894064,
2020-05-19,677.9609312937731,680.6300688185518,653.9440318458148,664.9462167229524,
2020-05-20,653.4155426159089,667.615354247731,645.9312809964296,652.7162285844167,
2020-05-21,652.7162285844167,666.2167261847472,645.947295821578,655.8818256888044,
2020-05-28,656.0740035905882,672.6226562442158,643.7959709766067,664.0013420391808,
2020-05-29,667.2843811946585,677.9609312937731,641.3510410039091,661.9461061451013,
2020-06-01,660.8784511351898,660.8784511351898,648.6004185212081,648.6004185212081,
2020-06-02,651.2695560459867,659.2769686203226,651.2695560459867,652.3425493309478,
2020-06-03,667.279042919609,667.2843811946585,651.2695560459867,651.5418080735141,
2020-06-04,651.2695560459867,656.0686653155386,648.6004185212081,649.673411806169,
2020-06-05,649.1342460261639,667.2843811946585,649.1342460261639,657.6754861054558,
2020-06-08,666.1953730845488,685.9683438681091,663.5796183102659,675.8256212739502,
2020-06-09,677.9609312937731,677.9609312937731,649.6680735311196,672.6226562442158,
2020-06-10,667.2843811946585,667.2843811946585,659.2769686203226,659.2769686203226,
2020-06-11,666.531684412671,666.531684412671,651.2695560459867,656.607831095544,
2020-06-12,645.9312809964296,659.2662920702236,641.1588631021252,649.1395843012134,
2020-06-15,656.5544483450485,656.5971545454448,635.2600691723645,655.7803984628628,
2020-06-16,640.5930059468723,666.2167261847472,640.5930059468723,664.61524366988,
2020-06-17,658.417506337344,660.8731128601402,648.4189171695233,648.6538012717035,
2020-06-18,659.2769686203226,659.2769686203226,638.9968617070546,650.7357285410309,
2020-06-19,641.6606609567838,659.2769686203226,640.5983442219218,659.2769686203226,
2020-06-22,653.4048660658098,664.5885522946321,645.9312809964296,661.9461061451013,
2020-06-23,664.61524366988,677.9609312937731,661.9461061451013,677.9609312937731,
2020-06-24,672.6226562442158,677.3737210383218,668.35203620457,668.35203620457,
2020-06-25,663.8145024124465,664.0814161649242,653.9386935707653,656.607831095544,
2020-06-26,666.6971709392072,666.6971709392072,652.3372110558981,659.2769686203226,
2020-06-29,666.0939458586073,666.0939458586073,651.2695560459867,664.5618609193843,
2020-06-30,664.61524366988,664.61524366988,651.280232596086,664.5618609193843,
2020-07-01,663.008422879963,661.9514444201509,655.4280723095917,660.3392853551845,
2020-07-02,657.1950413509951,661.9461061451013,651.2695560459867,653.9333552957158,
2020-07-03,659.1541882941829,677.9609312937731,651.2695560459867,677.9609312937731,
2020-07-06,667.2843811946585,675.8256212739502,664.61524366988,675.8256212739502,
2020-07-07,672.6226562442158,676.8932762838616,664.6099053948304,672.6226562442158,
2020-07-08,675.8202829989006,676.5943328810863,662.479933650057,676.5943328810863,
2020-07-09,675.2917937689945,675.2917937689945,664.1347989154197,672.0728139141114,
2020-07-10,661.6791923926233,677.9609312937731,661.4122786401456,674.224138759083,
2020-07-13,677.9555930187234,693.9757564424448,672.6226562442158,691.3066189176664,
2020-07-14,685.8882697423655,691.3066189176664,681.2439704492507,688.6374813928875,
2020-07-15,693.9597416172963,695.0434114523565,685.4345163631532,685.4345163631532,
2020-07-16,686.0057117934558,693.9704181673953,685.9683438681091,693.9704181673953,
2020-07-17,698.7802039870464,718.184833792187,692.3742739275776,699.8478589969578,
2020-07-20,699.3140314920021,717.9979941654525,697.77127000268,709.9905815911168,
2020-07-21,712.1258916109397,712.6597191158953,699.8478589969578,707.321444066338,
2020-07-22,705.7199615514709,715.318180090575,699.3834290676464,709.9905815911168,
2020-07-23,717.9979941654525,717.9979941654525,704.7163658421539,707.321444066338,
2020-07-24,709.9905815911168,709.9905815911168,699.3140314920021,701.449341511825,
2020-07-27,707.310767516239,742.0202318884603,699.4261352680428,742.0202318884603,
2020-07-28,720.6671316902314,726.0054067397886,714.2665399058119,719.5994766803196,
2020-07-29,720.6671316902314,728.1407167596115,712.7024253162917,728.1407167596115,
2020-07-30,726.000068464739,736.6819568389029,717.6456680121819,736.6819568389029,
2020-08-03,731.3436817893459,734.5466468190801,714.7950291357181,734.5466468190801,
2020-08-04,728.6478528893194,728.6478528893194,709.9905815911168,720.127965910226,
2020-08-05,719.861052157748,723.3362692150098,704.6629830916586,723.3362692150098,
2020-08-06,720.6671316902314,723.8167139694701,709.9905815911168,720.6671316902314,
2020-08-07,720.6671316902314,722.2686142050983,709.9905815911168,714.1063916543253,
2020-08-10,720.6671316902314,724.8309862288859,709.9905815911168,713.9409051277889,
2020-08-11,714.5281153832404,723.3362692150098,714.5281153832404,720.6404403149835,
2020-08-12,722.8024417100542,722.8024417100542,712.12055333589,715.328856640674,
2020-08-13,719.5941384052701,731.3436817893459,708.9229265812054,723.3362692150098,
2020-08-17,729.2083717695228,729.2083717695228,719.6048149553695,723.3362692150098,
2020-08-18,730.2760267794342,730.2760267794342,718.2649079179305,720.0799214347799,
2020-08-19,723.3362692150098,726.0054067397886,714.2612016307623,726.0054067397886,
2020-08-20,723.3362692150098,723.3362692150098,707.321444066338,715.328856640674,
2020-08-21,714.5281153832404,720.6671316902314,705.7733443019664,716.7488378038563,
2020-08-24,716.9677070808879,716.9677070808879,709.9905815911168,712.6330277406474,
2020-08-25,714.5227771081909,763.3733320866893,708.0314346479291,763.3733320866893,
2020-08-26,730.558955357061,759.1027120470435,726.5926169952398,753.2306094925304,
2020-08-27,764.9748146015565,764.9748146015565,749.25893285566,749.2802859558582,
2020-08-28,747.353168662968,747.3585069380176,742.0202318884603,742.5540593934161,
2020-08-31,736.740677864448,787.395569809697,732.0109661705403,770.8469171560694,
2020-09-01,784.7264322849185,795.4029823840328,767.115462896429,795.3976441089833,
2020-09-02,786.6802409530565,790.1180900849712,783.9256910274851,783.9256910274851,
2020-09-03,782.0572947601399,798.0721199088116,779.3881572353611,798.0721199088116,
2020-09-04,792.7178300341058,800.634491932599,780.3970912197275,787.395569809697,
2020-09-07,794.6022411265994,794.6022411265994,782.1960899114282,784.7264322849185,
2020-09-08,781.5288055302336,787.395569809697,763.9071595916452,774.0498821858037,
2020-09-09,763.3733320866893,770.3130896511138,750.0276444627962,762.8288280316347,
2020-09-10,755.3659195123533,771.3807446610255,755.3659195123533,771.3807446610255,
2020-09-11,768.7116071362466,768.7116071362466,753.2306094925304,763.0103293833193,
2020-09-14,763.3733320866893,777.786674720494,755.3659195123533,769.2454346412023,
2020-09-15,770.3130896511138,778.4272677264408,766.0478078865174,766.0478078865174,
2020-09-16,772.9822271758925,774.0498821858037,763.400023461937,763.9071595916452,
2020-09-17,763.3733320866893,774.0498821858037,761.7718495718223,761.7718495718223,
2020-09-18,771.3807446610255,774.0498821858037,763.3733320866893,771.3807446610255,
2020-09-21,774.0498821858037,772.8594468497525,758.4461042159479,766.8432108689015,
2020-09-22,771.023080232705,771.023080232705,744.6893694132389,748.9653277279343,
2020-09-23,762.3003388017285,762.3003388017285,739.48988951497,742.0202318884603,
2020-09-24,747.3585069380176,758.0350570371321,728.6852208146663,758.0350570371321,
2020-09-25,743.0878868983718,760.7041945619109,737.2691670943542,750.0276444627962,
2020-09-28,747.3585069380176,750.294558215274,689.502281950916,717.4641666604969,
2020-09-29,704.6523065415594,729.2083717695228,696.6448939672234,729.2083717695228,
2020-09-30,731.3383435142962,770.8469171560694,720.6724699652808,734.0128193141245,
2020-10-01,734.0128193141245,736.6819568389029,707.321444066338,736.6819568389029,
2020-10-02,742.0202318884603,760.7041945619109,707.5082836930725,720.6671316902314,
2020-10-05,705.7199615514709,734.0074810390748,699.8478589969578,715.328856640674,
2020-10-06,719.5994766803196,727.0730617497,685.9683438681091,709.9905815911168,
2020-10-07,708.8962352059573,714.2558633557129,694.1625960691792,701.9831690167807,
2020-10-08,700.9155140068693,712.6063363653998,696.7783508434625,704.1184790366037,
2020-10-09,706.7876165613822,717.9979941654525,696.9118077197014,705.1861340465152,
2020-10-12,709.9905815911168,715.8626841456297,693.9757564424448,701.449341511825,
2020-10-13,697.9794627296129,699.3140314920021,679.0285863036845,693.4419289374893,
2020-10-14,675.297132044044,699.3140314920021,669.9695335445858,699.3140314920021,
2020-10-15,699.303354941903,699.3140314920021,681.4308100759852,691.840446422622,
2020-10-16,688.6374813928875,692.8974248824343,675.8256212739502,689.705136402799,
2020-10-19,695.577238957312,720.6617934151817,685.9683438681091,707.321444066338,
2020-10-20,714.7950291357181,723.3362692150098,699.3140314920021,709.9905815911168,
2020-10-21,695.2195745289918,715.328856640674,695.2195745289918,715.328856640674,
2020-10-22,715.8626841456297,715.8626841456297,693.9757564424448,693.9757564424448,
2020-10-23,702.6878213233223,702.6878213233223,685.9683438681091,701.9831690167807,
2020-10-26,703.995698710464,707.8552715712937,689.7585191532946,697.7125489771349,
2020-10-27,694.0024478176925,699.015088089227,678.7616725512067,693.9757564424448,
2020-10-28,696.6342174171244,696.6342174171244,683.3098828934295,690.7674531376612,
2020-10-29,686.3847293219744,693.4419289374893,651.2695560459867,666.531684412671,
2020-11-02,661.9461061451013,672.0888287392601,642.2478712122348,661.9461061451013,
2020-11-03,664.61524366988,680.6300688185518,640.5930059468723,680.6300688185518,
2020-11-04,685.9683438681091,689.1713088978432,672.6226562442158,683.2992063433304,
2020-11-05,687.5698263829763,687.5698263829763,673.332646825807,673.332646825807,
2020-11-06,672.7561131204549,681.5055459266791,667.2843811946585,672.6226562442158,
2020-11-09,672.6226562442158,677.347029663074,668.8858637095257,677.347029663074,
2020-11-10,683.2992063433304,688.6374813928875,669.9588569944868,688.6374813928875,
2020-11-11,683.2938680682809,696.1110664622677,676.9519973094067,691.3172954677656,
2020-11-12,693.3885461869935,693.9650798923457,680.6354070936014,680.6354070936014,
2020-11-13,688.1036538879318,693.1216324345157,675.0248800165166,693.1216324345157,
2020-11-16,686.5021713730648,688.6374813928875,678.1370943704086,685.9683438681091,
2020-11-17,683.7849893728398,699.58094524448,683.7849893728398,699.58094524448,
2020-11-18,688.6374813928875,688.7442468938788,686.5555541235602,688.6374813928875,
2020-11-19,692.9081014325333,692.9081014325333,684.9006888581974,692.9081014325333,
2020-11-20,693.1750151850114,693.9757564424448,677.9609312937731,682.6746281625321,
2020-11-23,688.1036538879318,688.1036538879318,669.9535187194373,688.0502711374364,
2020-11-24,685.9683438681091,719.8343607825002,675.297132044044,699.3140314920021,
2020-11-25,707.321444066338,734.0128193141245,699.3140314920021,715.4089307664174,
2020-11-26,722.3593648809408,776.5321800838482,722.3593648809408,742.0202318884603,
2020-11-27,726.1815698164239,733.9594365636287,723.3896519655054,733.9594365636287,
2020-11-30,731.3436817893459,731.3436817893459,720.6671316902314,721.7347867001428,
2020-12-01,727.0196789992043,734.0128193141245,719.1190319258596,734.0128193141245,
2020-12-02,728.6745442645671,736.6819568389029,721.200959195187,736.6819568389029,
2020-12-03,745.8104071736458,745.8104071736458,730.0091130269565,744.6359866627433,
2020-12-04,747.3585069380176,752.6967819875748,737.7496118488144,749.4884786827909,
2020-12-07,746.2908519281062,746.8246794330618,739.8849218686373,746.8246794330618,
2020-12-08,746.8246794330618,752.1629544826189,737.2157843438588,747.8923344429732,
2020-12-09,752.6967819875748,782.8473594674743,742.5647359435152,752.6433992370793,
2020-12-10,746.2908519281062,749.4938169578405,737.7496118488144,744.507868061554,
2020-12-11,747.3638452130671,766.042469611468,747.2517414370263,759.0600058466472,
2020-12-14,776.7190197105825,776.7190197105825,755.9317766676064,763.2665665856981,
2020-12-15,752.6967819875748,768.177779631291,752.6967819875748,762.3056770767779,
2020-12-16,760.7041945619109,761.2380220668664,755.3659195123533,755.8997470173093,
2020-12-17,765.9890868609725,767.6439521263353,756.0759100939447,756.9834168523691,
2020-12-18,760.7041945619109,766.031793061369,752.8836216143092,755.3659195123533,
2020-12-21,755.3659195123533,757.143565103856,742.0202318884603,742.0202318884603,
2020-12-22,742.9757831223311,747.3051241875221,736.6819568389029,746.2641605528585,
2020-12-23,736.6819568389029,744.6893694132389,726.0054067397886,726.1869080914732,
2020-12-24,733.4736535341192,736.6819568389029,718.5371599454578,723.3362692150098,
2020-12-28,727.2865927516823,732.4059985242075,720.6724699652808,726.0054067397886,
2020-12-29,721.6120063740029,729.7528758245777,708.4478201017945,728.1353784845618,
2020-12-30,728.6692059895176,728.6692059895176,711.058236601028,719.5941384052701,
2020-12-31,721.7294484250931,721.7294484250931,703.8515652841259,720.1333041852756,
2021-01-01,714.7950291357181,741.4864043835046,705.1914723215647,741.4864043835046,
2021-01-04,732.4113367992574,750.5614719677518,727.6602720051511,744.6359866627433,
2021-01-05,736.078731758303,737.7496118488144,722.8024417100542,736.6819568389029,
2021-01-06,744.1502036332337,752.6967819875748,735.886553856519,752.6967819875748,
2021-01-07,746.7659584075167,752.6967819875748,742.0202318884603,752.6914437125253,
2021-01-08,752.1629544826189,752.6967819875748,736.6712802888039,746.8246794330618,
2021-01-11,757.6773926088118,757.6773926088118,739.3510943636817,747.3585069380176,
2021-01-12,745.8370985488937,747.3585069380176,720.6671316902314,735.9399366070145,
2021-01-13,726.5392342447442,750.5614719677518,726.5392342447442,734.0128193141245,
2021-01-14,734.0128193141245,740.9525768785488,726.0054067397886,740.9525768785488,
2021-01-15,730.9219580604307,733.9968044889758,720.7205144407268,731.8775092943016,
2021-01-18,730.7564715338945,730.7564715338945,720.6671316902314,726.0054067397886,
2021-01-19,730.2493354041867,775.5285843745311,720.6617934151817,775.5285843745311,
2021-01-20,775.1175371957153,827.427294406327,763.3733320866893,777.2795385907859,
2021-01-21,788.4632248196086,795.4029823840328,766.5762971164237,773.5160546808482,
2021-01-22,774.0498821858037,776.6923283353348,758.5688845420877,761.8145557722186,
2021-01-25,765.5086421065122,765.5086421065122,747.8923344429732,750.5614719677518,
2021-01-26,758.0030273868349,758.0030273868349,747.3585069380176,747.3638452130671,
2021-01-27,752.6914437125253,779.3881572353611,748.4315002229785,779.3881572353611,
2021-01-28,769.2507729162519,772.9822271758925,754.9068278580917,755.3659195123533,
2021-01-29,758.0403953121815,762.3056770767779,747.3638452130671,752.6967819875748,
2021-02-01,757.4958912571266,779.3881572353611,757.4745381569287,762.3110153518273,
2021-02-02,766.042469611468,774.0498821858037,760.7041945619109,764.9748146015565,
2021-02-03,768.7116071362466,822.0943576318194,766.0798375368148,822.0943576318194,
2021-02-04,880.2922322220928,880.2922322220928,880.2922322220928,880.2922322220928,
2021-02-08,886.1536582265064,920.8524460486286,880.2922322220928,891.4972715511133,
2021-02-09,907.5067584247356,907.5067584247356,886.1536582265064,902.1684833751784,
2021-02-10,907.5067584247356,907.5067584247356,880.8153831769491,884.5521757116395,
2021-02-11,876.0109356323478,885.0860032165951,859.9961104836759,859.9961104836759,
2021-02-12,854.6578354341189,866.4020405431446,838.4027879082167,854.8126454105559,
2021-02-15,864.8005580282776,875.4771081273918,854.6578354341189,865.868213038189,
2021-02-16,870.1388330778346,880.228172921498,864.8005580282776,865.3343855332332,
2021-02-17,870.1388330778346,870.6726605827905,864.8005580282776,870.1388330778346,
2021-02-18,870.6726605827905,880.8100449018997,838.109182780491,846.1165953548272,
2021-02-19,851.4548704043845,851.9886979093399,836.5077002656238,848.7857328796056,
2021-02-22,854.124007929163,854.124007929163,838.109182780491,838.109182780491,
2021-02-23,842.9136303250926,843.4474578300484,827.4326326813766,837.0415277705798,
2021-02-24,832.781584281033,873.8756256125248,827.9664601863323,843.5008405805439,
2021-02-25,850.9210428994285,859.46228297872,838.6963930359424,843.4474578300484,
2021-02-26,835.445383530762,856.7931454539415,835.445383530762,854.124007929163,
2021-03-01,854.1186696541133,854.124007929163,838.109182780491,838.109182780491,
2021-03-02,848.7857328796056,851.4548704043845,832.7709077309339,839.7106652953582,
2021-03-03,833.8439010158946,840.7783203052699,832.2904629764736,833.8385627408454,
2021-03-04,827.4326326813766,832.1036233497392,811.417807532705,831.9701664735001,
2021-03-05,832.7709077309339,862.131420503499,827.4326326813766,848.7857328796056,
2021-03-08,859.4569447036706,864.8005580282776,827.4326326813766,827.4326326813766,
2021-03-09,843.3940750795529,848.7857328796056,824.7634951565979,848.7857328796056,
2021-03-10,822.0996959068688,848.7857328796056,822.0943576318194,838.109182780491,
2021-03-11,839.1768377904026,839.7106652953582,824.8435692823413,827.9664601863323,
2021-03-12,848.7803946045561,848.7857328796056,822.6281851367751,829.5946340764473,
2021-03-15,843.4474578300484,854.6578354341189,842.9136303250926,851.4548704043845,
2021-03-16,851.4548704043845,859.46228297872,848.7857328796056,851.4548704043845,
2021-03-17,862.0780377530034,864.7418370027325,849.3195603845616,849.3195603845616,
2021-03-18,859.4089002282246,859.4569447036706,830.6355977111109,838.701731310992,
2021-03-19,852.5225254142957,852.5225254142957,811.4711902832003,827.9664601863323,
2021-03-22,842.9136303250926,864.8005580282776,828.5163025164366,849.33557520971,
2021-03-24,846.1165953548272,859.9961104836759,840.7783203052699,852.1274930606285,
2021-03-25,856.7931454539415,867.4696955530561,846.1165953548272,846.1165953548272,
2021-03-26,848.7857328796056,854.124007929163,825.2973226615537,843.4474578300484,
2021-03-29,851.1772801018074,851.1772801018074,838.109182780491,843.4474578300484,
2021-03-30,843.4474578300484,848.7857328796056,780.4558122452727,816.756082582262,
2021-03-31,827.4326326813766,840.7783203052699,795.4083206590824,822.0943576318194,
2021-04-01,832.1836974754825,832.2370802259782,811.417807532705,827.1657189288985,
2021-04-02,836.5077002656238,840.2444928003141,812.1277981142958,824.7634951565979,
2021-04-05,824.7901865318455,831.7032527210224,813.0192900475718,822.0943576318194,
2021-04-06,819.3184546060494,832.7709077309339,809.2824975128818,827.427294406327,
2021-04-07,823.6958401466865,825.5962660643289,795.4029823840328,819.4252201070406,
2021-04-08,846.1112570797776,846.1112570797776,807.2005702435544,827.4326326813766,
2021-04-09,840.2444928003141,841.3121478102255,822.6815678872704,835.445383530762,
2021-04-12,837.9490345290045,840.7729820302202,829.5679427011994,833.3154117859888,
2021-04-13,825.302660936603,853.5901804242071,825.302660936603,834.0520937428277,
2021-04-14,838.6483485604963,848.7857328796056,838.1145210555405,843.4474578300484,
2021-04-15,838.2479779317797,848.7857328796056,833.443530387178,835.4400452557124,
2021-04-16,836.5023619905744,843.4474578300484,834.3777285208505,838.109182780491,
2021-04-19,851.4548704043845,886.1429816764075,843.4474578300484,862.142097053598,
2021-04-20,875.4183871018467,875.4183871018467,848.7857328796056,848.7857328796056,
2021-04-21,843.9812853350041,857.2041926327574,843.9812853350041,847.7180778696944,
2021-04-22,844.5684955904553,853.051014644202,835.4400452557124,835.9738727606683,
2021-04-23,832.7709077309339,839.7693863209034,828.5002876912881,831.7032527210224,
2021-04-26,828.0038281116792,864.8005580282776,827.4326326813766,851.4548704043845,
2021-04-27,862.1260822284494,862.131420503499,835.4400452557124,843.4474578300484,
2021-04-28,850.3818771194233,858.9284554737646,843.4741492052959,851.4014876538888,
2021-04-29,841.8406370401318,841.8406370401318,811.417807532705,821.7366932034989,
2021-04-30,831.6925761709233,831.6925761709233,808.7540082829756,808.7540082829756,
2021-05-03,832.2370802259782,832.2370802259782,808.7486700079261,813.0192900475718,
2021-05-04,835.9204900101727,835.9204900101727,807.1738788683067,808.7486700079261,
2021-05-05,812.1384746643948,818.3575650971294,801.985075520137,811.3110420317136,
2021-05-06,811.417807532705,811.417807532705,798.0988112840595,800.7412574335904,
2021-05-17,801.2750849385458,821.0267026219079,801.2750849385458,817.7703548416781,
2021-05-18,817.3432928377134,843.4261047298502,816.756082582262,843.3940750795529,
2021-05-19,846.0632126043315,858.3946279688088,822.1477403823146,854.124007929163,
2021-05-20,852.9976318937066,852.9976318937066,842.4011559203352,843.4581343801474,
2021-05-21,848.7803946045561,854.124007929163,842.6680696728131,851.4548704043845,
2021-05-24,854.1133313790638,855.1916629390744,843.4474578300484,843.4474578300484,
2021-05-25,851.4388555792355,851.4548704043845,821.5605301268636,837.5219725250398,
2021-05-26,833.3581179863851,843.4474578300484,825.0304089090758,830.0750788309074,
2021-05-27,833.7745034402507,838.1038445054417,803.410394958369,829.5679427011994,
2021-05-28,816.2756378278018,834.9008794757073,816.2756378278018,832.2370802259782,
2021-05-31,827.6461636833588,842.8068648241017,818.3575650971294,832.7709077309339,
2021-06-01,844.9528513940232,844.9528513940232,828.5002876912881,834.9062177507566,
2021-06-02,829.5679427011994,838.109182780491,822.0943576318194,827.1657189288985,
2021-06-03,827.4326326813766,831.0359683398276,818.6351553997062,822.7349506377661,
2021-06-04,826.3649776714651,835.4400452557124,818.2507995961379,832.7709077309339,
2021-06-07,818.3575650971294,853.5901804242071,818.3575650971294,832.8242904814293,
2021-06-08,838.0558000299958,839.0700722894117,828.2600653140579,836.9881450200841,
2021-06-09,837.0415277705798,838.109182780491,827.4326326813766,832.2370802259782,
2021-06-10,832.2317419509285,835.4400452557124,829.0394534712935,832.7655694558844,
2021-06-11,841.8459753151812,841.8459753151812,827.4326326813766,827.4593240566244,
2021-06-14,841.9794321914201,841.9794321914201,827.4326326813766,831.6498699705269,
2021-06-15,828.0198429368278,832.178359200433,824.2296676516423,824.7634951565979,
2021-06-16,827.4219561312776,827.4219561312776,819.4786028575362,820.4982133920017,
2021-06-17,824.2296676516423,832.1142998998381,817.9571944684126,818.9074074272337,
2021-06-18,821.0213643468581,822.0890193567698,816.756082582262,818.2881675214851,
2021-06-21,824.7421420563996,824.7474803314493,808.2148425029702,812.3253142911295,
2021-06-22,817.818399317124,832.2370802259782,812.4854625426161,832.2370802259782,
2021-06-23,827.486015431872,832.1676826503337,822.6335234118246,825.8311501665096,
2021-06-24,833.7798417153002,833.7798417153002,818.6298171246567,821.5605301268636,
2021-06-25,826.5091110978032,827.4326326813766,808.7486700079261,827.4326326813766,
2021-06-28,823.1620126417307,826.8988051764206,803.410394958369,812.4854625426161,
2021-06-29,813.0192900475718,819.4252201070406,793.2676723642102,799.5668369226876,
2021-06-30,802.7164192019264,814.0869450574833,794.7090066275905,814.0869450574833,
2021-07-01,808.7486700079261,827.4326326813766,808.7486700079261,826.8988051764206,
2021-07-02,824.6567296556068,824.7101124061023,812.2185487901382,822.0943576318194,
2021-07-05,824.6033469051114,824.6033469051114,813.2328210495542,816.756082582262,
2021-07-06,821.5178239264671,826.8988051764206,811.9676498628093,826.8454224259254,
2021-07-07,816.756082582262,825.569574689081,816.756082582262,818.891392602085,
2021-07-08,819.4305583820903,824.7634951565979,814.0869450574833,819.4252201070406,
2021-07-09,822.0890193567698,822.0943576318194,811.4765285582498,814.0869450574833,
2021-07-12,822.0890193567698,822.0890193567698,811.417807532705,814.0869450574833,
2021-07-13,820.4875368419026,820.4928751169522,811.417807532705,813.5637941026267,
2021-07-14,822.0676662565716,822.0676662565716,800.7412574335904,814.0869450574833,
2021-07-15,814.0335623069878,816.7507443072124,808.7486700079261,811.417807532705,
2021-07-16,811.417807532705,813.8200313050056,803.410394958369,805.5510432532413,
2021-07-19,824.7634951565979,824.7634951565979,803.410394958369,808.7486700079261,
2021-07-23,809.3358802633774,811.417807532705,803.6826469858963,806.159606608891,
2021-07-26,816.7507443072124,816.7507443072124,805.0118774732359,809.8163250178376,
2021-07-27,807.2005702435544,809.8163250178376,806.0795324831475,806.1329152336432,
2021-07-28,813.8146930299562,813.8146930299562,801.8142507185512,805.0118774732359,
2021-07-29,808.7433317328765,808.7433317328765,803.4157332334185,803.4157332334185,
2021-07-30,806.0261497326519,811.417807532705,803.4157332334185,806.6133599881033,
2021-08-02,808.2842400786147,808.7486700079261,803.9442224633246,805.0118774732359,
2021-08-03,806.0795324831475,810.8252590022038,801.8622951939973,809.5494112653598,
2021-08-04,807.1418492180094,807.1418492180094,802.8872440035123,804.2111362158025,
2021-08-05,804.4887265183795,816.2222550773064,800.2074299286346,811.417807532705,
2021-08-06,805.0172157482855,811.257659281218,794.3353273741213,796.4065780933497,
2021-08-09,810.8839800277491,810.8839800277491,787.395569809697,795.9368098889887,
2021-08-10,794.4687842503605,800.7465957086399,792.7338448592545,798.0721199088116,
2021-08-11,794.8691548790774,802.8765674534133,794.8691548790774,800.7359191585406,
2021-08-12,800.7412574335904,802.3427399484574,798.077458183861,799.6736024236789,
2021-08-13,798.6112856888171,800.7412574335904,795.9421481640383,798.8141401407,
2021-08-16,800.2020916535851,800.7412574335904,787.9293973146529,795.9368098889887,
2021-08-17,794.3353273741213,800.7465957086399,794.3353273741213,798.0721199088116,
2021-08-20,799.6148813981338,800.7412574335904,787.3902315346475,787.395569809697,
2021-08-23,798.6006091387177,821.0267026219079,795.4029823840328,821.0267026219079,
2021-08-24,803.410394958369,820.4928751169522,803.410394958369,811.417807532705,
2021-08-25,811.9516350376604,811.9516350376604,806.0795324831475,810.3501525227936,
2021-08-26,811.4124692576554,827.4326326813766,806.0795324831475,810.3341376976447,
2021-08-27,814.0335623069878,814.0335623069878,801.2750849385458,809.8163250178376,
2021-08-30,816.745406032163,819.3184546060494,799.1451131937725,808.2148425029702,
2021-08-31,808.2148425029702,822.0943576318194,801.2750849385458,822.0890193567698,
2021-09-01,819.3184546060494,824.7634951565979,819.3184546060494,824.7634951565979,
2021-09-02,827.9024008857376,830.0910936560562,819.4252201070406,827.4326326813766,
2021-09-03,826.258212170474,835.4400452557124,820.5515961424974,823.4289263942086,
2021-09-06,829.034115196244,848.7857328796056,817.9999006688088,838.109182780491,
2021-09-07,832.7709077309339,841.8459753151812,832.1142998998381,834.9062177507566,
2021-09-08,834.9062177507566,835.2638821790773,816.7507443072124,816.7507443072124,
2021-09-09,819.4252201070406,827.4326326813766,814.0869450574833,827.4326326813766,
2021-09-10,817.829075867223,832.7709077309339,816.8148036078072,827.9344305360353,
2021-09-13,832.7655694558844,843.4474578300484,827.9717984613819,838.109182780491,
2021-09-14,838.0931679553423,843.4474578300484,829.5679427011994,838.109182780491,
2021-09-15,830.0483874556598,840.7783203052699,830.0110195303126,838.1038445054417,
2021-09-16,830.7957459625976,838.109182780491,823.1620126417307,838.109182780491,
2021-09-17,835.4400452557124,843.3940750795529,834.372390245801,835.4400452557124,
2021-09-20,822.6281851367751,843.3940750795529,822.6281851367751,838.109182780491,
2021-09-21,842.9136303250926,842.9136303250926,827.9664601863323,827.9664601863323,
2021-09-22,840.1217124741742,840.1217124741742,822.0943576318194,827.4326326813766,
2021-09-23,834.9062177507566,834.9062177507566,819.4252201070406,827.427294406327,
2021-09-24,827.9664601863323,832.7495546307357,822.0943576318194,827.4326326813766,
2021-09-27,841.3121478102255,841.3121478102255,821.0267026219079,827.4326326813766,
2021-09-28,835.4400452557124,835.4400452557124,821.5605301268636,822.0943576318194,
2021-09-29,827.416617856228,827.4326326813766,810.3501525227936,816.756082582262,
2021-09-30,822.0836810817202,844.5151128399599,803.4637777088642,832.2370802259782,
2021-10-01,828.5002876912881,828.5002876912881,824.7634951565979,825.8685180918562,
2021-10-04,822.6281851367751,838.109182780491,822.1210490070671,835.4400452557124,
2021-10-05,837.5700170004858,897.8498188600864,837.5700170004858,895.2287258107541,
2021-10-06,896.8302083256214,964.8718621072782,896.8302083256214,926.190721098186,
2021-10-07,931.5289961477433,950.0741636699054,915.6316130501617,943.700263260734,
2021-10-08,951.8144413360609,960.3556814153525,934.9988749299556,944.8853603217357,
2021-10-11,955.4978511202556,955.4978511202556,923.5215835734076,944.8746837716366,
2021-10-12,934.1981336725222,947.5438212964149,923.5215835734076,947.0099937914592,
2021-10-13,947.5438212964149,947.5438212964149,928.8598586229647,929.9328519079257,
2021-10-14,938.4580771620688,944.8746837716366,923.5215835734076,926.190721098186,
2021-10-15,911.977235065425,911.977235065425,886.232654176725,911.977235065425,
2021-10-18,898.624815429673,925.3886649928576,898.5658051379922,906.800423113436,
2021-10-20,907.2081305832297,952.2115248477229,906.612663094452,952.2115248477229,
2021-10-21,914.6595210509114,962.9353042176983,914.6595210509114,951.6750676506257,
2021-10-22,952.2115248477229,965.6229547751559,941.5413911974575,945.2965915771389,
2021-10-25,952.7426174728496,954.8938108332098,938.8054594922615,953.8208964390151,
2021-10-26,957.6297425384059,962.9406687896692,911.977235065425,917.8782642334954,
2021-10-27,928.0173052586345,944.1646668912634,913.6402523764265,944.1646668912634,
2021-10-28,928.1889715617057,930.2114151947625,911.977235065425,922.1699218102739,
2021-10-29,918.4093568586217,927.529129209276,907.6909420606174,911.977235065425,
2021-11-01,922.164557238303,925.3886649928576,904.0376685483849,913.586606656717,
2021-11-02,895.8191442888542,911.977235065425,895.8191442888542,899.1720017707123,
2021-11-03,900.657988206672,914.6595210509114,899.1559080547993,911.977235065425,
2021-11-04,911.9825996373961,913.0501494596195,903.9303771089651,906.607298522481,
2021-11-05,911.971870493454,911.971870493454,899.1022623350896,906.612663094452,
2021-11-08,911.333486428908,916.2688926422035,893.9737315308392,906.585840234597,
2021-11-09,930.1148528992851,933.4140646614335,885.6908324076568,899.1022623350896,
2021-11-10,908.7531273108702,922.706379007371,901.795277464518,911.977235065425,
2021-11-11,911.9557767775411,916.8053498393009,906.612663094452,911.4300487243856,
2021-11-12,906.6716733861325,932.3626085551227,904.5741257454822,907.6855774886466,
2021-11-15,911.4085904365021,924.750280928312,906.6716733861325,917.985555672915,
2021-11-16,922.706379007371,926.9926720121787,911.977235065425,913.5812420847459,
2021-11-17,914.1176992818433,928.0709509783444,906.612663094452,928.0709509783444,
2021-11-18,911.9825996373961,919.4876358247873,911.977235065425,917.3418070363982,
2021-11-19,919.9704473021749,936.1178089348039,919.9704473021749,933.4301583773465,
2021-11-22,952.2115248477229,952.2115248477229,913.0501494596195,914.6595210509114,
2021-11-23,927.529129209276,927.529129209276,902.8574627147706,903.9303771089651,
2021-11-24,911.9235893457154,941.471651761835,900.7116339263813,925.4423107125675,
2021-11-25,913.586606656717,938.263637723193,913.586606656717,928.0655864063734,
2021-11-26,922.706379007371,926.4562148150814,907.6855774886466,911.95041220557,
2021-11-29,922.1699218102739,937.9632216928184,902.8574627147706,925.3886649928576,
2021-11-30,914.1230638538144,932.3626085551227,898.5658051379922,917.3418070363982,
2021-12-01,907.4173488900981,915.6734251534253,907.4173488900981,907.6855774886466,
2021-12-02,911.9182247737442,911.9182247737442,855.6492293702078,859.940886946986,
2021-12-03,866.3783733121539,898.5658051379922,844.9200854282615,847.6077359857189,
2021-12-06,858.3315153556941,871.7429452831268,850.2846573992346,871.7429452831268,
2021-12-07,869.0606592976404,880.058031838135,864.7958245807166,869.0606592976404,
2021-12-08,865.3054589179591,898.5658051379922,865.3054589179591,889.0168670296603,
2021-12-09,899.633354960216,902.3210055176734,882.472089225073,890.5243117535036,
2021-12-10,911.977235065425,911.977235065425,874.4788769883232,898.5658051379922,
2021-12-13,890.5189471815326,892.1229542008537,874.4252312686133,874.4252312686133,
2021-12-14,874.4788769883232,895.8835191525058,874.4252312686133,895.8835191525058,
2021-12-15,877.6439744511972,901.2480911234791,878.1857962202656,901.2480911234791,
2021-12-16,888.9095755902408,911.971870493454,877.9175676217169,911.971870493454,
2021-12-17,899.1022623350896,910.9043206712303,890.5189471815326,910.9043206712303,
2021-12-20,901.1086122522335,910.8989560992593,893.437274333742,906.612663094452,
2021-12-21,902.0742352070088,904.4614697340916,898.5658051379922,901.2480911234791,
2021-12-22,895.8835191525058,898.5121594182827,894.2795121331848,894.5691990196173,
2021-12-23,892.2087873523892,894.2741475612139,890.7871757800812,893.1958685950482,
2021-12-24,892.6111302502121,895.2665933758439,883.0085464221703,890.5135826095618,
2021-12-27,891.060768950601,891.060768950601,858.2778696359843,865.8419161150565,
2021-12-28,863.1059844098604,880.8627176337811,863.1059844098604,879.7898032395863,
2021-12-29,879.2533460424893,882.9549007024606,871.7429452831268,877.1075172541,
2021-12-30,879.2533460424893,883.5450036192676,871.7429452831268,878.1750670763236,
2021-12-31,847.7794022887899,891.5918615757274,847.7794022887899,887.8366611960461,
2022-01-03,879.7898032395863,898.5658051379922,871.7429452831268,898.5658051379922,
2022-01-04,889.4406682153669,909.2949490799385,882.4774537970438,898.0293479408953,
2022-01-05,894.3063349930395,898.5658051379922,894.3063349930395,895.8835191525058,
2022-01-06,893.7376903641165,898.5658051379922,887.8903069157556,898.5658051379922,
2022-01-07,869.0606592976404,902.8574627147706,869.0606592976404,897.5626301794205,
2022-01-10,903.393919911868,903.393919911868,887.3055685709197,892.1283187728246,
2022-01-11,888.9095755902408,889.9824899844352,879.7898032395863,885.1543752105595,
2022-01-12,893.201233167019,895.3470619554083,885.1543752105595,895.3470619554083,
2022-01-13,896.9564335467003,900.7116339263813,890.7979049240234,890.7979049240234,
2022-01-14,895.7386757092896,900.175176729284,893.201233167019,895.8835191525058,
2022-01-17,899.0968977631188,902.3210055176734,895.9908105919252,898.5658051379922,
2022-01-18,900.175176729284,908.1952118258889,899.6387195321871,901.2749139833336,
2022-01-19,900.175176729284,906.6233922383939,890.5243117535036,890.5243117535036,
2022-01-20,905.0032915031601,905.0032915031601,893.201233167019,895.9908105919252,
2022-01-21,901.1944454037691,927.534493781247,896.3931534897482,917.7870665099888,
2022-01-24,911.4407778683276,922.706379007371,901.2480911234791,906.612663094452,
2022-01-25,912.5136922625223,912.5136922625223,902.8628272867417,902.8628272867417,
2022-01-26,903.9357416809364,911.971870493454,895.8835191525058,901.2480911234791,
2022-01-27,895.8781545805347,938.263637723193,895.8781545805347,911.977235065425,
2022-01-28,914.6541564789406,914.6541564789406,902.8574627147706,914.6058753312018,
2022-01-31,920.6195605106627,922.7010144354001,908.2756804054536,911.9825996373961,
2022-02-01,911.977235065425,930.2114151947625,911.971870493454,929.6803225696362,
2022-02-02,912.9948845566425,915.6342208010836,898.4569896102215,915.6342208010836,
2022-02-03,915.6880848060722,921.0744853049315,915.6880848060722,915.7311760100629,
2022-02-04,921.0690989044325,921.0744853049315,910.3447755112038,916.765364905844,
2022-02-07,919.4531787547747,923.7676855543612,915.6880848060722,915.6880848060722,
2022-02-08,923.229045504475,923.762299153862,910.301684307213,910.301684307213,
2022-02-09,914.6108047063002,928.0768059534483,910.9588251680736,926.4608858037905,
2022-02-10,915.7257896095642,925.8145177439276,915.7150168085665,918.3866714560005,
2022-02-11,925.9222457539047,952.3156081983151,916.2321112564568,952.3156081983151,
2022-02-14,942.6200873003686,964.1656892958052,942.6200873003686,957.6427582916866,
2022-02-15,964.1603028953064,968.4748096948928,953.5113891090618,964.1656892958052,
2022-02-16,964.1603028953064,965.2429693955773,956.0968613485143,958.7792887969463,
2022-02-17,954.4755547983575,964.1656892958052,948.18423901569,956.0860885475163,
2022-02-18,950.705074449156,958.7146519909599,948.0064877992276,949.0837678989994,
2022-02-21,937.2929372069966,945.3079011492993,926.4662722042897,931.7934222976612,
2022-02-22,927.5974163090499,950.6996880486573,923.7676855543612,945.8519275996842,
2022-02-23,953.3928882980869,964.1656892958052,942.743974511842,963.0884091960335,
2022-02-24,948.1249886102024,967.3975295951209,948.0011013987288,948.0011013987288,
2022-02-25,942.6147008998694,956.0860885475163,942.6147008998694,950.6996880486573,
2022-02-28,950.6943016481584,969.0134497447785,939.9861374564264,964.1656892958052,
2022-03-01,963.6001172434251,964.1656892958052,950.1610479987714,964.1656892958052,
2022-03-02,964.1656892958052,966.8588895452349,946.9292076994559,964.1656892958052,
2022-03-03,963.6270492459194,973.322570143866,950.8181888596321,969.5520897946647,
2022-03-04,969.5467033941658,969.5682489961613,953.4521387035743,964.2249397012928,
2022-03-07,969.5520897946647,972.2345172430967,953.5113891090618,964.9736493706345,
2022-03-08,969.0134497447785,969.0134497447785,943.2125913552428,958.7792887969463,
2022-03-09,966.320249495349,966.8588895452349,953.4521387035743,958.7792887969463,
2022-03-10,958.6554015854724,969.4874529886783,953.3928882980869,956.6247285974026,
2022-03-11,952.8542482482011,957.292642259261,948.0064877992276,949.6224079488856,
2022-03-14,950.6996880486573,950.6996880486573,939.9807510559275,943.6973674001403,
2022-03-15,945.3132875497977,945.3132875497977,937.7723268513951,941.5428072005965,
2022-03-16,964.1656892958052,964.1656892958052,931.84728630265,937.2336868015092,
2022-03-17,927.5812571075533,948.0064877992276,926.5686138137679,929.1540860532201,
2022-03-18,925.4374697090071,931.84728630265,925.4374697090071,926.4608858037905,
2022-03-21,942.0706744494846,942.0706744494846,926.4608858037905,931.8418999021511,
2022-03-22,930.2259797524932,931.84728630265,923.7676855543612,923.7676855543612,
2022-03-24,931.8365135016523,936.1456339007395,915.6880848060722,929.1540860532201,
2022-03-25,934.5351001515807,936.1564067017373,922.1786974071977,926.407021798802,
2022-03-28,926.4608858037905,937.2175276000124,922.151765404703,937.2175276000124,
2022-03-29,937.239073202008,948.0064877992276,936.8835707690833,948.0011013987288,
2022-03-30,953.3928882980869,953.3928882980869,932.7306559844627,952.8542482482011,
2022-03-31,948.0011013987288,953.3928882980869,926.4608858037905,950.6996880486573,
2022-04-01,955.9783605375393,955.9783605375393,931.9065367081372,953.3928882980869,
2022-04-04,950.6996880486573,953.3928882980869,916.2805888609468,947.4678477493417,
2022-04-05,951.7715817479303,951.7715817479303,926.4608858037905,931.928082310133,
2022-04-06,925.4374697090071,939.3882470010531,925.4374697090071,937.2336868015092,
2022-04-07,939.9215006504398,939.9215006504398,929.1540860532201,931.84728630265,
2022-04-08,936.9589803760675,948.0064877992276,927.0049122541755,934.5404865520794,
2022-04-11,948.0064877992276,956.0860885475163,937.2336868015092,956.0860885475163,
2022-04-12,952.2617441933264,952.2617441933264,937.5030068264521,937.7723268513951,
2022-04-13,915.6880848060722,950.1610479987714,915.6880848060722,937.2336868015092,
2022-04-14,942.6147008998694,946.9292076994559,929.692726103106,934.5404865520794,
2022-04-15,939.7437494339775,942.6200873003686,931.84728630265,942.6200873003686,
2022-04-18,966.31486309485,966.31486309485,929.1540860532201,936.6950467516232,
2022-04-19,952.8542482482011,952.8542482482011,930.770006202878,937.2336868015092,
2022-04-20,934.782874574528,942.6200873003686,921.0744853049315,929.1540860532201,
2022-04-21,929.1540860532201,931.84728630265,915.6880848060722,915.6880848060722,
2022-04-22,916.765364905844,921.0690989044325,915.6880848060722,915.7042440075688,
2022-04-25,922.151765404703,939.9268870509387,922.151765404703,934.5404865520794,
2022-04-26,923.7676855543612,937.2336868015092,918.3812850555016,929.1540860532201,
2022-04-27,935.0791266019654,942.6200873003686,926.5309090102759,931.84728630265,
2022-04-28,935.6177666518515,935.6177666518515,915.154831156685,921.0744853049315,
2022-05-06,936.1510203012382,936.1510203012382,868.8264004659966,931.308646252764,
2022-05-09,921.020621299943,921.0744853049315,900.0675233593803,909.4937242323841,
2022-05-10,920.471208449059,920.471208449059,896.2970430101789,902.7607236088099,
2022-05-11,907.0644576073985,907.0644576073985,894.955829285963,906.6227727664921,
2022-05-12,914.0667782559157,915.0955807511976,894.7403732660085,904.9098974078547,
2022-05-13,911.3789644069848,911.3789644069848,903.299363658696,904.3766437584675,
2022-05-16,907.5546200527949,907.5546200527949,889.2947223616618,893.0652027108634,
2022-05-17,904.3712573579687,904.3712573579687,880.1378415136011,888.212055861391,
2022-05-18,888.7560823117758,888.7560823117758,877.9778949135585,881.5383056433045,
2022-05-19,880.1970919190886,883.9083218628026,869.9036805657687,870.7116406405974,
2022-05-20,886.0628820623463,886.0628820623463,870.4423206156542,877.4446412641717,
2022-05-23,883.283499404935,883.283499404935,852.812631782888,856.4376793186203,
2022-05-24,869.8929077647709,869.8929077647709,852.128558919533,856.4376793186203,
2022-05-25,852.128558919533,880.6764815634871,851.1105292252486,861.931807827457,
2022-05-26,861.8941030239649,882.2385377081562,848.4173289758188,875.2631490621335,
2022-05-27,885.7935620374033,898.9848568591096,875.2900810646278,878.6996725804056,
2022-05-30,875.2846946641289,880.1324551131024,852.1339453200319,867.2104803163388,
2022-05-31,876.9006148137868,883.3696818129165,866.133200216567,867.2643443213276,
2022-06-01,876.3134971594111,904.263529347992,863.5585007781125,889.5909743890988,
2022-06-02,903.299363658696,925.5829025224764,896.8356830600646,899.5288833094944,
2022-06-03,909.7630442573268,909.7630442573268,875.8341075150125,882.2924017131448,
2022-06-06,887.145548562617,898.9848568591096,887.1347757616195,889.0254023367189,
2022-06-07,899.4750193045057,904.9152838083539,888.8368783192589,895.2197629104071,
2022-06-08,894.147869211134,896.8356830600646,891.4492825612055,893.0652027108634,
2022-06-09,899.4750193045057,901.1448034591521,894.1424828106351,894.2502108206124,
2022-06-10,898.9848568591096,899.4750193045057,896.8302966595659,896.8302966595659,
2022-06-13,897.9129631598367,898.9902432596084,878.0371453190461,883.3696818129165,
2022-06-14,885.5188556119614,888.2174422618899,875.2900810646278,880.1324551131024,
2022-06-15,883.4289322184042,894.1370964101365,883.3589090119191,886.7092501222094,
2022-06-16,893.6038427607491,895.7530165597941,887.678802212004,887.678802212004,
2022-06-17,887.6734158115053,911.9176044568708,887.6734158115053,911.9176044568708,
2022-06-20,921.0690989044325,922.151765404703,904.9152838083539,909.4937242323841,
2022-06-21,912.4562445067567,932.3859263525356,905.9925639081255,931.8418999021511,
2022-06-22,931.84728630265,939.8730230459504,923.8215495593495,924.3063256042469,
2022-06-23,931.577966277707,936.1510203012382,921.0744853049315,931.84728630265,
2022-06-24,931.308646252764,951.2383280985432,904.9152838083539,912.1653788798181,
2022-06-27,915.6826984055733,974.9384902935238,915.6826984055733,964.7689661516775,
2022-06-28,977.6316905429536,977.6316905429536,942.6200873003686,953.3928882980869,
2022-06-29,958.1329207370828,958.1329207370828,931.84728630265,942.6147008998694,
2022-06-30,947.8987597892508,948.0064877992276,929.1810180557146,935.6177666518515,
2022-07-01,946.9292076994559,958.7792887969463,931.9065367081372,942.6200873003686,
2022-07-04,940.7348471257675,953.3928882980869,932.9838168079091,935.0791266019654,
2022-07-05,942.0760608499836,942.0760608499836,936.6950467516232,936.6950467516232,
2022-07-06,939.9215006504398,942.6200873003686,931.84728630265,934.5404865520794,
2022-07-07,927.0049122541755,934.5189409500841,927.0049122541755,929.1540860532201,
2022-07-13,931.308646252764,948.0064877992276,927.5381659035626,942.6470193028626,
2022-07-14,947.4678477493417,956.0860885475163,939.9268870509387,955.5420620971315,
2022-07-15,958.2406487470603,958.2406487470603,940.4709135013235,942.6200873003686,
2022-07-18,942.6254737008674,942.6254737008674,931.84728630265,937.2336868015092,
2022-07-19,932.3859263525356,939.3882470010531,924.8449656541329,931.308646252764,
2022-07-20,936.102542696749,936.102542696749,915.6880848060722,921.7262397652935,
2022-07-21,929.1540860532201,930.2259797524932,915.6880848060722,915.6880848060722,
2022-07-22,915.6880848060722,921.0690989044325,907.608484057783,909.7630442573268,
2022-07-25,907.608484057783,929.1540860532201,902.7661100093087,918.3812850555016,
2022-07-26,919.9918188046606,924.8449656541329,906.5312039580112,918.3274210505132,
2022-07-27,921.0690989044325,925.3836057040188,913.0056573576403,915.6880848060722,
2022-07-28,917.842645005616,922.2056294096918,910.301684307213,912.9948845566425,
2022-07-29,913.5335246065285,926.4608858037905,910.301684307213,912.4562445067567,
2022-08-01,910.4094123171901,923.7676855543612,910.4094123171901,912.9948845566425,
2022-08-02,913.5335246065285,919.1838587298317,910.8403243570986,917.298618555231,
2022-08-03,913.506592604034,931.84728630265,913.506592604034,920.5358452550456,
2022-08-04,921.0637125039336,948.0064877992276,908.1471241076692,912.9948845566425,
2022-08-05,915.6880848060722,918.3543530530075,900.6061634092662,908.4756945380993,
2022-08-10,909.2244042074411,914.6108047063002,904.9152838083539,909.1705402024526,
2022-08-11,910.2478203022243,912.9948845566425,901.807330720512,904.9152838083539,
2022-08-12,909.7630442573268,912.9948845566425,904.9152838083539,910.1131602897528,
2022-08-15,910.301684307213,919.9164091976767,910.301684307213,914.6108047063002,
2022-08-16,910.3609347127002,915.6880848060722,907.608484057783,907.608484057783,
2022-08-17,912.9894981561438,918.3812850555016,907.6138704582822,908.2009881126578,
2022-08-18,915.6826984055733,915.6880848060722,908.152510508168,913.2642045815854,
2022-08-19,915.6288344005847,915.6611528035778,910.2855251057163,914.0721646564142,
2022-08-22,908.2063745131567,915.2571727661633,907.608484057783,914.0721646564142,
2022-08-23,913.5281382060294,931.8418999021511,913.5281382060294,923.7676855543612,
2022-08-24,102.64324790626182,103.058000744674,102.46011028930062,102.88024952821164,
2022-08-25,102.88024952821164,102.93949993369908,101.38283018952876,102.01303904789528,
2022-08-26,101.62521821197745,102.03997105038961,101.14582856757893,101.43669419451734,
2022-08-29,100.47252850522156,101.80296942843981,100.47252850522156,101.44208059501621,
2022-08-30,101.80296942843981,102.03997105038961,101.14582856757893,101.14582856757893,
2022-08-31,101.26432937855387,101.92147023941469,100.72568932866793,101.14582856757893,
2022-09-01,101.74371902295233,102.5786111002755,101.2050789730664,102.03997105038961,
2022-09-02,102.03997105038961,102.03997105038961,101.44208059501621,101.62521821197745,
2022-09-05,101.2050789730664,101.74371902295233,100.90882694562917,101.14582856757893,
2022-09-06,101.14582856757893,101.2050789730664,100.24629968426945,100.84419013964283,
2022-09-07,101.68446861746489,101.68446861746489,100.24629968426945,100.24629968426945,
2022-09-08,100.48868770671812,100.84419013964283,100.24629968426945,100.54793811220559,
2022-09-09,100.48868770671812,100.72568932866793,100.29477728875919,100.3055500897569,
2022-09-12,100.54793811220559,100.84419013964283,100.24629968426945,100.65566612218275,
2022-09-13,100.48868770671812,100.66643892318046,100.36480049524435,100.36480049524435,
2022-09-14,100.48868770671812,101.70601421946031,100.24629968426945,101.14582856757893,
2022-09-15,100.96269095061774,101.26432937855387,100.24629968426945,100.24629968426945,
2022-09-16,101.08657816209151,101.08657816209151,98.74888034558661,100.18704927878198,
2022-09-19,100.00929806231966,100.54793811220559,99.64840922889609,100.5425517117067,
2022-09-20,101.11466585112132,102.35787895584821,100.48745923972756,101.11466585112132,
2022-09-21,101.11466585112132,102.04427565015132,99.24424613500065,100.80106254542441,
2022-09-22,101.109065792091,101.11466585112132,99.80425203803078,100.17945599306097,
2022-09-23,100.80106254542441,101.04746514275769,99.05944418700071,100.2690569375458,
2022-09-26,100.17945599306097,100.80106254542441,99.24424613500065,99.8658526873641,
2022-09-27,99.8658526873641,100.48745923972756,99.24424613500065,99.24424613500065,
2022-09-28,99.55784944069754,99.61945009003082,96.44421661984997,97.06582317221344,
2022-09-29,97.08262334930431,97.37942647791029,95.7666094771835,95.82261006748652,
2022-09-30,95.82261006748652,100.17945599306097,95.51460682081994,97.68742972457687,
2022-10-03,97.06582317221344,98.24743562760699,96.8810212242135,98.00103303027375,
2022-10-04,97.68742972457687,98.00103303027375,96.44421661984997,97.06582317221344,
2022-10-05,96.69621927621354,100.48745923972756,96.69621927621354,99.24424613500065,
2022-10-06,99.55784944069754,101.42266909778789,98.93624288833408,100.42585859039424,
2022-10-07,100.48745923972756,100.86266319475774,99.68665079839444,99.80425203803078,
2022-10-10,99.74265138869748,100.48745923972756,99.74265138869748,100.10105516663675,
2022-10-11,100.2410566423943,100.64426089257599,98.31463633597062,98.31463633597062,
2022-10-12,98.74584088130383,100.67786124675779,98.74584088130383,100.2746569965761,
2022-10-13,99.8658526873641,100.11785534372765,99.55784944069754,99.8658526873641,
2022-10-14,100.55465994809116,100.92426384409104,99.8658526873641,100.17945599306097,
2022-10-17,99.92745333669741,100.61626059742447,99.55784944069754,100.2410566423943,
2022-10-18,100.61626059742447,101.36106844845456,100.20745628821247,101.11466585112132,
2022-10-19,101.11466585112132,104.34589991160517,101.11466585112132,103.6010920605751,
2022-10-20,104.53630191863543,104.53630191863543,103.22588810554491,103.47789076190847,
2022-10-21,103.66269270990844,105.71791437402902,103.47789076190847,104.844305165302,
2022-10-24,105.71791437402902,107.52113338178604,105.46591171766545,106.08751827002892,
2022-10-25,106.0931183290592,106.71472488142265,105.77951502336234,106.15471897839252,
2022-10-26,105.96431697136228,105.96431697136228,104.34589991160517,104.59790256796875,
2022-10-27,104.59790256796875,105.71791437402902,104.22269861293854,104.22269861293854,
2022-10-28,104.51950174154453,104.53630191863543,104.22269861293854,104.22269861293854,
2022-10-31,104.22269861293854,105.15790847099886,104.16669802263554,104.53630191863543,
2022-11-01,104.53630191863543,105.46591171766545,104.22829867196884,104.22829867196884,
2022-11-02,104.28429926227186,105.15790847099886,104.22269861293854,104.53630191863543,
2022-11-03,104.90590581463532,105.34271041899885,104.28429926227186,104.87230546045353,
2022-11-04,104.64830309924145,104.844305165302,104.47470126930212,104.7827045159687,
2022-11-07,104.72110386663536,105.03470717233226,104.53630191863543,104.844305165302,
2022-11-08,104.844305165302,105.15790847099886,104.54190197766574,104.844305165302,
2022-11-10,104.844305165302,105.15230841196859,104.34589991160517,104.69870363051417,
2022-11-11,104.61470274505966,105.15790847099886,104.34589991160517,104.844305165302,
2022-11-14,104.28429926227186,104.72110386663536,104.22269861293854,104.53630191863543,
2022-11-15,104.47470126930212,104.53630191863543,103.91469536627197,103.91469536627197,
2022-11-16,103.9762960156053,104.28429926227186,103.91469536627197,103.9762960156053,
2022-11-17,104.47470126930212,104.47470126930212,103.9762960156053,104.22269861293854,
2022-11-18,104.09949731427191,104.22269861293854,103.81949436275686,103.91469536627197,
2022-11-21,103.78589400857506,103.91469536627197,103.5394914112418,103.6010920605751,
2022-11-22,103.84749465790837,103.84749465790837,103.5394914112418,103.66269270990844,
2022-11-23,103.66269270990844,104.22269861293854,103.6010920605751,103.91469536627197,
2022-11-24,104.0378966649386,104.22269861293854,103.84749465790837,103.85309471693867,
2022-11-25,104.47470126930212,104.47470126930212,103.90909530724171,104.22269861293854,
2022-11-28,103.84749465790837,103.84749465790837,101.982675000818,102.6658822025148,
2022-11-29,102.6658822025148,103.41629011257514,102.6658822025148,103.41069005354485,
2022-11-30,103.35468946324184,104.22269861293854,103.22588810554491,103.84749465790837,
2022-12-01,103.91469536627197,104.53630191863543,103.91469536627197,104.22269861293854,
2022-12-02,104.22269861293854,104.53630191863543,103.47789076190847,103.47789076190847,
2022-12-05,103.66269270990844,103.72429335924176,103.35468946324184,103.66269270990844,
2022-12-06,103.35468946324184,103.66269270990844,102.85628420954501,103.28748875487823,
2022-12-07,103.5394914112418,103.84749465790837,103.16428745621161,103.66829276893873,
2022-12-08,103.78589400857506,103.91469536627197,102.98508556724195,103.1698875152419,
2022-12-09,103.35468946324184,104.40750056093849,103.25948845972671,103.91469536627197,
2022-12-12,103.91469536627197,104.16109796360521,103.91469536627197,104.12749760942344,
2022-12-13,104.22269861293854,104.53630191863543,104.22269861293854,104.53630191863543,
2022-12-14,104.53630191863543,104.53630191863543,103.9762960156053,104.28429926227186,
2022-12-15,104.28429926227186,104.28429926227186,102.44747990033304,102.60428155318147,
2022-12-16,102.6658822025148,104.53630191863543,102.6658822025148,102.69948255669658,
2022-12-19,102.97948550821165,102.97948550821165,101.92107435148469,101.92107435148469,
2022-12-20,101.982675000818,101.982675000818,100.17945599306097,100.42585859039424,
2022-12-21,100.36425794106091,100.86266319475774,98.74584088130383,98.93624288833408,
2022-12-22,101.86507376118168,101.86507376118168,97.4466271862739,98.24743562760699,
2022-12-23,97.68742972457687,97.8778317316071,95.82261006748652,96.07461272385008,
2022-12-26,96.44421661984997,96.84742087003164,95.7610094181532,96.1362133731834,
2022-12-27,96.44421661984997,97.0042225228801,95.7610094181532,96.25941467185001,
2022-12-28,96.02421219257737,96.02421219257737,94.26579365706276,94.88740020942618,
2022-12-29,94.76419891075956,94.88740020942618,94.1425923583961,94.57379690372932,
2022-12-30,94.32739430639606,98.06263367960706,93.95779041039616,98.00103303027375,
2023-01-02,96.43861656081967,97.81623108227377,96.07461272385008,97.37942647791029,
2023-01-03,97.55862836687996,97.55862836687996,96.44421661984997,97.44102712724361,
2023-01-04,96.77462010263775,97.06582317221344,96.44421661984997,96.75781992554684,
2023-01-05,96.74101974845594,96.94262187354681,96.1362133731834,96.75781992554684,
2023-01-06,96.5058172691833,96.78582022069835,94.64099761209293,94.71939843851715,
2023-01-09,95.20100351512308,95.38580546312302,92.32817323257846,93.02258055233587,
2023-01-10,93.48178539282057,94.44499554603239,93.48178539282057,94.32739430639606,
2023-01-11,94.09219182712341,95.46980634857752,94.09219182712341,94.48419595924449,
2023-01-12,93.7057877540326,95.20100351512308,93.33618385803273,93.33618385803273,
2023-01-13,93.64418710469928,93.85138928882046,93.02258055233587,93.83458911172954,
2023-01-16,93.33618385803273,93.33618385803273,92.15457140263914,92.4569745902754,
2023-01-17,92.40097399997238,92.58577594797234,87.73612482773135,88.35773138009482,
2023-01-18,89.28734117912484,90.22255103718517,88.35773138009482,90.15535032882154,
2023-01-19,88.97933793245825,90.16095038785186,86.55451237233778,87.11451827536789,
2023-01-20,87.73612482773135,87.73612482773135,86.30250971597421,86.48731166397414,
2023-01-23,86.48731166397414,87.11451827536789,86.17930841730757,87.04731756700428,
2023-01-24,86.80091496967104,87.11451827536789,86.55451237233778,86.76731461548921,
2023-01-25,86.79531491064074,88.97933793245825,86.79531491064074,88.33533114397362,
2023-01-26,88.36333143912512,90.23935121427607,86.80091496967104,88.97933793245825,
2023-01-27,89.60094448482172,91.46576414191205,89.53934383548838,90.22255103718517,
2023-01-30,89.67934531124592,92.70897724663898,89.67934531124592,91.40416349257875,
2023-01-31,91.46576414191205,94.98260121294133,91.40416349257875,94.45619566409297,
2023-02-01,94.5793969627596,95.50900676178965,93.39778450736603,93.64418710469928,
2023-02-02,96.12252608716402,97.31577946792453,94.24911827937,96.12252608716402,
2023-02-03,96.45663703377693,96.98763478821539,96.05689715122219,96.78478171348611,
2023-02-06,97.17855532913707,100.76428173832244,96.12252608716402,99.89917303727107,
2023-02-07,100.76428173832244,102.61979074540507,100.23328398388402,101.36090842870271,
2023-02-08,101.09242641803158,103.28204637172718,101.09242641803158,101.76064831125748,
2023-02-09,102.6854196813469,102.6854196813469,99.76791516538741,101.09242641803158,
2023-02-10,101.09242641803158,101.22368428991524,98.10929296613027,99.43977048567828,
2023-02-13,98.10929296613027,99.43977048567828,97.84677722236296,97.9124061583048,
2023-02-14,98.10929296613027,98.843143795298,96.12252608716402,97.0532637241572,
2023-02-15,97.11889266009904,99.43977048567828,96.1583236885868,98.90877273123984,
2023-02-16,99.43977048567828,99.43977048567828,97.78114828642111,98.10929296613027,
2023-02-17,97.45300360671199,98.12122549993788,97.12485892700283,97.44703733980818,
2023-02-20,97.44703733980818,98.10929296613027,96.78478171348611,97.11889266009904,
2023-02-21,96.91603958536976,98.04366403018845,96.78478171348611,96.98763478821539,
2023-02-22,97.11889266009904,97.11889266009904,95.79438140745489,96.7191527775443,
2023-02-23,96.78478171348611,96.78478171348611,95.59152833272556,96.12252608716402,
2023-02-24,95.46027046084193,96.45663703377693,95.46027046084193,96.45663703377693,
2023-02-27,95.52589939678376,95.59152833272556,95.03069924376813,95.46027046084193,
2023-02-28,95.46027046084193,95.99126821528036,95.06053057828714,95.22758605159362,
2023-03-01,94.9292727064035,95.59152833272556,94.79801483451982,95.19775471707462,
2023-03-02,95.46027046084193,98.04366403018845,95.32901258895826,97.38140840386636,
2023-03-03,97.44703733980818,100.43017079170951,97.38140840386636,100.10202611200035,
2023-03-06,99.00423300170067,100.76428173832244,98.44340391274322,98.74171725793333,
2023-03-07,98.77751485935619,99.57102835756191,97.78114828642111,98.50903284868507,
2023-03-08,98.64029072056871,98.64029072056871,97.44703733980818,97.44703733980818,
2023-03-09,97.78114828642111,99.43977048567828,97.78114828642111,99.43977048567828,
2023-03-10,99.10565953906534,100.37647438957529,98.77751485935619,99.13549087358433,
2023-03-13,99.10565953906534,100.76428173832244,99.10565953906534,100.10202611200035,
2023-03-14,98.97440166718167,100.53159732907415,98.97440166718167,100.53159732907415,
2023-03-15,99.43977048567828,101.09242641803158,99.43977048567828,100.77024800522625,
2023-03-16,101.09242641803158,101.09242641803158,99.57102835756191,99.70228622944558,
2023-03-17,100.10202611200035,100.10202611200035,98.77154859245239,98.77751485935619,
2023-03-20,98.77751485935619,99.10565953906534,98.44340391274322,98.44937017964703,
2023-03-21,97.51863254265382,99.43977048567828,97.51863254265382,99.43977048567828,
2023-03-22,99.43977048567828,99.43977048567828,98.77751485935619,99.27271501237179,
2023-03-24,98.97440166718167,99.43977048567828,98.77751485935619,99.10565953906534,
2023-03-27,99.10565953906534,100.76428173832244,98.843143795298,99.89917303727107,
2023-03-28,100.69865280238061,102.97180049272941,99.76791516538741,100.10202611200035,
2023-03-29,100.10202611200035,102.6854196813469,100.00059957463573,100.43017079170951,
2023-03-30,100.10202611200035,100.75831547141864,99.42187168496685,100.43017079170951,
2023-03-31,100.46000212622852,102.64365581302029,99.50539942162008,100.69865280238061,
2023-04-03,100.43017079170951,100.69865280238061,100.23328398388402,100.31681172053725,
2023-04-04,100.57336119740076,100.57336119740076,99.17128847500716,99.43977048567828,
2023-04-05,100.03639717605851,100.03639717605851,99.43977048567828,99.9707682401167,
2023-04-06,99.76791516538741,100.8657082756871,99.76791516538741,100.76428173832244,
2023-04-07,100.76428173832244,100.76428173832244,99.76791516538741,99.76791516538741,
2023-04-10,100.8955396102061,100.8955396102061,99.43977048567828,99.83354410132924,
2023-04-11,100.10202611200035,100.16168878103838,99.9707682401167,100.10202611200035,
2023-04-12,99.9707682401167,100.03639717605851,99.27271501237179,99.43977048567828,
2023-04-13,100.03639717605851,100.49579972765133,99.50539942162008,99.50539942162008,
2023-04-17,99.89917303727107,100.10202611200035,99.37414154973645,99.76791516538741,
2023-04-18,99.45170301948586,100.03639717605851,99.43977048567828,99.43977048567828,
2023-04-19,99.89917303727107,100.36454185576768,99.43977048567828,100.10202611200035,
2023-04-20,100.28101411911443,100.49579972765133,99.76791516538741,100.36454185576768,
2023-04-26,100.43017079170951,102.08879299096664,100.03639717605851,101.76064831125748,
2023-04-27,101.09242641803158,104.40967081654586,100.49579972765133,104.344041880604,
2023-04-28,104.7437817631588,111.49759589826337,103.21641743578535,105.39410485567329,
2023-05-02,105.40603738948089,106.73054864212506,104.0755598699329,105.60292419730638,
2023-05-03,105.93703514391932,106.39643769551212,105.20318431475161,106.00266407986115,
2023-05-04,106.00266407986115,106.068293015803,104.4574009517763,104.7437817631588,
2023-05-05,104.80941069910061,105.13755537880976,104.0755598699329,104.54092868842949,
2023-05-08,104.7437817631588,104.94066857098427,103.41330424361084,103.74741519022375,
2023-05-09,103.47893317955264,103.8130441261656,102.75104861728872,103.21045116888152,
2023-05-10,102.75104861728872,102.75104861728872,101.8262772471993,101.8262772471993,
2023-05-11,102.08879299096664,103.41330424361084,101.95753511908295,103.41330424361084,
2023-05-12,103.41330424361084,103.41330424361084,102.0231640550248,102.35727500163775,
2023-05-15,102.08879299096664,102.42290393757958,101.62342417247004,102.08879299096664,
2023-05-16,102.75104861728872,102.75104861728872,100.63302386643878,101.42653736464455,
2023-05-17,101.16402162087722,101.42653736464455,100.43017079170951,100.49579972765133,
2023-05-18,100.43017079170951,101.68905310841185,100.10202611200035,100.43017079170951,
2023-05-19,99.9707682401167,100.79411307284145,99.9707682401167,100.63302386643878,
2023-05-22,99.9707682401167,101.09242641803158,99.9707682401167,100.8955396102061,
2023-05-23,100.69865280238061,100.82991067426427,100.36454185576768,100.63302386643878,
2023-05-24,100.76428173832244,100.8955396102061,100.29891291982584,100.56739493049697,
2023-05-25,100.49579972765133,100.56142866359318,100.23328398388402,100.43017079170951,
2023-05-26,99.83951036823304,100.56739493049697,99.70228622944558,99.83354410132924,
2023-05-29,99.83354410132924,105.04806137525271,99.76791516538741,101.09242641803158,
2023-05-30,101.42653736464455,103.74741519022375,100.82991067426427,103.41330424361084,
2023-05-31,103.74741519022375,105.34040845353906,101.76064831125748,102.2856797987921,
2023-06-01,102.08879299096664,102.42290393757958,100.76428173832244,100.76428173832244,
2023-06-02,101.22965055681905,101.76064831125748,100.77024800522625,101.02679748208976,
2023-06-05,100.96116854614793,103.8130441261656,100.96116854614793,102.91810409059518,
2023-06-06,103.6161573183401,104.7437817631588,103.03146316176746,103.28204637172718,
2023-06-07,103.74741519022375,105.34040845353906,103.08515956390167,105.07192644286795,
2023-06-08,105.07192644286795,106.07425928270676,104.14715507277853,105.17335298023258,
2023-06-09,105.40603738948089,108.92016859582064,102.08879299096664,102.75104861728872,
2023-06-12,102.75104861728872,103.41330424361084,101.76064831125748,102.0231640550248,
2023-06-13,102.42290393757958,103.41330424361084,101.8262772471993,102.35130873473395,
2023-06-14,102.60189194469365,102.64365581302029,101.62342417247004,101.68905310841185,
2023-06-15,101.49216630058638,102.42290393757958,100.96116854614793,102.08879299096664,
2023-06-16,101.22965055681905,102.75104861728872,101.22965055681905,102.15442192690846,
2023-06-19,101.76661457816127,102.42290393757958,98.77751485935619,99.10565953906534,
2023-06-20,98.77751485935619,100.56739493049697,98.10929296613027,99.50539942162008,
2023-06-21,99.76791516538741,101.09242641803158,99.0400306031235,99.17128847500716,
2023-06-22,99.43977048567828,99.70228622944558,98.27634843943676,98.50903284868507,
2023-06-23,98.77751485935619,101.36090842870271,98.44340391274322,100.63302386643878,
2023-06-26,101.42653736464455,102.27971353188833,101.09242641803158,101.46233496606735,
2023-06-27,102.0231640550248,102.0231640550248,99.76791516538741,100.10202611200035,
2023-07-03,107.94170082359699,107.94170082359699,103.41927051051461,105.07192644286795,
2023-07-04,105.30461085211623,105.34040845353906,102.16038819381225,102.61979074540507,
2023-07-05,102.48853287352141,103.28204637172718,101.51006510129776,101.89190618314115,
2023-07-06,101.76064831125748,103.1328896991321,100.8955396102061,102.75701488419251,
2023-07-07,102.75104861728872,103.08515956390167,101.76064831125748,102.08879299096664,
2023-07-10,102.42290393757958,103.07919329699787,101.9992989874096,102.08879299096664,
2023-07-11,102.08879299096664,104.7437817631588,102.0231640550248,103.8130441261656,
2023-07-12,104.14715507277853,105.40603738948089,103.41330424361084,105.40603738948089,
2023-07-13,105.60292419730638,105.60292419730638,102.42290393757958,103.08515956390167,
2023-07-14,103.08515956390167,103.51473078097546,102.63768954611645,102.63768954611645,
2023-07-17,102.75104861728872,103.08515956390167,102.08879299096664,102.22005086285029,
2023-07-18,101.95753511908295,102.75104861728872,101.95753511908295,102.22005086285029,
2023-07-19,102.15442192690846,102.74508235038492,101.36090842870271,101.42653736464455,
2023-07-20,101.76064831125748,102.6854196813469,101.49813256749017,102.2856797987921,
2023-07-21,102.15442192690846,102.953901692018,102.08879299096664,102.42290393757958,
2023-07-24,102.50643167423281,102.98373302653701,102.09475925787044,102.10669179167803,
2023-07-25,102.22005086285029,103.53859584859066,101.76064831125748,102.10669179167803,
2023-07-26,102.6854196813469,102.75104861728872,101.95753511908295,102.15442192690846,
2023-07-27,102.42290393757958,105.34040845353906,102.0231640550248,104.0695936030291,
2023-07-31,104.73781549625498,108.45479977732403,103.68178625428193,106.39643769551212,
2023-08-01,106.73054864212506,109.97619783779369,106.73054864212506,108.97983126485865,
2023-08-02,109.44520008335525,111.30667535734167,108.71731552109134,110.04182677373552,
2023-08-03,109.94636650327467,111.22314762068844,109.37957114741344,109.37957114741344,
2023-08-04,109.71368209402638,109.7793110299682,108.6516865851495,108.97983126485865,
2023-08-07,109.37957114741344,115.08332230744873,109.31990847837538,113.12638676300148,
2023-08-08,112.77437701567713,114.61795348895214,111.3723042932835,111.3723042932835,
2023-08-09,107.05869332183423,108.05505989476926,104.0815261368367,106.46206663145395,
2023-08-10,105.13755537880976,108.99773006557007,105.13755537880976,106.46206663145395,
2023-08-11,106.66491970618324,109.7793110299682,106.66491970618324,108.6516865851495,
2023-08-15,108.6516865851495,109.64805315808456,107.72691521506012,108.58605764920767,
2023-08-16,109.3736048805096,109.3736048805096,107.58969107627264,108.05505989476926,
2023-08-17,107.50019707271561,108.05505989476926,107.22574879514069,107.98943095882743,
2023-08-18,107.92380202288558,108.6516865851495,107.39280426844715,107.7209489481563,
2023-08-21,107.39280426844715,108.6516865851495,106.068293015803,106.39643769551212,
2023-08-22,106.73054864212506,108.71731552109134,106.068293015803,108.05505989476926,
2023-08-23,108.3235419054404,108.71731552109134,107.39280426844715,108.71731552109134,
2023-08-24,108.51446244636205,110.37593772034846,108.12068883071107,109.84493996591004,
2023-08-25,109.37957114741344,110.71004866696141,109.24831327552978,110.57282452817397,
2023-08-28,110.17905091252297,110.51316185913592,109.71368209402638,110.44156665629032,
2023-08-29,110.37593772034846,110.71004866696141,108.12068883071107,108.79487699084078,
2023-08-30,108.07892496238445,109.05142646770429,106.73054864212506,107.13625479158364,
2023-08-31,106.40240396241592,108.21018283426811,103.42523677741842,106.06232674889918,
2023-09-01,105.93703514391932,107.39877053535095,105.40603738948089,107.39280426844715,
2023-09-04,107.54196094104223,108.01926229334643,107.05869332183423,107.64338747840685,
2023-09-05,107.85817308694376,107.98943095882743,106.92743544995055,107.458433204389,
2023-09-06,107.39280426844715,108.3891708413822,106.75441370974028,107.85817308694376,
2023-09-07,108.3891708413822,108.3891708413822,107.05869332183423,107.16608612610267,
2023-09-08,106.73054864212506,107.72691521506012,106.46803289835775,106.92743544995055,
2023-09-11,107.064659588738,107.5240621403308,106.26517982362847,106.73054864212506,
2023-09-12,107.39280426844715,107.39280426844715,105.34040845353906,105.66855313324822,
2023-09-13,104.0755598699329,106.1339219517448,104.0755598699329,105.40603738948089,
2023-09-14,105.40603738948089,105.93703514391932,105.07192644286795,105.40603738948089,
2023-09-15,106.068293015803,106.59929077024138,105.07192644286795,105.34040845353906,
2023-09-18,107.42666767073186,107.42666767073186,106.0569513172309,106.91224931172468,
2023-09-19,106.73871058820421,108.79638402423276,106.73871058820421,107.2903158165372,
2023-09-20,107.29651362809147,107.77374511777279,106.49699593758642,106.60235873400956,
2023-09-21,107.08578803524519,107.49484359782917,105.64169794309261,106.9494361810505,
2023-09-22,107.39567861296032,107.39567861296032,106.53418280691221,107.2903158165372,
2023-09-25,107.08578803524519,107.42666767073186,106.39783095271756,106.98042523882202,
2023-09-26,107.07959022369089,107.08578803524519,106.29246815629442,106.49699593758642,
2023-09-27,106.32965502562023,107.77374511777279,106.25528128696858,107.3584917436345,
2023-09-28,107.42666767073186,107.77374511777279,106.70772153043269,107.55682171337219,
2023-10-02,107.42666767073186,107.91009697196746,106.99901867348493,107.42666767073186,
2023-10-03,107.42666767073186,107.49484359782917,106.73871058820421,106.73871058820421,
2023-10-04,106.73871058820421,107.22213988943986,105.70987387018994,106.05075350567661,
2023-10-05,106.0569513172309,106.6705346611069,105.29462049605165,105.36279642314898,
2023-10-06,105.63550013153831,105.63550013153831,104.74921307927299,105.36279642314898,
2023-10-09,105.36279642314898,105.70987387018994,104.67483934062135,104.89176274502196,
2023-10-10,105.36279642314898,105.43097235024632,104.37114657446051,105.36279642314898,
2023-10-11,105.36279642314898,107.1539639623425,105.36279642314898,106.0569513172309,
2023-10-12,106.05075350567661,106.87506244239889,105.98877539013355,106.60235873400956,
2023-10-13,106.73871058820421,109.14965928282804,106.60235873400956,108.80877964734138,
2023-10-16,109.14965928282804,110.18469381239663,108.47409782340901,109.14965928282804,
2023-10-17,109.14965928282804,109.18684615215385,107.77374511777279,107.77374511777279,
2023-10-18,107.99066852217341,108.94513150153604,107.42666767073186,108.11462475325946,
2023-10-19,108.80258183578707,109.4843411067604,108.01545976839063,108.77159277801557,
2023-10-20,108.80877964734138,108.94513150153604,108.32535034610574,108.59805405449507,
2023-10-23,108.92034025531883,109.97396821955031,108.54227375050634,108.94513150153604,
2023-10-24,108.52987812739774,109.83761636535567,108.52987812739774,109.56491265696634,
2023-10-25,109.82522074224705,111.56060797745185,106.39783095271756,106.39783095271756,
2023-10-26,107.22213988943986,107.70556919067546,106.39783095271756,106.59616092245525,
2023-10-27,106.73871058820421,107.07339241213657,105.84622572438461,105.98257757857925,
2023-10-30,106.29246815629442,106.87506244239889,105.77804979728725,106.74490839975851,
2023-10-31,107.07959022369089,108.80877964734138,106.73871058820421,108.38113065009448,
2023-11-01,108.32535034610574,109.496736729869,106.60235873400956,109.15585709438236,
2023-11-02,108.46170220030042,111.49243205035451,108.28816347677994,111.42425612325718,
2023-11-03,111.35608019615985,113.07287399670176,110.87265089492423,112.62043375323765,
2023-11-06,113.24641272022224,114.10790852627035,111.90768542449283,113.7794245138923,
2023-11-07,113.62447922503473,115.07476712874158,112.86834621540976,113.28359958954806,
2023-11-08,112.97370901183292,115.34747083713091,112.93652214250709,113.76702889078368,
2023-11-10,112.93652214250709,115.62637235707454,112.93652214250709,115.00659120164426,
2023-11-13,115.00659120164426,116.72338500218616,114.31243630756234,115.34747083713091,
2023-11-14,116.24615351250485,116.24615351250485,114.38681004621397,115.4652292566627,
2023-11-15,115.62637235707454,116.03542791965853,115.00659120164426,115.83090013836653,
2023-11-16,115.69454828417187,120.16936822637854,115.69454828417187,118.44637661428236,
2023-11-17,118.44637661428236,120.08879667617263,118.37820068718501,118.44637661428236,
2023-11-20,119.2025096239073,119.75411485224028,117.4113420847138,118.1054969787957,
2023-11-21,118.1178926019043,119.6177629980456,118.1054969787957,119.13433369680997,
2023-11-22,119.13433369680997,122.92119655648904,119.13433369680997,121.20440275594714,
2023-11-23,121.54528239143382,124.99126561562618,121.54528239143382,124.23513260600124,
2023-11-24,124.99126561562618,127.40221431025003,124.99126561562618,127.28445589071826,
2023-11-27,126.9187850090144,126.9187850090144,123.26827400353001,123.95003327450333,
2023-11-28,122.58031692100238,124.50783631439059,120.78914938180884,120.85732530890618,
2023-11-29,122.16506354686409,123.64014269678817,119.97103825664087,119.97103825664087,
2023-11-30,120.51024786186521,121.20440275594714,117.07046244922712,117.48571582336541,
2023-12-01,117.75841953175475,119.27068555100463,116.72338500218616,119.06615776971266,
2023-12-04,118.51455254137969,125.67922269815381,118.1054969787957,123.60915363901664,
2023-12-05,123.95623108605761,125.33214525111286,122.23323947396142,124.30330853309859,
2023-12-06,124.57601224148792,130.70564786869346,124.43966038729326,128.77812847530527,
2023-12-07,130.7738237957908,139.57471620290085,129.46608555783286,139.51893589891213,
2023-12-08,139.1036825247739,145.4440437448257,139.1036825247739,142.48148982186893,
2023-12-11,144.61353699654913,151.0220741436983,141.173751583911,149.16273067740744,
2023-12-12,151.4311297062823,154.59821141053106,147.43973906531122,149.85068775993503,
2023-12-13,150.94150259349234,152.88141760998914,139.61810088378098,146.20017675445064,
2023-12-14,145.38206562928266,147.3715631382139,143.16944690439655,146.19397894289636,
2023-12-15,145.51221967192305,149.57178623999144,145.16514222488206,146.81995790988094,
2023-12-18,146.37371547797113,148.74747730326916,143.78922805982685,145.16514222488206,
2023-12-19,144.61353699654913,144.96061444359006,139.1036825247739,140.4857945013834,
2023-12-20,141.44645529230036,145.30149407907672,140.4857945013834,144.61353699654913,
2023-12-21,145.09696629778475,145.30149407907672,140.4857945013834,143.2376228314939,
2023-12-22,143.37397468568855,144.20448143396513,139.7978374188558,141.173751583911,
2023-12-26,140.6903222826754,140.6903222826754,133.32732215616358,134.0028836155826,
2023-12-27,133.5938280529986,137.6595924326213,132.56499133498428,137.31871279713462,
2023-12-28,137.6595924326213,147.55749748484303,136.4200301217607,144.61353699654913,
2023-12-29,142.8967431960072,145.7849233803124,141.51463121939767,143.9255799140215,
2024-01-01,144.89243851649275,148.54294952197714,144.47718514235447,148.05952022074152,
2024-01-02,148.74747730326916,148.74747730326916,143.2376228314939,143.9255799140215,
2024-01-03,144.61353699654913,147.23521128401924,142.61784167606362,143.9255799140215,
2024-01-04,144.8242625893954,146.57204544770883,143.58470027853485,145.6485715261177,
2024-01-05,145.9894511616044,148.95200508456116,143.9255799140215,146.81995790988094,
2024-01-08,147.99134429364418,148.97059851922407,144.96061444359006,145.99564897315864,
2024-01-09,145.99564897315864,147.16083754536763,144.34083328815979,144.61353699654913,
2024-01-10,145.30149407907672,145.8530993074097,143.75204119050102,144.47718514235447,
2024-01-11,144.47718514235447,155.24898162373287,144.47718514235447,155.24898162373287,
2024-01-12,158.39127208176444,163.89492874198538,155.63324594009967,159.59984533485348,
2024-01-15,161.1431004118749,162.07277214502034,157.07733603225222,157.9078427805288,
2024-01-16,158.04419463472345,161.01294636923456,154.94528885757202,159.48828472687603,
2024-01-17,160.1080658823063,162.51901457693018,159.76718624681965,161.83105749440253,
2024-01-18,161.70090345176214,163.13879573236045,157.35623755219584,161.83105749440253,
2024-01-19,161.83105749440253,170.91085142145624,161.83105749440253,163.55404910649875,
2024-01-22,163.20697165945774,169.20025543246865,161.76288156730521,168.71682613123303,
2024-01-23,169.06390357827397,173.67507537467532,165.34521664569223,173.19164607343967,
2024-01-24,172.85076643795304,174.91463768553592,170.71252145171857,173.53872352048066,
2024-01-25,172.16280935542545,176.91033300602143,172.16280935542545,173.19164607343967,
2024-01-26,174.09032874881362,174.220482791454,168.37594649574638,168.71682613123303,
2024-01-29,168.61766114636418,171.2641266800515,160.79602296483395,161.00674855768023,
2024-01-30,161.21127633897223,164.51470989741566,155.63324594009967,157.6971171876825,
2024-01-31,160.79602296483395,160.79602296483395,154.94528885757202,154.95768448068063,
2024-02-01,155.9803233871406,162.0355852756945,154.94528885757202,160.45514332934727,
2024-02-02,167.32463108043459,167.32463108043459,160.4076041786166,160.6344982194447,
2024-02-06,160.98456331100817,167.83028065713725,160.98456331100817,167.46725019181224,
2024-02-07,166.74767194804303,168.91288936623155,165.67154592582952,168.40723978952883,
2024-02-09,165.67154592582952,165.67154592582952,158.46279811437535,163.50632850764094,
2024-02-12,161.418903332022,163.50632850764094,153.42575040799056,155.9475156046234,
2024-02-13,155.9475156046234,166.2485050582211,151.26053298980202,166.2485050582211,
2024-02-14,166.74767194804303,172.108853998468,163.2535037192896,167.83028065713725,
2024-02-15,167.11070241336802,167.46725019181224,162.06717202010245,163.50632850764094,
2024-02-16,158.5470730438258,163.9406685286548,157.15977805133375,157.3866720921619,
2024-02-19,158.46279811437535,162.43020248542746,156.42723443380288,158.57300379134904,
2024-02-20,158.82582857970039,159.83712773310583,154.8649068955291,155.86972336205372,
2024-02-21,157.0949511825257,160.2649850672389,155.00752600690677,158.96844769107807,
2024-02-22,160.55670597687507,162.43020248542746,158.46279811437535,159.54540682346965,
2024-02-23,159.90843728879466,164.2259067514102,158.54059035694502,162.7867502638717,
2024-02-26,163.86935897296595,166.94863524134792,162.06717202010245,164.5176276610464,
2024-02-27,165.67154592582952,168.1868284355815,162.7867502638717,166.24202237134028,
2024-02-28,167.0393928576792,171.39575844157952,165.55485756197504,168.4785493452177,
2024-02-29,168.8350971236619,170.70859363221427,168.1933111224623,169.12681803329812,
2024-03-01,169.2694371446758,181.85233238031657,169.2694371446758,181.85233238031657,
2024-03-04,179.35649793120697,185.0158835781489,179.28518837551812,181.00958308581204,
2024-03-05,183.60265783813367,183.60265783813367,178.06644324192695,178.9221579101931,
2024-03-06,179.7130457096512,179.7130457096512,174.6695153163856,175.0325457817106,
2024-03-07,176.04384493511608,176.47170226924916,171.42817187598357,174.3194502248222,
2024-03-08,175.67433178291023,179.13608657725962,173.5933892941721,175.1103380242803,
2024-03-11,176.4003927135603,178.48781788917918,175.39557624703568,176.04384493511608,
2024-03-12,177.1912805130184,178.27388922211264,172.87381105040288,176.47170226924916,
2024-03-13,175.317784004466,176.43928883484514,168.54985890090654,171.42817187598357,
2024-03-14,171.00031454185049,177.62562053403227,170.70859363221427,176.83473273457415,
2024-03-15,176.47170226924916,178.99346746588196,174.6695153163856,177.1912805130184,
2024-03-18,177.11997095732957,178.20257966642384,175.0325457817106,176.69211362319646,
2024-03-19,173.30166838453593,180.0047666192874,173.30166838453593,178.27388922211264,
2024-03-20,179.78435526534003,181.87826312783974,178.35816415156316,181.00958308581204,
2024-03-21,182.59784137160904,182.74046048298672,179.35649793120697,180.0047666192874,
2024-03-22,180.43262395342043,180.43262395342043,178.6369196874377,179.7130457096512,
2024-03-25,180.07607617497624,181.51523266251473,177.1912805130184,180.07607617497624,
2024-03-26,178.27388922211264,180.79565441874547,178.27388922211264,179.85566482102888,
2024-03-27,180.79565441874547,183.6739673938225,179.35649793120697,179.81028601286326,
2024-03-28,180.07607617497624,183.38872917106713,179.7130457096512,182.30612046197288,
2024-03-29,180.79565441874547,183.6739673938225,180.21869528635395,182.234810906284,
2024-04-01,183.6739673938225,184.39354563759176,180.79565441874547,181.15868488407048,
2024-04-02,180.43262395342043,181.15220219718967,179.35649793120697,180.72434486305661,
2024-04-03,179.03236358716677,181.86529775407817,179.03236358716677,179.2333268804717,
2024-04-04,179.49911704258463,182.95438915005326,179.49911704258463,181.15220219718967,
2024-04-08,181.15220219718967,185.4048447909972,181.15220219718967,185.34001792218913,
2024-04-09,185.11960656824184,192.17276989455667,185.11960656824184,190.1566542746266,
2024-04-15,188.86011689846578,190.87623251839585,183.7128635151073,188.57487867571038,
2024-04-16,187.6348890779938,191.6022934490459,184.76305878979758,189.43707603085733,
2024-04-17,190.1566542746266,190.87623251839585,187.27834129954957,188.43225956433272,
2024-04-18,191.6022934490459,195.4141133349587,187.1357221881719,187.3496508552384,
2024-04-19,187.99791954331886,189.3657664751685,186.98662038991338,188.93142645415463,
2024-04-22,190.87623251839585,199.88068459583272,190.87623251839585,198.94717768499694,
2024-04-23,201.68287154869628,205.21593589873453,199.32317352408361,200.82067419354934,
2024-04-24,200.24371506115773,202.76548025779056,198.5582164721487,201.32632377025203,
2024-04-25,203.05071848054595,204.56766721065412,201.3976333259409,204.12684450275944,
2024-04-26,203.84160628000404,204.56766721065412,202.18852112539898,203.12202803623475,
2024-04-29,201.68287154869628,201.68287154869628,197.07368117644455,199.16110635206354,
2024-04-30,199.16110635206354,200.51598791015155,195.49838826440916,196.496722044053,
2024-05-02,196.63934115543069,196.63934115543069,192.82103858263704,194.48060642412293,
2024-05-03,194.48060642412293,200.3150246168466,192.74324634006743,199.4528272616997,
2024-05-06,201.54025243731857,201.54025243731857,198.08498032985,198.08498032985,
2024-05-07,199.5241368173885,199.5241368173885,195.20018466789216,195.8484533559726,
2024-05-08,195.20666735477297,197.0023716207557,193.67675325090323,195.5632151332172,
2024-05-09,195.20018466789216,197.35891939919992,193.04144993658443,195.91976291166145,
2024-05-10,196.34762024579453,196.34762024579453,192.67841947125942,192.89883082520674,
2024-05-13,193.39799771502865,197.35891939919992,193.11924217915404,196.14017426560878,
2024-05-14,195.91976291166145,204.06201763395137,195.91976291166145,200.60026283960195,
2024-05-15,201.68287154869628,205.5011741214899,201.68287154869628,204.2759463010179,
2024-05-16,203.84160628000404,205.1770397774497,201.32632377025203,201.82549066007394,
2024-05-17,202.40244979246557,203.84160628000404,198.08498032985,201.54025243731857,
2024-05-20,201.32632377025203,203.55636805724865,200.60026283960195,202.40244979246557,
2024-05-21,202.76548025779056,202.76548025779056,200.96329330492702,201.68287154869628,
2024-05-22,201.68287154869628,203.4850585015598,198.08498032985,200.24371506115773,
2024-05-23,200.96329330492702,203.84160628000404,199.5241368173885,200.7493646378605,
2024-05-24,200.96329330492702,205.6437932328676,198.87586812930806,204.56766721065412,
2024-05-27,204.2759463010179,205.13166096928407,202.69417070210173,204.47690959432285,
2024-05-29,205.28076276754254,205.28724545442338,199.88068459583272,201.3976333259409,
2024-05-30,202.04590201402135,202.04590201402135,198.08498032985,199.0184872406858,
2024-05-31,198.3702185526054,200.8919837492382,198.08498032985,200.8919837492382,
2024-06-03,200.24371506115773,201.61156199300743,198.26649556251252,198.44152810829425,
2024-06-04,199.16110635206354,199.16110635206354,188.36743269552468,193.11275949227326,
2024-06-05,191.31705522629056,193.39799771502865,191.2392629837209,191.6022934490459,
2024-06-06,192.9701403808956,192.9701403808956,188.36095000864387,189.43707603085733,
2024-06-07,188.43225956433272,193.04144993658443,182.95438915005326,190.01403516324893,
2024-06-10,190.87623251839585,190.95402476096552,186.70138216715802,187.2070317438607,
2024-06-11,189.3592837882877,189.3592837882877,180.79565441874547,181.52171534939552,
2024-06-12,182.8701142206028,187.3496508552384,182.234810906284,184.17961697052522,
2024-06-13,186.5587630557803,194.53895060605015,185.7678752563222,194.48060642412293,
2024-06-14,194.1175759587979,200.24371506115773,193.40448040190944,195.5632151332172,
2024-06-20,197.28760984351106,198.08498032985,194.84363688944796,195.31039034486585,
2024-06-21,193.11275949227326,196.63934115543069,191.6022934490459,192.32187169281514,
2024-06-24,192.0366334700598,193.40448040190944,190.1566542746266,191.02533431665435,
2024-06-25,191.6022934490459,191.6022934490459,190.22796383031547,191.3818820950986,
2024-06-26,190.87623251839585,194.48060642412293,190.87623251839585,191.95884122749013,
2024-06-27,194.1175759587979,195.91976291166145,192.67841947125942,195.8484533559726,
2024-06-28,195.8484533559726,195.91976291166145,194.40929686843407,194.69453509118946,
2024-07-01,195.90679753789982,195.91976291166145,192.32187169281514,193.76102818035366,
2024-07-02,194.4741237372421,196.28279337698646,192.32187169281514,193.04144993658443,
2024-07-03,193.04144993658443,197.0023716207557,192.53580035988168,195.20018466789216,
2024-07-04,195.5632151332172,198.3702185526054,194.3379873127452,197.0023716207557,
2024-07-05,194.5519159798118,195.91976291166145,192.78862514823305,194.3379873127452,
2024-07-08,194.40929686843407,196.24389725570163,193.11275949227326,194.1175759587979,
2024-07-09,194.48060642412293,195.20018466789216,191.65415494409234,193.25537860365097,
2024-07-10,192.7497290269482,193.1062768053925,191.2392629837209,192.32187169281514,
2024-07-11,191.60877613592672,193.6897186246648,190.1566542746266,191.6022934490459,
2024-07-12,191.88753167180127,194.48060642412293,187.99791954331886,193.04144993658443,
2024-07-15,193.04144993658443,195.803074547807,192.60710991557056,193.76102818035366,
2024-07-18,194.3379873127452,194.48060642412293,192.89883082520674,194.29909119146043,
2024-07-19,194.4741237372421,195.9910724673503,192.67841947125942,195.9910724673503,
2024-07-22,195.20018466789216,197.35891939919992,189.80010649618234,191.2392629837209,
2024-07-23,190.88271520527664,195.12887511220336,190.87623251839585,193.39799771502865,
2024-07-24,194.1175759587979,194.48060642412293,192.89883082520674,193.54709951328712,
2024-07-25,193.82585504916173,194.48060642412293,191.4596743376682,192.67841947125942,
2024-07-26,191.68008569161557,192.67841947125942,190.87623251839585,190.87623251839585,
2024-07-29,193.6248917558568,194.48060642412293,190.87623251839585,191.52450120647626,
2024-07-30,194.1175759587979,194.1175759587979,191.2392629837209,191.6022934490459,
2024-07-31,191.31057253940975,192.17276989455667,190.88271520527664,190.95402476096552,
2024-08-01,190.87623251839585,192.31538900593438,187.4922699666161,189.8714160518712,
2024-08-02,190.73361340701817,190.87623251839585,187.27834129954957,190.1566542746266,
2024-08-05,188.43225956433272,190.44837518426277,183.33686767602066,186.41614394440262,
2024-08-06,186.48745350009148,188.7110151002073,185.83918481201107,185.83918481201107,
2024-08-07,186.5587630557803,189.0805282524131,186.5587630557803,187.20054905697992,
2024-08-08,188.2766750791934,205.91606608186135,187.99791954331886,205.91606608186135,
2024-08-09,226.50507961529516,226.50507961529516,226.50507961529516,226.50507961529516,
2024-08-12,248.50083620186345,248.50083620186345,226.50507961529516,235.46415288456646,
2024-08-13,234.0963059527168,246.70513193588076,232.65714946517826,245.25949276146142,
2024-08-15,245.00666797311004,250.30302315472701,241.66160154261516,245.2659754483422,
2024-08-16,245.97907100523068,246.91906060294727,243.46378849547867,243.74902671823406,
2024-08-19,244.83163542732837,244.9029449830172,234.88719375217482,236.25504068402452,
2024-08-20,236.2615233709053,237.33764939311882,234.60195552941948,235.2502242174999,
2024-08-21,234.81588419648602,237.55157806018536,234.67326508510834,235.17891466181104,
2024-08-22,236.25504068402452,236.61807114934953,233.81106772996142,235.6002893090633,
2024-08-23,236.25504068402452,236.25504068402452,233.2341085975698,233.44803726463635,
2024-08-26,234.4593364180418,236.25504068402452,233.73975817427257,234.60195552941948,
2024-08-27,235.8984929055803,239.28245545736007,234.81588419648602,237.9535046467952,
2024-08-28,239.13983634598233,244.9029449830172,238.77680588065732,244.1120571835591,
2024-08-29,244.9029449830172,245.97907100523068,241.80422065399287,243.02944847446483,
2024-08-30,242.01814932105938,244.7603258716395,241.81718602775442,244.39729540631444,
2024-09-02,244.9029449830172,253.4730570394402,244.7603258716395,248.72124755581083,
2024-09-03,251.38563186382126,253.9073970604541,247.78125795809422,253.6156761508179,
2024-09-04,254.33525439458717,262.8729530166062,254.33525439458717,262.47750911687706,
2024-09-05,262.9831586935798,266.50974035673727,256.4291622570869,258.22486652306964,
2024-09-06,258.5878969883946,263.26839691633523,258.22486652306964,261.82924042879665,
2024-09-09,263.6314273816603,266.2958116896707,261.5375195191605,262.91184913789095,
2024-09-10,262.91184913789095,265.05761849543717,262.18578820724093,264.77886295956256,
2024-09-11,265.07058386919874,267.8062777328981,256.4291622570869,257.49232290553874,
2024-09-12,258.3156241394009,258.3156241394009,249.2204144456327,252.75347879567096,
2024-09-13,256.4291622570869,259.16485612078617,251.891281440524,254.98352308266757,
2024-09-16,397.7752983763107,397.7752983763107,397.7752983763107,397.7752983763107,
2024-09-18,437.5528282139418,437.5528282139418,426.56355632564214,437.5528282139418,
2024-09-19,462.8884080504132,462.8884080504132,417.955771556739,439.95344374393585,
2024-09-20,432.30207950491086,440.3360119558871,429.3467400675875,431.814305034673,
2024-09-23,431.8238692399718,435.17134109454526,400.5010968864633,404.5658841384453,
2024-09-24,407.4351457280797,414.1300894372265,399.7837814890547,404.36503582717097,
2024-09-25,406.4691609929028,408.39156625795783,404.0876738735063,404.7667324497197,
2024-09-26,409.15670268186034,410.1800726488299,399.7837814890547,400.74020201893285,
2024-09-27,404.537191522549,404.537191522549,389.74136592533443,391.17599672015166,
2024-09-30,377.78610930185795,421.2076013583246,362.483380823808,408.20028215198215,
2024-10-01,411.26082784759217,434.20535635936835,410.2948431124153,427.7112609614959,
2024-10-02,425.6167000010628,437.5528282139418,414.1300894372265,417.8601295037512,
2024-10-03,416.0524947022816,416.0524947022816,396.05374142253004,399.7550888731584,
2024-10-04,395.9485351642434,403.60946360856724,385.4374735408829,397.2970881113716,
2024-10-07,403.60946360856724,407.4351457280797,396.9145198994204,402.17483281375,
2024-10-08,403.59989940326847,407.72207188704317,394.28436344225554,394.4756475482311,
2024-10-09,396.9145198994204,398.34915069423755,390.6212728128224,392.13241725002973,
2024-10-10,392.65844854146275,394.87734417077996,387.35031460063914,388.30673513051727,
2024-10-11,388.30673513051727,391.17599672015166,381.6117914213704,385.91568380582197,
2024-10-14,385.4566019514805,395.9485351642434,382.56821195124854,387.9432953291636,
2024-10-15,387.82852486557823,410.3044073177141,387.35031460063914,407.4351457280797,
2024-10-16,411.26082784759217,417.47756129179993,403.60946360856724,408.3341810261651,
2024-10-17,407.91335599301874,410.3044073177141,401.696622548811,406.4787251982016,
2024-10-18,406.45003258230525,410.3044073177141,400.9027935090121,408.86977652289687,
2024-10-21,409.3479867878359,416.9897868215621,406.4787251982016,412.1694273509764,
2024-10-22,413.26931096033627,421.30324341131245,413.26931096033627,416.52114076192186,
2024-10-23,416.80806692088527,418.1374914574159,407.91335599301874,409.3479867878359,
2024-10-24,409.3479867878359,413.17366890734843,404.5658841384453,407.4351457280797,
2024-10-25,408.37243784736023,420.3468228814344,406.95693546314067,413.9483695365497,
2024-10-28,417.9270789408427,417.9270789408427,406.459596787604,408.39156625795783,
2024-10-29,408.38200205265906,409.31929417193965,399.79334569435355,400.2619917539938,
2024-10-30,402.65304307868905,406.4978536087991,392.13241725002973,395.95809936954225,
2024-10-31,395.95809936954225,396.799749435835,386.0400184747061,391.1281756936577,
2024-11-01,387.76157542848676,396.3406675814935,386.36520145486475,396.3406675814935,
2024-11-04,396.9145198994204,403.59989940326847,394.8103947336885,396.9145198994204,
2024-11-05,399.20992917112784,399.20992917112784,393.85397420381037,395.95809936954225,
2024-11-06,397.1536250318899,397.1536250318899,393.85397420381037,394.9825504290666,
2024-11-07,393.1175303958042,394.571289601219,388.59366128948074,391.41510185262115,
2024-11-08,392.6106275149688,402.50957999920735,391.18556092545043,395.5850953628898,
2024-11-11,397.6509637074265,398.34915069423755,391.2238177466456,392.9931957269201,
2024-11-12,396.9240841047191,425.128925530825,396.9145198994204,406.4787251982016,
2024-11-13,411.26082784759217,446.62925904248516,411.2512636422934,437.0746179490027,
2024-11-14,439.95344374393585,455.25617222198576,432.8376750016426,438.5188129491186,
2024-11-15,442.8227053335702,447.6048079829608,430.3988026504534,442.8227053335702,
2024-11-18,444.2382077177898,451.62177420844887,443.7791258634483,446.1701771881436,
2024-11-19,447.50916592997294,448.55166430754014,440.9098642738139,442.8227053335702,
2024-11-20,443.3009155985093,451.4304901024733,435.17134109454526,437.94496063119175,
2024-11-21,438.0406026841796,441.10114837978955,433.258500034789,435.17134109454526,
2024-11-22,436.12776162442333,454.2806232815101,435.17134109454526,443.7791258634483,
2024-11-25,440.9098642738139,444.35297818137525,435.2191621210391,437.0746179490027,
2024-11-26,436.12776162442333,437.0746179490027,411.26082784759217,416.52114076192186,
2024-11-27,425.607135795764,438.9970232140577,422.7378742061296,435.17134109454526,
2024-11-28,443.6834838104605,443.6834838104605,432.7802897698499,437.6102134457344,
2024-11-29,439.943879538637,445.2137566582655,438.0406026841796,442.72706328058234,
2024-12-02,445.6824027179058,451.4304901024733,442.1532109626555,444.73554639332644,
2024-12-03,445.7110953338021,468.55041758729163,441.388074538753,463.8639569908889,
2024-12-04,469.50683811716976,487.77447023784185,468.70344487207217,487.77447023784185,
2024-12-05,491.6001523573544,535.0694654403151,487.77447023784185,535.0694654403151,
2024-12-06,540.358470970541,562.3752715683354,540.358470970541,550.8982252097979,
2024-12-09,552.8110662695541,602.5449338232165,545.169266235828,602.2580076642531,
2024-12-10,618.5171566721812,656.1044834963913,600.7277348164481,641.7581755482195,
2024-12-11,644.6274371378538,679.5367864784052,643.6710166079756,677.1457351537099,
2024-12-12,686.7099404524911,722.0975000579816,674.2764735640756,722.0975000579816,
2024-12-13,717.315397408591,783.9109589040046,713.0115050241395,783.9109589040046,
2024-12-16,836.8679636433562,860.9984536121813,824.4344967549406,860.7593484797117,
2024-12-17,859.8220563604311,860.6828348373214,774.4710882741076,774.4710882741076,
2024-12-18,698.1869868110285,726.8796027073723,697.0201537645772,697.0201537645772,
2024-12-19,646.54027819761,649.4095397872444,627.3162255470598,627.3162255470598,
2024-12-20,621.6733444207789,683.8406788628567,584.8511540204712,665.6686887951724,
2024-12-23,679.0681404187649,702.8734474074314,671.4072119744412,686.2317301875521,
2024-12-24,689.5792020421255,693.4048841616379,650.3659603171225,665.2000427355322,
2024-12-26,663.7558477354162,663.7558477354162,638.8889139585851,643.6710166079756,
2024-12-27,642.7145960780975,675.2328940939536,636.0196523689508,659.8345235629159,
2024-12-30,660.0258076688916,692.926673896699,659.9301656159037,687.6663609823693,
2024-12-31,696.2741457512724,697.2305662811505,676.2753924715208,686.7099404524911,
2025-01-01,688.2497775055949,711.5768742293222,684.7970993927349,696.7523560162114,
2025-01-02,699.1434073409067,700.0711352548884,679.0681404187649,682.8842583329787,
2025-01-03,679.0585762134662,688.5271394592595,670.450791444563,683.3624685979177,
2025-01-06,685.8491619756009,690.5164941614061,670.450791444563,673.7982632991365,
2025-01-07,670.450791444563,673.7982632991365,654.191642436635,670.0682232326118,
2025-01-08,674.2764735640756,680.0149967433442,650.3659603171225,655.5784522049584,
2025-01-09,650.3659603171225,653.2352219067568,636.9760728988288,640.2757237269084,
2025-01-10,636.9760728988288,649.4095397872444,627.4118676000476,642.0929227336768,
2025-01-13,642.7145960780975,672.3636325043193,642.7145960780975,665.6017393580809,
2025-01-14,674.1808315110877,681.8991451872042,670.450791444563,675.8354390277768,
2025-01-15,676.1893146238318,685.4187727371556,657.1565460792572,661.3265395895259,
2025-01-16,659.9301656159037,663.325458496971,648.4531192573663,652.7187548206227,
2025-01-17,653.2352219067568,667.5815298549287,647.4966987274881,655.9323278010132,
2025-01-20,659.9397298212025,664.5592409805139,647.4966987274881,650.2320614429395,
2025-01-21,650.2320614429395,650.2320614429395,626.9814783616024,630.7880320705174,
2025-01-22,621.6829086260776,627.4118676000476,567.7120981250554,569.0510868668847,
2025-01-23,571.9394768671166,576.6259374635193,543.2468609707729,569.3093204099517,
2025-01-24,575.7460305760316,575.7460305760316,554.7239073293105,559.113877561451,
2025-01-27,554.7239073293105,561.3997226278597,511.68498348479494,513.0813574584171,
2025-01-28,492.5565728872325,509.7721424250386,489.7064397081957,497.81688580156214,
2025-01-29,499.2515165963794,529.7517672941926,495.42583447686684,523.4202633863995,
2025-01-30,531.7698146122356,575.7651589866291,530.8133940823574,575.7651589866291,
2025-01-31,594.8935695841915,600.0582404455333,555.6803278591885,566.631342926293,
2025-02-03,567.1669384230247,568.1137947476041,535.6050609370468,544.337180374834,
2025-02-04,546.1161225604072,556.6367483890666,545.647476500767,548.0385278254623,
2025-02-06,550.8982252097979,551.854645739676,520.8666205716248,532.6114646785283,
2025-02-07,531.5785305062598,544.1841530900534,521.2491887835762,530.9186003406439,
2025-02-10,535.595496731748,550.8982252097979,523.1620298433323,548.4115318321147,
2025-02-11,553.7483583888347,570.8778500789518,545.1597020305292,561.9831391510854,
2025-02-12,561.8970613033963,572.8958973969947,551.854645739676,558.2148422633655,
2025-02-13,563.2456142505245,568.1137947476041,555.2021175942494,556.7036978261582,
2025-02-14,558.5304610382253,562.3752715683354,551.3286144482431,554.1883118325787,
2025-02-17,553.7674867994323,553.7674867994323,539.4689998777543,544.8153906397731,
2025-02-18,548.1246056731513,549.4157733884869,540.3775993811386,545.5040134212853,
2025-02-19,548.0289636201636,556.6367483890666,544.2511025271449,547.8185511035904,
2025-02-20,549.8939836534258,553.1936344815055,541.3435841163155,542.9216779906143,
2025-02-21,544.2032815006511,546.5943328253463,535.5189830893577,537.517901996803,
2025-02-24,535.6050609370468,542.2904404408948,529.9526156054671,539.8611322950045,
2025-02-25,546.1161225604072,559.506009978701,541.448790374602,543.4668376926448,
2025-02-26,547.0629788849867,547.0629788849867,535.595496731748,536.2649911026626,
2025-02-27,535.595496731748,541.9078722289436,532.8218771951015,534.1130449104369,
2025-02-28,535.6911387847358,540.3775993811386,523.1620298433323,524.6540458699423,
2025-03-03,524.6540458699423,527.944132492723,516.4670861341855,518.3799271939419,
2025-03-04,518.3799271939419,531.7698146122356,510.7285629549168,529.7708957047902,
2025-03-05,529.8569735524792,535.3085705727846,524.1184503732105,525.2087697772716,
2025-03-06,525.0748709030887,547.0629788849867,518.3799271939419,543.1416547124863,
2025-03-07,544.9110326927608,549.9418046799198,540.3775993811386,542.5964950104559,
2025-03-10,544.6814917655902,545.1597020305292,535.461597857565,537.6709292815834,
2025-03-11,535.595496731748,540.3010857387483,532.7262351421135,538.0439332882358,
2025-03-12,538.0439332882358,551.854645739676,530.8133940823574,545.5900912689744,
2025-03-13,548.9853841500417,557.8800950779082,548.0289636201636,552.4476264682005,
2025-03-14,555.1734249783532,583.416523225654,553.2892765344932,579.2656581259829,
2025-03-17,592.0243079945571,637.1960496207008,586.2953490205872,621.6542160101814,
2025-03-18,617.7520202482785,620.7169238909007,597.7628311738258,603.3578912736128,
2025-03-19,597.7628311738258,623.634006507029,594.8935695841915,614.3758557778087,
2025-03-20,617.8476623012664,675.8067464118806,617.8476623012664,669.580448762374,
2025-03-21,683.8406788628567,691.3007589959061,656.1044834963913,663.0289681327089,
2025-03-24,663.0289681327089,663.7558477354162,643.6710166079756,646.4542003499209,
2025-03-25,640.8017550183413,653.2352219067568,636.0674733954445,647.0471810784454,
2025-03-26,659.9301656159037,662.3116527353002,645.6794997207197,657.3000091587388,
2025-03-27,659.9301656159037,664.7027040599957,652.7665758471167,654.3446697214155,
2025-04-03,655.1480629665132,666.1468990601115,653.6177901187082,662.0534191922333,
2025-04-04,664.9705018083614,671.2063636631668,643.6710166079756,645.2873673034698,
2025-04-07,631.2375497195601,631.2566781301576,581.5036821658978,626.4650112754683,
2025-04-08,635.0632318390726,668.4231799212215,635.0632318390726,658.1129666091354,
2025-04-09,659.9301656159037,671.02464376249,648.462683462665,662.675092536654,
2025-04-10,687.6567967770706,688.6227815122473,669.7334760471546,675.8545674383744,
2025-04-11,664.8270387288796,672.3636325043193,658.9737450860256,661.881263496855,
2025-04-14,668.0310475039714,668.4423083318189,640.8017550183413,648.3000919725858,
2025-04-15,648.4531192573663,649.5051818402322,639.462766276512,644.5604877007623,
2025-04-16,647.4010566745004,650.3563961118238,623.586185480535,628.3587239246269,
2025-04-17,630.2620007790845,643.5658103496891,621.1951341558398,636.7082751504629,
2025-04-18,640.6965487600547,645.583857667732,630.2811291896819,633.9155272032187,
2025-04-21,634.2024533621823,635.3023369715421,620.7169238909007,624.7338901163889,
2025-04-22,624.7338901163889,634.0111692562067,621.6733444207789,623.1653604473887,
2025-04-23,624.4278355468279,628.9899614743465,612.1091391219977,613.0942522677722,
2025-04-24,588.399474186319,609.2303133270646,583.416523225654,598.4897107765332,
2025-04-25,598.7288159090027,604.4577748829727,574.8087384567509,589.4897935903801,
2025-04-28,592.9807285244352,598.719251703704,570.0266358073603,575.0478435892205,
2025-04-29,573.8618821321716,602.5353696179177,566.2009536878478,597.016823160521,
2025-04-30,592.9807285244352,592.9807285244352,570.0362000126592,579.4856348478548,
2025-05-02,592.0243079945571,598.6236096507162,588.1986258750446,591.37394203424,
2025-05-05,592.9807285244352,595.2283167696488,585.3580569013067,592.3016699482217,
2025-05-06,592.990292729734,604.3621328299848,587.2517695504653,590.0923385242033,
2025-05-07,546.2308930239927,583.5217294839406,546.2308930239927,572.9245900128909,
2025-05-08,581.5036821658978,584.3729437555321,515.6350002731915,520.6944648762468,
2025-05-09,526.0312914329667,555.6803278591885,524.1184503732105,553.0406071967249,
2025-05-12,608.3408422342778,608.3408422342778,608.3408422342778,608.3408422342778,
2025-05-13,619.7605033610226,631.2375497195601,604.7351368366373,624.5043491892183,
2025-05-14,623.681827533523,628.7508563418769,616.9008059766871,619.1483942219007,
2025-05-15,621.6542160101814,625.9772368052305,614.978400711632,621.5872665730899,
2025-05-16,621.6733444207789,622.6297649506571,612.1091391219977,613.1420732942661,
2025-05-19,621.6446518048826,621.6446518048826,590.6374982262338,595.9551963723561,
2025-05-20,597.7532669685271,597.7532669685271,588.007341769069,590.5992414050387,
2025-05-21,592.9616001138377,598.6905590878077,591.1730937229656,593.6024018688561,
2025-05-22,594.8266201470999,607.2792154461132,589.4419725638861,591.7756386567887,
2025-05-23,590.1114669348009,593.7458649483377,584.8415898151724,587.9977775637701,
2025-05-26,590.063645908307,591.0583232593802,584.4781500138188,586.3240416364835,
2025-05-27,587.7204156101055,589.1550464049228,584.3825079608309,585.2050296165261,
2025-05-29,585.3293642854103,601.4928712403505,585.3293642854103,592.0816932263498,
2025-05-30,592.5025182594962,601.5885132933383,592.5025182594962,596.1751730942283,
2025-06-02,597.7628311738258,602.5449338232165,591.2782999812522,592.9329074979414,
2025-06-03,592.0243079945571,597.6576249155393,589.6332566698618,594.960519021283,
2025-06-04,597.6576249155393,601.5885132933383,594.9222622000879,597.7532669685271,
2025-06-05,598.9583568361735,601.081610412503,594.2718962397707,595.7734764716794,
2025-06-10,596.3282003790086,598.2888624652588,593.028549550929,594.740542299411,
2025-06-11,600.6320927634602,614.0219801817539,600.6320927634602,612.4343221021563,
2025-06-12,615.4661751818699,630.9506235605967,611.1527185921195,612.5682209763391,
2025-06-13,604.8881641214178,616.8912417713882,598.8148937566917,603.6830742537715,
2025-06-16,604.4673390882714,613.4863846850222,604.4673390882714,608.9146945522047,
2025-06-17,610.827535611961,613.0655596518758,604.9359851479118,606.6384136910947,
2025-06-18,606.6384136910947,608.7616672674243,595.1804957431549,596.4334066372952,
2025-06-19,602.5449338232165,606.3706159427289,588.1986258750446,591.7756386567887,
2025-06-20,592.9807285244352,596.8064106439477,590.1592879612947,593.7076081271426,
2025-06-23,588.227318490941,589.1550464049228,570.0744568338541,573.40280027783,
2025-06-24,611.0092555126379,611.0092555126379,597.8680374321125,603.3770196842105,
2025-06-25,603.3578912736128,606.2941023003387,599.6756722335821,600.7181706111493,
2025-06-26,602.5353696179177,604.9264209426129,592.9998569350328,595.9265037564599,
2025-06-27,601.5598206774421,604.5534169359606,596.8542316704415,601.7511047834175,
2025-06-30,602.5449338232165,604.9359851479118,592.9807285244352,599.5704659752954,
2025-07-01,603.0231440881555,616.8816775660895,601.5885132933383,608.7999240886193,
2025-07-02,610.1962980622413,626.4554470701694,609.2494417376621,618.8901606788336,
2025-07-03,624.6382480634011,627.4118676000476,614.978400711632,620.8412585597849,
2025-07-04,620.8412585597849,621.625523394285,614.0219801817539,615.7052803143393,
2025-07-07,614.978400711632,618.8040828311446,608.3790990554729,613.495948890321,
2025-07-08,614.0219801817539,616.8912417713882,606.9540324659546,609.3068269694548,
2025-07-09,610.1962980622413,614.978400711632,607.422678525595,610.4449674000098,
2025-07-10,613.8211318704795,613.8211318704795,607.327036472607,608.3504064395767,
2025-07-11,611.1240259762233,611.1240259762233,607.4322427308937,608.5416905455522,
2025-07-14,610.1867338569426,612.1091391219977,602.5544980285152,607.7478615057535,
2025-07-15,608.2834570024852,612.1091391219977,602.5449338232165,602.9753230616617,
2025-07-16,603.0231440881555,609.5937531284183,599.6756722335821,601.6076417039359,
2025-07-17,601.1103030283992,605.5098374658386,599.5704659752954,600.995532564814,
2025-07-18,604.5534169359606,604.5534169359606,591.067887464679,593.0859347827218,
2025-07-21,595.9360679617587,595.9360679617587,590.5896771997399,591.106144285874,
2025-07-22,591.5556619349168,607.3079080620095,591.5556619349168,600.507758094576,
2025-07-23,604.4386464723751,609.3355195853511,601.5885132933383,606.7244915387839,
2025-07-24,608.2738927971864,610.999691307339,592.9998569350328,597.1602862400026,
2025-07-25,599.5800301805942,600.6225285581614,592.0243079945571,595.1613673325573,
2025-07-28,595.8499901140697,600.1538824985212,591.546097729618,591.9764869680632,
2025-07-29,594.8457485576976,594.8457485576976,583.416523225654,584.2103522654529,
2025-07-30,585.2337222324225,588.1986258750446,581.0254719009587,581.886250377849,
2025-07-31,592.4929540541974,600.1730109091187,587.52913150413,594.2336394185755,
2025-08-01,594.960519021283,608.2834570024852,592.0243079945571,604.6394947836496,
2025-08-04,610.1867338569426,614.7392955791626,599.7521858759724,601.5598206774421,
2025-08-05,601.5885132933383,601.5885132933383,596.4334066372952,597.4089555777709,
2025-08-06,597.4089555777709,598.719251703704,594.4153593192524,596.2134299154233,
2025-08-07,597.7341385579296,602.2101866377591,595.8499901140697,597.533290246655,
2025-08-08,597.533290246655,600.6320927634602,579.5908411061415,591.5747903455144,
2025-08-11,605.4141954128509,645.488215614744,597.7723953791245,637.0238939253227,
2025-08-12,640.8113192236401,642.7145960780975,618.8040828311446,621.0516710763582,
2025-08-13,620.5734608114191,620.6882312750045,611.1527185921195,613.1420732942661,
2025-08-15,614.978400711632,615.9348212415102,606.3706159427289,607.6522194527656,
2025-08-18,607.6522194527656,614.9592723010345,606.3706159427289,611.133590181522,
2025-08-19,611.133590181522,613.0655596518758,605.4141954128509,606.4471295851192,
2025-08-20,606.3706159427289,609.2398775323634,603.5969964060824,604.3525686246861,
2025-08-21,604.4577748829727,607.3174722673083,597.2846209088867,600.5651433263687,
2025-08-22,602.4971127967226,610.1962980622413,601.5885132933383,603.1857355782347,
2025-08-25,603.5013543530946,609.1920565058695,599.5609017699967,602.8031673662836,
2025-08-26,599.7808784918686,607.327036472607,599.7808784918686,601.0433535913078,
2025-08-27,605.1272692538874,605.404631207552,592.9807285244352,594.2049468026792,
2025-08-28,595.3717798491306,597.7628311738258,593.6502228953499,595.2283167696488,
2025-08-29,597.7628311738258,605.2229113068752,595.7543480610818,598.9296642202772,
2025-09-01,599.6756722335821,604.6968800154423,597.2846209088867,602.9083736245701,
2025-09-02,605.4141954128509,620.2387136259616,602.5449338232165,609.8902434926804,
2025-09-03,611.8030845524365,619.7605033610226,607.9965308435218,617.4650940893152,
2025-09-04,620.7169238909007,630.2811291896819,618.8040828311446,623.7583411759132,
2025-09-05,626.0728788582182,626.4554470701694,620.621281837913,623.2896951162729,
2025-09-08,626.4458828648707,639.8453344884631,624.073959950773,636.7560961769568,
2025-09-09,640.7921908130426,670.3551493915753,634.7763056801092,657.3860870064279,
2025-09-10,666.5868525038555,673.3200530341974,659.9301656159037,664.0619023049773,
2025-09-11,665.6686887951724,666.6251093250505,647.5445197539821,651.4562797211836,
2025-09-12,649.2182556812687,652.2788013768788,641.863381806506,644.3883320053842,
2025-09-15,644.6274371378538,652.2692371715799,637.1195359783105,647.8697027341406,
2025-09-16,650.2703182641347,656.8696199202936,647.984473197726,654.7081095227691,
2025-09-17,656.5731295560315,658.9737450860256,649.1704346547749,651.2554314099092,
2025-09-18,662.1683777655725,669.0865548467053,657.2268227076205,664.6391552945485,
2025-09-19,669.0865548467053,671.4881506048699,658.2151337192108,659.8359637782191,
2025-09-22,664.1449997887532,666.6157773177293,657.7703937639951,664.4414930922304,
2025-09-23,666.1117387018182,676.0146150379541,664.6391552945485,672.5752927176194,
2025-09-24,674.0182267945414,681.8160006759898,673.5339543988622,679.5824177897955,
2025-09-25,681.5392735927445,705.1599067697551,675.0164209162477,698.1428985874633,
2025-09-26,704.764582365119,735.7975481290578,703.6774402523696,725.4795811680539,
2025-09-29,732.3384595884913,735.7975481290578,718.5021054262256,729.1857474615178,
2025-09-30,729.1857474615178,743.2098807159858,719.4904164378161,732.377992028955,
2025-10-01,738.2683256580337,772.859211063698,736.291703634853,767.8880066753983,
2025-10-02,769.8646286985792,785.7072542143733,768.9059670173364,779.1547522075289,
2025-10-03,780.7656991564213,785.7072542143733,766.9392281042715,769.6274340557974,
2025-10-06,766.9293449941556,772.7504968524231,740.7391031870098,761.8593095046969,
2025-10-07,762.0866210373626,764.3597363640205,743.2098807159858,744.9295418761532,
2025-10-08,748.1514357739378,748.1514357739378,729.3735265537201,731.4292134578283,
2025-10-09,732.3483426986072,748.1514357739378,726.9027490247441,734.4534451532949,
2025-10-10,731.2908499162056,735.3132757333784,721.7141162138945,723.5523746954526,
2025-10-13,716.5254834030449,718.5021054262256,692.3217467291958,694.8518229188672,
2025-10-14,705.891256918332,743.2098807159858,705.6540622755504,736.5684307180983,
2025-10-15,751.126251918825,767.4235004999508,748.1514357739378,750.8594079456956,
2025-10-16,755.0696128550707,756.0579238666611,741.2332586928051,743.3581273677244,
2025-10-17,744.7022303434874,746.1253982001775,730.3420713450787,732.2791609277959,
2025-10-20,736.291703634853,746.174813750757,733.3267706000818,742.2907514752068,
2025-10-21,746.174813750757,751.1163688087091,742.3302839156704,745.6608920247301,
2025-10-22,746.3230604024956,750.1181746870028,737.2701315363275,738.545052741279,
2025-10-23,733.3267706000818,740.1263503598237,727.4067876406552,730.7868113002944,
2025-10-24,730.3519544551947,732.8326150942866,721.664700663315,730.006045601138,
2025-10-27,729.3735265537201,729.3735265537201,716.5254834030449,718.6898845184279,
2025-10-28,716.5254834030449,722.9396218682666,703.7070895827172,706.7609706085316,
2025-10-29,709.4788258904052,710.5956173335024,688.3586195727182,692.3711622797753,
2025-10-30,692.8653177855705,701.6909351190728,677.1017571507035,683.3972982945344,
2025-10-31,691.8177081132847,699.2300407002127,685.8878420437422,691.9264223245597,
2025-11-03,699.724196206008,709.607306321912,693.8931612376246,699.8724428577465,
2025-11-04,699.8724428577465,701.6909351190728,681.9345979973806,685.4332189784107,
2025-11-05,685.4332189784107,698.7358851944175,677.1017571507035,681.2131309589196,
2025-11-06,682.922909008971,686.8860361654486,672.5950589378513,676.6174847550242,
2025-11-07,677.4871984452238,700.7125072175984,673.138629994226,691.3334357176054,
2025-11-10,697.7475741828271,705.6639453856662,694.5849789457378,696.2354583350939,
2025-11-11,696.2354583350939,696.2354583350939,676.0047319278382,676.7854976269946,
2025-11-12,676.4988874336334,683.9112200205615,671.1620079710452,673.4746557381668,
2025-11-13,677.9912370611348,693.7943301364655,676.9930429394286,689.6829563282495,
2025-11-14,692.8060191248751,703.4303624994719,686.1052704662922,693.4484212824088,
2025-11-17,694.0414078893631,698.7358851944175,683.9112200205615,685.7099460616561,
2025-11-18,685.9965562550173,687.3801916712438,678.9696649626094,680.8968714352108,
2025-11-19,684.8995310321518,688.8527750785134,677.0918740405876,686.7180232934783,
2025-11-20,691.9165392144438,706.5435421859817,691.9165392144438,702.1060257439408,
2025-11-21,699.6253651048489,709.3602285690145,697.7475741828271,700.5939098962075,
2025-11-24,702.0961426338249,702.0961426338249,689.3469305843087,690.0486314025379,
2025-11-25,691.5212148098076,693.7844470263497,687.1331139183461,688.585931105384,
2025-11-26,690.8096308814625,695.0297189009535,677.981353951019,692.7467204641797,
2025-11-27,692.7467204641797,700.2183517118032,691.0270593040124,698.1132492571156,
2025-11-28,700.6136761164393,700.7125072175984,693.6954990353064,696.2058090047461,
2025-12-01,696.8580942723958,706.3458799836637,692.7961360147592,704.764582365119,
2025-12-02,706.6423732871408,714.548861379864,700.6927409973665,702.0566101933613,
2025-12-03,704.655868153844,706.6423732871408,698.7358851944175,699.2498069204445,
2025-12-04,701.5921040179138,701.7008182291887,692.8060191248751,694.881472249215,
2025-12-05,701.7008182291887,702.491467038461,693.0629799878886,696.2947569957892,
2025-12-08,695.7709521596463,701.0090005210754,693.7943301364655,696.3540556564847,
2025-12-09,698.7358851944175,716.4266523018858,698.7358851944175,705.9110231385639,
2025-12-10,708.6189953103216,710.2002929288662,695.7709521596463,699.1707420395173,
2025-12-11,706.3854124241273,706.3854124241273,695.7709521596463,696.6505489599617,
2025-12-12,697.6388599715522,708.6189953103216,695.4744588561692,699.1114433788218,
2025-12-15,699.1312095990537,707.6306842987312,697.253418677032,698.8149500753448,
2025-12-16,703.6873233624855,705.4168676327687,696.7592631712367,697.6882755221318,
2025-12-17,699.724196206008,702.5408825890406,692.815902234991,695.6820041686032,
2025-12-18,697.7475741828271,698.7358851944175,693.7943301364655,695.0099526807218,
2025-12-19,693.7943301364655,705.7528933767094,693.7943301364655,698.4690412212881,
2025-12-22,700.7125072175984,704.6657512639599,695.7709521596463,698.4097425605927,
2025-12-23,701.6909351190728,701.7008182291887,694.7826411480559,695.6820041686032,
2025-12-24,697.7475741828271,698.7062358640699,689.8410860901039,692.4403440505866,
2025-12-26,692.4403440505866,702.4321683777656,692.4403440505866,695.1878486628079,
2025-12-29,700.4160139141212,718.5021054262256,695.7709521596463,707.2650092244427,
2025-12-30,709.5875401016802,715.5371723914544,707.442905206529,709.4392934499417,
2025-12-31,709.607306321912,715.4383412902954,705.169789879871,707.5219700874562,
2026-01-01,707.6306842987312,712.5722393566832,706.4447110848226,708.5893459799739,
2026-01-02,710.0915787175913,735.2045615221035,708.6486446406693,721.6449344430831,
2026-01-05,726.3888272987172,733.6825625642543,721.961193966792,725.4301656174744,
2026-01-06,729.3142278930247,730.8559930711058,717.5137944146353,720.330480797668,
2026-01-07,721.565869562156,729.8380327291677,720.4787274494065,724.4912701564634,
2026-01-08,727.3969045305394,746.174813750757,727.3969045305394,732.3088102581437,
2026-01-09,735.3033926232625,746.0660995394821,729.3735265537201,732.2593947075641,
2026-01-12,731.3501485769009,731.3501485769009,720.4886105595224,722.4553494725873,
2026-01-13,725.4202825073585,726.4085935189489,714.0547058740689,724.6889323587816,
2026-01-14,731.2315512555101,734.3150816116722,720.4787274494065,725.0150749926065,
2026-01-15,724.4220883856522,731.2019019251624,709.6171894320279,715.3395101891363,
2026-01-16,721.4670384609968,731.3501485769009,719.4904164378161,727.9108262565663,
2026-01-19,730.4606686664696,731.3501485769009,725.4202825073585,726.3097624177899,
2026-01-20,728.3852155421297,730.3618375653106,723.5424915853367,726.1121002154719,
2026-01-21,725.9144380131537,741.2233755826891,724.9261270015633,729.1264488008226,
2026-01-22,729.3735265537201,734.0581207486587,725.3214514061995,726.6359050516147,
2026-01-23,730.3618375653106,730.3618375653106,721.4670384609968,724.0168808709002,
2026-01-26,725.4202825073585,729.8676820595153,711.5839283450928,715.9028474657429,
2026-01-27,715.5371723914544,718.8974298308618,706.6423732871408,715.4086919599476,
2026-01-28,716.5353665131607,719.193923134339,705.891256918332,707.2057105637474,
2026-01-29,707.6405674088471,711.5740452349769,689.8410860901039,692.2624480685004,
2026-01-30,693.01,725.0,693.01,710.07,
2026-02-02,712.0,716.81,704.0,709.0,
2026-02-03,709.9,715.9,707.5,708.41,
2026-02-04,710.99,711.0,704.99,705.9,
2026-02-06,705.95,707.5,689.88,700.64,
2026-02-09,702.01,706.0,685.0,692.08,
2026-02-10,693.0,697.0,690.5,691.73,
2026-02-11,691.73,696.25,688.99,690.64,
2026-02-12,692.0,692.99,679.0,687.39,
2026-02-13,689.9,692.5,683.11,687.25,
2026-02-16,688.0,690.0,664.0,671.59,
2026-02-17,671.95,684.5,671.5,676.02,
2026-02-18,679.0,683.0,669.5,676.96,
2026-02-19,677.0,678.9,652.25,661.2,
2026-02-20,661.18,671.0,650.0,664.63,
2026-02-23,664.5,665.98,630.21,634.53,
2026-02-24,635.0,635.0,611.0,614.5,
2026-02-25,620.0,620.0,604.0,605.41,
2026-02-26,606.66,622.0,595.56,612.94,
2026-02-27,610.0,613.0,600.58,605.07,
2026-03-02,550.0,576.9,544.56,545.88,
2026-03-03,547.0,590.0,546.0,585.59,
2026-03-04,590.0,601.0,576.1,590.73,
2026-03-05,592.02,620.0,592.02,617.65,
2026-03-06,618.0,628.0,610.0,617.05,
2026-03-09,607.0,624.0,565.0,616.99,
2026-03-10,665.0,665.0,620.0,630.36,
2026-03-11,630.36,640.0,615.0,620.21,
2026-03-12,620.21,624.0,608.0,608.75,
2026-03-13,606.1,616.9,604.5,613.62,
2026-03-16,611.4,613.0,595.0,598.76,
2026-03-17,600.5,607.0,590.85,600.62,
2026-03-18,603.0,625.0,600.0,618.45,
2026-03-19,615.0,631.0,605.5,617.07,
2026-03-24,624.0,629.0,619.0,619.43,
2026-03-25,624.0,650.0,622.01,642.14,
2026-03-26,640.1,642.1,626.0,627.14,
2026-03-27,634.89,634.89,602.25,617.92,
2026-03-30,613.0,620.0,603.03,613.86,
2026-03-31,614.0,635.0,612.0,628.01,
2026-04-01,634.0,658.9,632.5,642.14,
2026-04-02,634.99,635.0,625.0,632.1,
2026-04-03,625.0,638.8,622.05,623.08,
2026-04-06,625.05,637.0,614.0,634.0,
2026-04-07,629.48,635.0,621.0,631.64,
2026-04-08,680.0,692.0,659.0,688.6,
2026-04-09,685.0,685.0,662.0,667.7,
2026-04-10,671.0,675.0,666.01,668.21,
2026-04-13,650.26,654.0,641.1,646.15,
2026-04-14,652.1,660.0,652.1,656.67,
2026-04-15,685.0,685.0,658.24,660.65,
2026-04-16,668.0,670.01,662.03,664.94,
2026-04-17,667.0,680.0,664.94,675.85,
2026-04-20,668.94,678.49,662.26,669.69,
2026-04-21,673.99,675.95,667.5,671.94,
2026-04-22,668.0,677.0,665.5,666.02,
2026-04-23,664.1,669.0,650.06,651.86,
2026-04-24,642.0,661.59,641.01,655.21,
2026-04-27,655.0,660.0,647.0,651.13,
2026-04-28,648.0,653.77,645.55,646.76,
2026-04-29,649.99,653.0,640.0,640.94,
2026-04-30,638.0,638.0,622.0,631.93,
2026-05-04,635.0,648.0,626.56,632.74,
2026-05-05,621.56,641.0,621.56,637.03,
2026-05-06,644.74,655.0,640.0,650.55,
2026-05-07,658.0,673.0,652.0,662.63,
2026-05-08,660.0,660.98,649.94,650.81,
2026-05-11,648.0,652.0,645.0,646.99,
2026-05-12,645.11,658.95,645.0,646.48,
2026-05-13,647.0,652.7,645.0,647.18,
2026-05-14,650.0,652.49,644.95,645.88,
2026-05-15,648.95,649.89,640.2,642.79,
2026-05-18,640.0,640.8,628.0,630.99,
2026-05-19,633.15,638.99,625.11,628.88,
2026-05-20,632.0,638.25,628.91,636.24,
2026-05-21,644.0,654.0,643.0,647.43,
2026-05-22,654.0,654.0,642.0,643.56,
2026-05-25,654.88,662.0,649.9,658.52,
2026-05-29,661.0,671.1,655.0,669.47,
2026-06-01,670.0,671.9,655.0,658.11,
2026-06-02,658.5,661.99,653.11,656.06,
2026-06-03,654.99,657.0,652.02,654.79,
2026-06-04,654.8,657.9,652.0,655.81,
2026-06-05,658.88,658.88,647.06,649.67,
