"Date","Price","Open","High","Low","Vol.","Change %"
"06/05/2026","649.67","658.88","658.88","647.06","606.55K","-0.94%"
"06/04/2026","655.81","654.80","657.90","652.00","235.32K","0.16%"
"06/03/2026","654.79","654.99","657.00","652.02","366.18K","-0.19%"
"06/02/2026","656.06","658.50","661.99","653.11","380.65K","-0.31%"
"06/01/2026","658.11","670.00","671.90","655.00","880.31K","-1.70%"
"05/29/2026","669.47","661.00","671.10","655.00","1.33M","1.66%"
"05/25/2026","658.52","654.88","662.00","649.90","1.45M","2.32%"
"05/22/2026","643.56","654.00","654.00","642.00","389.36K","-0.60%"
"05/21/2026","647.43","644.00","654.00","643.00","571.88K","1.76%"
"05/20/2026","636.24","632.00","638.25","628.91","390.85K","1.17%"
"05/19/2026","628.88","633.15","638.99","625.11","588.90K","-0.33%"
"05/18/2026","630.99","640.00","640.80","628.00","577.93K","-1.84%"
"05/15/2026","642.79","648.95","649.89","640.20","228.09K","-0.48%"
"05/14/2026","645.88","650.00","652.49","644.95","449.66K","-0.20%"
"05/13/2026","647.18","647.00","652.70","645.00","616.95K","0.11%"
"05/12/2026","646.48","645.11","658.95","645.00","715.33K","-0.08%"
"05/11/2026","646.99","648.00","652.00","645.00","244.95K","-0.59%"
"05/08/2026","650.81","660.00","660.98","649.94","765.77K","-1.78%"
"05/07/2026","662.63","658.00","673.00","652.00","1.36M","1.86%"
"05/06/2026","650.55","644.74","655.00","640.00","862.80K","2.12%"
"05/05/2026","637.03","621.56","641.00","621.56","444.03K","0.68%"
"05/04/2026","632.74","635.00","648.00","626.56","431.74K","0.13%"
"04/30/2026","631.93","638.00","638.00","622.00","443.27K","-1.41%"
"04/29/2026","640.94","649.99","653.00","640.00","291.39K","-0.90%"
"04/28/2026","646.76","648.00","653.77","645.55","230.50K","-0.67%"
"04/27/2026","651.13","655.00","660.00","647.00","368.13K","-0.62%"
"04/24/2026","655.21","642.00","661.59","641.01","527.93K","0.51%"
"04/23/2026","651.86","664.10","669.00","650.06","463.83K","-2.13%"
"04/22/2026","666.02","668.00","677.00","665.50","768.07K","-0.88%"
"04/21/2026","671.94","673.99","675.95","667.50","883.05K","0.34%"
"04/20/2026","669.69","668.94","678.49","662.26","1.10M","-0.91%"
"04/17/2026","675.85","667.00","680.00","664.94","1.54M","1.64%"
"04/16/2026","664.94","668.00","670.01","662.03","519.84K","0.65%"
"04/15/2026","660.65","685.00","685.00","658.24","1.06M","0.61%"
"04/14/2026","656.67","652.10","660.00","652.10","492.68K","1.63%"
"04/13/2026","646.15","650.26","654.00","641.10","700.54K","-3.30%"
"04/10/2026","668.21","671.00","675.00","666.01","640.79K","0.08%"
"04/09/2026","667.70","685.00","685.00","662.00","1.99M","-3.04%"
"04/08/2026","688.60","680.00","692.00","659.00","3.77M","9.02%"
"04/07/2026","631.64","629.48","635.00","621.00","658.19K","-0.37%"
"04/06/2026","634.00","625.05","637.00","614.00","725.47K","1.75%"
"04/03/2026","623.08","625.00","638.80","622.05","617.37K","-1.43%"
"04/02/2026","632.10","634.99","635.00","625.00","667.32K","-1.56%"
"04/01/2026","642.14","634.00","658.90","632.50","1.70M","2.25%"
"03/31/2026","628.01","614.00","635.00","612.00","655.02K","2.31%"
"03/30/2026","613.86","613.00","620.00","603.03","490.81K","-0.66%"
"03/27/2026","617.92","634.89","634.89","602.25","1.17M","-1.47%"
"03/26/2026","627.14","640.10","642.10","626.00","971.06K","-2.34%"
"03/25/2026","642.14","624.00","650.00","622.01","1.07M","3.67%"
"03/24/2026","619.43","624.00","629.00","619.00","703.10K","0.38%"
"03/19/2026","617.07","615.00","631.00","605.50","2.04M","-0.22%"
"03/18/2026","618.45","603.00","625.00","600.00","919.16K","2.97%"
"03/17/2026","600.62","600.50","607.00","590.85","393.21K","0.31%"
"03/16/2026","598.76","611.40","613.00","595.00","398.69K","-2.42%"
"03/13/2026","613.62","606.10","616.90","604.50","538.26K","0.80%"
"03/12/2026","608.75","620.21","624.00","608.00","652.15K","-1.85%"
"03/11/2026","620.21","630.36","640.00","615.00","721.96K","-1.61%"
"03/10/2026","630.36","665.00","665.00","620.00","1.57M","2.17%"
"03/09/2026","616.99","607.00","624.00","565.00","1.47M","-0.01%"
"03/06/2026","617.05","618.00","628.00","610.00","759.66K","-0.10%"
"03/05/2026","617.65","592.02","620.00","592.02","1.77M","4.56%"
"03/04/2026","590.73","590.00","601.00","576.10","1.38M","0.88%"
"03/03/2026","585.59","547.00","590.00","546.00","2.23M","7.27%"
"03/02/2026","545.88","550.00","576.90","544.56","2.74M","-9.78%"
"02/27/2026","605.07","610.00","613.00","600.58","1.26M","-1.28%"
"02/26/2026","612.94","606.66","622.00","595.56","1.95M","1.24%"
"02/25/2026","605.41","620.00","620.00","604.00","595.19K","-1.48%"
"02/24/2026","614.50","635.00","635.00","611.00","1.22M","-3.16%"
"02/23/2026","634.53","664.50","665.98","630.21","1.19M","-4.53%"
"02/20/2026","664.63","661.18","671.00","650.00","744.05K","0.52%"
"02/19/2026","661.20","677.00","678.90","652.25","435.67K","-2.33%"
"02/18/2026","676.96","679.00","683.00","669.50","2.25M","0.14%"
"02/17/2026","676.02","671.95","684.50","671.50","497.76K","0.66%"
"02/16/2026","671.59","688.00","690.00","664.00","820.91K","-2.28%"
"02/13/2026","687.25","689.90","692.50","683.11","326.49K","-0.02%"
"02/12/2026","687.39","692.00","692.99","679.00","529.08K","-0.47%"
"02/11/2026","690.64","691.73","696.25","688.99","300.91K","-0.16%"
"02/10/2026","691.73","693.00","697.00","690.50","341.83K","-0.05%"
"02/09/2026","692.08","702.01","706.00","685.00","1.21M","-1.22%"
"02/06/2026","700.64","705.95","707.50","689.88","1.51M","-0.75%"
"02/04/2026","705.90","710.99","711.00","704.99","802.89K","-0.35%"
"02/03/2026","708.41","709.90","715.90","707.50","573.48K","-0.08%"
"02/02/2026","709.00","712.00","716.81","704.00","1.08M","-0.15%"
"01/30/2026","710.07","693.01","725.00","693.01","2.06M","1.37%"
"01/29/2026","700.45","716.01","719.99","698.00","1.65M","-2.11%"
"01/28/2026","715.57","725.01","727.70","714.24","1.03M","-1.15%"
"01/27/2026","723.87","724.00","727.40","715.00","1.47M","-0.07%"
"01/26/2026","724.37","734.00","738.50","720.00","2.20M","-1.12%"
"01/23/2026","732.58","739.00","739.00","730.00","856.23K","-0.36%"
"01/22/2026","735.23","738.00","742.74","733.90","809.92K","-0.34%"
"01/21/2026","737.75","734.50","749.99","733.50","2.43M","0.42%"
"01/20/2026","734.70","737.00","739.00","732.10","721.04K","-0.03%"
"01/19/2026","734.90","739.10","740.00","734.00","1.20M","-0.22%"
"01/16/2026","736.52","730.00","740.00","728.00","1.70M","1.76%"
"01/15/2026","723.80","732.99","739.85","718.01","715.95K","-1.33%"
"01/14/2026","733.59","739.88","743.00","729.00","1.17M","0.05%"
"01/13/2026","733.26","734.00","735.00","722.50","953.43K","0.31%"
"01/12/2026","731.00","740.00","740.00","729.01","954.76K","-1.34%"
"01/09/2026","740.92","744.00","754.89","738.00","1.74M","-0.01%"
"01/08/2026","740.97","736.00","755.00","736.00","3.59M","1.08%"
"01/07/2026","733.06","730.10","738.47","729.00","877.90K","0.58%"
"01/06/2026","728.85","737.94","739.50","726.00","1.06M","-0.70%"
"01/05/2026","734.01","734.98","742.36","730.50","1.60M","0.52%"
"01/02/2026","730.18","718.49","743.90","717.03","4.32M","1.84%"
"01/01/2026","716.97","716.00","721.00","714.80","568.68K","0.15%"
"12/31/2025","715.89","718.00","723.90","713.51","871.23K","-0.27%"
"12/30/2025","717.83","717.98","724.00","715.81","1.09M","0.31%"
"12/29/2025","715.63","708.70","727.00","704.00","2.72M","1.74%"
"12/26/2025","703.41","700.63","710.74","700.63","924.82K","0.40%"
"12/24/2025","700.63","706.00","706.97","698.00","664.20K","-0.47%"
"12/23/2025","703.91","709.99","710.00","703.00","364.55K","-0.39%"
"12/22/2025","706.67","709.00","713.00","704.00","658.53K","-0.01%"
"12/19/2025","706.73","702.00","714.10","702.00","1.03M","0.50%"
"12/18/2025","703.23","706.00","707.00","702.00","269.65K","-0.10%"
"12/17/2025","703.91","708.00","710.85","701.01","625.65K","-0.29%"
"12/16/2025","705.94","712.01","713.76","705.00","540.18K","-0.16%"
"12/15/2025","707.08","707.40","716.00","705.50","1.18M","-0.04%"
"12/12/2025","707.38","705.89","717.00","703.70","997.84K","0.35%"
"12/11/2025","704.89","714.74","714.74","704.00","425.38K","-0.36%"
"12/10/2025","707.44","717.00","718.60","704.00","530.13K","-0.95%"
"12/09/2025","714.26","707.00","724.90","707.00","1.34M","1.37%"
"12/08/2025","704.59","704.00","709.30","702.00","599.63K","0.01%"
"12/05/2025","704.53","710.00","710.80","701.26","677.46K","0.20%"
"12/04/2025","703.10","709.89","710.00","701.00","494.83K","-0.62%"
"12/03/2025","707.52","712.99","715.00","707.00","900.23K","-0.40%"
"12/02/2025","710.36","715.00","723.00","708.98","1.77M","-0.38%"
"12/01/2025","713.10","705.10","714.70","700.99","1.20M","1.23%"
"11/28/2025","704.44","708.90","709.00","701.90","748.27K","-0.27%"
"11/27/2025","706.37","700.94","708.50","699.20","959.15K","0.77%"
"11/26/2025","700.94","698.98","703.25","686.00","898.91K","0.60%"
"11/25/2025","696.73","699.70","701.99","695.26","374.41K","-0.21%"
"11/24/2025","698.21","710.40","710.40","697.50","766.26K","-1.51%"
"11/21/2025","708.88","707.90","717.75","706.00","1.57M","-0.22%"
"11/20/2025","710.41","700.10","714.90","700.10","2.07M","2.24%"
"11/19/2025","694.84","693.00","697.00","685.10","599.12K","0.85%"
"11/18/2025","688.95","694.11","695.51","687.00","496.50K","-0.70%"
"11/17/2025","693.82","702.25","707.00","692.00","746.08K","-1.12%"
"11/14/2025","701.65","701.00","711.75","694.22","1.80M","0.55%"
"11/13/2025","697.84","686.01","702.00","685.00","1.85M","2.41%"
"11/12/2025","681.44","684.50","692.00","679.10","721.20K","-0.49%"
"11/11/2025","684.79","704.47","704.47","684.00","996.88K","-2.79%"
"11/10/2025","704.47","706.00","714.01","702.80","947.89K","0.71%"
"11/07/2025","699.51","685.50","709.00","681.10","2.25M","2.17%"
"11/06/2025","684.62","691.00","695.01","680.55","556.08K","-0.67%"
"11/05/2025","689.27","693.54","707.00","685.11","1.26M","-0.62%"
"11/04/2025","693.54","708.15","709.99","690.00","896.42K","-2.06%"
"11/03/2025","708.15","708.00","718.00","702.10","950.19K","1.15%"
"10/31/2025","700.11","700.00","707.50","694.00","1.37M","1.25%"
"10/30/2025","691.48","701.06","709.99","685.11","1.27M","-1.30%"
"10/29/2025","700.56","717.87","719.00","696.50","1.35M","-2.04%"
"10/28/2025","715.12","725.00","731.49","712.03","557.22K","-1.66%"
"10/27/2025","727.19","738.00","738.00","725.00","711.07K","-1.55%"
"10/24/2025","738.64","738.99","741.50","730.20","689.68K","-0.11%"
"10/23/2025","739.43","742.00","748.88","736.01","803.19K","-1.05%"
"10/22/2025","747.28","755.15","758.99","745.99","796.11K","-0.95%"
"10/21/2025","754.48","755.00","760.00","751.11","886.83K","0.45%"
"10/20/2025","751.07","745.00","755.00","742.00","1.20M","1.37%"
"10/17/2025","740.94","753.51","754.95","738.98","1.07M","-1.49%"
"10/16/2025","752.15","764.00","765.00","750.00","1.67M","-1.00%"
"10/15/2025","759.74","760.01","776.50","757.00","13.21M","1.94%"
"10/14/2025","745.28","714.24","752.00","714.00","2.53M","6.00%"
"10/13/2025","703.07","725.00","727.00","700.51","3.11M","-3.97%"
"10/10/2025","732.11","739.94","744.01","730.25","1.42M","-1.48%"
"10/09/2025","743.14","741.01","757.00","735.50","1.41M","0.41%"
"10/08/2025","740.08","757.00","757.00","738.00","1.82M","-1.81%"
"10/07/2025","753.74","771.10","773.40","752.00","1.44M","-2.22%"
"10/06/2025","770.87","776.00","781.89","749.50","2.90M","-1.01%"
"10/03/2025","778.73","790.00","795.00","776.01","1.68M","-1.22%"
"10/02/2025","788.37","778.97","795.00","778.00","2.85M","1.47%"
"10/01/2025","776.97","747.00","782.00","745.00","4.85M","4.85%"
"09/30/2025","741.04","737.81","752.00","728.00","4.24M","0.44%"
"09/29/2025","737.81","741.00","744.50","727.00","3.10M","0.51%"
"09/26/2025","734.06","713.10","744.50","712.00","6.90M","3.92%"
"09/25/2025","706.40","689.60","713.50","683.00","5.64M","2.73%"
"09/24/2025","687.62","681.99","689.88","681.50","1.65M","1.04%"
"09/23/2025","680.53","673.99","684.01","672.50","2.35M","1.22%"
"09/22/2025","672.30","672.00","674.50","665.55","1.50M","0.70%"
"09/19/2025","667.64","677.00","679.43","666.00","1.42M","-0.72%"
"09/18/2025","672.50","670.00","677.00","665.00","3.44M","-1.24%"
"09/17/2025","680.93","686.49","689.00","678.75","3.26M","-0.53%"
"09/16/2025","684.54","679.90","686.80","677.51","1.57M","1.06%"
"09/15/2025","677.39","674.00","681.99","666.15","1.44M","0.54%"
"09/12/2025","673.75","678.80","682.00","671.11","1.10M","-1.08%"
"09/11/2025","681.14","696.00","697.00","677.05","2.04M","-1.90%"
"09/10/2025","694.32","696.96","704.00","690.00","4.22M","1.02%"
"09/09/2025","687.34","669.99","700.90","663.70","7.52M","3.24%"
"09/08/2025","665.77","654.99","669.00","652.51","3.25M","2.16%"
"09/05/2025","651.69","654.60","655.00","648.90","1.37M","-0.08%"
"09/04/2025","652.18","649.00","659.00","647.00","3.47M","1.02%"
"09/03/2025","645.60","639.68","648.00","635.70","2.20M","1.24%"
"09/02/2025","637.68","633.00","648.50","630.00","2.49M","1.16%"
"09/01/2025","630.38","627.00","632.25","624.50","637.18K","0.66%"
"08/29/2025","626.22","625.00","632.80","622.90","944.91K","0.62%"
"08/28/2025","622.35","622.50","625.00","620.70","437.00K","0.17%"
"08/27/2025","621.28","632.70","632.99","620.00","1.34M","-1.14%"
"08/26/2025","628.43","627.11","635.00","627.11","672.42K","-0.29%"
"08/25/2025","630.27","631.00","636.95","626.88","775.90K","-0.06%"
"08/22/2025","630.67","629.95","638.00","629.00","911.16K","0.44%"
"08/21/2025","627.93","632.00","634.99","624.50","866.84K","-0.63%"
"08/20/2025","631.89","634.00","637.00","631.10","531.07K","-0.35%"
"08/19/2025","634.08","638.98","641.00","633.00","800.17K","-0.77%"
"08/18/2025","638.98","635.34","642.98","634.00","827.92K","0.57%"
"08/15/2025","635.34","643.00","644.00","634.00","884.33K","-0.90%"
"08/13/2025","641.08","648.85","648.97","639.00","1.22M","-1.27%"
"08/12/2025","649.35","670.01","672.00","647.00","4.42M","-2.51%"
"08/11/2025","666.05","633.00","674.90","625.01","8.89M","7.68%"
"08/08/2025","618.53","624.76","628.00","606.00","1.20M","-1.00%"
"08/07/2025","624.76","624.97","629.65","623.00","1.02M","0.22%"
"08/06/2025","623.38","624.63","626.00","621.50","592.98K","-0.20%"
"08/05/2025","624.63","629.00","629.00","623.61","516.49K","-0.69%"
"08/04/2025","628.97","637.99","642.75","627.08","1.34M","-0.51%"
"08/01/2025","632.19","622.07","636.00","619.00","2.16M","1.75%"
"07/31/2025","621.31","619.49","627.52","614.30","1.77M","2.12%"
"07/30/2025","608.40","611.90","615.00","607.50","559.07K","-0.40%"
"07/29/2025","610.83","621.95","621.95","610.00","997.33K","-1.31%"
"07/28/2025","618.95","623.00","627.50","618.50","866.02K","-0.54%"
"07/25/2025","622.28","626.90","627.99","619.00","641.18K","-0.33%"
"07/24/2025","624.37","635.99","638.84","620.02","1.01M","-1.58%"
"07/23/2025","634.37","631.98","637.10","629.00","1.66M","1.04%"
"07/22/2025","627.87","618.51","634.98","618.51","1.60M","1.59%"
"07/21/2025","618.04","623.09","623.09","617.50","435.54K","-0.33%"
"07/18/2025","620.11","632.10","632.10","618.00","1.05M","-1.32%"
"07/17/2025","628.38","628.50","633.10","626.89","737.66K","-0.10%"
"07/16/2025","629.02","630.50","637.37","627.00","676.48K","-0.23%"
"07/15/2025","630.45","636.00","640.00","630.00","565.41K","-0.79%"
"07/14/2025","635.44","637.99","640.00","630.01","826.74K","-0.13%"
"07/11/2025","636.27","638.97","638.97","635.11","413.99K","0.03%"
"07/10/2025","636.07","641.79","641.79","635.00","366.18K","-0.34%"
"07/09/2025","638.26","638.00","643.00","635.10","540.66K","0.19%"
"07/08/2025","637.07","642.00","645.00","634.61","1.19M","-0.68%"
"07/07/2025","641.45","643.00","647.00","636.10","1.35M","-0.36%"
"07/04/2025","643.76","649.13","649.95","642.00","527.17K","-0.83%"
"07/03/2025","649.13","653.10","656.00","643.00","1.63M","0.32%"
"07/02/2025","647.09","638.00","655.00","637.01","3.14M","1.66%"
"07/01/2025","636.54","630.50","644.99","629.00","2.17M","1.54%"
"06/30/2025","626.89","630.00","632.50","620.00","714.97K","-0.36%"
"06/27/2025","629.17","628.97","632.10","624.05","819.22K","0.98%"
"06/26/2025","623.08","629.99","632.49","620.02","1.07M","-0.80%"
"06/25/2025","628.09","630.85","633.92","627.00","990.57K","-0.44%"
"06/24/2025","630.87","638.85","638.85","625.11","1.60M","5.23%"
"06/23/2025","599.53","615.03","616.00","596.05","1.10M","-3.42%"
"06/20/2025","620.76","620.00","624.00","617.05","497.90K","0.33%"
"06/19/2025","618.74","630.00","634.00","615.00","881.81K","-0.78%"
"06/18/2025","623.61","634.28","636.50","622.30","850.19K","-1.68%"
"06/17/2025","634.28","638.66","641.00","632.50","722.08K","-0.37%"
"06/16/2025","636.66","632.01","641.44","632.01","738.59K","0.87%"
"06/13/2025","631.19","632.45","645.00","626.10","1.48M","-1.45%"
"06/12/2025","640.48","643.51","659.70","639.00","3.11M","0.02%"
"06/11/2025","640.34","628.00","642.00","628.00","2.62M","2.98%"
"06/10/2025","621.84","623.50","625.55","620.05","439.66K","-0.17%"
"06/05/2025","622.92","626.25","628.47","621.35","544.62K","-0.33%"
"06/04/2025","624.99","624.89","629.00","622.03","642.08K","0.47%"
"06/03/2025","622.07","619.00","624.89","616.50","664.49K","0.34%"
"06/02/2025","619.95","625.00","630.00","618.22","634.15K","-0.54%"
"05/30/2025","623.34","619.50","629.00","619.50","973.87K","0.69%"
"05/29/2025","619.06","612.00","628.90","612.00","1.38M","1.18%"
"05/27/2025","611.87","614.50","616.00","611.01","415.37K","-0.19%"
"05/26/2025","613.04","616.95","617.99","611.11","341.48K","-0.28%"
"05/23/2025","614.79","617.00","620.80","611.49","919.31K","-0.64%"
"05/22/2025","618.74","621.93","634.95","616.30","2.42M","-0.31%"
"05/21/2025","620.65","619.98","625.97","618.11","688.11K","0.51%"
"05/20/2025","617.51","624.99","624.99","614.80","978.65K","-0.90%"
"05/19/2025","623.11","649.97","649.97","617.55","1.57M","-2.80%"
"05/16/2025","641.08","650.00","651.00","640.00","617.00K","-1.36%"
"05/15/2025","649.91","649.98","654.50","643.00","1.09M","0.39%"
"05/14/2025","647.36","652.10","657.40","645.01","1.54M","-0.86%"
"05/13/2025","652.96","648.00","660.00","632.29","3.60M","2.66%"
"05/12/2025","636.06","636.06","636.06","636.06","765.72K","10.00%"
"05/09/2025","578.24","550.00","581.00","548.00","3.23M","6.21%"
"05/08/2025","544.42","608.00","611.00","539.13","3.78M","-9.12%"
"05/07/2025","599.03","571.12","610.11","571.12","2.40M","-2.91%"
"05/06/2025","616.98","620.01","631.90","614.01","1.83M","-0.37%"
"05/05/2025","619.29","620.00","622.35","612.03","796.64K","0.16%"
"05/02/2025","618.32","619.00","625.90","615.00","1.64M","2.05%"
"04/30/2025","605.89","620.00","620.00","596.01","2.54M","-2.94%"
"04/29/2025","624.22","600.01","629.99","592.00","3.14M","3.82%"
"04/28/2025","601.25","620.00","626.00","596.00","1.03M","-2.45%"
"04/25/2025","616.35","626.01","632.00","601.00","2.29M","-1.50%"
"04/24/2025","625.76","615.21","636.99","610.00","1.41M","-2.38%"
"04/23/2025","641.03","652.88","657.65","640.00","1.30M","-1.62%"
"04/22/2025","651.56","653.20","662.90","650.00","1.06M","-0.25%"
"04/21/2025","653.20","663.10","664.25","649.00","1.62M","-1.45%"
"04/18/2025","662.80","669.89","675.00","659.00","2.76M","-0.44%"
"04/17/2025","665.72","658.98","672.89","649.50","4.00M","1.33%"
"04/16/2025","656.99","676.90","679.99","652.00","2.50M","-2.51%"
"04/15/2025","673.93","678.00","679.10","668.60","1.95M","-0.58%"
"04/14/2025","677.84","698.47","698.90","670.00","2.31M","-2.05%"
"04/11/2025","692.04","695.12","703.00","689.00","1.97M","-2.07%"
"04/10/2025","706.65","718.99","720.00","700.25","4.47M","1.99%"
"04/09/2025","692.87","690.00","701.60","678.01","5.60M","0.69%"
"04/08/2025","688.10","664.00","698.88","664.00","5.67M","5.05%"
"04/07/2025","655.01","660.00","660.02","608.00","4.26M","-2.92%"
"04/04/2025","674.69","695.27","701.79","673.00","2.02M","-2.53%"
"04/03/2025","692.22","685.00","696.50","683.40","1.58M","1.18%"
"03/27/2025","684.16","690.00","694.99","682.51","1.42M","-0.45%"
"03/26/2025","687.25","690.00","692.49","675.10","2.19M","1.58%"
"03/25/2025","676.53","670.00","683.00","665.05","1.79M","0.09%"
"03/24/2025","675.91","693.24","694.00","673.00","1.88M","-2.50%"
"03/21/2025","693.24","715.00","722.80","686.00","3.68M","-0.98%"
"03/20/2025","700.09","646.00","706.60","646.00","10.41M","8.99%"
"03/19/2025","642.37","625.00","652.05","622.00","3.41M","1.83%"
"03/18/2025","630.85","645.90","649.00","625.00","3.01M","-2.94%"
"03/17/2025","649.98","619.00","666.23","613.01","8.40M","7.32%"
"03/14/2025","605.66","580.47","610.00","578.50","4.56M","4.85%"
"03/13/2025","577.62","574.00","583.30","573.00","1.47M","1.26%"
"03/12/2025","570.45","562.56","577.00","555.00","1.27M","1.40%"
"03/11/2025","562.56","560.00","564.92","557.00","592.68K","0.07%"
"03/10/2025","562.17","569.50","570.00","559.86","380.69K","-0.91%"
"03/07/2025","567.32","569.74","575.00","565.00","787.29K","-0.10%"
"03/06/2025","567.89","549.00","571.99","542.00","1.96M","3.41%"
"03/05/2025","549.14","554.00","559.70","548.00","420.70K","-0.86%"
"03/04/2025","553.91","542.00","556.00","534.00","706.88K","2.20%"
"03/03/2025","542.00","548.56","552.00","540.00","285.90K","-1.20%"
"02/28/2025","548.56","560.10","565.00","547.00","1.15M","-1.77%"
"02/27/2025","558.45","560.00","566.60","557.10","578.22K","-0.40%"
"02/26/2025","560.70","571.99","571.99","560.00","453.72K","-1.33%"
"02/25/2025","568.23","571.00","585.00","566.12","1.51M","0.67%"
"02/24/2025","564.46","560.01","567.00","554.10","1.06M","0.44%"
"02/21/2025","562.01","569.00","571.50","559.92","542.01K","-1.00%"
"02/20/2025","567.66","574.95","578.40","566.01","743.96K","-0.89%"
"02/19/2025","572.78","573.00","582.00","569.05","811.23K","0.42%"
"02/18/2025","570.36","573.10","574.45","565.00","625.06K","0.13%"
"02/17/2025","569.64","579.00","579.00","564.05","737.26K","-1.69%"
"02/14/2025","579.44","583.98","588.00","576.45","881.68K","-0.45%"
"02/13/2025","582.07","588.91","594.00","580.50","1.34M","-0.27%"
"02/12/2025","583.65","587.50","599.00","577.00","2.81M","-0.67%"
"02/11/2025","587.59","578.98","596.89","570.00","3.27M","2.47%"
"02/10/2025","573.40","560.00","576.00","547.00","2.48M","3.29%"
"02/07/2025","555.11","555.80","568.98","545.00","1.67M","-0.32%"
"02/06/2025","556.88","576.00","577.00","544.60","1.37M","-2.81%"
"02/04/2025","573.01","571.00","582.00","570.51","1.63M","0.68%"
"02/03/2025","569.14","593.01","594.00","560.01","2.12M","-3.93%"
"01/31/2025","592.45","622.00","627.40","581.00","3.76M","-1.59%"
"01/30/2025","602.00","556.00","602.00","555.00","4.94M","10.00%"
"01/29/2025","547.27","522.00","553.89","518.00","4.54M","5.14%"
"01/28/2025","520.50","515.00","533.00","512.02","3.44M","-2.98%"
"01/27/2025","536.46","580.00","586.98","535.00","4.28M","-8.23%"
"01/24/2025","584.59","601.98","601.98","580.00","1.46M","-1.79%"
"01/23/2025","595.25","598.00","602.90","568.00","4.53M","0.05%"
"01/22/2025","594.98","650.01","656.00","593.58","5.74M","-9.79%"
"01/21/2025","659.53","679.86","679.86","655.55","1.33M","-2.99%"
"01/20/2025","679.86","690.01","694.84","677.00","959.27K","-0.87%"
"01/17/2025","685.82","683.00","698.00","677.00","1.00M","0.49%"
"01/16/2025","682.46","690.00","693.55","678.00","857.09K","-1.30%"
"01/15/2025","691.46","707.00","716.65","687.10","1.46M","-2.15%"
"01/14/2025","706.63","704.90","712.97","701.00","1.28M","1.54%"
"01/13/2025","695.93","672.00","703.00","672.00","1.47M","3.66%"
"01/10/2025","671.35","666.00","679.00","656.00","1.21M","0.28%"
"01/09/2025","669.45","680.00","683.00","666.00","1.07M","-2.33%"
"01/08/2025","685.45","705.00","711.00","680.00","1.33M","-2.16%"
"01/07/2025","700.60","701.00","704.50","684.00","2.24M","-0.55%"
"01/06/2025","704.50","717.10","721.98","701.00","1.65M","-1.40%"
"01/03/2025","714.50","710.00","719.90","701.00","1.72M","0.07%"
"01/02/2025","714.00","731.00","731.97","710.01","1.36M","-1.99%"
"01/01/2025","728.50","719.61","744.00","716.00","2.28M","1.46%"
"12/31/2024","718.00","728.00","729.00","707.09","2.15M","-0.14%"
"12/30/2024","719.00","690.10","724.50","690.00","3.32M","4.22%"
"12/27/2024","689.90","672.00","706.00","665.00","2.94M","2.51%"
"12/26/2024","673.00","694.00","694.00","668.00","2.06M","-3.24%"
"12/24/2024","695.51","721.00","725.00","680.00","4.56M","-3.06%"
"12/23/2024","717.50","710.01","734.90","702.00","5.54M","3.09%"
"12/20/2024","696.00","650.00","715.00","611.50","9.06M","6.11%"
"12/19/2024","655.90","676.00","679.00","655.90","9.65M","-10.00%"
"12/18/2024","728.78","730.00","760.00","728.78","7.13M","-10.00%"
"12/17/2024","809.76","899.00","899.90","809.76","6.42M","-10.02%"
"12/16/2024","899.98","875.00","900.23","862.00","6.21M","9.80%"
"12/13/2024","819.63","750.00","819.63","745.50","6.80M","8.56%"
"12/12/2024","755.00","718.00","755.00","705.00","5.73M","6.64%"
"12/11/2024","708.00","674.00","710.50","673.00","4.21M","5.51%"
"12/10/2024","671.00","646.70","686.00","628.10","6.71M","6.56%"
"12/09/2024","629.70","578.00","630.00","570.01","5.33M","9.32%"
"12/06/2024","576.00","564.98","588.00","564.98","4.05M","2.96%"
"12/05/2024","559.45","514.00","559.45","510.00","5.93M","9.70%"
"12/04/2024","510.00","490.90","510.00","490.06","3.50M","5.15%"
"12/03/2024","485.00","466.02","489.90","461.50","4.86M","4.30%"
"12/02/2024","465.00","465.99","472.00","462.30","2.01M","0.45%"
"11/29/2024","462.90","459.99","465.50","458.00","1.93M","1.17%"
"11/28/2024","457.55","463.90","463.90","452.50","1.07M","0.56%"
"11/27/2024","455.00","445.00","459.00","442.00","2.16M","4.48%"
"11/26/2024","435.50","456.00","456.99","430.00","2.18M","-4.70%"
"11/25/2024","456.99","461.00","464.60","455.05","1.01M","-1.51%"
"11/22/2024","464.00","456.00","474.98","455.00","4.49M","1.98%"
"11/21/2024","455.00","458.00","461.20","453.00","1.87M","-0.63%"
"11/20/2024","457.90","463.50","472.00","455.00","1.66M","-1.10%"
"11/19/2024","463.00","467.90","468.99","461.00","922.76K","-0.75%"
"11/18/2024","466.50","464.48","472.20","464.00","2.23M","0.76%"
"11/15/2024","463.00","463.00","468.00","450.01","2.11M","0.98%"
"11/14/2024","458.50","460.00","476.00","452.56","3.98M","0.33%"
"11/13/2024","456.99","430.00","466.98","429.99","9.08M","7.53%"
"11/12/2024","425.00","415.01","444.50","415.00","7.40M","3.43%"
"11/11/2024","410.90","415.77","416.50","409.05","2.73M","-0.66%"
"11/08/2024","413.61","410.50","420.85","409.01","1.53M","1.07%"
"11/07/2024","409.25","411.03","412.55","406.30","1.51M","-0.90%"
"11/06/2024","412.98","415.25","415.25","411.80","495.94K","-0.25%"
"11/05/2024","414.00","417.40","417.40","411.80","776.85K","-0.24%"
"11/04/2024","415.00","415.00","421.99","412.80","657.45K","0.14%"
"11/01/2024","414.40","405.43","414.40","403.97","624.22K","1.33%"
"10/31/2024","408.95","414.00","414.88","403.63","1.09M","-1.22%"
"10/30/2024","414.00","421.00","425.02","410.00","1.40M","-1.08%"
"10/29/2024","418.50","426.99","427.97","418.01","797.40K","-1.99%"
"10/28/2024","427.00","436.97","436.97","424.98","754.99K","-1.34%"
"10/25/2024","432.81","426.98","439.50","425.50","1.28M","1.60%"
"10/24/2024","426.00","428.00","432.00","423.00","904.21K","-0.47%"
"10/23/2024","428.00","435.80","437.19","426.50","907.89K","-1.72%"
"10/22/2024","435.50","432.10","440.50","432.10","1.07M","1.06%"
"10/21/2024","430.95","428.00","435.99","425.00","1.08M","0.81%"
"10/18/2024","427.50","424.97","429.00","419.17","426.44K","0.59%"
"10/17/2024","425.00","426.50","429.00","420.00","699.84K","-0.45%"
"10/16/2024","426.94","430.00","436.50","422.00","1.43M","0.22%"
"10/15/2024","426.00","405.50","429.00","405.00","2.20M","5.02%"
"10/14/2024","405.62","403.02","413.99","400.00","1.06M","0.53%"
"10/11/2024","403.50","406.00","409.00","399.00","514.26K","-0.62%"
"10/10/2024","406.00","410.55","412.87","405.00","791.56K","-0.98%"
"10/09/2024","410.00","415.00","416.50","408.42","785.84K","-0.59%"
"10/08/2024","412.45","421.99","426.30","412.25","1.15M","-1.91%"
"10/07/2024","420.50","422.00","426.00","415.00","870.24K","1.23%"
"10/04/2024","415.40","413.99","422.00","403.00","1.60M","-0.61%"
"10/03/2024","417.97","435.01","435.01","414.10","1.89M","-4.33%"
"10/02/2024","436.90","445.01","457.49","433.00","2.01M","-2.30%"
"10/01/2024","447.20","430.00","453.99","428.99","3.19M","4.78%"
"09/30/2024","426.80","395.00","440.40","379.00","2.77M","4.35%"
"09/27/2024","409.00","422.97","422.97","407.50","481.37K","-2.39%"
"09/26/2024","419.00","427.80","428.87","418.00","304.90K","-0.99%"
"09/25/2024","423.21","424.99","427.00","422.50","382.85K","0.10%"
"09/24/2024","422.79","426.00","433.00","418.00","443.30K","-0.05%"
"09/23/2024","423.00","451.50","455.00","418.75","888.24K","-6.31%"
"09/20/2024","451.49","452.00","460.40","448.91","631.81K","-1.85%"
"09/19/2024","460.00","483.98","483.98","437.00","2.07M","0.55%"
"09/18/2024","457.49","457.49","457.49","446.00","4.95M","10.00%"
"09/16/2024","415.90","415.90","415.90","415.90","255.91K","5.74%"
"09/13/2024","393.33","395.56","399.78","388.56","3.49M","0.88%"
"09/12/2024","389.89","398.47","398.47","384.44","4.45M","-1.84%"
"09/11/2024","397.20","408.89","413.11","395.56","1.56M","-2.75%"
"09/10/2024","408.44","405.56","408.87","404.44","657.42K","0.71%"
"09/09/2024","405.56","406.67","410.78","403.44","893.42K","0.41%"
"09/06/2024","403.89","398.89","406.11","398.33","794.11K","1.39%"
"09/05/2024","398.33","405.67","411.11","395.56","1.56M","-1.62%"
"09/04/2024","404.89","392.33","405.50","392.33","3.01M","3.49%"
"09/03/2024","391.22","387.78","391.67","382.22","1.13M","1.97%"
"09/02/2024","383.67","377.78","391.00","377.56","1.96M","1.77%"
"08/30/2024","377.00","373.33","377.56","373.02","1.03M","0.56%"
"08/29/2024","374.89","377.78","379.44","373.00","1.08M","-0.44%"
"08/28/2024","376.56","368.89","377.78","368.33","1.41M","2.59%"
"08/27/2024","367.06","363.89","369.11","362.22","874.76K","1.43%"
"08/26/2024","361.89","361.67","364.44","360.56","433.01K","0.49%"
"08/23/2024","360.11","364.44","364.44","359.78","418.37K","-0.91%"
"08/22/2024","363.43","364.44","365.00","360.67","452.02K","0.18%"
"08/21/2024","362.78","362.22","366.44","362.00","617.48K","-0.03%"
"08/20/2024","362.89","364.45","366.11","361.89","603.92K","-0.43%"
"08/19/2024","364.44","377.67","377.78","362.33","1.10M","-3.07%"
"08/16/2024","376.00","379.44","380.89","375.56","854.19K","-0.62%"
"08/15/2024","378.34","377.94","386.11","372.78","2.46M","0.00%"
"08/13/2024","378.33","361.11","380.56","358.89","4.52M","4.16%"
"08/12/2024","363.22","383.33","383.33","349.40","11.84M","3.95%"
"08/09/2024","349.40","349.40","349.40","349.40","2.56M","10.00%"
"08/08/2024","317.64","290.43","317.64","290.00","1.86M","10.00%"
"08/07/2024","288.77","287.78","291.67","287.78","212.36K","0.73%"
"08/06/2024","286.67","287.67","291.10","286.67","594.68K","-0.31%"
"08/05/2024","287.56","290.67","293.78","282.81","179.47K","-1.97%"
"08/02/2024","293.33","294.22","294.44","288.89","215.35K","0.15%"
"08/01/2024","292.89","294.44","296.66","289.22","138.93K","-0.57%"
"07/31/2024","294.56","295.11","296.44","294.45","51.86K","-0.34%"
"07/30/2024","295.56","299.44","299.44","295.00","177.41K","0.04%"
"07/29/2024","295.44","298.68","300.00","294.44","510.99K","0.34%"
"07/26/2024","294.44","295.68","297.22","294.44","82.46K","-0.93%"
"07/25/2024","297.22","298.99","300.00","295.34","169.55K","-0.45%"
"07/24/2024","298.56","299.44","300.00","297.56","380.20K","0.07%"
"07/23/2024","298.33","294.45","301.00","294.44","416.68K","1.13%"
"07/22/2024","295.00","301.11","304.44","292.78","838.64K","-2.43%"
"07/19/2024","302.33","299.99","302.33","297.22","1.53M","0.87%"
"07/18/2024","299.72","299.78","300.00","297.56","237.84K","0.28%"
"07/15/2024","298.89","297.78","302.04","297.11","350.15K","0.38%"
"07/12/2024","297.78","296.00","300.00","290.00","510.29K","0.75%"
"07/11/2024","295.56","295.57","298.78","293.33","140.00K","-0.37%"
"07/10/2024","296.67","297.33","297.88","295.00","104.34K","-0.48%"
"07/09/2024","298.11","300.00","301.11","295.64","207.22K","-0.45%"
"07/08/2024","299.44","299.89","302.72","297.89","190.85K","-0.11%"
"07/05/2024","299.78","300.11","302.22","297.39","365.81K","-1.35%"
"07/04/2024","303.89","301.67","306.00","299.78","348.36K","0.92%"
"07/03/2024","301.11","297.78","303.89","297.00","253.04K","1.12%"
"07/02/2024","297.78","299.99","302.78","296.67","266.96K","-0.37%"
"07/01/2024","298.89","302.20","302.22","296.67","528.30K","-0.48%"
"06/28/2024","300.33","302.11","302.22","299.89","207.22K","-0.59%"
"06/27/2024","302.11","299.44","302.22","297.22","323.60K","2.03%"
"06/26/2024","296.11","294.44","300.00","294.44","237.11K","0.30%"
"06/25/2024","295.22","295.56","295.56","293.44","191.00K","0.19%"
"06/24/2024","294.67","296.23","298.34","293.33","372.38K","-0.67%"
"06/21/2024","296.67","297.89","303.33","295.56","228.50K","-1.53%"
"06/20/2024","301.28","304.33","305.56","300.56","226.44K","-0.13%"
"06/14/2024","301.67","299.44","308.89","298.34","430.75K","0.56%"
"06/13/2024","300.00","287.78","300.09","286.56","792.15K","5.59%"
"06/12/2024","284.11","282.09","289.00","281.11","689.13K","1.46%"
"06/11/2024","280.01","292.10","292.10","278.89","632.13K","-3.04%"
"06/10/2024","288.78","294.44","294.56","288.00","131.94K","-1.48%"
"06/07/2024","293.11","290.67","297.78","282.22","478.45K","0.30%"
"06/06/2024","292.22","297.67","297.67","290.56","368.96K","-1.13%"
"06/05/2024","295.56","295.12","298.33","295.00","255.58K","-0.79%"
"06/04/2024","297.89","307.22","307.22","290.57","1.19M","-2.68%"
"06/03/2024","306.11","308.89","311.00","305.84","279.43K","-1.22%"
"05/31/2024","309.89","306.00","309.89","305.56","408.69K","0.94%"
"05/30/2024","307.00","311.67","311.67","305.56","819.11K","-1.18%"
"05/29/2024","310.67","316.66","316.67","308.33","1.08M","-1.51%"
"05/27/2024","315.42","315.11","316.43","312.67","663.23K","-0.04%"
"05/24/2024","315.56","310.00","317.22","306.78","3.43M","1.90%"
"05/23/2024","309.67","310.00","314.44","307.78","458.62K","0.25%"
"05/22/2024","308.89","311.11","313.89","305.56","718.17K","-0.71%"
"05/21/2024","311.11","312.78","312.78","310.00","201.04K","-0.36%"
"05/20/2024","312.22","310.56","314.00","309.44","267.60K","0.43%"
"05/17/2024","310.89","312.22","314.44","305.56","149.29K","-0.14%"
"05/16/2024","311.33","314.44","316.50","310.56","261.25K","-1.20%"
"05/15/2024","315.11","311.11","317.00","311.11","1.58M","1.83%"
"05/14/2024","309.44","302.22","314.78","302.22","1.22M","2.28%"
"05/13/2024","302.56","298.33","304.44","297.90","883.98K","1.68%"
"05/10/2024","297.56","302.88","302.88","297.22","1.21M","-1.54%"
"05/09/2024","302.22","301.11","304.44","297.78","888.44K","0.18%"
"05/08/2024","301.67","301.12","303.89","298.76","493.69K","-0.15%"
"05/07/2024","302.11","307.78","307.78","301.11","385.34K","-1.13%"
"05/06/2024","305.56","310.89","310.89","305.56","454.64K","-0.69%"
"05/03/2024","307.67","300.00","309.00","297.32","504.70K","2.56%"
"05/02/2024","300.00","303.33","303.33","297.44","487.04K","-1.03%"
"04/30/2024","303.11","307.22","309.31","301.57","322.86K","-1.34%"
"04/29/2024","307.22","311.11","311.11","304.00","628.22K","-1.95%"
"04/26/2024","313.33","314.44","315.56","311.89","127.16K","-0.49%"
"04/25/2024","314.88","313.22","315.56","310.67","334.24K","1.39%"
"04/24/2024","310.56","308.89","312.78","306.29","311.28K","0.25%"
"04/23/2024","309.78","311.11","316.56","307.47","400.03K","0.94%"
"04/22/2024","306.89","294.44","308.33","294.44","820.04K","5.30%"
"04/19/2024","291.44","290.00","292.11","288.44","169.00K","0.85%"
"04/18/2024","289.00","295.56","301.44","288.67","862.01K","-0.57%"
"04/17/2024","290.67","293.33","294.44","288.89","305.68K","-0.53%"
"04/16/2024","292.22","289.44","295.56","285.01","636.81K","0.46%"
"04/15/2024","290.89","291.33","294.44","283.39","1.78M","-0.83%"
"04/09/2024","293.33","285.56","296.44","285.56","830.64K","2.60%"
"04/08/2024","285.90","279.44","286.00","279.44","368.11K","2.31%"
"04/04/2024","279.44","276.89","282.22","276.89","192.80K","1.07%"
"04/03/2024","276.48","276.17","280.54","276.17","264.41K","-0.83%"
"04/02/2024","278.78","278.33","279.44","276.67","96.10K","-0.24%"
"04/01/2024","279.45","283.33","284.44","278.89","125.84K","-0.59%"
"03/29/2024","281.11","278.89","283.33","278.00","64.63K","-0.04%"
"03/28/2024","281.22","277.78","282.89","277.22","235.71K","1.39%"
"03/27/2024","277.37","278.89","283.33","276.67","806.28K","-0.03%"
"03/26/2024","277.44","275.00","278.89","275.00","108.14K","-0.12%"
"03/25/2024","277.78","277.78","280.00","273.33","725.89K","0.20%"
"03/22/2024","277.22","278.33","278.33","275.56","168.99K","-0.16%"
"03/21/2024","277.67","281.67","281.89","276.67","258.51K","-0.56%"
"03/20/2024","279.22","277.33","280.56","275.13","202.18K","1.54%"
"03/19/2024","275.00","267.33","277.67","267.33","2.45M","0.90%"
"03/18/2024","272.56","273.22","274.89","270.00","198.48K","-0.28%"
"03/15/2024","273.33","272.22","276.11","269.44","286.08K","0.20%"
"03/14/2024","272.78","263.78","274.00","263.33","217.53K","3.15%"
"03/13/2024","264.44","270.44","272.17","260.00","122.28K","-2.86%"
"03/12/2024","272.22","273.33","275.00","266.67","105.46K","0.25%"
"03/11/2024","271.56","272.11","275.33","270.56","111.93K","0.53%"
"03/08/2024","270.12","270.99","276.33","267.78","188.00K","0.45%"
"03/07/2024","268.90","271.56","272.22","264.44","431.46K","-0.41%"
"03/06/2024","270.00","277.22","277.22","269.44","180.05K","-2.17%"
"03/05/2024","276.00","283.22","283.22","274.68","228.84K","-1.15%"
"03/04/2024","279.22","276.67","285.40","276.56","454.59K","-0.46%"
"03/01/2024","280.52","261.11","280.52","261.11","680.59K","7.53%"
"02/29/2024","260.89","260.44","263.33","259.45","193.08K","0.39%"
"02/28/2024","259.89","257.67","264.39","255.38","223.61K","1.34%"
"02/27/2024","256.44","255.56","259.44","251.11","303.42K","1.05%"
"02/26/2024","253.78","252.78","257.53","250.00","383.85K","1.06%"
"02/23/2024","251.11","246.67","253.33","244.56","242.35K","2.03%"
"02/22/2024","246.11","247.67","250.56","244.44","241.45K","0.36%"
"02/21/2024","245.22","242.33","247.22","239.11","393.87K","1.99%"
"02/20/2024","240.44","245.00","246.56","238.89","255.00K","-1.70%"
"02/19/2024","244.61","244.44","250.56","241.30","265.16K","0.76%"
"02/16/2024","242.78","244.57","252.89","242.43","527.23K","-3.74%"
"02/15/2024","252.22","257.78","258.33","250.00","361.85K","-2.57%"
"02/14/2024","258.89","257.22","265.49","251.83","460.67K","0.95%"
"02/13/2024","256.45","240.56","256.45","233.33","1.41M","6.61%"
"02/12/2024","240.56","249.00","252.22","236.67","521.70K","-4.63%"
"02/09/2024","252.22","255.56","255.56","244.44","489.40K","-2.91%"
"02/07/2024","259.78","257.22","260.56","255.56","179.81K","0.56%"
"02/06/2024","258.33","248.33","258.89","248.33","535.30K","4.26%"
"02/02/2024","247.79","258.11","258.11","247.44","166.19K","-4.29%"
"02/01/2024","258.89","251.67","261.44","250.00","510.18K","3.55%"
"01/31/2024","250.02","259.44","259.44","250.00","713.07K","-1.74%"
"01/30/2024","254.44","260.11","265.44","251.11","588.14K","-2.05%"
"01/29/2024","259.78","272.06","276.33","259.44","659.55K","-4.57%"
"01/26/2024","272.22","280.89","281.10","271.67","729.83K","-2.58%"
"01/25/2024","279.44","277.78","285.44","277.78","3.83M","-0.20%"
"01/24/2024","280.00","278.89","282.22","275.44","1.05M","0.20%"
"01/23/2024","279.44","272.78","280.22","266.78","1.22M","2.65%"
"01/22/2024","272.22","263.33","273.00","261.00","623.32K","3.16%"
"01/19/2024","263.89","261.11","275.76","261.11","517.65K","1.06%"
"01/18/2024","261.11","260.90","263.22","253.89","1.10M","0.00%"
"01/17/2024","261.11","258.33","262.22","257.78","2.37M","1.47%"
"01/16/2024","257.33","255.00","259.79","250.00","1.27M","1.00%"
"01/15/2024","254.78","260.00","261.50","253.44","511.82K","-1.06%"
"01/12/2024","257.51","255.56","264.44","251.11","1.97M","2.80%"
"01/11/2024","250.49","233.11","250.49","233.11","1.80M","7.45%"
"01/10/2024","233.11","234.44","235.33","231.94","174.74K","-0.09%"
"01/09/2024","233.33","235.56","237.44","232.89","167.36K","-0.94%"
"01/08/2024","235.56","238.78","240.36","233.89","290.63K","-0.56%"
"01/05/2024","236.89","235.55","240.33","232.22","749.86K","0.80%"
"01/04/2024","235.00","233.67","236.49","231.67","125.01K","1.20%"
"01/03/2024","232.22","233.33","237.56","230.11","527.27K","0.00%"
"01/02/2024","232.22","240.00","240.00","231.11","318.64K","-2.79%"
"01/01/2024","238.89","233.78","239.67","233.11","355.90K","2.87%"
"12/29/2023","232.22","230.56","235.22","228.33","599.53K","-0.48%"
"12/28/2023","233.33","222.11","238.08","220.11","1.85M","5.32%"
"12/27/2023","221.56","215.55","222.11","213.89","458.69K","2.47%"
"12/26/2023","216.21","227.00","227.00","215.12","934.35K","-5.08%"
"12/22/2023","227.78","231.33","232.67","225.56","201.04K","-1.44%"
"12/21/2023","231.11","234.11","234.44","226.67","814.14K","-0.95%"
"12/20/2023","233.33","228.22","234.44","226.67","4.06M","2.94%"
"12/19/2023","226.67","233.33","233.89","224.44","1.04M","-3.23%"
"12/18/2023","234.22","236.17","240.00","232.00","1.48M","-1.13%"
"12/15/2023","236.89","234.78","241.33","234.22","1.03M","0.43%"
"12/14/2023","235.88","234.57","237.78","231.00","1.34M","0.00%"
"12/13/2023","235.89","243.54","246.67","225.27","1.39M","-2.44%"
"12/12/2023","241.78","244.33","249.44","237.89","1.32M","0.46%"
"12/11/2023","240.67","233.33","243.67","227.78","1.89M","4.69%"
"12/08/2023","229.89","224.44","234.67","224.44","2.11M","2.12%"
"12/07/2023","225.11","211.00","225.20","208.89","2.77M","8.34%"
"12/06/2023","207.78","201.00","210.89","200.78","2.01M","3.60%"
"12/05/2023","200.56","200.00","202.22","197.22","1.48M","0.56%"
"12/04/2023","199.44","191.22","202.78","190.56","1.74M","3.82%"
"12/01/2023","192.11","190.00","192.44","188.33","1.32M","1.35%"
"11/30/2023","189.56","194.44","195.56","188.89","885.67K","-2.07%"
"11/29/2023","193.57","197.11","199.49","193.57","1.26M","-0.74%"
"11/28/2023","195.00","197.78","200.89","194.89","1.57M","-2.50%"
"11/27/2023","199.99","204.78","204.78","198.89","1.14M","-2.62%"
"11/24/2023","205.37","201.67","205.56","201.67","529.94K","2.46%"
"11/23/2023","200.45","196.11","201.67","196.11","1.03M","2.50%"
"11/22/2023","195.56","192.22","198.33","192.22","1.18M","1.73%"
"11/21/2023","192.22","190.58","193.00","190.56","139.10K","0.87%"
"11/20/2023","190.56","192.33","193.22","189.44","199.59K","-0.29%"
"11/17/2023","191.11","191.11","193.76","191.00","656.23K","0.00%"
"11/16/2023","191.11","186.67","193.89","186.67","1.18M","2.26%"
"11/15/2023","186.89","186.56","187.22","185.56","186.90K","0.31%"
"11/14/2023","186.30","187.56","187.56","184.56","269.54K","0.10%"
"11/13/2023","186.11","185.56","188.33","184.44","423.69K","0.30%"
"11/10/2023","185.56","182.22","186.56","182.22","1.70M","1.09%"
"11/08/2023","183.56","182.28","186.11","182.22","2.40M","0.42%"
"11/07/2023","182.78","183.33","185.67","182.11","572.72K","-0.44%"
"11/06/2023","183.58","182.72","184.11","180.56","465.75K","1.03%"
"11/03/2023","181.71","179.67","182.44","178.89","605.93K","1.08%"
"11/02/2023","179.78","175.00","179.89","174.72","927.05K","2.07%"
"11/01/2023","176.12","174.78","176.67","172.00","308.90K","0.72%"
"10/31/2023","174.87","172.77","175.56","172.22","583.57K","1.53%"
"10/30/2023","172.23","171.50","172.44","170.67","261.94K","0.72%"
"10/27/2023","171.00","172.22","172.76","170.78","951.95K","-0.57%"
"10/26/2023","171.99","173.00","173.78","171.67","892.77K","0.19%"
"10/25/2023","171.67","177.20","180.00","171.67","2.09M","-2.89%"
"10/24/2023","176.78","175.11","177.22","175.11","332.60K","0.57%"
"10/23/2023","175.78","175.74","177.44","175.13","377.36K","0.32%"
"10/20/2023","175.22","175.56","175.78","174.78","552.79K","-0.16%"
"10/19/2023","175.50","175.55","176.65","174.28","466.08K","0.61%"
"10/18/2023","174.44","174.24","175.78","173.33","157.77K","0.32%"
"10/17/2023","173.89","176.11","176.17","173.89","180.82K","-1.26%"
"10/16/2023","176.11","176.11","177.78","175.02","163.55K","0.32%"
"10/13/2023","175.56","172.22","176.11","172.00","513.40K","2.07%"
"10/12/2023","172.00","171.11","172.44","171.01","240.53K","0.51%"
"10/11/2023","171.12","170.00","172.89","170.00","352.22K","0.66%"
"10/10/2023","170.00","170.00","170.11","168.40","322.01K","0.45%"
"10/09/2023","169.24","170.00","170.56","168.89","160.53K","-0.45%"
"10/06/2023","170.00","170.44","170.44","169.01","85.26K","0.00%"
"10/05/2023","170.00","171.12","172.11","169.89","193.29K","-0.65%"
"10/04/2023","171.11","172.22","173.00","170.56","115.79K","-0.65%"
"10/03/2023","172.22","173.33","173.44","172.22","122.66K","-0.64%"
"10/02/2023","173.33","173.33","174.11","172.64","396.92K","-0.12%"
"09/28/2023","173.54","173.33","173.89","172.17","233.41K","0.19%"
"09/27/2023","173.22","171.56","173.89","171.44","613.48K","0.81%"
"09/26/2023","171.83","172.77","172.78","171.50","119.17K","-0.45%"
"09/25/2023","172.61","172.78","173.33","171.67","174.93K","-0.29%"
"09/22/2023","173.11","173.28","173.28","171.89","140.06K","0.32%"
"09/21/2023","172.56","172.78","173.44","170.45","194.01K","0.32%"
"09/20/2023","172.00","173.12","173.89","171.83","70.21K","-0.64%"
"09/19/2023","173.11","172.22","175.54","172.22","490.79K","0.35%"
"09/18/2023","172.50","173.33","173.33","171.12","171.40K","-2.30%"
"09/15/2023","176.56","177.78","178.67","176.11","569.11K","-0.06%"
"09/14/2023","176.67","176.67","177.56","176.11","69.65K","0.00%"
"09/13/2023","176.67","174.44","177.89","174.44","583.44K","-0.25%"
"09/12/2023","177.11","180.00","180.00","176.56","163.60K","-0.99%"
"09/11/2023","178.89","179.45","180.22","178.11","215.48K","-0.19%"
"09/08/2023","179.22","178.89","180.56","178.45","550.33K","-0.22%"
"09/07/2023","179.62","181.67","181.67","179.44","132.66K","-0.64%"
"09/06/2023","180.78","180.00","181.67","178.93","162.18K","0.37%"
"09/05/2023","180.11","180.78","181.00","179.22","116.02K","-0.17%"
"09/04/2023","180.42","180.25","181.05","179.44","128.34K","0.23%"
"09/01/2023","180.00","177.56","180.01","176.67","120.65K","1.26%"
"08/31/2023","177.77","178.34","181.37","173.35","566.46K","-1.00%"
"08/30/2023","179.57","181.15","182.78","178.89","279.46K","-1.52%"
"08/29/2023","182.35","185.00","185.56","181.22","346.39K","-1.49%"
"08/28/2023","185.11","184.67","185.23","183.89","239.17K","-0.12%"
"08/25/2023","185.33","183.33","185.56","183.11","1.90M","0.66%"
"08/24/2023","184.11","181.88","185.00","181.22","1.85M","1.04%"
"08/23/2023","182.22","181.56","182.22","180.00","148.84K","0.61%"
"08/22/2023","181.11","178.89","182.22","177.78","319.27K","1.56%"
"08/21/2023","178.33","180.00","182.11","177.78","96.16K","-1.23%"
"08/18/2023","180.55","180.89","182.11","180.00","82.05K","-0.25%"
"08/17/2023","181.00","180.18","181.11","179.72","237.97K","-0.06%"
"08/16/2023","181.11","183.32","183.32","180.33","1.67M","-0.49%"
"08/15/2023","182.00","182.11","183.78","180.56","164.23K","-0.06%"
"08/11/2023","182.11","178.78","184.00","178.78","2.39M","2.05%"
"08/10/2023","178.44","176.22","182.69","176.22","881.89K","0.00%"
"08/09/2023","178.44","179.44","181.11","174.45","2.58M","-4.40%"
"08/08/2023","186.67","189.02","192.11","186.67","606.75K","-1.55%"
"08/07/2023","189.61","183.33","192.89","183.23","1.01M","3.80%"
"08/04/2023","182.66","183.89","184.00","182.11","430.70K","-0.37%"
"08/03/2023","183.33","184.28","186.42","183.33","606.60K","-0.60%"
"08/02/2023","184.44","183.44","186.56","182.22","811.75K","0.98%"
"08/01/2023","182.66","178.89","184.33","178.89","1.31M","2.43%"
"07/31/2023","178.33","175.55","181.78","173.78","1.40M","2.24%"
"07/27/2023","174.43","171.67","176.56","171.00","1.25M","1.88%"
"07/26/2023","171.22","172.11","172.22","170.89","316.40K","0.05%"
"07/25/2023","171.14","171.33","173.54","170.56","443.33K","0.00%"
"07/24/2023","171.14","171.81","172.61","171.12","215.06K","-0.31%"
"07/21/2023","171.67","171.22","172.56","171.11","490.25K","0.13%"
"07/20/2023","171.44","170.56","172.11","170.12","185.95K","0.85%"
"07/19/2023","170.00","171.22","172.21","169.89","272.71K","-0.78%"
"07/18/2023","171.33","170.89","172.22","170.89","173.12K","0.00%"
"07/17/2023","171.33","172.22","172.78","171.11","307.30K","-0.41%"
"07/14/2023","172.03","172.78","173.50","172.03","269.77K","-0.43%"
"07/13/2023","172.78","177.00","177.00","171.67","1.01M","-2.20%"
"07/12/2023","176.67","174.56","176.67","173.33","1.08M","1.53%"
"07/11/2023","174.00","171.11","175.56","171.00","942.18K","1.69%"
"07/10/2023","171.11","171.67","172.77","170.96","420.91K","0.00%"
"07/07/2023","171.11","172.22","172.78","170.56","620.10K","-0.65%"
"07/06/2023","172.23","170.56","172.86","169.11","993.42K","0.85%"
"07/05/2023","170.78","171.78","173.11","170.14","287.95K","-0.71%"
"07/04/2023","172.00","176.50","176.56","171.23","489.20K","-2.33%"
"07/03/2023","176.11","180.92","180.92","173.34","867.30K","4.97%"
"06/27/2023","167.78","171.00","171.00","167.22","334.59K","-1.34%"
"06/26/2023","170.06","170.00","171.43","169.44","328.07K","0.82%"
"06/23/2023","168.67","165.56","169.89","165.00","356.70K","2.15%"
"06/22/2023","165.11","166.67","167.11","164.72","164.17K","-0.67%"
"06/21/2023","166.22","167.22","169.44","166.00","197.69K","-0.33%"
"06/20/2023","166.78","165.56","168.56","164.44","221.63K","0.40%"
"06/19/2023","166.11","170.57","171.67","165.56","619.49K","-2.99%"
"06/16/2023","171.22","169.67","172.22","169.67","196.35K","0.06%"
"06/15/2023","171.11","170.11","171.67","169.22","239.54K","0.39%"
"06/14/2023","170.44","171.97","172.04","170.33","89.24K","-0.64%"
"06/13/2023","171.55","171.67","173.33","170.67","714.33K","0.32%"
"06/12/2023","171.00","172.22","173.33","170.56","583.04K","-0.71%"
"06/09/2023","172.22","176.67","182.56","171.11","2.67M","-2.30%"
"06/08/2023","176.28","176.11","177.79","174.56","1.67M","0.09%"
"06/07/2023","176.11","173.89","176.56","172.78","737.61K","1.73%"
"06/06/2023","173.11","173.67","175.56","172.69","403.34K","0.35%"
"06/05/2023","172.50","169.22","174.00","169.22","350.60K","1.87%"
"06/02/2023","169.33","169.67","170.56","168.90","142.82K","0.26%"
"06/01/2023","168.89","171.11","171.67","168.89","86.19K","-1.49%"
"05/31/2023","171.44","173.89","176.56","170.56","1.76M","-1.09%"
"05/30/2023","173.33","170.00","173.89","169.00","776.88K","2.30%"
"05/29/2023","169.44","167.33","176.07","167.22","590.19K","1.26%"
"05/26/2023","167.33","167.34","168.56","167.11","269.01K","-0.59%"
"05/25/2023","168.33","168.44","168.55","168.00","154.49K","-0.13%"
"05/24/2023","168.56","168.89","169.11","168.11","121.87K","-0.07%"
"05/23/2023","168.67","168.78","169.00","168.22","123.26K","-0.26%"
"05/22/2023","169.11","167.56","169.44","167.56","234.38K","0.26%"
"05/19/2023","168.67","167.56","168.94","167.56","241.39K","0.20%"
"05/18/2023","168.33","168.33","170.44","167.78","241.57K","-0.07%"
"05/17/2023","168.44","169.56","170.00","168.33","94.04K","-0.92%"
"05/16/2023","170.00","172.22","172.22","168.67","553.74K","-0.65%"
"05/15/2023","171.11","171.11","171.67","170.33","178.60K","-0.26%"
"05/12/2023","171.56","173.33","173.33","171.00","167.62K","-1.03%"
"05/11/2023","173.33","171.11","173.33","170.89","137.38K","1.56%"
"05/10/2023","170.67","172.22","172.22","170.67","197.99K","-1.34%"
"05/09/2023","172.99","173.44","174.00","172.22","118.92K","-0.52%"
"05/08/2023","173.89","175.56","175.89","173.33","122.27K","-0.76%"
"05/05/2023","175.22","175.67","176.22","174.44","72.95K","-0.19%"
"05/04/2023","175.56","177.67","177.78","175.08","215.87K","-1.19%"
"05/03/2023","177.67","177.56","178.33","176.33","339.32K","0.38%"
"05/02/2023","177.00","176.67","178.89","174.44","181.49K","0.20%"
"04/28/2023","176.65","175.56","186.88","173.00","2.50M","1.01%"
"04/27/2023","174.89","169.44","175.00","168.44","578.19K","2.54%"
"04/26/2023","170.56","168.33","171.11","167.67","287.33K","1.39%"
"04/20/2023","168.22","168.08","168.44","167.22","48.27K","0.26%"
"04/19/2023","167.78","167.44","168.22","166.67","109.41K","0.67%"
"04/18/2023","166.67","166.69","167.67","166.67","159.17K","-0.33%"
"04/17/2023","167.22","167.44","167.78","166.56","278.80K","0.27%"
"04/13/2023","166.78","167.67","168.44","166.78","107.28K","0.07%"
"04/12/2023","166.67","167.56","167.67","166.39","266.22K","-0.66%"
"04/11/2023","167.78","167.78","167.88","167.56","75.11K","0.26%"
"04/10/2023","167.33","169.11","169.11","166.67","89.48K","0.07%"
"04/07/2023","167.22","168.89","168.89","167.22","85.92K","-0.99%"
"04/06/2023","168.89","167.22","169.06","167.22","338.40K","0.80%"
"04/05/2023","167.56","167.67","167.67","166.67","127.21K","0.53%"
"04/04/2023","166.67","168.57","168.57","166.22","65.74K","-0.88%"
"04/03/2023","168.14","168.33","168.78","168.00","24.80K","-0.38%"
"03/31/2023","168.78","168.38","172.04","166.78","437.16K","0.26%"
"03/30/2023","168.33","167.78","168.88","166.64","199.41K","0.00%"
"03/29/2023","168.33","167.78","172.11","167.61","343.63K","0.33%"
"03/28/2023","167.78","168.78","172.59","167.22","427.08K","0.20%"
"03/27/2023","167.44","166.11","168.89","165.67","487.67K","0.80%"
"03/24/2023","166.11","165.89","166.67","165.56","132.28K","-0.17%"
"03/22/2023","166.39","166.67","166.67","165.56","102.38K","-0.17%"
"03/21/2023","166.67","163.45","166.67","163.45","39.81K","1.00%"
"03/20/2023","165.01","165.56","166.11","165.00","38.50K","-0.33%"
"03/17/2023","165.56","167.78","167.78","165.55","54.92K","-0.93%"
"03/16/2023","167.11","169.44","169.44","166.89","61.25K","-1.06%"
"03/15/2023","168.90","166.67","169.44","166.67","136.65K","0.24%"
"03/14/2023","168.50","165.89","168.50","165.89","91.81K","0.43%"
"03/13/2023","167.78","166.11","168.89","166.11","244.19K","0.97%"
"03/10/2023","166.16","166.11","168.24","165.56","191.02K","-0.30%"
"03/09/2023","166.67","163.89","166.67","163.89","550.23K","2.04%"
"03/08/2023","163.33","165.33","165.33","163.33","140.48K","-1.08%"
"03/07/2023","165.11","165.56","166.89","163.89","98.68K","-0.24%"
"03/06/2023","165.50","165.94","168.89","165.00","338.23K","-1.36%"
"03/03/2023","167.78","163.33","168.33","163.22","627.09K","2.79%"
"03/02/2023","163.22","160.00","164.33","159.78","1.16M","2.30%"
"03/01/2023","159.56","159.11","160.22","158.89","848.35K","-0.03%"
"02/28/2023","159.61","160.00","160.89","159.33","498.20K","-0.24%"
"02/27/2023","160.00","160.11","160.22","159.28","24.70K","-1.03%"
"02/24/2023","161.67","160.00","161.67","160.00","79.08K","0.34%"
"02/23/2023","161.11","162.22","162.22","160.22","116.28K","-0.62%"
"02/22/2023","162.11","162.78","162.78","160.56","136.69K","-0.27%"
"02/21/2023","162.56","162.44","164.33","162.22","22.46K","-0.14%"
"02/20/2023","162.78","163.33","164.44","162.22","358.44K","-0.34%"
"02/17/2023","163.33","163.34","164.46","162.79","144.95K","-0.68%"
"02/16/2023","164.44","166.67","166.67","163.89","186.00K","-0.80%"
"02/15/2023","165.78","162.78","166.67","161.17","553.14K","1.91%"
"02/14/2023","162.67","164.44","165.67","161.11","251.33K","-0.88%"
"02/13/2023","164.11","164.44","166.67","164.00","112.62K","-1.53%"
"02/10/2023","166.67","169.44","169.66","164.44","313.38K","-1.64%"
"02/09/2023","169.44","172.11","172.11","167.22","134.84K","-0.65%"
"02/08/2023","170.56","169.44","173.11","169.44","694.00K","0.39%"
"02/07/2023","169.89","168.89","172.00","168.00","610.65K","1.46%"
"02/06/2023","167.44","162.88","168.89","161.11","423.25K","3.22%"
"02/03/2023","162.22","161.67","162.56","161.00","214.71K","0.69%"
"02/02/2023","161.11","161.11","163.11","157.97","612.68K","-3.65%"
"02/01/2023","167.22","168.89","170.55","166.78","1.66M","-0.86%"
"01/31/2023","168.67","163.33","169.61","163.22","2.38M","3.34%"
"01/30/2023","163.22","160.14","165.55","160.14","674.17K","1.31%"
"01/27/2023","161.11","160.00","163.33","159.89","1.37M","1.40%"
"01/26/2023","158.89","157.79","161.14","155.00","2.86M","0.73%"
"01/25/2023","157.74","154.99","158.89","154.99","626.10K","1.80%"
"01/24/2023","154.94","155.00","155.56","154.56","92.88K","-0.32%"
"01/23/2023","155.44","154.44","155.56","153.89","504.39K","0.64%"
"01/20/2023","154.44","156.67","156.67","154.11","679.86K","-0.71%"
"01/19/2023","155.56","158.89","161.00","154.56","489.55K","-3.37%"
"01/18/2023","160.99","159.44","161.11","157.78","518.48K","2.04%"
"01/17/2023","157.78","165.00","165.33","156.67","679.83K","-4.44%"
"01/16/2023","165.10","166.67","166.67","164.56","260.31K","-1.47%"
"01/13/2023","167.56","167.22","167.59","166.11","941.52K","0.53%"
"01/12/2023","166.67","167.33","170.00","166.67","214.67K","-1.22%"
"01/11/2023","168.72","168.02","170.48","168.02","517.40K","0.17%"
"01/10/2023","168.44","166.93","168.65","166.93","417.09K","1.40%"
"01/09/2023","166.11","170.00","170.33","164.87","290.75K","-1.79%"
"01/06/2023","169.14","172.33","172.83","169.00","130.18K","-2.11%"
"01/05/2023","172.78","172.75","173.11","171.67","80.56K","0.00%"
"01/04/2023","172.78","172.81","173.33","172.22","111.94K","-0.70%"
"01/03/2023","174.00","174.21","174.21","172.22","196.34K","0.06%"
"01/02/2023","173.89","172.21","174.67","171.56","600.06K","-0.63%"
"12/30/2022","175.00","168.44","175.11","167.78","214.68K","3.62%"
"12/29/2022","168.88","169.22","169.44","168.11","155.55K","-0.33%"
"12/28/2022","169.44","171.47","171.47","168.33","400.61K","-1.42%"
"12/27/2022","171.89","172.22","173.22","171.00","81.58K","0.13%"
"12/26/2022","171.67","172.22","172.94","171.00","240.43K","0.06%"
"12/23/2022","171.56","174.44","174.78","171.11","577.07K","-2.21%"
"12/22/2022","175.44","181.90","181.90","174.01","138.02K","-0.69%"
"12/21/2022","176.67","179.22","180.11","176.33","413.33K","-1.49%"
"12/20/2022","179.33","182.11","182.11","178.89","294.44K","-1.47%"
"12/19/2022","182.00","183.89","183.89","182.00","302.61K","-0.76%"
"12/16/2022","183.39","183.33","186.67","183.33","100.83K","0.09%"
"12/15/2022","183.22","186.22","186.22","182.94","826.41K","-1.61%"
"12/14/2022","186.22","186.67","186.67","185.67","57.31K","-0.24%"
"12/13/2022","186.67","186.11","186.67","186.11","146.29K","0.39%"
"12/12/2022","185.94","185.56","186.00","185.56","54.61K","0.21%"
"12/09/2022","185.56","184.56","186.44","184.39","627.75K","0.72%"
"12/08/2022","184.23","185.33","185.56","183.90","254.78K","-0.48%"
"12/07/2022","185.12","184.89","185.44","184.22","227.25K","0.36%"
"12/06/2022","184.44","184.56","185.11","183.67","256.28K","-0.36%"
"12/05/2022","185.11","185.11","185.22","184.56","44.97K","0.18%"
"12/02/2022","184.78","186.11","186.67","184.78","184.26K","-0.72%"
"12/01/2022","186.11","185.56","186.67","185.56","69.44K","0.36%"
"11/30/2022","185.44","184.56","186.11","184.33","443.90K","0.43%"
"11/29/2022","184.66","183.33","184.67","183.33","228.68K","0.72%"
"11/28/2022","183.33","185.44","185.44","182.11","262.24K","-1.49%"
"11/25/2022","186.11","186.56","186.56","185.55","193.63K","0.36%"
"11/24/2022","185.45","185.78","186.11","185.44","209.41K","-0.06%"
"11/23/2022","185.56","185.11","186.11","185.00","241.76K","0.24%"
"11/22/2022","185.11","185.44","185.44","184.89","226.13K","0.06%"
"11/21/2022","185.00","185.33","185.56","184.89","48.25K","-0.30%"
"11/18/2022","185.56","185.89","186.11","185.39","30.99K","-0.30%"
"11/17/2022","186.11","186.56","186.56","185.67","64.64K","0.24%"
"11/16/2022","185.67","185.67","186.22","185.56","72.98K","0.06%"
"11/15/2022","185.56","186.56","186.67","185.56","30.65K","-0.60%"
"11/14/2022","186.67","186.22","187.00","186.11","74.81K","-0.30%"
"11/11/2022","187.22","186.81","187.78","186.33","450.99K","0.14%"
"11/10/2022","186.96","187.22","187.77","186.33","122.39K","-0.14%"
"11/08/2022","187.22","187.22","187.78","186.68","164.39K","0.00%"
"11/07/2022","187.22","187.00","187.56","186.67","144.58K","0.06%"
"11/04/2022","187.11","186.87","187.22","186.56","58.18K","-0.09%"
"11/03/2022","187.27","187.33","188.11","186.22","89.35K","0.32%"
"11/02/2022","186.67","186.22","187.78","186.11","864.96K","0.30%"
"11/01/2022","186.12","186.67","188.33","186.12","834.98K","-0.29%"
"10/31/2022","186.67","186.11","187.78","186.01","110.72K","0.30%"
"10/28/2022","186.11","186.64","186.67","186.11","263.93K","0.00%"
"10/27/2022","186.11","186.78","188.78","186.11","302.09K","-0.36%"
"10/26/2022","186.78","189.22","189.22","186.33","407.20K","-1.47%"
"10/25/2022","189.56","189.45","190.56","188.89","239.80K","0.06%"
"10/24/2022","189.44","188.78","192.00","188.33","703.00K","1.19%"
"10/21/2022","187.22","185.11","188.78","184.78","478.05K","1.32%"
"10/20/2022","184.78","186.67","186.67","184.33","82.96K","-0.12%"
"10/19/2022","185.00","180.56","186.33","180.56","580.72K","2.46%"
"10/18/2022","180.56","179.67","181.00","178.94","303.29K","0.87%"
"10/17/2022","179.00","178.44","179.67","177.78","207.36K","0.06%"
"10/14/2022","178.89","179.56","180.22","178.33","113.72K","0.31%"
"10/13/2022","178.33","178.33","178.78","177.78","24.18K","-0.40%"
"10/12/2022","179.06","176.33","179.78","176.33","305.33K","1.99%"
"10/11/2022","175.56","179.00","179.72","175.56","139.12K","-1.79%"
"10/10/2022","178.75","178.11","179.44","178.11","42.35K","0.30%"
"10/07/2022","178.22","179.44","180.11","178.01","38.55K","-0.62%"
"10/06/2022","179.33","177.78","181.11","176.67","378.03K","1.19%"
"10/05/2022","177.22","172.67","179.44","172.67","335.85K","2.24%"
"10/04/2022","173.33","174.44","175.00","172.22","332.87K","-0.95%"
"10/03/2022","175.00","173.33","175.44","173.00","109.48K","0.32%"
"09/30/2022","174.44","171.11","178.89","170.56","618.72K","1.95%"
"09/29/2022","171.11","173.36","173.89","171.01","668.99K","-1.28%"
"09/28/2022","173.33","177.78","177.89","172.22","160.36K","-2.19%"
"09/27/2022","177.22","178.33","179.44","177.22","415.76K","-0.62%"
"09/26/2022","178.33","178.89","180.00","177.22","70.03K","-0.40%"
"09/23/2022","179.05","180.00","180.44","176.89","78.97K","0.09%"
"09/22/2022","178.89","180.55","180.56","178.22","61.12K","-0.62%"
"09/21/2022","180.00","180.56","182.22","177.22","77.27K","-0.31%"
"09/20/2022","180.56","180.56","182.78","179.44","138.55K","-3.27%"
"09/19/2022","186.66","185.67","186.67","185.00","137.56K","0.36%"
"09/16/2022","186.00","187.67","187.67","183.33","286.15K","-0.06%"
"09/15/2022","186.11","187.44","188.00","186.11","218.13K","-0.89%"
"09/14/2022","187.78","186.56","188.82","186.11","115.99K","0.78%"
"09/13/2022","186.33","186.56","186.89","186.33","53.13K","-0.29%"
"09/12/2022","186.87","186.67","187.22","186.11","55.60K","0.35%"
"09/09/2022","186.22","186.56","187.00","186.20","220.14K","-0.24%"
"09/08/2022","186.67","186.56","187.22","186.11","475.12K","0.30%"
"09/07/2022","186.11","188.78","188.78","186.11","221.89K","-0.59%"
"09/06/2022","187.22","187.78","187.89","186.11","92.63K","-0.30%"
"09/05/2022","187.78","187.89","188.89","187.34","508.61K","-0.47%"
"09/02/2022","188.67","189.44","189.44","188.33","151.91K","-0.41%"
"09/01/2022","189.44","188.89","190.44","187.89","302.02K","0.89%"
"08/31/2022","187.78","188.00","189.22","187.00","94.36K","0.00%"
"08/30/2022","187.78","189.00","189.44","187.78","109.43K","-0.29%"
"08/29/2022","188.33","186.53","189.00","186.53","45.53K","0.01%"
"08/26/2022","188.32","188.67","189.44","187.78","575.05K","-0.56%"
"08/25/2022","189.39","191.00","191.11","188.22","482.53K","-0.84%"
"08/24/2022","191.00","190.56","191.33","190.22","381.11K","-88.86%"
"08/23/2022","1,715.00","1,695.99","1,729.99","1,695.99","55.12K","1.06%"
"08/22/2022","1,697.00","1,686.11","1,699.20","1,685.00","12.16K","0.00%"
"08/19/2022","1,697.00","1,699.89","1,699.95","1,689.97","18.26K","0.09%"
"08/18/2022","1,695.50","1,699.99","1,700.00","1,686.01","15.69K","0.56%"
"08/17/2022","1,686.10","1,694.99","1,705.00","1,685.01","20.56K","0.07%"
"08/16/2022","1,685.00","1,690.11","1,700.00","1,685.00","21.91K","-0.77%"
"08/15/2022","1,698.00","1,690.00","1,707.85","1,690.00","61.53K","0.49%"
"08/12/2022","1,689.65","1,689.00","1,695.00","1,680.00","28.24K","0.57%"
"08/11/2022","1,680.00","1,689.90","1,695.00","1,674.23","33.25K","-0.47%"
"08/10/2022","1,687.90","1,688.00","1,698.00","1,680.00","39.34K","0.08%"
"08/05/2022","1,686.61","1,700.00","1,704.95","1,672.00","67.53K","-0.49%"
"08/04/2022","1,695.00","1,709.98","1,760.00","1,686.00","82.47K","-0.82%"
"08/03/2022","1,709.00","1,695.95","1,730.00","1,695.95","31.44K","0.35%"
"08/02/2022","1,702.99","1,696.00","1,706.49","1,691.00","6.08K","0.47%"
"08/01/2022","1,695.00","1,690.20","1,715.00","1,690.20","7.85K","0.06%"
"07/29/2022","1,694.00","1,696.00","1,720.00","1,690.00","45.97K","-0.06%"
"07/28/2022","1,695.00","1,704.00","1,712.10","1,690.00","68.54K","-0.29%"
"07/27/2022","1,700.00","1,709.99","1,718.00","1,695.02","55.87K","-0.29%"
"07/26/2022","1,704.90","1,707.99","1,717.00","1,683.00","46.05K","-0.01%"
"07/25/2022","1,705.00","1,685.00","1,725.00","1,676.01","9.89K","0.95%"
"07/22/2022","1,689.00","1,700.00","1,709.99","1,685.00","41.84K","-0.65%"
"07/21/2022","1,700.00","1,725.00","1,726.99","1,700.00","1.42K","-0.66%"
"07/20/2022","1,711.21","1,737.90","1,737.90","1,700.00","33.71K","-1.03%"
"07/19/2022","1,729.00","1,731.00","1,744.00","1,717.00","23.14K","-0.63%"
"07/18/2022","1,740.00","1,750.01","1,750.01","1,730.00","9.00K","-0.57%"
"07/15/2022","1,750.00","1,779.00","1,779.00","1,746.01","20.57K","-1.35%"
"07/14/2022","1,773.99","1,759.00","1,775.00","1,745.00","16.26K","1.37%"
"07/13/2022","1,750.05","1,729.00","1,760.00","1,722.00","15.24K","1.45%"
"07/07/2022","1,725.00","1,721.01","1,734.96","1,721.01","2.63K","-0.58%"
"07/06/2022","1,735.00","1,744.99","1,750.00","1,730.00","5.74K","-0.23%"
"07/05/2022","1,739.00","1,748.99","1,748.99","1,739.00","0.39K","0.17%"
"07/04/2022","1,736.00","1,746.50","1,770.00","1,732.11","3.98K","-0.80%"
"07/01/2022","1,750.00","1,758.00","1,780.00","1,730.11","3.96K","0.75%"
"06/30/2022","1,737.00","1,759.80","1,760.00","1,725.05","14.21K","-0.74%"
"06/29/2022","1,749.99","1,778.80","1,778.80","1,730.00","7.70K","-1.13%"
"06/28/2022","1,770.00","1,815.00","1,815.00","1,750.00","48.48K","-1.18%"
"06/27/2022","1,791.12","1,699.99","1,810.00","1,699.99","79.88K","5.77%"
"06/24/2022","1,693.46","1,729.00","1,766.00","1,680.00","93.34K","-2.11%"
"06/23/2022","1,730.00","1,729.50","1,737.99","1,710.00","174.74K","0.82%"
"06/22/2022","1,716.00","1,730.00","1,744.90","1,715.10","23.35K","-0.81%"
"06/21/2022","1,729.99","1,694.00","1,731.00","1,682.00","134.79K","2.46%"
"06/20/2022","1,688.50","1,709.99","1,712.00","1,680.00","35.51K","-0.27%"
"06/17/2022","1,693.00","1,647.99","1,693.00","1,647.99","132.76K","2.73%"
"06/16/2022","1,648.00","1,659.00","1,662.99","1,648.00","80.11K","0.11%"
"06/15/2022","1,646.20","1,640.11","1,659.99","1,639.98","155.27K","0.75%"
"06/14/2022","1,633.99","1,643.99","1,649.00","1,625.00","14.79K","-0.37%"
"06/13/2022","1,640.00","1,667.00","1,669.00","1,630.10","21.34K","-1.50%"
"06/10/2022","1,664.99","1,668.99","1,669.90","1,664.99","0.67K","0.29%"
"06/09/2022","1,660.20","1,669.90","1,673.00","1,660.00","28.27K","0.13%"
"06/08/2022","1,658.00","1,660.01","1,665.00","1,655.00","5.25K","-0.24%"
"06/07/2022","1,662.00","1,669.90","1,680.00","1,650.15","32.65K","0.70%"
"06/06/2022","1,650.50","1,647.01","1,668.99","1,646.99","5.67K","0.76%"
"06/03/2022","1,638.00","1,689.00","1,689.00","1,626.01","44.93K","-1.92%"
"06/02/2022","1,670.00","1,677.00","1,718.37","1,665.00","229.02K","1.12%"
"06/01/2022","1,651.55","1,626.90","1,678.79","1,603.22","77.64K","2.57%"
"05/31/2022","1,610.10","1,627.99","1,640.00","1,608.00","22.93K","0.01%"
"05/30/2022","1,610.00","1,624.99","1,633.99","1,582.01","22.47K","-1.31%"
"05/27/2022","1,631.33","1,644.50","1,668.99","1,625.00","21.75K","0.39%"
"05/26/2022","1,624.95","1,600.13","1,637.90","1,575.11","12.73K","1.55%"
"05/25/2022","1,600.20","1,582.00","1,635.00","1,580.11","41.90K","0.64%"
"05/24/2022","1,590.00","1,614.98","1,614.98","1,582.00","6.61K","0.00%"
"05/23/2022","1,590.00","1,639.84","1,639.84","1,583.27","22.79K","-2.39%"
"05/20/2022","1,629.00","1,645.00","1,645.00","1,616.00","5.94K","0.77%"
"05/19/2022","1,616.50","1,634.11","1,641.00","1,615.00","27.52K","-1.23%"
"05/18/2022","1,636.60","1,650.00","1,650.00","1,629.99","14.80K","-0.75%"
"05/17/2022","1,648.99","1,678.99","1,678.99","1,634.00","28.43K","-0.54%"
"05/16/2022","1,658.00","1,684.90","1,684.90","1,651.00","3.29K","-1.25%"
"05/13/2022","1,679.00","1,692.00","1,692.00","1,677.00","10.04K","-0.06%"
"05/12/2022","1,679.99","1,696.99","1,698.90","1,661.11","0.52K","-0.19%"
"05/11/2022","1,683.17","1,683.99","1,683.99","1,661.51","66.44K","0.43%"
"05/10/2022","1,676.00","1,708.88","1,708.88","1,664.00","54.55K","-0.74%"
"05/09/2022","1,688.50","1,709.90","1,710.00","1,671.00","11.32K","-2.34%"
"05/06/2022","1,729.00","1,737.99","1,737.99","1,613.00","3.91K","1.11%"
"04/28/2022","1,710.00","1,737.00","1,737.00","1,699.01","16.76K","-1.16%"
"04/27/2022","1,730.00","1,736.00","1,750.00","1,720.13","12.46K","0.29%"
"04/26/2022","1,725.00","1,715.00","1,740.00","1,705.00","12.18K","-0.58%"
"04/25/2022","1,735.00","1,712.00","1,745.00","1,712.00","33.94K","2.06%"
"04/22/2022","1,700.03","1,702.00","1,709.99","1,700.00","5.62K","0.00%"
"04/21/2022","1,700.00","1,725.00","1,730.00","1,700.00","8.83K","-1.45%"
"04/20/2022","1,725.00","1,735.45","1,750.00","1,710.00","51.68K","-0.86%"
"04/19/2022","1,740.00","1,769.00","1,769.00","1,728.00","12.24K","0.06%"
"04/18/2022","1,739.00","1,793.99","1,793.99","1,725.00","6.83K","-0.63%"
"04/15/2022","1,750.00","1,744.66","1,750.00","1,730.00","4.02K","0.86%"
"04/14/2022","1,735.00","1,749.99","1,758.00","1,726.00","23.37K","-0.29%"
"04/13/2022","1,740.00","1,700.00","1,764.00","1,700.00","5.39K","-0.06%"
"04/12/2022","1,741.00","1,767.90","1,767.90","1,740.50","4.64K","-1.92%"
"04/11/2022","1,775.00","1,760.00","1,775.00","1,740.00","40.20K","2.31%"
"04/08/2022","1,735.00","1,739.49","1,760.00","1,721.01","6.38K","0.29%"
"04/07/2022","1,730.00","1,744.99","1,744.99","1,725.00","10.67K","-0.57%"
"04/06/2022","1,740.00","1,718.10","1,744.00","1,718.10","4.11K","0.57%"
"04/05/2022","1,730.15","1,766.99","1,766.99","1,720.00","16.89K","-1.64%"
"04/04/2022","1,759.00","1,765.00","1,770.00","1,701.10","0.79K","-0.62%"
"04/01/2022","1,770.00","1,774.80","1,774.80","1,730.11","16.30K","0.28%"
"03/31/2022","1,765.00","1,759.99","1,770.00","1,720.00","13.75K","-0.23%"
"03/30/2022","1,769.00","1,770.00","1,770.00","1,731.64","5.35K","0.51%"
"03/29/2022","1,759.99","1,740.01","1,760.00","1,739.35","52.63K","1.15%"
"03/28/2022","1,739.97","1,720.00","1,739.97","1,712.00","14.21K","1.17%"
"03/25/2022","1,719.90","1,734.99","1,738.00","1,712.05","11.01K","-0.30%"
"03/24/2022","1,725.00","1,729.98","1,737.98","1,700.00","14.56K","0.58%"
"03/22/2022","1,715.00","1,726.99","1,730.00","1,715.00","5.77K","-0.87%"
"03/21/2022","1,729.99","1,748.98","1,748.98","1,720.00","5.95K","0.58%"
"03/18/2022","1,720.00","1,718.10","1,730.00","1,718.10","15.16K","-0.29%"
"03/17/2022","1,725.00","1,722.08","1,760.00","1,720.20","19.88K","-0.86%"
"03/16/2022","1,740.00","1,790.00","1,790.00","1,730.00","2.52K","-0.46%"
"03/15/2022","1,748.00","1,755.00","1,755.00","1,741.00","14.55K","-0.23%"
"03/14/2022","1,752.00","1,765.00","1,765.00","1,745.10","11.99K","-0.62%"
"03/11/2022","1,763.00","1,769.00","1,777.24","1,760.00","1.14K","-0.73%"
"03/10/2022","1,776.00","1,779.77","1,799.88","1,770.00","2.90K","-0.22%"
"03/09/2022","1,780.00","1,794.00","1,795.00","1,770.11","24.43K","0.00%"
"03/08/2022","1,780.00","1,799.00","1,799.00","1,751.10","4.23K","-0.64%"
"03/07/2022","1,791.50","1,800.00","1,804.98","1,770.22","4.34K","0.08%"
"03/04/2022","1,790.11","1,799.99","1,800.03","1,770.11","6.80K","-0.55%"
"03/03/2022","1,800.00","1,789.00","1,807.00","1,765.22","17.14K","0.56%"
"03/02/2022","1,790.00","1,790.00","1,795.00","1,758.00","14.34K","0.00%"
"03/01/2022","1,790.00","1,788.95","1,790.00","1,764.00","3.34K","0.00%"
"02/28/2022","1,790.00","1,764.99","1,799.00","1,745.11","73.46K","1.42%"
"02/25/2022","1,765.00","1,749.99","1,775.00","1,749.99","9.14K","0.28%"
"02/24/2022","1,759.99","1,760.22","1,796.00","1,759.99","33.04K","-1.57%"
"02/23/2022","1,788.00","1,770.00","1,790.00","1,750.23","26.72K","1.82%"
"02/22/2022","1,756.00","1,722.11","1,765.00","1,715.00","70.84K","1.51%"
"02/21/2022","1,729.90","1,740.11","1,754.99","1,720.01","11.82K","-1.82%"
"02/18/2022","1,762.00","1,765.01","1,779.88","1,760.00","1.48K","-0.73%"
"02/17/2022","1,775.00","1,772.01","1,790.00","1,760.33","3.18K","-0.28%"
"02/16/2022","1,780.00","1,789.99","1,792.00","1,775.02","6.58K","-0.56%"
"02/15/2022","1,790.00","1,789.99","1,798.00","1,770.22","15.34K","0.68%"
"02/14/2022","1,777.89","1,750.00","1,790.00","1,750.00","27.48K","0.56%"
"02/11/2022","1,768.00","1,719.00","1,768.00","1,701.01","102.60K","3.69%"
"02/10/2022","1,705.01","1,700.07","1,718.80","1,700.05","33.44K","-0.87%"
"02/09/2022","1,720.00","1,698.00","1,723.00","1,691.22","15.48K","1.78%"
"02/08/2022","1,690.00","1,714.00","1,714.99","1,690.00","78.96K","-0.59%"
"02/07/2022","1,700.00","1,706.99","1,715.00","1,700.00","34.24K","-0.12%"
"02/04/2022","1,702.00","1,709.99","1,710.00","1,690.08","22.34K","0.11%"
"02/03/2022","1,700.08","1,700.00","1,710.00","1,700.00","21.02K","0.01%"
"02/02/2022","1,699.90","1,695.00","1,699.90","1,668.01","17.28K","-1.91%"
"02/01/2022","1,733.00","1,700.00","1,733.99","1,699.99","32.60K","1.94%"
"01/31/2022","1,700.01","1,716.11","1,719.99","1,693.10","22.20K","-0.29%"
"01/28/2022","1,704.90","1,704.99","1,704.99","1,683.00","20.78K","0.29%"
"01/27/2022","1,700.00","1,669.99","1,749.00","1,669.99","43.82K","1.19%"
"01/26/2022","1,680.00","1,685.01","1,699.99","1,670.00","1.84K","-0.18%"
"01/25/2022","1,683.01","1,701.00","1,701.00","1,683.01","1.96K","-0.41%"
"01/24/2022","1,690.00","1,699.00","1,720.00","1,680.00","52.80K","-1.22%"
"01/21/2022","1,710.83","1,679.90","1,729.00","1,670.95","71.88K","2.43%"
"01/20/2022","1,670.20","1,687.00","1,687.00","1,665.00","24.54K","0.61%"
"01/19/2022","1,660.01","1,678.00","1,690.02","1,660.01","12.44K","-1.19%"
"01/18/2022","1,680.05","1,678.00","1,692.95","1,677.00","23.48K","0.30%"
"01/17/2022","1,675.00","1,675.99","1,682.00","1,670.20","48.20K","0.30%"
"01/14/2022","1,670.00","1,669.73","1,678.00","1,665.00","17.04K","0.57%"
"01/13/2022","1,660.52","1,672.00","1,679.00","1,660.52","14.74K","-0.51%"
"01/12/2022","1,669.00","1,665.00","1,669.00","1,650.00","28.80K","1.15%"
"01/11/2022","1,650.00","1,657.00","1,659.00","1,640.00","17.62K","-0.78%"
"01/10/2022","1,663.00","1,684.00","1,684.00","1,654.01","11.34K","-0.61%"
"01/07/2022","1,673.13","1,620.00","1,683.00","1,620.00","40.36K","-0.11%"
"01/06/2022","1,675.00","1,666.00","1,675.00","1,655.10","5.60K","0.30%"
"01/05/2022","1,670.00","1,667.06","1,675.00","1,667.06","16.72K","-0.24%"
"01/04/2022","1,674.00","1,657.99","1,695.00","1,645.01","14.80K","-0.06%"
"01/03/2022","1,675.00","1,640.00","1,675.00","1,625.00","12.30K","1.21%"
"12/31/2021","1,655.00","1,580.33","1,662.00","1,580.33","41.40K","1.10%"
"12/30/2021","1,636.99","1,639.00","1,647.00","1,625.00","59.88K","0.12%"
"12/29/2021","1,635.00","1,639.00","1,645.90","1,625.00","30.62K","-0.30%"
"12/28/2021","1,640.00","1,608.90","1,642.00","1,608.90","23.30K","1.61%"
"12/27/2021","1,614.00","1,661.01","1,661.01","1,599.90","170.96K","-2.77%"
"12/24/2021","1,659.99","1,663.90","1,668.85","1,646.00","7.64K","-0.30%"
"12/23/2021","1,664.99","1,663.15","1,667.00","1,660.50","1.24K","-0.15%"
"12/22/2021","1,667.55","1,670.00","1,674.90","1,667.01","5.70K","-0.74%"
"12/21/2021","1,680.00","1,681.54","1,685.99","1,675.00","1.00K","-0.59%"
"12/20/2021","1,690.00","1,679.74","1,697.99","1,665.44","4.96K","-0.47%"
"12/17/2021","1,698.00","1,676.00","1,698.00","1,660.00","19.88K","-0.12%"
"12/16/2021","1,699.99","1,657.00","1,699.99","1,636.51","15.34K","1.19%"
"12/15/2021","1,680.00","1,636.00","1,680.00","1,637.01","29.40K","0.60%"
"12/14/2021","1,670.00","1,630.10","1,670.00","1,630.00","4.56K","2.45%"
"12/13/2021","1,630.00","1,660.00","1,662.99","1,630.00","18.14K","-2.69%"
"12/10/2021","1,675.00","1,700.00","1,700.00","1,630.10","10.64K","0.90%"
"12/09/2021","1,660.01","1,676.99","1,682.00","1,645.00","9.90K","0.17%"
"12/08/2021","1,657.20","1,613.00","1,675.00","1,613.00","27.64K","2.30%"
"12/07/2021","1,620.00","1,620.00","1,640.50","1,612.05","10.02K","-0.31%"
"12/06/2021","1,625.00","1,600.00","1,625.00","1,585.00","3.18K","2.85%"
"12/03/2021","1,580.01","1,615.00","1,675.00","1,575.00","49.54K","-1.43%"
"12/02/2021","1,603.00","1,699.89","1,699.89","1,595.00","118.66K","-5.26%"
"12/01/2021","1,692.00","1,691.50","1,706.89","1,691.50","17.04K","-1.05%"
"11/30/2021","1,710.00","1,704.00","1,738.00","1,675.00","355.88K","-0.87%"
"11/29/2021","1,725.00","1,719.00","1,748.44","1,683.00","12.98K","1.47%"
"11/26/2021","1,699.95","1,720.00","1,726.99","1,692.00","53.98K","-1.74%"
"11/25/2021","1,729.99","1,703.00","1,749.00","1,703.00","12.20K","0.28%"
"11/24/2021","1,725.10","1,699.90","1,754.98","1,679.00","39.98K","2.38%"
"11/23/2021","1,685.00","1,728.99","1,728.99","1,683.00","17.90K","-1.17%"
"11/22/2021","1,705.00","1,775.00","1,775.00","1,702.00","15.72K","-2.01%"
"11/19/2021","1,739.99","1,714.90","1,745.00","1,714.90","42.68K","1.75%"
"11/18/2021","1,710.00","1,700.01","1,714.00","1,700.00","11.60K","-1.16%"
"11/17/2021","1,730.00","1,703.99","1,730.00","1,690.00","15.76K","1.59%"
"11/16/2021","1,702.99","1,720.00","1,727.99","1,700.00","14.46K","-0.48%"
"11/15/2021","1,711.20","1,698.94","1,723.81","1,690.11","19.36K","1.13%"
"11/12/2021","1,692.00","1,690.11","1,738.00","1,686.20","17.66K","-0.41%"
"11/11/2021","1,698.98","1,699.96","1,709.00","1,690.00","30.44K","-0.06%"
"11/10/2021","1,700.00","1,693.99","1,720.00","1,681.02","37.06K","1.43%"
"11/09/2021","1,676.00","1,733.81","1,739.96","1,651.00","23.04K","-0.83%"
"11/08/2021","1,689.95","1,698.80","1,708.00","1,666.44","26.08K","0.00%"
"11/05/2021","1,690.00","1,699.99","1,699.99","1,676.00","18.12K","0.00%"
"11/04/2021","1,689.99","1,700.01","1,702.00","1,685.00","5.78K","-0.59%"
"11/03/2021","1,700.00","1,678.90","1,705.00","1,676.10","18.12K","1.42%"
"11/02/2021","1,676.13","1,669.88","1,700.00","1,669.88","35.48K","-1.58%"
"11/01/2021","1,703.00","1,718.99","1,725.00","1,685.20","11.26K","0.18%"
"10/29/2021","1,700.00","1,711.99","1,728.99","1,692.01","21.10K","-1.11%"
"10/28/2021","1,719.00","1,730.22","1,733.99","1,700.00","8.88K","-2.33%"
"10/27/2021","1,760.00","1,729.90","1,760.00","1,703.10","10.08K","2.86%"
"10/26/2021","1,711.00","1,785.10","1,795.00","1,700.00","35.68K","-3.77%"
"10/25/2021","1,778.00","1,775.99","1,780.00","1,750.01","5.30K","0.90%"
"10/22/2021","1,762.11","1,775.00","1,800.00","1,755.11","14.96K","-0.67%"
"10/21/2021","1,774.00","1,705.00","1,794.99","1,705.00","49.02K","-0.06%"
"10/20/2021","1,775.00","1,691.11","1,775.00","1,690.00","40.70K","5.01%"
"10/18/2021","1,690.35","1,675.11","1,725.00","1,675.00","43.64K","-0.57%"
"10/15/2021","1,700.00","1,700.00","1,700.00","1,652.01","27.18K","-2.02%"
"10/14/2021","1,735.00","1,757.98","1,770.00","1,730.00","46.04K","-0.40%"
"10/13/2021","1,742.01","1,775.00","1,775.00","1,740.00","8.00K","-1.80%"
"10/12/2021","1,774.00","1,750.00","1,775.00","1,730.00","13.82K","0.23%"
"10/11/2021","1,770.00","1,789.90","1,789.90","1,730.00","8.86K","0.00%"
"10/08/2021","1,770.02","1,783.00","1,799.00","1,751.50","214.68K","0.13%"
"10/07/2021","1,767.80","1,745.00","1,779.74","1,715.22","95.96K","1.89%"
"10/06/2021","1,735.00","1,680.00","1,807.46","1,680.00","159.46K","3.46%"
"10/05/2021","1,677.00","1,568.99","1,681.91","1,568.99","182.32K","7.16%"
"10/04/2021","1,565.00","1,541.00","1,570.00","1,540.05","24.36K","1.16%"
"10/01/2021","1,547.07","1,552.00","1,552.00","1,545.00","27.72K","-0.77%"
"09/30/2021","1,559.00","1,539.98","1,582.00","1,505.10","86.00K","1.90%"
"09/29/2021","1,530.00","1,549.97","1,550.00","1,518.00","92.40K","-0.65%"
"09/28/2021","1,540.00","1,565.00","1,565.00","1,539.00","55.76K","-0.65%"
"09/27/2021","1,550.00","1,576.00","1,576.00","1,538.00","34.98K","0.00%"
"09/24/2021","1,550.00","1,551.00","1,559.96","1,540.00","12.06K","0.00%"
"09/23/2021","1,549.99","1,564.00","1,564.00","1,535.00","39.04K","0.00%"
"09/22/2021","1,550.00","1,573.77","1,573.77","1,540.00","31.42K","-0.06%"
"09/21/2021","1,551.00","1,579.00","1,579.00","1,551.00","10.64K","-1.21%"
"09/20/2021","1,570.00","1,541.00","1,579.90","1,541.00","11.16K","0.32%"
"09/17/2021","1,565.00","1,565.00","1,579.90","1,563.00","16.88K","-0.32%"
"09/16/2021","1,570.00","1,556.30","1,570.00","1,542.00","14.38K","0.00%"
"09/15/2021","1,569.99","1,554.90","1,575.00","1,554.83","8.40K","0.00%"
"09/14/2021","1,570.00","1,569.97","1,580.00","1,554.00","11.18K","0.00%"
"09/13/2021","1,570.00","1,559.99","1,580.00","1,551.01","23.76K","1.23%"
"09/10/2021","1,550.94","1,532.01","1,560.00","1,530.11","8.56K","0.06%"
"09/09/2021","1,550.00","1,535.00","1,550.00","1,525.00","14.88K","1.31%"
"09/08/2021","1,529.99","1,564.00","1,564.67","1,529.99","9.32K","-2.17%"
"09/07/2021","1,564.00","1,560.00","1,577.00","1,558.77","16.14K","-0.38%"
"09/06/2021","1,570.00","1,553.00","1,590.00","1,532.33","15.16K","1.78%"
"09/03/2021","1,542.50","1,547.80","1,565.00","1,537.11","12.94K","-0.48%"
"09/02/2021","1,550.00","1,550.88","1,554.98","1,535.00","12.98K","0.32%"
"09/01/2021","1,545.00","1,534.80","1,545.00","1,534.80","8.26K","0.33%"
"08/31/2021","1,539.99","1,514.00","1,540.00","1,501.00","18.18K","1.72%"
"08/30/2021","1,514.00","1,529.98","1,534.80","1,497.01","59.72K","-0.20%"
"08/27/2021","1,517.00","1,524.90","1,524.90","1,501.00","11.94K","-0.06%"
"08/26/2021","1,517.97","1,519.99","1,550.00","1,510.00","58.54K","0.00%"
"08/25/2021","1,518.00","1,521.00","1,521.00","1,510.00","5.94K","-0.13%"
"08/24/2021","1,520.00","1,505.00","1,537.00","1,505.00","4.36K","-1.17%"
"08/23/2021","1,538.00","1,495.99","1,538.00","1,490.00","23.50K","4.27%"
"08/20/2021","1,475.00","1,497.89","1,500.00","1,474.99","61.78K","-1.34%"
"08/17/2021","1,495.00","1,488.00","1,500.01","1,488.00","12.74K","0.27%"
"08/16/2021","1,491.00","1,498.99","1,500.00","1,476.00","4.96K","-0.36%"
"08/13/2021","1,496.39","1,496.01","1,500.00","1,491.01","4.04K","-0.11%"
"08/12/2021","1,498.00","1,500.00","1,503.00","1,495.01","0.62K","-0.13%"
"08/11/2021","1,499.99","1,489.00","1,504.00","1,489.00","10.50K","0.33%"
"08/10/2021","1,495.00","1,488.25","1,500.01","1,485.00","7.08K","0.27%"
"08/09/2021","1,491.00","1,519.00","1,519.00","1,475.00","1.24K","-0.06%"
"08/06/2021","1,491.88","1,508.01","1,519.70","1,488.00","43.42K","-1.85%"
"08/05/2021","1,520.00","1,507.02","1,529.00","1,499.00","60.08K","0.90%"
"08/04/2021","1,506.50","1,511.99","1,511.99","1,504.02","13.90K","-0.66%"
"08/03/2021","1,516.50","1,510.00","1,518.89","1,502.10","6.30K","0.56%"
"08/02/2021","1,508.00","1,514.13","1,515.00","1,506.00","8.92K","-0.20%"
"07/30/2021","1,511.00","1,509.90","1,520.00","1,505.01","14.74K","0.40%"
"07/29/2021","1,505.01","1,514.99","1,514.99","1,505.01","2.96K","-0.20%"
"07/28/2021","1,508.00","1,524.49","1,524.49","1,502.01","9.06K","-0.14%"
"07/27/2021","1,510.10","1,512.10","1,517.00","1,510.00","5.32K","-0.45%"
"07/26/2021","1,517.00","1,529.99","1,529.99","1,508.00","34.76K","0.45%"
"07/23/2021","1,510.15","1,516.10","1,520.00","1,505.51","7.30K","-0.32%"
"07/19/2021","1,515.00","1,545.00","1,545.00","1,505.00","7.84K","0.40%"
"07/16/2021","1,509.01","1,520.00","1,524.50","1,505.00","33.14K","-0.72%"
"07/15/2021","1,520.00","1,524.90","1,529.99","1,515.00","6.72K","-0.33%"
"07/14/2021","1,525.00","1,539.95","1,539.95","1,500.00","20.46K","0.06%"
"07/13/2021","1,524.02","1,536.99","1,537.00","1,520.00","6.24K","-0.06%"
"07/12/2021","1,525.00","1,539.99","1,539.99","1,520.00","1.98K","0.00%"
"07/09/2021","1,525.00","1,539.99","1,540.00","1,520.11","8.34K","-0.65%"
"07/08/2021","1,535.00","1,535.01","1,545.00","1,525.00","27.02K","0.07%"
"07/07/2021","1,534.00","1,530.00","1,546.51","1,530.00","4.34K","-0.96%"
"07/06/2021","1,548.90","1,538.92","1,549.00","1,521.03","16.16K","1.24%"
"07/05/2021","1,530.00","1,544.70","1,544.70","1,523.40","5.08K","-0.65%"
"07/02/2021","1,540.00","1,544.80","1,544.90","1,521.50","11.04K","-0.58%"
"07/01/2021","1,549.00","1,515.00","1,550.00","1,515.00","11.00K","1.57%"
"06/30/2021","1,525.00","1,503.70","1,525.00","1,488.70","30.28K","1.82%"
"06/29/2021","1,497.80","1,523.00","1,535.00","1,486.00","109.84K","-1.59%"
"06/28/2021","1,522.00","1,542.00","1,549.00","1,505.00","13.20K","-1.81%"
"06/25/2021","1,550.00","1,548.27","1,550.00","1,515.00","26.84K","0.71%"
"06/24/2021","1,539.00","1,561.89","1,561.89","1,533.51","9.06K","-0.52%"
"06/23/2021","1,547.00","1,550.10","1,558.87","1,541.01","6.22K","-0.77%"
"06/22/2021","1,559.00","1,531.99","1,559.00","1,522.00","31.20K","2.45%"
"06/21/2021","1,521.70","1,544.96","1,544.97","1,514.00","6.48K","-0.73%"
"06/18/2021","1,532.87","1,537.99","1,539.99","1,530.00","4.50K","-0.08%"
"06/17/2021","1,534.03","1,544.00","1,558.77","1,532.25","57.40K","-0.19%"
"06/16/2021","1,537.01","1,549.98","1,549.98","1,535.10","23.52K","-0.52%"
"06/15/2021","1,545.00","1,551.10","1,558.89","1,544.00","14.06K","-0.83%"
"06/14/2021","1,557.90","1,577.25","1,577.25","1,550.00","194.72K","0.51%"
"06/11/2021","1,550.05","1,577.00","1,577.00","1,550.00","25.84K","-0.64%"
"06/10/2021","1,559.99","1,558.99","1,565.00","1,553.01","7.24K","0.06%"
"06/09/2021","1,559.00","1,568.00","1,570.00","1,550.00","6.36K","-0.57%"
"06/08/2021","1,567.90","1,569.90","1,571.80","1,551.55","10.66K","0.50%"
"06/07/2021","1,560.10","1,533.00","1,599.00","1,533.00","20.46K","0.01%"
"06/04/2021","1,560.00","1,548.00","1,565.00","1,532.80","29.28K","1.22%"
"06/03/2021","1,541.20","1,550.00","1,556.75","1,533.52","40.12K","-0.54%"
"06/02/2021","1,549.50","1,554.00","1,570.00","1,540.00","85.56K","-0.93%"
"06/01/2021","1,564.00","1,582.82","1,582.82","1,552.00","6.54K","0.26%"
"05/31/2021","1,560.00","1,550.40","1,578.80","1,533.00","33.60K","0.06%"
"05/28/2021","1,559.00","1,529.10","1,563.99","1,529.10","175.16K","0.32%"
"05/27/2021","1,554.00","1,561.88","1,569.99","1,505.00","37.40K","-0.06%"
"05/26/2021","1,554.95","1,561.10","1,580.00","1,545.50","143.34K","-0.89%"
"05/25/2021","1,568.90","1,594.97","1,595.00","1,539.00","25.20K","-0.70%"
"05/24/2021","1,580.00","1,599.98","1,602.00","1,580.00","2.34K","-0.94%"
"05/21/2021","1,595.00","1,589.99","1,600.00","1,578.54","1.96K","0.95%"
"05/20/2021","1,580.02","1,597.89","1,597.89","1,578.04","1.40K","-1.25%"
"05/19/2021","1,600.00","1,584.90","1,608.00","1,540.10","81.02K","1.27%"
"05/18/2021","1,579.90","1,531.10","1,579.96","1,530.00","16.78K","3.13%"
"05/17/2021","1,531.90","1,501.00","1,538.00","1,501.00","21.12K","2.13%"
"05/06/2021","1,500.00","1,520.00","1,520.00","1,495.05","22.92K","-1.30%"
"05/05/2021","1,519.80","1,521.35","1,533.00","1,502.33","64.74K","0.32%"
"05/04/2021","1,515.00","1,565.90","1,565.90","1,512.05","12.72K","-0.53%"
"05/03/2021","1,523.00","1,559.00","1,559.00","1,515.00","9.12K","0.53%"
"04/30/2021","1,515.01","1,557.98","1,557.98","1,515.01","1.88K","-1.58%"
"04/29/2021","1,539.33","1,576.99","1,576.99","1,520.00","13.94K","-3.48%"
"04/28/2021","1,594.90","1,592.99","1,609.00","1,580.05","50.50K","0.94%"
"04/27/2021","1,580.00","1,614.99","1,615.00","1,565.00","106.64K","-0.94%"
"04/26/2021","1,595.00","1,551.07","1,620.00","1,550.00","95.02K","2.37%"
"04/23/2021","1,558.00","1,560.00","1,573.11","1,552.00","19.42K","-0.51%"
"04/22/2021","1,566.00","1,582.10","1,597.99","1,565.00","25.08K","-1.39%"
"04/21/2021","1,588.00","1,581.00","1,605.77","1,581.00","10.56K","-0.13%"
"04/20/2021","1,590.00","1,639.89","1,639.89","1,590.00","50.04K","-1.55%"
"04/19/2021","1,615.02","1,595.00","1,659.98","1,580.00","179.30K","2.87%"
"04/16/2021","1,570.00","1,566.99","1,580.00","1,563.01","5.14K","0.32%"
"04/15/2021","1,565.00","1,570.26","1,590.00","1,561.26","15.00K","-0.95%"
"04/14/2021","1,580.00","1,571.01","1,590.00","1,570.01","33.92K","1.13%"
"04/13/2021","1,562.40","1,546.01","1,599.00","1,546.01","9.46K","0.09%"
"04/12/2021","1,561.02","1,569.70","1,574.99","1,554.00","8.32K","-0.25%"
"04/09/2021","1,565.01","1,574.00","1,576.00","1,541.10","7.84K","0.97%"
"04/08/2021","1,550.00","1,584.99","1,584.99","1,512.10","26.20K","0.98%"
"04/07/2021","1,535.00","1,543.00","1,546.56","1,490.00","81.20K","-0.97%"
"04/06/2021","1,549.99","1,534.80","1,560.00","1,516.00","18.78K","0.65%"
"04/05/2021","1,540.00","1,545.05","1,558.00","1,523.00","26.80K","-0.32%"
"04/02/2021","1,545.00","1,567.00","1,574.00","1,521.33","28.64K","-0.29%"
"04/01/2021","1,549.50","1,558.90","1,559.00","1,520.00","19.34K","0.62%"
"03/31/2021","1,540.00","1,550.00","1,575.00","1,490.01","48.70K","0.65%"
"03/30/2021","1,530.00","1,580.00","1,590.00","1,462.00","26.36K","-3.16%"
"03/29/2021","1,580.00","1,594.48","1,594.48","1,570.00","17.36K","0.00%"
"03/26/2021","1,580.00","1,590.00","1,600.00","1,546.00","14.68K","-0.32%"
"03/25/2021","1,585.00","1,605.00","1,625.00","1,585.00","9.78K","-0.71%"
"03/24/2021","1,596.26","1,585.00","1,611.00","1,575.00","20.52K","0.33%"
"03/22/2021","1,591.03","1,579.00","1,620.00","1,552.03","41.56K","2.58%"
"03/19/2021","1,551.00","1,597.00","1,597.00","1,520.10","22.02K","-1.28%"
"03/18/2021","1,571.11","1,609.90","1,609.99","1,556.00","15.00K","-1.25%"
"03/17/2021","1,591.00","1,614.90","1,619.89","1,591.00","20.68K","-0.25%"
"03/16/2021","1,595.00","1,595.00","1,610.00","1,590.00","37.14K","0.00%"
"03/15/2021","1,595.00","1,580.00","1,601.00","1,579.00","21.22K","2.64%"
"03/12/2021","1,554.05","1,589.99","1,590.00","1,541.00","32.72K","0.20%"
"03/11/2021","1,551.00","1,572.00","1,573.00","1,545.15","29.90K","-1.21%"
"03/10/2021","1,570.00","1,540.01","1,590.00","1,540.00","10.08K","-1.26%"
"03/09/2021","1,590.00","1,579.90","1,590.00","1,545.00","74.56K","2.58%"
"03/08/2021","1,550.00","1,609.99","1,620.00","1,550.00","68.80K","-2.52%"
"03/05/2021","1,590.00","1,560.00","1,615.00","1,550.00","33.08K","2.02%"
"03/04/2021","1,558.50","1,550.00","1,558.75","1,520.00","24.08K","-0.22%"
"03/03/2021","1,562.00","1,562.01","1,575.00","1,559.10","70.42K","-0.70%"
"03/02/2021","1,573.00","1,590.00","1,595.00","1,560.00","4.88K","0.19%"
"03/01/2021","1,570.00","1,599.99","1,600.00","1,570.00","10.68K","-1.88%"
"02/26/2021","1,600.00","1,565.01","1,605.00","1,565.01","36.76K","1.27%"
"02/25/2021","1,580.00","1,594.00","1,610.00","1,571.10","14.82K","-0.01%"
"02/24/2021","1,580.10","1,560.02","1,637.00","1,551.00","172.36K","0.77%"
"02/23/2021","1,568.00","1,579.00","1,580.00","1,550.00","11.00K","-0.13%"
"02/22/2021","1,570.00","1,600.00","1,600.00","1,570.00","6.28K","-1.26%"
"02/19/2021","1,590.00","1,595.00","1,596.00","1,567.00","12.24K","0.32%"
"02/18/2021","1,585.00","1,631.00","1,649.99","1,570.00","55.14K","-2.76%"
"02/17/2021","1,630.00","1,630.00","1,631.00","1,620.00","24.08K","0.56%"
"02/16/2021","1,621.00","1,630.00","1,648.90","1,620.00","35.90K","-0.06%"
"02/15/2021","1,622.00","1,620.00","1,640.00","1,601.00","59.82K","1.29%"
"02/12/2021","1,601.29","1,601.00","1,623.00","1,570.55","21.66K","-0.60%"
"02/11/2021","1,611.00","1,641.00","1,658.00","1,611.00","72.18K","-2.78%"
"02/10/2021","1,657.00","1,700.00","1,700.00","1,650.00","69.84K","-1.95%"
"02/09/2021","1,690.00","1,700.00","1,700.00","1,660.00","53.74K","1.20%"
"02/08/2021","1,670.01","1,660.00","1,725.00","1,649.02","370.02K","1.27%"
"02/04/2021","1,649.02","1,649.02","1,649.02","1,649.02","4.76K","7.08%"
"02/03/2021","1,540.00","1,440.00","1,540.00","1,435.07","625.02K","7.47%"
"02/02/2021","1,433.00","1,435.00","1,450.00","1,425.00","20.60K","0.35%"
"02/01/2021","1,428.01","1,418.99","1,460.00","1,418.95","69.96K","1.28%"
"01/29/2021","1,410.00","1,420.01","1,428.00","1,400.01","32.00K","-0.35%"
"01/28/2021","1,415.00","1,441.01","1,448.00","1,414.14","10.46K","-3.08%"
"01/27/2021","1,460.00","1,409.99","1,460.00","1,402.01","26.60K","4.28%"
"01/26/2021","1,400.01","1,419.94","1,419.94","1,400.00","21.54K","-0.43%"
"01/25/2021","1,406.00","1,434.00","1,434.00","1,401.00","18.14K","-1.48%"
"01/22/2021","1,427.08","1,450.00","1,454.95","1,421.00","161.92K","-1.51%"
"01/21/2021","1,449.00","1,477.00","1,490.00","1,436.00","33.78K","-0.48%"
"01/20/2021","1,456.05","1,452.00","1,549.99","1,430.00","359.04K","0.23%"
"01/19/2021","1,452.77","1,367.95","1,452.77","1,349.99","374.68K","6.82%"
"01/18/2021","1,360.00","1,368.90","1,368.90","1,350.00","10.42K","-0.80%"
"01/15/2021","1,371.00","1,369.21","1,374.97","1,350.10","19.56K","-1.22%"
"01/14/2021","1,388.00","1,375.00","1,388.00","1,360.00","24.36K","0.95%"
"01/13/2021","1,375.00","1,361.00","1,406.00","1,361.00","19.62K","-0.26%"
"01/12/2021","1,378.61","1,397.15","1,400.00","1,350.00","20.08K","-1.53%"
"01/11/2021","1,400.00","1,419.33","1,419.33","1,385.00","13.80K","0.07%"
"01/08/2021","1,399.00","1,409.00","1,410.00","1,379.98","36.68K","-0.78%"
"01/07/2021","1,409.99","1,398.89","1,410.00","1,390.00","110.84K","0.00%"
"01/06/2021","1,410.00","1,393.99","1,410.00","1,378.51","32.58K","2.17%"
"01/05/2021","1,380.00","1,378.87","1,382.00","1,354.00","20.72K","-1.07%"
"01/04/2021","1,394.90","1,372.00","1,406.00","1,363.10","16.86K","0.42%"
"01/01/2021","1,389.00","1,339.00","1,389.00","1,321.01","48.80K","2.97%"
"12/31/2020","1,349.00","1,351.99","1,351.99","1,318.50","119.38K","0.07%"
"12/30/2020","1,347.99","1,364.99","1,364.99","1,332.00","26.60K","-1.17%"
"12/29/2020","1,363.99","1,351.77","1,367.02","1,327.11","31.44K","0.29%"
"12/28/2020","1,360.00","1,362.40","1,371.99","1,350.01","11.18K","0.37%"
"12/24/2020","1,355.00","1,373.99","1,380.00","1,346.01","18.78K","-0.39%"
"12/23/2020","1,360.34","1,380.00","1,395.00","1,360.00","15.86K","-2.69%"
"12/22/2020","1,397.95","1,391.79","1,399.90","1,380.00","32.54K","0.57%"
"12/21/2020","1,390.00","1,415.00","1,418.33","1,390.00","5.94K","-1.77%"
"12/18/2020","1,415.00","1,425.00","1,434.98","1,410.35","67.68K","-0.21%"
"12/17/2020","1,418.03","1,434.90","1,438.00","1,416.33","88.52K","0.14%"
"12/16/2020","1,416.00","1,425.00","1,426.00","1,415.00","13.90K","-0.84%"
"12/15/2020","1,428.00","1,410.00","1,439.00","1,410.00","11.38K","-0.13%"
"12/14/2020","1,429.80","1,455.00","1,455.00","1,416.06","38.72K","0.55%"
"12/11/2020","1,421.92","1,400.01","1,435.00","1,399.80","148.00K","1.95%"
"12/10/2020","1,394.66","1,398.00","1,404.00","1,382.00","34.82K","-1.08%"
"12/09/2020","1,409.90","1,410.00","1,466.48","1,391.02","50.54K","0.64%"
"12/08/2020","1,401.00","1,399.00","1,409.00","1,381.00","18.34K","0.14%"
"12/07/2020","1,399.00","1,398.00","1,399.00","1,386.00","10.90K","-0.36%"
"12/04/2020","1,403.99","1,400.00","1,410.00","1,382.00","35.32K","0.65%"
"12/03/2020","1,394.90","1,397.10","1,397.10","1,367.50","43.38K","1.08%"
"12/02/2020","1,380.00","1,365.00","1,380.00","1,351.00","17.96K","0.36%"
"12/01/2020","1,375.00","1,361.90","1,375.00","1,347.10","16.88K","1.70%"
"11/30/2020","1,352.00","1,370.00","1,370.00","1,350.00","30.16K","-1.67%"
"11/27/2020","1,374.90","1,360.33","1,374.90","1,355.10","21.74K","-1.09%"
"11/26/2020","1,390.00","1,353.17","1,454.65","1,353.17","32.38K","3.72%"
"11/25/2020","1,340.15","1,325.00","1,375.00","1,310.00","32.24K","2.30%"
"11/24/2020","1,310.00","1,285.00","1,348.44","1,265.01","30.22K","1.64%"
"11/23/2020","1,288.90","1,289.00","1,289.00","1,255.00","61.52K","0.79%"
"11/20/2020","1,278.83","1,298.50","1,300.00","1,270.00","54.48K","-1.48%"
"11/19/2020","1,298.00","1,298.00","1,298.00","1,283.00","8.48K","0.62%"
"11/18/2020","1,290.00","1,290.00","1,290.20","1,286.10","0.40K","-1.56%"
"11/17/2020","1,310.50","1,280.91","1,310.50","1,280.91","80.64K","1.98%"
"11/16/2020","1,285.00","1,286.00","1,290.00","1,270.33","18.70K","-1.03%"
"11/13/2020","1,298.40","1,289.00","1,298.40","1,264.50","25.66K","1.83%"
"11/12/2020","1,275.01","1,298.90","1,299.98","1,275.01","43.42K","-1.55%"
"11/11/2020","1,295.02","1,279.99","1,304.00","1,268.11","33.38K","0.39%"
"11/10/2020","1,290.00","1,280.00","1,290.00","1,255.01","20.72K","1.67%"
"11/09/2020","1,268.85","1,260.00","1,268.85","1,253.00","6.38K","0.70%"
"11/06/2020","1,260.00","1,260.25","1,276.64","1,250.00","39.62K","-0.11%"
"11/05/2020","1,261.33","1,288.00","1,288.00","1,261.33","19.28K","-1.46%"
"11/04/2020","1,280.00","1,285.00","1,291.00","1,260.00","11.20K","0.39%"
"11/03/2020","1,275.00","1,245.00","1,275.00","1,200.00","43.84K","2.82%"
"11/02/2020","1,240.00","1,240.00","1,259.00","1,203.10","34.34K","-0.69%"
"10/29/2020","1,248.59","1,285.78","1,299.00","1,220.00","40.18K","-3.51%"
"10/28/2020","1,293.99","1,304.98","1,304.98","1,280.02","7.64K","-0.46%"
"10/27/2020","1,300.00","1,300.05","1,309.44","1,271.50","27.22K","-0.54%"
"10/26/2020","1,307.00","1,318.77","1,326.00","1,292.10","4.38K","-0.61%"
"10/23/2020","1,315.00","1,316.32","1,316.32","1,285.00","21.30K","1.15%"
"10/22/2020","1,300.00","1,341.00","1,341.00","1,300.00","19.58K","-2.99%"
"10/21/2020","1,340.00","1,302.33","1,340.00","1,302.33","15.12K","0.75%"
"10/20/2020","1,330.00","1,339.00","1,355.00","1,310.00","54.06K","0.38%"
"10/19/2020","1,325.00","1,303.00","1,349.99","1,285.00","27.78K","2.55%"
"10/16/2020","1,292.00","1,290.00","1,297.98","1,266.00","11.64K","-0.31%"
"10/15/2020","1,296.00","1,309.98","1,310.00","1,276.50","17.90K","-1.07%"
"10/14/2020","1,310.00","1,265.01","1,310.00","1,255.03","37.80K","0.85%"
"10/13/2020","1,299.00","1,307.50","1,310.00","1,272.00","21.10K","-1.14%"
"10/12/2020","1,314.00","1,330.00","1,341.00","1,300.00","11.50K","-0.53%"
"10/09/2020","1,321.00","1,324.00","1,345.00","1,305.50","23.78K","0.15%"
"10/08/2020","1,319.00","1,313.00","1,334.90","1,305.25","5.72K","0.30%"
"10/07/2020","1,315.00","1,327.95","1,337.99","1,300.35","11.20K","-1.13%"
"10/06/2020","1,330.00","1,348.00","1,362.00","1,285.00","48.80K","-0.75%"
"10/05/2020","1,340.00","1,322.00","1,374.99","1,311.00","14.98K","-0.74%"
"10/02/2020","1,350.00","1,390.00","1,425.00","1,325.35","20.62K","-2.17%"
"10/01/2020","1,380.00","1,375.00","1,380.00","1,325.00","16.60K","0.36%"
"09/30/2020","1,375.00","1,369.99","1,444.00","1,350.01","24.02K","0.66%"
"09/29/2020","1,366.00","1,320.00","1,366.00","1,305.00","34.54K","1.64%"
"09/28/2020","1,344.00","1,400.00","1,405.50","1,291.62","28.58K","-4.34%"
"09/25/2020","1,405.00","1,392.00","1,425.00","1,381.10","35.46K","-1.06%"
"09/24/2020","1,420.00","1,400.00","1,420.00","1,365.02","27.12K","2.16%"
"09/23/2020","1,390.00","1,427.99","1,427.99","1,385.26","13.86K","-0.93%"
"09/22/2020","1,403.01","1,444.33","1,444.33","1,395.00","24.60K","-2.33%"
"09/21/2020","1,436.50","1,450.00","1,447.77","1,420.77","3.80K","-0.59%"
"09/18/2020","1,445.00","1,445.00","1,450.00","1,430.00","23.40K","1.26%"
"09/17/2020","1,427.00","1,430.00","1,450.00","1,427.00","17.72K","-0.28%"
"09/16/2020","1,431.00","1,448.00","1,450.00","1,430.05","20.04K","-0.28%"
"09/15/2020","1,435.01","1,443.00","1,458.20","1,435.01","19.96K","-0.42%"
"09/14/2020","1,441.00","1,430.00","1,457.00","1,415.00","26.78K","0.82%"
"09/11/2020","1,429.32","1,440.00","1,440.00","1,411.00","12.50K","-1.09%"
"09/10/2020","1,445.00","1,415.00","1,445.00","1,415.00","23.72K","1.12%"
"09/09/2020","1,428.98","1,430.00","1,443.00","1,405.00","51.52K","-1.45%"
"09/08/2020","1,450.00","1,464.01","1,475.00","1,431.00","32.62K","-1.36%"
"09/07/2020","1,470.00","1,488.50","1,488.50","1,465.26","18.48K","-0.34%"
"09/04/2020","1,475.00","1,484.97","1,499.80","1,461.89","30.96K","-1.34%"
"09/03/2020","1,495.00","1,465.00","1,495.00","1,460.00","30.42K","1.80%"
"09/02/2020","1,468.50","1,473.66","1,480.10","1,468.50","8.66K","-1.44%"
"09/01/2020","1,489.99","1,470.00","1,490.00","1,437.01","44.58K","3.18%"
"08/31/2020","1,444.00","1,380.11","1,475.00","1,371.25","77.02K","3.81%"
"08/28/2020","1,391.00","1,399.99","1,400.00","1,390.00","0.96K","-0.90%"
"08/27/2020","1,403.60","1,433.00","1,433.00","1,403.56","12.54K","-0.52%"
"08/26/2020","1,411.00","1,368.53","1,422.00","1,361.10","28.78K","-1.33%"
"08/25/2020","1,430.00","1,338.49","1,430.00","1,326.33","113.56K","7.12%"
"08/24/2020","1,334.95","1,343.07","1,343.07","1,330.00","11.38K","-0.57%"
"08/21/2020","1,342.66","1,338.50","1,350.00","1,322.10","82.00K","0.20%"
"08/20/2020","1,340.00","1,355.00","1,355.00","1,325.00","81.40K","-1.47%"
"08/19/2020","1,360.00","1,355.00","1,360.00","1,338.00","37.48K","0.82%"
"08/18/2020","1,348.90","1,368.00","1,368.00","1,345.50","10.96K","-0.45%"
"08/17/2020","1,355.00","1,366.00","1,366.00","1,348.01","15.20K","0.00%"
"08/13/2020","1,355.00","1,347.99","1,370.00","1,328.00","33.94K","1.12%"
"08/12/2020","1,340.00","1,354.00","1,354.00","1,333.99","21.22K","-0.74%"
"08/11/2020","1,349.95","1,338.50","1,355.00","1,338.50","34.22K","0.94%"
"08/10/2020","1,337.40","1,350.00","1,357.80","1,330.00","18.26K","-0.02%"
"08/07/2020","1,337.71","1,350.00","1,353.00","1,330.00","26.28K","-0.91%"
"08/06/2020","1,350.00","1,350.00","1,355.90","1,330.00","40.78K","-0.37%"
"08/05/2020","1,355.00","1,348.49","1,355.00","1,320.02","35.34K","0.45%"
"08/04/2020","1,348.99","1,364.95","1,364.95","1,330.00","40.90K","-1.96%"
"08/03/2020","1,376.00","1,370.00","1,376.00","1,339.00","63.28K","-0.29%"
"07/30/2020","1,380.00","1,359.99","1,380.00","1,344.34","25.90K","1.17%"
"07/29/2020","1,364.00","1,350.00","1,364.00","1,335.08","32.94K","1.19%"
"07/28/2020","1,348.00","1,350.00","1,360.00","1,338.01","16.58K","-3.02%"
"07/27/2020","1,390.00","1,324.98","1,390.00","1,310.21","38.42K","5.78%"
"07/24/2020","1,314.00","1,330.00","1,330.00","1,310.00","9.88K","-0.83%"
"07/23/2020","1,325.00","1,345.00","1,345.00","1,320.12","33.02K","-0.38%"
"07/22/2020","1,330.00","1,322.00","1,339.98","1,310.13","38.42K","0.38%"
"07/21/2020","1,325.00","1,334.00","1,335.00","1,311.00","24.78K","-0.38%"
"07/20/2020","1,330.00","1,310.00","1,345.00","1,307.11","46.00K","1.45%"
"07/17/2020","1,311.00","1,309.00","1,345.35","1,297.00","33.78K","0.85%"
"07/16/2020","1,299.99","1,285.07","1,299.99","1,285.00","18.76K","1.25%"
"07/15/2020","1,284.00","1,299.97","1,302.00","1,284.00","30.10K","-0.47%"
"07/14/2020","1,290.00","1,284.85","1,295.00","1,276.15","31.72K","-0.39%"
"07/13/2020","1,295.00","1,269.99","1,300.00","1,260.00","42.76K","2.53%"
"07/10/2020","1,263.00","1,239.50","1,270.00","1,239.00","74.90K","0.32%"
"07/09/2020","1,258.97","1,265.00","1,265.00","1,244.10","87.06K","-0.67%"
"07/08/2020","1,267.44","1,265.99","1,267.44","1,241.00","26.96K","0.59%"
"07/07/2020","1,260.00","1,260.00","1,268.00","1,244.99","55.82K","-0.47%"
"07/06/2020","1,266.00","1,250.00","1,266.00","1,245.00","17.98K","-0.31%"
"07/03/2020","1,270.00","1,234.77","1,270.00","1,220.00","26.78K","3.67%"
"07/02/2020","1,224.99","1,231.10","1,240.00","1,220.00","25.48K","-0.97%"
"07/01/2020","1,236.99","1,241.99","1,240.01","1,227.79","16.64K","-0.64%"
"06/30/2020","1,244.90","1,245.00","1,245.00","1,220.02","73.26K","0.00%"
"06/29/2020","1,244.90","1,247.77","1,247.77","1,220.00","20.46K","0.80%"
"06/26/2020","1,235.00","1,248.90","1,248.90","1,222.00","13.54K","0.41%"
"06/25/2020","1,230.00","1,243.50","1,244.00","1,225.00","44.74K","-1.76%"
"06/24/2020","1,252.00","1,260.00","1,268.90","1,252.00","8.46K","-1.42%"
"06/23/2020","1,270.00","1,245.00","1,270.00","1,240.00","20.88K","2.42%"
"06/22/2020","1,240.00","1,224.00","1,244.95","1,210.00","46.50K","0.40%"
"06/19/2020","1,235.00","1,202.00","1,235.00","1,200.01","21.38K","1.31%"
"06/18/2020","1,219.00","1,235.00","1,235.00","1,197.01","37.78K","0.32%"
"06/17/2020","1,215.10","1,233.39","1,237.99","1,214.66","5.22K","-2.40%"
"06/16/2020","1,245.00","1,200.00","1,248.00","1,200.00","15.96K","1.35%"
"06/15/2020","1,228.45","1,229.90","1,229.98","1,190.01","25.96K","1.02%"
"06/12/2020","1,216.01","1,210.00","1,234.98","1,201.06","25.16K","-1.14%"
"06/11/2020","1,230.00","1,248.59","1,248.59","1,220.00","22.58K","-0.40%"
"06/10/2020","1,235.00","1,250.00","1,250.00","1,235.00","50.96K","-1.98%"
"06/09/2020","1,260.00","1,270.00","1,270.00","1,217.00","13.72K","-0.47%"
"06/08/2020","1,266.00","1,247.96","1,285.00","1,243.06","51.54K","2.76%"
"06/05/2020","1,232.00","1,216.00","1,250.00","1,216.00","20.70K","1.23%"
"06/04/2020","1,217.01","1,220.00","1,228.99","1,215.00","9.86K","-0.29%"
"06/03/2020","1,220.51","1,249.99","1,250.00","1,220.00","11.34K","-0.12%"
"06/02/2020","1,222.01","1,220.00","1,235.00","1,220.00","15.94K","0.58%"
"06/01/2020","1,215.00","1,238.00","1,238.00","1,215.00","6.84K","-2.02%"
"05/29/2020","1,240.00","1,250.00","1,270.00","1,201.42","513.46K","-0.31%"
"05/28/2020","1,243.85","1,229.00","1,260.00","1,206.00","93.02K","1.24%"
"05/21/2020","1,228.64","1,222.71","1,248.00","1,210.03","36.36K","0.48%"
"05/20/2020","1,222.71","1,224.02","1,250.62","1,210.00","23.38K","-1.84%"
"05/19/2020","1,245.62","1,270.00","1,275.00","1,225.01","43.02K","-0.34%"
"05/18/2020","1,249.88","1,266.02","1,285.00","1,240.00","47.14K","0.45%"
"05/15/2020","1,244.31","1,201.58","1,261.40","1,201.58","119.20K","4.77%"
"05/14/2020","1,187.71","1,178.00","1,199.98","1,146.00","29.96K","1.94%"
"05/13/2020","1,165.07","1,149.00","1,178.00","1,143.01","38.54K","2.43%"
"05/12/2020","1,137.38","1,142.50","1,143.50","1,126.00","18.30K","0.59%"
"05/11/2020","1,130.72","1,115.00","1,134.00","1,115.00","4.84K","1.15%"
"05/08/2020","1,117.82","1,149.98","1,149.98","1,100.00","5.92K","-0.43%"
"05/07/2020","1,122.60","1,120.00","1,132.00","1,110.00","15.04K","-0.37%"
"05/06/2020","1,126.73","1,140.00","1,148.65","1,120.20","17.34K","-0.56%"
"05/05/2020","1,133.08","1,150.00","1,168.99","1,127.01","65.64K","0.72%"
"05/04/2020","1,124.95","1,169.00","1,169.00","1,120.00","60.12K","-3.84%"
"04/30/2020","1,169.90","1,122.00","1,172.53","1,122.00","119.54K","7.26%"
"04/29/2020","1,090.73","1,055.00","1,100.00","1,041.99","38.96K","4.78%"
"04/28/2020","1,040.96","1,030.00","1,058.95","1,030.00","16.76K","1.56%"
"04/27/2020","1,025.01","1,057.25","1,057.25","1,018.00","51.82K","-6.77%"
"04/24/2020","1,099.46","1,089.99","1,110.00","1,075.10","26.04K","1.73%"
"04/23/2020","1,080.78","1,040.00","1,090.00","1,035.00","45.36K","6.31%"
"04/22/2020","1,016.65","1,020.00","1,024.00","982.00","25.48K","-1.48%"
"04/21/2020","1,031.93","1,050.01","1,122.00","1,019.00","103.44K","-6.09%"
"04/20/2020","1,098.84","1,120.00","1,125.15","1,074.00","60.26K","2.94%"
"04/17/2020","1,067.45","1,050.01","1,097.14","1,050.01","69.40K","4.59%"
"04/16/2020","1,020.60","1,022.00","1,030.01","1,000.00","13.56K","1.50%"
"04/15/2020","1,005.50","1,040.00","1,040.00","995.00","21.68K","-1.14%"
"04/14/2020","1,017.12","1,000.00","1,040.00","999.59","17.94K","0.90%"
"04/13/2020","1,008.02","1,050.01","1,050.01","995.00","19.50K","-4.03%"
"04/10/2020","1,050.38","1,060.00","1,060.00","1,040.00","10.12K","-2.67%"
"04/09/2020","1,079.23","1,079.94","1,095.00","1,057.00","30.82K","3.84%"
"04/08/2020","1,039.34","1,050.15","1,065.00","1,033.01","14.50K","-1.47%"
"04/07/2020","1,054.84","1,030.82","1,080.00","1,030.82","17.70K","2.33%"
"04/06/2020","1,030.82","1,095.00","1,095.00","1,025.00","30.26K","-5.08%"
"04/03/2020","1,085.98","1,069.00","1,098.59","1,050.00","36.82K","6.27%"
"04/02/2020","1,021.95","970.00","1,021.95","970.00","27.34K","7.50%"
"04/01/2020","950.66","900.00","957.93","863.02","36.80K","6.68%"
"03/31/2020","891.10","849.00","892.75","835.00","80.02K","7.30%"
"03/30/2020","830.47","839.00","839.00","816.00","9.30K","-1.02%"
"03/27/2020","838.99","840.00","874.89","825.10","28.90K","-0.03%"
"03/26/2020","839.27","858.90","890.00","820.00","34.70K","-1.01%"
"03/25/2020","847.81","920.00","925.00","847.80","61.72K","-7.50%"
"03/24/2020","916.53","916.53","921.00","916.53","38.98K","-7.50%"
"03/20/2020","990.84","998.00","1,009.00","931.00","117.26K","4.50%"
"03/19/2020","948.13","872.66","995.00","872.66","263.74K","0.50%"
"03/18/2020","943.41","1,009.00","1,009.00","943.41","13.80K","-7.50%"
"03/17/2020","1,019.90","1,055.00","1,060.00","990.00","60.90K","-3.52%"
"03/16/2020","1,057.09","1,101.00","1,118.99","1,057.09","28.04K","-7.50%"
"03/13/2020","1,142.79","1,070.00","1,150.01","1,070.00","36.86K","2.15%"
"03/12/2020","1,118.74","1,160.00","1,160.00","1,112.74","34.68K","-6.50%"
"03/11/2020","1,196.49","1,215.00","1,249.89","1,175.00","92.42K","-1.35%"
"03/10/2020","1,212.89","1,082.07","1,225.00","1,082.07","818.46K","4.24%"
"03/09/2020","1,163.51","1,163.51","1,163.51","1,163.51","4.40K","-7.00%"
"03/06/2020","1,251.08","1,222.99","1,275.00","1,222.99","113.52K","4.32%"
"03/05/2020","1,199.23","1,153.55","1,230.00","1,153.55","15.02K","-0.20%"
"03/04/2020","1,201.68","1,240.00","1,240.00","1,195.00","7.28K","-1.74%"
"03/03/2020","1,222.90","1,240.00","1,240.00","1,211.00","5.28K","-0.45%"
"03/02/2020","1,228.40","1,240.00","1,240.00","1,211.00","17.80K","1.98%"
"02/28/2020","1,204.51","1,230.00","1,231.00","1,200.10","31.80K","-1.86%"
"02/27/2020","1,227.33","1,201.00","1,232.00","1,155.50","30.58K","0.05%"
"02/26/2020","1,226.71","1,202.00","1,245.00","1,202.00","25.66K","-0.22%"
"02/25/2020","1,229.39","1,200.02","1,245.00","1,192.01","39.48K","0.96%"
"02/24/2020","1,217.70","1,253.50","1,253.50","1,206.12","15.22K","-2.86%"
"02/21/2020","1,253.50","1,265.00","1,265.00","1,249.00","12.64K","-0.66%"
"02/20/2020","1,261.81","1,274.00","1,274.00","1,256.01","2.58K","-0.89%"
"02/19/2020","1,273.15","1,280.10","1,286.00","1,270.00","8.88K","-0.52%"
"02/18/2020","1,279.84","1,279.95","1,285.00","1,270.00","5.20K","-0.31%"
"02/17/2020","1,283.84","1,296.99","1,297.99","1,265.55","2.30K","-0.37%"
"02/14/2020","1,288.64","1,284.00","1,300.00","1,279.99","5.08K","-0.69%"
"02/13/2020","1,297.63","1,300.00","1,315.00","1,292.01","4.18K","-1.22%"
"02/12/2020","1,313.67","1,264.80","1,321.00","1,264.80","47.78K","3.87%"
"02/11/2020","1,264.73","1,235.00","1,268.00","1,226.00","39.28K","3.46%"
"02/10/2020","1,222.49","1,274.01","1,280.00","1,211.16","53.14K","-4.04%"
"02/07/2020","1,274.01","1,300.00","1,308.00","1,266.00","49.50K","-2.63%"
"02/06/2020","1,308.48","1,324.00","1,324.00","1,295.00","15.10K","-0.34%"
"02/04/2020","1,312.96","1,306.00","1,318.00","1,280.00","16.64K","1.04%"
"02/03/2020","1,299.49","1,325.06","1,369.00","1,290.00","31.68K","-4.35%"
"01/31/2020","1,358.59","1,398.99","1,400.00","1,343.43","24.30K","-2.25%"
"01/30/2020","1,389.89","1,395.00","1,412.99","1,388.00","11.22K","-1.34%"
"01/29/2020","1,408.83","1,422.00","1,422.00","1,385.01","13.02K","-0.90%"
"01/28/2020","1,421.65","1,425.50","1,439.39","1,415.00","11.70K","-1.09%"
"01/27/2020","1,437.28","1,450.00","1,450.00","1,410.01","7.70K","-0.68%"
"01/24/2020","1,447.15","1,378.00","1,460.01","1,377.00","12.46K","-0.17%"
"01/23/2020","1,449.67","1,465.00","1,468.00","1,439.90","29.88K","-0.33%"
"01/22/2020","1,454.50","1,439.99","1,474.00","1,416.01","51.84K","1.10%"
"01/21/2020","1,438.66","1,485.00","1,504.00","1,430.10","63.42K","-0.11%"
"01/20/2020","1,440.26","1,374.00","1,440.26","1,374.00","105.94K","5.50%"
"01/17/2020","1,365.18","1,359.98","1,375.00","1,340.00","28.66K","0.60%"
"01/16/2020","1,357.06","1,354.00","1,360.00","1,346.00","19.88K","-0.38%"
"01/15/2020","1,362.22","1,389.00","1,389.00","1,350.00","23.38K","-0.87%"
"01/14/2020","1,374.20","1,360.00","1,385.00","1,360.00","58.50K","0.54%"
"01/13/2020","1,366.83","1,348.00","1,375.00","1,348.00","31.08K","-0.26%"
"01/10/2020","1,370.37","1,355.00","1,380.00","1,340.00","61.36K","1.40%"
"01/09/2020","1,351.45","1,316.01","1,360.00","1,306.60","105.26K","3.59%"
"01/08/2020","1,304.56","1,275.00","1,359.00","1,275.00","65.84K","0.75%"
"01/07/2020","1,294.91","1,299.00","1,310.00","1,265.00","57.78K","1.00%"
"01/06/2020","1,282.10","1,300.00","1,305.00","1,265.00","205.24K","-2.09%"
"01/03/2020","1,309.42","1,333.99","1,333.99","1,305.00","42.28K","-1.28%"
"01/02/2020","1,326.39","1,320.00","1,339.99","1,313.50","42.50K","0.76%"
"01/01/2020","1,316.44","1,319.99","1,324.00","1,310.00","29.80K","0.48%"
"12/31/2019","1,310.10","1,322.00","1,335.00","1,295.00","75.50K","-0.81%"
"12/30/2019","1,320.85","1,325.00","1,335.00","1,317.00","10.72K","-0.30%"
"12/27/2019","1,324.82","1,335.00","1,354.00","1,310.00","66.38K","-2.22%"
"12/26/2019","1,354.96","1,339.99","1,358.00","1,330.00","61.90K","2.32%"
"12/24/2019","1,324.19","1,319.90","1,337.00","1,295.00","135.38K","0.55%"
"12/23/2019","1,316.90","1,340.00","1,340.00","1,310.00","41.22K","-1.60%"
"12/20/2019","1,338.34","1,324.00","1,340.00","1,310.02","76.60K","1.70%"
"12/19/2019","1,315.95","1,355.00","1,355.00","1,301.10","52.34K","-2.03%"
"12/18/2019","1,343.20","1,330.00","1,359.99","1,325.00","37.92K","-0.74%"
"12/17/2019","1,353.19","1,363.99","1,373.00","1,321.01","109.80K","-0.31%"
"12/16/2019","1,357.40","1,338.90","1,362.99","1,314.00","519.20K","2.19%"
"12/13/2019","1,328.36","1,349.50","1,358.95","1,324.01","94.60K","-0.62%"
"12/12/2019","1,336.61","1,370.00","1,383.83","1,326.10","303.02K","1.42%"
"12/11/2019","1,317.94","1,260.00","1,317.94","1,250.15","425.64K","5.00%"
"12/10/2019","1,255.19","1,264.99","1,265.02","1,246.00","24.14K","-0.22%"
"12/09/2019","1,257.99","1,240.00","1,275.00","1,239.99","83.60K","1.32%"
"12/06/2019","1,241.63","1,249.99","1,260.00","1,200.00","118.62K","-0.41%"
"12/05/2019","1,246.71","1,265.00","1,265.00","1,240.00","39.24K","-1.24%"
"12/04/2019","1,262.38","1,254.99","1,270.00","1,240.10","54.50K","0.88%"
"12/03/2019","1,251.35","1,250.00","1,290.00","1,231.02","67.16K","1.09%"
"12/02/2019","1,237.91","1,231.99","1,250.00","1,207.00","39.94K","1.27%"
"11/29/2019","1,222.37","1,226.49","1,253.00","1,220.00","55.88K","-0.90%"
"11/28/2019","1,233.42","1,219.99","1,245.00","1,211.01","30.48K","1.76%"
"11/27/2019","1,212.14","1,230.00","1,230.01","1,207.00","6.74K","-1.68%"
"11/26/2019","1,232.79","1,225.00","1,249.79","1,220.00","21.08K","-1.02%"
"11/25/2019","1,245.45","1,245.00","1,252.00","1,238.00","29.28K","0.20%"
"11/22/2019","1,242.94","1,216.00","1,249.00","1,210.00","40.00K","1.84%"
"11/21/2019","1,220.45","1,228.95","1,228.95","1,200.00","73.14K","-0.54%"
"11/20/2019","1,227.10","1,257.00","1,274.00","1,212.30","84.82K","-3.37%"
"11/19/2019","1,269.88","1,250.00","1,295.00","1,240.01","124.26K","0.52%"
"11/18/2019","1,263.31","1,235.00","1,275.00","1,222.00","89.78K","2.60%"
"11/15/2019","1,231.27","1,244.00","1,250.00","1,220.00","56.02K","-1.06%"
"11/14/2019","1,244.47","1,248.01","1,280.00","1,218.05","78.78K","-1.03%"
"11/13/2019","1,257.44","1,200.00","1,267.47","1,193.52","179.80K","4.17%"
"11/12/2019","1,207.12","1,230.00","1,235.00","1,200.50","32.78K","-2.15%"
"11/11/2019","1,233.68","1,220.00","1,245.00","1,218.00","60.66K","2.09%"
"11/08/2019","1,208.43","1,205.00","1,220.50","1,180.00","59.22K","1.35%"
"11/07/2019","1,192.39","1,185.00","1,198.00","1,166.00","30.58K","0.65%"
"11/06/2019","1,184.72","1,185.00","1,199.00","1,170.00","30.36K","0.75%"
"11/05/2019","1,175.86","1,168.00","1,199.99","1,153.01","19.92K","0.79%"
"11/04/2019","1,166.62","1,127.00","1,172.00","1,127.00","51.02K","3.50%"
"11/01/2019","1,127.18","1,090.00","1,143.35","1,075.00","37.42K","3.51%"
"10/31/2019","1,088.91","1,083.99","1,096.75","1,070.00","58.16K","1.62%"
"10/30/2019","1,071.58","1,075.00","1,089.98","1,051.50","26.68K","-0.85%"
"10/29/2019","1,080.81","1,089.00","1,100.00","1,050.51","16.14K","0.61%"
"10/28/2019","1,074.21","1,080.01","1,090.98","1,068.00","14.64K","-1.50%"
"10/25/2019","1,090.56","1,094.99","1,110.00","1,076.10","21.52K","0.36%"
"10/24/2019","1,086.70","1,085.97","1,090.00","1,065.50","14.50K","2.46%"
"10/23/2019","1,060.66","1,049.00","1,070.00","1,030.00","18.20K","2.32%"
"10/22/2019","1,036.60","1,020.00","1,054.00","996.00","75.04K","1.44%"
"10/21/2019","1,021.85","1,038.99","1,038.99","1,016.02","36.16K","-1.01%"
"10/18/2019","1,032.28","1,048.00","1,048.00","993.01","9.82K","1.66%"
"10/17/2019","1,015.38","1,062.50","1,062.50","1,015.00","49.36K","-4.23%"
"10/16/2019","1,060.20","1,080.00","1,080.00","1,049.10","9.44K","-1.66%"
"10/15/2019","1,078.11","1,095.78","1,100.00","1,063.02","33.74K","-1.61%"
"10/14/2019","1,095.77","1,070.00","1,105.00","1,070.00","34.78K","3.53%"
"10/11/2019","1,058.37","1,026.36","1,060.55","1,026.36","304.41K","4.78%"
"10/10/2019","1,010.05","965.45","1,010.05","946.36","90.20K","5.00%"
"10/09/2019","961.95","910.00","966.51","910.00","138.45K","4.50%"
"10/08/2019","920.49","936.35","938.18","904.64","56.63K","2.07%"
"10/07/2019","901.84","872.63","901.84","868.18","37.14K","5.00%"
"10/04/2019","858.90","849.08","876.36","836.38","38.43K","2.27%"
"10/03/2019","839.81","827.26","848.18","819.10","72.47K","1.94%"
"10/02/2019","823.85","823.64","834.45","817.27","20.70K","0.06%"
"10/01/2019","823.39","805.45","840.82","804.55","63.54K","0.73%"
"09/30/2019","817.42","824.55","836.37","810.09","47.23K","-0.89%"
"09/27/2019","824.72","799.54","826.77","786.89","32.10K","3.59%"
"09/26/2019","796.13","797.26","800.91","790.92","28.01K","-0.08%"
"09/25/2019","796.77","799.98","808.18","792.76","29.30K","0.34%"
"09/24/2019","794.05","799.90","800.00","781.96","33.42K","0.82%"
"09/23/2019","787.61","799.06","799.06","786.82","9.39K","-0.18%"
"09/20/2019","789.05","790.91","799.09","782.00","48.69K","-0.37%"
"09/19/2019","791.97","780.89","795.45","779.98","108.37K","1.36%"
"09/18/2019","781.35","800.00","800.00","772.72","84.33K","-2.40%"
"09/17/2019","800.55","807.25","827.27","790.91","45.96K","0.65%"
"09/16/2019","795.35","790.91","803.10","777.27","117.50K","3.99%"
"09/13/2019","764.86","790.00","790.89","754.64","64.24K","-3.69%"
"09/12/2019","794.16","790.90","803.63","787.73","163.13K","0.30%"
"09/11/2019","791.82","781.82","794.68","777.27","11.00K","1.08%"
"09/06/2019","783.35","785.45","798.17","763.63","18.70K","0.33%"
"09/05/2019","780.80","777.28","786.36","768.18","18.37K","0.38%"
"09/04/2019","777.85","754.71","796.51","748.23","20.81K","2.54%"
"09/03/2019","758.58","759.08","785.45","745.45","26.66K","0.54%"
"09/02/2019","754.50","763.64","763.64","751.83","8.95K","-0.51%"
"08/30/2019","758.36","772.71","772.71","750.00","67.54K","-0.37%"
"08/29/2019","761.16","770.00","770.00","759.09","2.46K","-1.42%"
"08/28/2019","772.12","763.64","777.18","763.64","53.46K","0.05%"
"08/27/2019","771.75","777.27","790.91","752.28","54.58K","-2.13%"
"08/26/2019","788.55","804.55","818.18","781.82","15.42K","-3.33%"
"08/23/2019","815.74","827.27","843.64","805.00","48.77K","-3.08%"
"08/22/2019","841.63","822.73","846.36","809.09","65.87K","3.90%"
"08/21/2019","810.02","800.00","816.36","786.36","49.76K","1.39%"
"08/20/2019","798.95","774.09","812.75","770.91","131.25K","3.22%"
"08/19/2019","774.05","763.64","794.55","763.64","24.73K","0.77%"
"08/16/2019","768.15","763.64","777.22","757.27","9.88K","-0.85%"
"08/09/2019","774.70","796.59","796.59","763.64","24.40K","-2.28%"
"08/08/2019","792.76","792.73","800.00","774.19","20.17K","-2.00%"
"08/07/2019","808.92","819.09","835.45","800.98","4.84K","-3.00%"
"08/06/2019","833.98","827.28","854.55","819.24","36.67K","-1.01%"
"08/05/2019","842.48","828.19","845.45","828.19","0.84K","-0.67%"
"08/02/2019","848.14","850.00","850.00","842.73","4.29K","-0.04%"
"08/01/2019","848.52","851.83","851.83","841.82","6.05K","-0.12%"
"07/31/2019","849.53","836.36","854.55","836.36","35.95K","1.61%"
"07/30/2019","836.10","813.64","847.27","813.64","76.93K","1.38%"
"07/29/2019","824.73","829.23","831.82","818.18","13.75K","-0.54%"
"07/26/2019","829.23","823.64","832.73","819.09","8.93K","-1.14%"
"07/25/2019","838.78","831.82","844.50","818.18","16.52K","0.21%"
"07/24/2019","836.99","862.73","862.73","836.36","29.06K","-3.10%"
"07/23/2019","863.77","863.64","868.18","855.45","36.01K","-0.36%"
"07/22/2019","866.85","872.73","882.73","860.14","31.09K","-1.80%"
"07/19/2019","882.73","882.73","889.09","874.55","22.00K","-0.73%"
"07/18/2019","889.26","875.57","904.55","856.41","7.72K","0.12%"
"07/17/2019","888.16","881.82","892.27","879.10","3.10K","0.39%"
"07/16/2019","884.68","899.08","899.08","872.91","10.67K","-0.36%"
"07/15/2019","887.87","881.82","902.73","858.18","9.61K","-0.15%"
"07/12/2019","889.22","890.91","909.09","872.72","19.87K","-0.67%"
"07/11/2019","895.21","895.55","900.00","892.77","2.02K","-1.37%"
"07/10/2019","907.69","904.55","909.09","904.55","0.75K","-0.08%"
"07/09/2019","908.41","901.82","909.09","901.82","2.35K","-0.06%"
"07/08/2019","909.00","898.18","909.09","895.46","4.95K","0.16%"
"07/05/2019","907.55","909.09","918.18","894.55","19.51K","-1.57%"
"07/04/2019","922.05","930.91","930.91","909.09","3.63K","-0.04%"
"07/03/2019","922.43","931.82","931.82","910.00","13.51K","-0.12%"
"07/02/2019","923.50","921.82","926.36","921.82","1.43K","0.16%"
"07/01/2019","922.07","913.64","934.45","892.27","3.59K","0.49%"
"06/28/2019","917.57","904.55","931.82","892.78","68.84K","1.48%"
"06/27/2019","904.20","919.27","927.27","886.36","51.08K","-2.12%"
"06/26/2019","923.74","936.36","946.36","909.09","20.35K","-1.83%"
"06/25/2019","940.94","936.36","954.55","909.09","3.92K","1.32%"
"06/24/2019","928.68","950.00","950.92","918.18","9.48K","-3.29%"
"06/21/2019","960.26","976.36","978.18","937.27","1.01K","0.50%"
"06/20/2019","955.45","927.27","962.73","927.27","6.67K","2.19%"
"06/19/2019","934.95","953.64","953.64","907.31","8.43K","1.46%"
"06/18/2019","921.47","954.55","954.55","918.49","39.78K","-4.69%"
"06/17/2019","966.83","982.73","983.64","965.92","4.40K","-3.20%"
"06/14/2019","998.76","1,000.00","1,009.09","990.91","22.64K","0.29%"
"06/13/2019","995.85","1,018.18","1,018.18","972.73","10.27K","1.26%"
"06/12/2019","983.44","981.82","999.99","964.74","17.20K","0.14%"
"06/11/2019","982.05","970.00","1,009.95","970.00","15.91K","-1.98%"
"06/10/2019","1,001.84","977.27","1,035.45","964.74","4.71K","-0.09%"
"06/03/2019","1,002.70","1,022.73","1,022.77","1,000.00","4.07K","-3.56%"
"05/30/2019","1,039.73","1,004.55","1,045.45","1,004.55","16.28K","1.25%"
"05/29/2019","1,026.90","995.45","1,026.95","990.91","57.22K","4.99%"
"05/28/2019","978.05","973.64","999.99","960.00","36.04K","-2.34%"
"05/27/2019","1,001.52","985.45","1,022.73","985.45","14.59K","1.10%"
"05/24/2019","990.59","960.00","1,036.36","945.45","71.02K","0.36%"
"05/23/2019","987.02","945.45","987.02","940.91","144.72K","5.00%"
"05/22/2019","940.02","908.18","940.02","890.91","77.37K","5.00%"
"05/21/2019","895.26","890.90","899.09","854.55","30.69K","3.51%"
"05/20/2019","864.93","845.45","878.86","828.18","16.43K","1.07%"
"05/17/2019","855.81","870.00","877.27","854.55","66.11K","-4.77%"
"05/16/2019","898.65","881.82","909.09","873.64","16.02K","0.40%"
"05/15/2019","895.06","872.73","905.90","870.91","52.67K","3.74%"
"05/14/2019","862.76","854.55","886.36","824.55","97.44K","1.32%"
"05/13/2019","851.55","891.82","900.00","851.55","36.94K","-5.00%"
"05/10/2019","896.35","904.55","904.55","891.82","17.64K","-1.40%"
"05/09/2019","909.06","939.09","927.27","908.37","68.79K","-4.93%"
"05/08/2019","956.17","990.91","991.82","956.17","25.34K","-5.00%"
"05/07/2019","1,006.49","1,013.64","1,013.64","1,006.36","2.75K","-1.76%"
"05/06/2019","1,024.50","1,045.45","1,045.45","1,018.18","10.41K","-1.78%"
"05/03/2019","1,043.07","1,036.36","1,053.63","1,032.73","6.84K","-0.65%"
"05/02/2019","1,049.85","1,054.55","1,060.91","1,036.42","5.94K","-1.13%"
"04/30/2019","1,061.80","1,068.18","1,069.10","1,060.01","4.18K","-1.28%"
"04/29/2019","1,075.58","1,063.69","1,089.09","1,055.45","26.51K","0.50%"
"04/26/2019","1,070.26","1,063.64","1,072.73","1,054.57","3.26K","0.58%"
"04/25/2019","1,064.11","1,072.73","1,077.27","1,059.09","3.92K","-0.13%"
"04/24/2019","1,065.52","1,060.42","1,080.90","1,053.64","11.55K","1.00%"
"04/23/2019","1,054.96","1,068.18","1,068.18","1,054.55","16.30K","-1.55%"
"04/22/2019","1,071.54","1,068.18","1,077.27","1,054.55","18.06K","-0.02%"
"04/19/2019","1,071.78","1,086.36","1,109.09","1,063.65","102.72K","-1.22%"
"04/18/2019","1,085.07","1,074.55","1,088.86","1,072.82","5.02K","-0.05%"
"04/17/2019","1,085.61","1,089.09","1,089.09","1,077.27","2.73K","-0.35%"
"04/16/2019","1,089.46","1,090.00","1,090.00","1,081.82","1.85K","0.28%"
"04/15/2019","1,086.45","1,081.82","1,099.91","1,081.82","24.51K","-0.40%"
"04/12/2019","1,090.85","1,081.82","1,095.45","1,081.82","40.19K","0.69%"
"04/11/2019","1,083.36","1,086.36","1,090.91","1,072.73","57.97K","-0.30%"
"04/10/2019","1,086.58","1,068.18","1,099.07","1,068.18","15.86K","-0.36%"
"04/09/2019","1,090.55","1,072.74","1,100.91","1,072.74","30.58K","0.53%"
"04/08/2019","1,084.78","1,077.27","1,090.91","1,070.01","11.57K","-0.95%"
"04/05/2019","1,095.19","1,072.73","1,108.18","1,063.64","31.44K","1.43%"
"04/04/2019","1,079.73","1,100.00","1,100.03","1,074.55","21.25K","-2.82%"
"04/03/2019","1,111.03","1,110.00","1,130.91","1,087.27","45.98K","-0.02%"
"04/02/2019","1,111.28","1,118.17","1,136.36","1,090.89","25.01K","-0.22%"
"04/01/2019","1,113.73","1,127.28","1,127.28","1,105.45","5.52K","-1.62%"
"03/29/2019","1,132.04","1,147.27","1,147.27","1,127.27","7.55K","-0.77%"
"03/28/2019","1,140.86","1,129.55","1,159.05","1,128.18","7.66K","-0.81%"
"03/27/2019","1,150.14","1,136.36","1,177.27","1,135.45","27.81K","1.59%"
"03/26/2019","1,132.10","1,118.18","1,136.36","1,108.18","4.84K","1.88%"
"03/25/2019","1,111.25","1,131.82","1,134.55","1,090.91","42.28K","-1.69%"
"03/22/2019","1,130.34","1,143.64","1,153.64","1,109.09","30.82K","-0.33%"
"03/21/2019","1,134.13","1,147.27","1,163.82","1,126.36","26.73K","-3.31%"
"03/20/2019","1,173.00","1,168.19","1,176.36","1,163.64","1.03K","-0.32%"
"03/19/2019","1,176.75","1,172.73","1,180.91","1,154.55","2.05K","0.18%"
"03/18/2019","1,174.62","1,172.73","1,181.82","1,145.45","15.40K","-0.60%"
"03/15/2019","1,181.71","1,170.92","1,190.91","1,163.64","5.30K","0.51%"
"03/14/2019","1,175.68","1,177.27","1,192.73","1,159.09","5.48K","-0.38%"
"03/13/2019","1,180.18","1,138.18","1,181.82","1,138.18","11.04K","-0.06%"
"03/12/2019","1,180.87","1,177.27","1,181.82","1,168.18","5.21K","-0.08%"
"03/11/2019","1,181.82","1,181.82","1,181.82","1,173.64","28.86K","0.13%"
"03/08/2019","1,180.29","1,195.45","1,195.45","1,177.27","19.62K","-0.45%"
"03/07/2019","1,185.65","1,181.83","1,192.73","1,181.82","2.49K","0.12%"
"03/06/2019","1,184.25","1,212.73","1,212.73","1,164.64","16.24K","-1.05%"
"03/05/2019","1,196.77","1,213.64","1,213.64","1,194.55","74.54K","-0.24%"
"03/04/2019","1,199.70","1,213.64","1,213.64","1,183.64","6.38K","-1.04%"
"03/01/2019","1,212.27","1,199.91","1,222.73","1,199.91","17.58K","1.66%"
"02/28/2019","1,192.48","1,181.82","1,204.53","1,181.82","15.88K","0.12%"
"02/27/2019","1,191.11","1,172.73","1,218.18","1,131.82","26.88K","0.15%"
"02/26/2019","1,189.38","1,198.18","1,198.18","1,180.91","17.89K","-1.88%"
"02/25/2019","1,212.16","1,181.82","1,249.99","1,181.82","9.15K","1.78%"
"02/22/2019","1,190.97","1,181.83","1,195.45","1,168.18","25.19K","0.49%"
"02/21/2019","1,185.19","1,192.73","1,203.64","1,181.82","46.57K","0.15%"
"02/20/2019","1,183.41","1,172.73","1,207.27","1,159.09","18.70K","2.16%"
"02/19/2019","1,158.43","1,146.47","1,181.81","1,145.45","12.14K","-0.94%"
"02/18/2019","1,169.47","1,174.55","1,181.82","1,150.00","20.79K","-1.01%"
"02/15/2019","1,181.36","1,180.91","1,184.55","1,168.18","4.71K","0.04%"
"02/14/2019","1,180.83","1,190.91","1,190.91","1,172.73","6.97K","-0.08%"
"02/13/2019","1,181.82","1,181.82","1,189.73","1,177.27","6.09K","0.09%"
"02/12/2019","1,180.75","1,177.27","1,185.45","1,163.64","17.01K","1.51%"
"02/11/2019","1,163.14","1,172.73","1,177.27","1,154.55","15.38K","-0.76%"
"02/08/2019","1,172.06","1,193.68","1,199.99","1,167.27","19.71K","-1.79%"
"02/07/2019","1,193.40","1,186.38","1,201.81","1,186.38","12.65K","-0.52%"
"02/06/2019","1,199.66","1,189.54","1,209.09","1,184.55","46.79K","1.50%"
"02/04/2019","1,181.90","1,181.82","1,190.91","1,177.27","110.66K","0.73%"
"02/01/2019","1,173.30","1,163.68","1,181.82","1,163.68","14.61K","-0.18%"
"01/31/2019","1,175.43","1,209.09","1,209.27","1,170.00","62.41K","-3.58%"
"01/30/2019","1,219.07","1,218.18","1,227.27","1,210.15","12.12K","0.06%"
"01/29/2019","1,218.36","1,194.55","1,222.73","1,193.77","19.03K","1.07%"
"01/28/2019","1,205.45","1,202.73","1,213.64","1,201.84","6.38K","-0.71%"
"01/25/2019","1,214.07","1,204.55","1,222.73","1,200.00","3.81K","0.22%"
"01/24/2019","1,211.45","1,226.36","1,226.36","1,204.55","2.33K","0.42%"
"01/23/2019","1,206.36","1,187.27","1,209.09","1,187.27","0.86K","0.11%"
"01/22/2019","1,204.98","1,204.55","1,218.09","1,204.54","5.10K","-0.21%"
"01/21/2019","1,207.53","1,204.55","1,227.26","1,200.00","8.65K","0.24%"
"01/18/2019","1,204.66","1,192.74","1,208.18","1,191.82","2.57K","0.15%"
"01/17/2019","1,202.91","1,199.09","1,209.09","1,174.55","11.68K","1.27%"
"01/16/2019","1,187.85","1,183.64","1,217.97","1,175.56","31.53K","-2.21%"
"01/15/2019","1,214.75","1,227.27","1,247.27","1,182.27","39.78K","-0.81%"
"01/14/2019","1,224.73","1,213.64","1,245.45","1,213.64","9.61K","-1.13%"
"01/11/2019","1,238.72","1,246.37","1,254.55","1,218.18","29.15K","-1.86%"
"01/10/2019","1,262.25","1,263.64","1,268.18","1,237.27","7.70K","0.27%"
"01/09/2019","1,258.85","1,254.55","1,263.64","1,236.36","12.03K","-0.32%"
"01/08/2019","1,262.94","1,240.91","1,271.82","1,227.27","16.19K","3.33%"
"01/07/2019","1,222.23","1,203.64","1,234.55","1,190.91","10.16K","3.35%"
"01/04/2019","1,182.59","1,194.54","1,204.55","1,181.82","14.28K","-0.31%"
"01/03/2019","1,186.27","1,170.91","1,186.36","1,168.18","3.48K","1.41%"
"01/02/2019","1,169.81","1,153.81","1,198.18","1,153.64","27.63K","1.39%"
"01/01/2019","1,153.81","1,127.27","1,172.73","1,113.64","11.75K","2.70%"
"12/31/2018","1,123.51","1,090.91","1,181.82","1,090.91","33.09K","-0.88%"
"12/28/2018","1,133.51","1,114.55","1,150.91","1,100.00","51.06K","-0.71%"
"12/27/2018","1,141.56","1,164.55","1,181.82","1,114.32","40.90K","-1.64%"
"12/26/2018","1,160.65","1,123.64","1,177.27","1,123.64","18.83K","-1.16%"
"12/24/2018","1,174.28","1,195.45","1,195.45","1,145.45","30.69K","-1.36%"
"12/21/2018","1,190.51","1,185.91","1,200.00","1,182.23","62.19K","0.17%"
"12/20/2018","1,188.51","1,218.17","1,218.17","1,181.85","43.10K","0.54%"
"12/19/2018","1,182.08","1,181.82","1,190.91","1,159.09","74.82K","-0.01%"
"12/18/2018","1,182.19","1,200.00","1,200.00","1,181.82","34.83K","-0.94%"
"12/17/2018","1,193.44","1,220.91","1,231.82","1,185.45","47.63K","-3.09%"
"12/14/2018","1,231.55","1,213.64","1,254.55","1,213.64","19.54K","2.22%"
"12/13/2018","1,204.77","1,213.64","1,215.45","1,204.53","26.11K","-0.76%"
"12/12/2018","1,214.03","1,205.45","1,218.18","1,204.55","38.32K","-0.36%"
"12/11/2018","1,218.39","1,240.30","1,240.30","1,204.55","37.53K","-1.77%"
"12/10/2018","1,240.29","1,240.00","1,259.09","1,226.35","66.46K","2.95%"
"12/07/2018","1,204.79","1,218.18","1,218.18","1,201.82","16.59K","0.08%"
"12/06/2018","1,203.88","1,227.37","1,245.45","1,200.91","72.29K","-1.92%"
"12/05/2018","1,227.39","1,202.73","1,268.17","1,200.00","117.19K","-0.91%"
"12/04/2018","1,238.64","1,268.18","1,271.82","1,218.18","56.89K","0.12%"
"12/03/2018","1,237.21","1,286.36","1,286.36","1,209.09","14.43K","-2.18%"
"11/30/2018","1,264.83","1,170.05","1,265.06","1,170.05","34.01K","4.98%"
"11/29/2018","1,204.83","1,209.09","1,209.10","1,204.55","12.28K","-1.61%"
"11/28/2018","1,224.51","1,224.01","1,240.91","1,209.10","11.75K","0.04%"
"11/27/2018","1,224.01","1,227.27","1,231.82","1,200.00","22.15K","-0.70%"
"11/26/2018","1,232.58","1,200.02","1,240.00","1,200.02","13.64K","0.95%"
"11/23/2018","1,221.01","1,210.09","1,249.08","1,210.09","15.20K","-1.16%"
"11/22/2018","1,235.37","1,280.91","1,280.91","1,227.27","23.30K","-3.28%"
"11/20/2018","1,277.25","1,272.73","1,288.18","1,263.64","2.66K","0.32%"
"11/19/2018","1,273.12","1,290.91","1,290.91","1,272.73","29.41K","-0.17%"
"11/16/2018","1,275.26","1,263.75","1,285.36","1,263.75","6.40K","1.26%"
"11/15/2018","1,259.33","1,270.91","1,270.91","1,245.45","17.31K","1.16%"
"11/14/2018","1,244.95","1,272.73","1,272.74","1,227.27","99.73K","-2.26%"
"11/13/2018","1,273.75","1,272.73","1,290.90","1,254.55","18.50K","-0.04%"
"11/12/2018","1,274.30","1,272.73","1,281.81","1,272.73","8.45K","0.16%"
"11/09/2018","1,272.25","1,282.73","1,286.36","1,240.91","20.53K","-0.87%"
"11/08/2018","1,283.47","1,277.27","1,290.91","1,277.27","5.35K","-0.23%"
"11/07/2018","1,286.43","1,282.91","1,290.91","1,279.09","7.55K","0.27%"
"11/06/2018","1,282.91","1,289.89","1,289.89","1,278.20","17.82K","0.37%"
"11/05/2018","1,278.20","1,290.91","1,290.91","1,272.73","21.10K","-1.08%"
"11/02/2018","1,292.11","1,318.19","1,322.75","1,278.18","67.83K","-3.46%"
"11/01/2018","1,338.38","1,340.91","1,340.91","1,318.18","19.36K","-0.19%"
"10/31/2018","1,340.91","1,363.64","1,363.64","1,319.10","26.58K","-0.87%"
"10/30/2018","1,352.62","1,363.18","1,363.64","1,318.27","133.80K","0.58%"
"10/29/2018","1,344.87","1,312.73","1,350.00","1,292.73","38.46K","3.38%"
"10/26/2018","1,300.93","1,292.73","1,315.45","1,281.83","8.62K","0.10%"
"10/25/2018","1,299.60","1,288.18","1,312.73","1,288.18","7.04K","-0.95%"
"10/24/2018","1,312.01","1,327.27","1,336.36","1,281.82","29.30K","2.53%"
"10/23/2018","1,279.69","1,290.91","1,290.91","1,263.73","15.97K","-1.22%"
"10/22/2018","1,295.53","1,290.44","1,299.99","1,281.82","3.94K","0.39%"
"10/19/2018","1,290.44","1,286.36","1,300.00","1,273.73","5.65K","-0.91%"
"10/18/2018","1,302.25","1,311.82","1,322.73","1,272.73","10.82K","0.53%"
"10/17/2018","1,295.39","1,272.73","1,313.64","1,272.73","17.29K","1.75%"
"10/16/2018","1,273.05","1,272.73","1,286.36","1,236.36","12.12K","-0.06%"
"10/15/2018","1,273.82","1,255.45","1,297.23","1,255.45","111.56K","-2.82%"
"10/12/2018","1,310.81","1,296.45","1,327.27","1,296.45","3.12K","-2.41%"
"10/11/2018","1,343.21","1,281.82","1,361.37","1,272.73","15.58K","3.60%"
"10/10/2018","1,296.55","1,305.45","1,309.09","1,278.18","8.76K","1.16%"
"10/09/2018","1,281.69","1,228.10","1,283.23","1,228.10","44.07K","4.87%"
"10/08/2018","1,222.13","1,252.07","1,252.07","1,219.01","13.46K","-3.03%"
"10/05/2018","1,260.26","1,280.99","1,280.99","1,252.19","10.99K","-0.83%"
"10/04/2018","1,270.85","1,252.07","1,276.03","1,252.07","0.63K","-1.06%"
"10/03/2018","1,284.53","1,285.95","1,289.26","1,272.73","6.41K","-0.09%"
"10/02/2018","1,285.72","1,290.91","1,296.61","1,285.12","290.25K","-0.39%"
"10/01/2018","1,290.81","1,276.85","1,314.05","1,272.74","40.80K","0.23%"
"09/28/2018","1,287.88","1,280.81","1,315.77","1,240.50","17.67K","2.08%"
"09/27/2018","1,261.63","1,260.33","1,271.07","1,256.20","308.09K","0.41%"
"09/26/2018","1,256.53","1,289.17","1,289.26","1,256.20","2.76K","-1.07%"
"09/25/2018","1,270.06","1,246.28","1,276.86","1,239.26","27.76K","2.79%"
"09/24/2018","1,235.54","1,247.93","1,247.93","1,235.54","1.28K","-1.05%"
"09/19/2018","1,248.62","1,243.80","1,256.12","1,244.27","108.88K","-0.74%"
"09/18/2018","1,257.98","1,261.16","1,302.48","1,257.03","12.80K","-0.18%"
"09/17/2018","1,260.27","1,261.16","1,295.86","1,256.20","300.85K","0.25%"
"09/14/2018","1,257.14","1,263.64","1,264.42","1,255.37","1.02K","0.33%"
"09/13/2018","1,252.98","1,239.67","1,256.20","1,236.36","31.36K","1.07%"
"09/12/2018","1,239.67","1,223.15","1,243.79","1,223.15","12.75K","0.15%"
"09/11/2018","1,237.79","1,247.93","1,247.93","1,223.14","13.99K","-0.15%"
"09/10/2018","1,239.67","1,231.41","1,239.68","1,231.41","11.59K","0.00%"
"09/07/2018","1,239.73","1,264.46","1,264.46","1,239.67","6.92K","-1.31%"
"09/06/2018","1,256.14","1,256.19","1,256.20","1,247.93","0.73K","0.11%"
"09/05/2018","1,254.71","1,272.73","1,272.73","1,248.76","14.13K","-0.43%"
"09/04/2018","1,260.19","1,272.56","1,272.64","1,241.32","1.84K","-0.54%"
"09/03/2018","1,267.02","1,258.68","1,280.08","1,254.96","16.77K","0.10%"
"08/31/2018","1,265.80","1,279.34","1,279.34","1,253.93","3.80K","-0.53%"
"08/30/2018","1,272.55","1,285.08","1,288.84","1,255.36","16.17K","-0.30%"
"08/29/2018","1,276.35","1,264.47","1,314.05","1,257.03","6.65K","-0.57%"
"08/28/2018","1,283.69","1,310.66","1,310.66","1,268.60","5.18K","-1.89%"
"08/27/2018","1,308.36","1,305.79","1,314.05","1,290.91","1.06K","-0.43%"
"08/24/2018","1,314.01","1,305.79","1,322.40","1,289.26","33.47K","0.03%"
"08/20/2018","1,313.68","1,298.35","1,321.49","1,297.52","1.31K","0.92%"
"08/17/2018","1,301.74","1,301.65","1,309.92","1,285.12","27.93K","0.11%"
"08/16/2018","1,300.36","1,301.64","1,301.64","1,297.52","0.53K","-0.07%"
"08/15/2018","1,301.28","1,294.75","1,305.79","1,293.39","43.37K","1.58%"
"08/13/2018","1,280.99","1,272.81","1,289.34","1,256.33","24.27K","0.33%"
"08/10/2018","1,276.79","1,280.99","1,295.87","1,275.21","4.40K","0.47%"
"08/09/2018","1,270.80","1,260.33","1,301.65","1,239.67","12.46K","1.05%"
"08/08/2018","1,257.55","1,243.80","1,263.62","1,243.80","123.83K","0.84%"
"08/07/2018","1,247.07","1,235.54","1,255.37","1,232.23","0.97K","0.67%"
"08/06/2018","1,238.72","1,239.58","1,239.67","1,214.88","2.01K","1.32%"
"08/03/2018","1,222.54","1,210.74","1,238.02","1,210.74","4.21K","0.65%"
"08/02/2018","1,214.60","1,220.66","1,220.66","1,206.61","2.15K","-0.70%"
"08/01/2018","1,223.14","1,199.17","1,231.41","1,199.17","16.70K","0.96%"
"07/31/2018","1,211.49","1,235.54","1,235.54","1,203.32","16.17K","-2.19%"
"07/30/2018","1,238.61","1,208.18","1,244.11","1,206.61","60.33K","4.54%"
"07/27/2018","1,184.87","1,197.52","1,206.61","1,177.69","37.05K","0.29%"
"07/26/2018","1,181.45","1,214.88","1,214.88","1,175.38","20.26K","-0.19%"
"07/24/2018","1,183.64","1,118.18","1,200.83","1,118.18","26.28K","1.94%"
"07/23/2018","1,161.06","1,206.61","1,206.61","1,157.03","21.56K","-3.78%"
"07/20/2018","1,206.73","1,194.22","1,228.10","1,191.74","18.05K","-2.34%"
"07/19/2018","1,235.66","1,239.67","1,239.67","1,215.88","22.38K","2.66%"
"07/18/2018","1,203.66","1,185.95","1,218.84","1,179.34","19.84K","2.08%"
"07/17/2018","1,179.17","1,185.95","1,185.95","1,166.12","3.85K","-1.60%"
"07/16/2018","1,198.35","1,185.12","1,198.35","1,157.11","29.84K","1.15%"
"07/13/2018","1,184.74","1,169.42","1,198.25","1,169.42","9.00K","2.31%"
"07/12/2018","1,158.03","1,157.03","1,165.29","1,136.36","2.06K","0.25%"
"07/11/2018","1,155.15","1,156.98","1,160.33","1,148.75","4.94K","1.81%"
"07/10/2018","1,134.64","1,136.36","1,174.38","1,107.44","78.36K","-1.94%"
"07/09/2018","1,157.03","1,177.69","1,180.99","1,156.93","11.30K","-3.61%"
"07/06/2018","1,200.34","1,198.35","1,229.75","1,186.07","3.27K","-1.50%"
"07/05/2018","1,218.64","1,229.75","1,256.36","1,203.48","20.88K","1.85%"
"07/04/2018","1,196.55","1,224.79","1,228.93","1,186.78","9.39K","-3.48%"
"07/03/2018","1,239.71","1,239.67","1,243.80","1,239.67","5.20K","0.00%"
"07/02/2018","1,239.67","1,239.67","1,239.68","1,239.67","1.84K","-0.41%"
"06/29/2018","1,244.78","1,247.93","1,261.16","1,214.88","21.34K","0.70%"
"06/28/2018","1,236.09","1,223.14","1,256.20","1,223.13","21.56K","1.06%"
"06/27/2018","1,223.14","1,238.83","1,239.67","1,215.70","28.36K","1.93%"
"06/26/2018","1,200.00","1,231.40","1,231.41","1,185.12","28.00K","-0.31%"
"06/25/2018","1,203.68","1,190.09","1,239.67","1,190.08","45.01K","-2.11%"
"06/22/2018","1,229.57","1,247.93","1,252.07","1,219.01","37.75K","-1.86%"
"06/21/2018","1,252.85","1,268.60","1,268.60","1,243.80","16.72K","-1.24%"
"06/20/2018","1,268.60","1,280.99","1,280.99","1,267.78","4.21K","-0.71%"
"06/19/2018","1,277.62","1,290.91","1,290.91","1,272.73","9.61K","-1.07%"
"06/14/2018","1,291.43","1,219.83","1,301.64","1,272.73","15.78K","0.84%"
"06/13/2018","1,280.70","1,311.57","1,297.51","1,275.22","4.23K","-0.02%"
"06/12/2018","1,280.98","1,288.43","1,322.31","1,273.55","23.89K","0.58%"
"06/11/2018","1,273.60","1,252.07","1,289.26","1,252.07","4.21K","0.66%"
"06/07/2018","1,265.31","1,239.67","1,279.33","1,239.67","25.43K","-0.07%"
"06/06/2018","1,266.22","1,338.01","1,338.01","1,264.46","15.46K","-1.49%"
"06/05/2018","1,285.41","1,260.33","1,322.31","1,249.59","16.48K","1.33%"
"06/04/2018","1,268.51","1,266.94","1,268.60","1,266.93","0.27K","0.39%"
"06/01/2018","1,263.60","1,239.67","1,268.60","1,243.80","16.29K","0.56%"
"05/31/2018","1,256.52","1,276.86","1,276.86","1,239.67","17.69K","-0.07%"
"05/30/2018","1,257.34","1,264.44","1,272.64","1,247.93","4.28K","0.00%"
"05/29/2018","1,257.33","1,262.81","1,264.46","1,247.94","2.42K","0.14%"
"05/28/2018","1,255.55","1,264.38","1,268.59","1,247.93","24.90K","0.56%"
"05/25/2018","1,248.51","1,256.20","1,264.46","1,247.93","24.59K","-0.60%"
"05/24/2018","1,256.09","1,252.07","1,280.99","1,252.07","4.89K","-0.18%"
"05/23/2018","1,258.30","1,264.38","1,264.46","1,250.00","10.96K","-0.17%"
"05/22/2018","1,260.43","1,247.93","1,261.07","1,239.67","6.95K","1.43%"
"05/21/2018","1,242.71","1,252.07","1,252.07","1,239.66","2.52K","-1.09%"
"05/18/2018","1,256.41","1,279.34","1,279.34","1,252.89","9.44K","0.35%"
"05/17/2018","1,252.07","1,252.07","1,260.33","1,252.07","0.65K","-0.23%"
"05/16/2018","1,254.91","1,260.33","1,260.34","1,252.07","4.57K","-0.07%"
"05/15/2018","1,255.76","1,240.50","1,272.73","1,240.50","9.56K","-0.98%"
"05/14/2018","1,268.14","1,268.60","1,280.99","1,260.33","7.60K","-2.33%"
"05/11/2018","1,298.36","1,301.65","1,301.65","1,297.56","2.40K","-0.08%"
"05/10/2018","1,299.36","1,297.52","1,305.79","1,297.52","7.74K","-1.10%"
"05/09/2018","1,313.79","1,322.31","1,338.84","1,264.55","55.03K","-0.27%"
"05/08/2018","1,317.33","1,244.63","1,322.31","1,244.63","112.00K","2.83%"
"05/07/2018","1,281.11","1,280.99","1,295.69","1,280.99","16.92K","0.01%"
"05/04/2018","1,280.99","1,263.64","1,280.99","1,263.64","11.52K","0.28%"
"05/03/2018","1,277.41","1,280.99","1,281.98","1,272.73","3.32K","-0.28%"
"05/02/2018","1,281.03","1,260.34","1,281.82","1,257.11","5.44K","0.80%"
"04/30/2018","1,270.90","1,263.63","1,280.16","1,263.63","6.61K","1.40%"
"04/27/2018","1,253.37","1,257.84","1,264.45","1,239.83","72.36K","-0.38%"
"04/26/2018","1,258.13","1,272.72","1,272.72","1,257.03","0.82K","-0.61%"
"04/25/2018","1,265.90","1,264.46","1,267.77","1,256.20","1.60K","-0.09%"
"04/24/2018","1,267.04","1,264.46","1,272.73","1,248.76","5.18K","0.82%"
"04/23/2018","1,256.75","1,280.57","1,280.57","1,256.20","0.56K","-1.26%"
"04/20/2018","1,272.73","1,247.94","1,272.73","1,247.94","79.55K","1.12%"
"04/19/2018","1,258.61","1,262.81","1,263.64","1,252.07","11.40K","0.51%"
"04/18/2018","1,252.27","1,256.22","1,257.48","1,252.07","11.40K","-0.95%"
"04/17/2018","1,264.25","1,239.67","1,280.07","1,239.67","65.05K","-0.41%"
"04/16/2018","1,269.43","1,254.25","1,280.16","1,252.07","76.96K","1.21%"
"04/13/2018","1,254.25","1,264.38","1,268.60","1,241.45","0.56K","-0.30%"
"04/12/2018","1,258.08","1,272.73","1,280.99","1,239.68","17.09K","-0.76%"
"04/11/2018","1,267.77","1,244.22","1,280.08","1,244.22","6.00K","0.33%"
"04/10/2018","1,263.64","1,199.17","1,264.46","1,247.93","3.32K","0.79%"
"04/09/2018","1,253.75","1,260.33","1,279.21","1,239.66","10.28K","-0.02%"
"04/06/2018","1,254.01","1,223.97","1,260.33","1,223.97","221.50K","1.80%"
"04/05/2018","1,231.84","1,239.67","1,247.93","1,229.75","29.19K","0.26%"
"04/04/2018","1,228.63","1,206.61","1,239.67","1,206.65","60.28K","1.45%"
"04/03/2018","1,211.03","1,223.14","1,223.14","1,203.31","10.12K","-0.39%"
"04/02/2018","1,215.73","1,228.10","1,228.93","1,204.96","3.48K","-0.64%"
"03/30/2018","1,223.60","1,198.35","1,231.41","1,183.47","11.91K","1.37%"
"03/29/2018","1,207.05","1,194.22","1,208.26","1,194.22","23.40K","0.12%"
"03/28/2018","1,205.55","1,206.60","1,210.74","1,199.17","0.85K","0.45%"
"03/27/2018","1,200.12","1,223.14","1,223.14","1,196.69","28.56K","-1.84%"
"03/26/2018","1,222.62","1,207.56","1,227.27","1,207.44","12.37K","1.25%"
"03/22/2018","1,207.58","1,218.17","1,218.18","1,202.48","6.97K","0.68%"
"03/21/2018","1,199.38","1,214.88","1,219.01","1,198.35","4.33K","0.09%"
"03/20/2018","1,198.36","1,181.80","1,200.41","1,181.80","29.28K","2.08%"
"03/19/2018","1,173.96","1,165.30","1,177.69","1,165.29","6.03K","-0.08%"
"03/16/2018","1,174.89","1,173.72","1,180.91","1,152.89","27.66K","-0.22%"
"03/15/2018","1,177.46","1,180.99","1,181.78","1,173.55","5.35K","-0.06%"
"03/14/2018","1,178.19","1,173.98","1,181.80","1,173.98","4.23K","-0.33%"
"03/13/2018","1,182.11","1,181.81","1,188.84","1,181.81","24.44K","0.40%"
"03/12/2018","1,177.38","1,173.55","1,177.69","1,173.55","5.86K","0.47%"
"03/09/2018","1,171.91","1,171.98","1,173.80","1,166.94","2.73K","-0.01%"
"03/08/2018","1,172.07","1,176.03","1,177.69","1,166.12","11.33K","-0.18%"
"03/07/2018","1,174.20","1,165.29","1,177.89","1,165.29","9.17K","-0.56%"
"03/06/2018","1,180.84","1,181.82","1,182.64","1,180.17","19.12K","-0.07%"
"03/05/2018","1,181.70","1,178.51","1,185.94","1,177.69","11.33K","0.28%"
"03/02/2018","1,178.36","1,190.41","1,194.22","1,177.69","22.36K","-0.99%"
"03/01/2018","1,190.12","1,221.48","1,231.41","1,177.69","55.73K","-2.16%"
"02/28/2018","1,216.44","1,269.83","1,272.73","1,205.06","92.98K","-4.10%"
"02/27/2018","1,268.48","1,262.81","1,280.99","1,260.34","0.85K","-1.07%"
"02/26/2018","1,282.18","1,280.17","1,290.08","1,264.48","0.92K","-0.72%"
"02/23/2018","1,291.44","1,280.99","1,305.79","1,264.46","6.29K","-0.06%"
"02/22/2018","1,292.22","1,264.46","1,295.04","1,264.46","6.15K","1.43%"
"02/21/2018","1,274.05","1,294.22","1,294.22","1,272.71","3.15K","-0.70%"
"02/20/2018","1,283.03","1,289.26","1,293.39","1,256.20","5.23K","-0.53%"
"02/19/2018","1,289.83","1,289.26","1,305.79","1,280.98","12.37K","0.04%"
"02/16/2018","1,289.31","1,272.74","1,305.79","1,284.71","8.66K","1.30%"
"02/15/2018","1,272.74","1,268.60","1,320.66","1,260.85","12.80K","-0.57%"
"02/14/2018","1,280.04","1,301.65","1,301.65","1,268.60","19.46K","-1.91%"
"02/13/2018","1,304.93","1,314.05","1,314.05","1,301.65","1.11K","0.43%"
"02/12/2018","1,299.37","1,305.79","1,305.79","1,289.26","10.48K","-0.61%"
"02/09/2018","1,307.35","1,314.05","1,322.31","1,290.08","14.21K","0.84%"
"02/08/2018","1,296.49","1,322.10","1,322.10","1,293.39","3.97K","-0.84%"
"02/07/2018","1,307.45","1,380.16","1,380.16","1,301.65","8.03K","-0.82%"
"02/06/2018","1,318.26","1,272.73","1,330.58","1,272.73","51.72K","-0.03%"
"02/02/2018","1,318.61","1,312.40","1,332.07","1,294.22","7.67K","0.68%"
"02/01/2018","1,309.68","1,293.39","1,314.05","1,293.36","2.93K","1.48%"
"01/31/2018","1,290.52","1,252.90","1,297.31","1,252.90","15.61K","0.64%"
"01/30/2018","1,282.37","1,256.28","1,289.26","1,256.20","10.50K","1.74%"
"01/29/2018","1,260.41","1,254.71","1,264.46","1,252.07","0.31K","-0.40%"
"01/26/2018","1,265.45","1,272.73","1,272.73","1,256.20","14.45K","-0.35%"
"01/25/2018","1,269.88","1,252.23","1,280.99","1,252.23","14.93K","1.72%"
"01/24/2018","1,248.41","1,190.08","1,256.20","1,190.08","105.20K","0.61%"
"01/23/2018","1,240.89","1,247.93","1,247.93","1,231.41","13.91K","-0.13%"
"01/22/2018","1,242.54","1,239.67","1,247.93","1,219.01","37.63K","0.23%"
"01/19/2018","1,239.65","1,240.50","1,240.50","1,234.79","19.31K","-0.79%"
"01/18/2018","1,249.53","1,252.40","1,268.93","1,241.32","49.49K","0.76%"
"01/17/2018","1,240.05","1,239.67","1,247.85","1,235.12","43.87K","0.12%"
"01/16/2018","1,238.60","1,227.27","1,239.67","1,227.27","3.99K","1.69%"
"01/15/2018","1,218.05","1,238.01","1,238.01","1,214.88","3.46K","-1.07%"
"01/12/2018","1,231.17","1,231.41","1,239.67","1,214.88","13.19K","0.15%"
"01/11/2018","1,229.32","1,239.67","1,243.80","1,223.14","14.64K","-0.70%"
"01/10/2018","1,238.03","1,239.67","1,254.43","1,218.18","25.41K","0.74%"
"01/09/2018","1,228.99","1,247.93","1,247.93","1,223.98","6.29K","-1.51%"
"01/08/2018","1,247.81","1,239.67","1,252.07","1,234.71","10.77K","0.81%"
"01/05/2018","1,237.84","1,223.98","1,256.20","1,223.98","8.40K","-0.15%"
"01/04/2018","1,239.75","1,246.91","1,260.33","1,239.67","22.51K","0.52%"
"01/03/2018","1,233.31","1,271.07","1,272.73","1,223.14","103.43K","-0.61%"
"01/02/2018","1,240.84","1,219.01","1,246.27","1,210.74","8.11K","4.40%"
"01/01/2018","1,188.53","1,199.17","1,214.88","1,181.82","1.65K","-0.88%"
"12/29/2017","1,199.07","1,181.83","1,206.61","1,181.83","3.32K","0.76%"
"12/28/2017","1,190.08","1,194.22","1,202.47","1,190.08","1.52K","-0.26%"
"12/27/2017","1,193.22","1,181.83","1,198.34","1,181.83","10.04K","1.13%"
"12/26/2017","1,179.90","1,173.55","1,218.02","1,157.03","17.45K","0.31%"
"12/22/2017","1,176.20","1,164.45","1,216.52","1,150.41","8.03K","1.51%"
"12/21/2017","1,158.65","1,157.03","1,164.46","1,157.03","3.02K","0.25%"
"12/20/2017","1,155.71","1,165.29","1,172.73","1,136.36","11.66K","0.00%"
"12/19/2017","1,155.69","1,192.19","1,192.19","1,148.76","8.86K","-3.56%"
"12/18/2017","1,198.33","1,198.35","1,198.35","1,194.22","25.00K","-0.83%"
"12/15/2017","1,208.42","1,198.36","1,221.49","1,181.82","11.69K","1.17%"
"12/14/2017","1,194.50","1,206.61","1,218.17","1,190.08","9.83K","-2.14%"
"12/13/2017","1,220.66","1,227.27","1,227.27","1,220.65","8.62K","0.17%"
"12/12/2017","1,218.58","1,223.14","1,223.14","1,202.48","11.40K","-0.20%"
"12/11/2017","1,221.02","1,231.41","1,245.25","1,199.17","44.46K","1.85%"
"12/08/2017","1,198.87","1,198.36","1,223.14","1,197.52","15.17K","0.10%"
"12/07/2017","1,197.66","1,206.61","1,218.18","1,190.08","3.75K","-1.96%"
"12/06/2017","1,221.66","1,235.52","1,235.52","1,219.01","4.67K","-0.84%"
"12/05/2017","1,232.00","1,243.80","1,243.80","1,225.62","12.80K","-0.34%"
"12/04/2017","1,236.20","1,219.01","1,244.55","1,219.01","0.77K","0.39%"
"11/30/2017","1,231.41","1,243.80","1,243.80","1,219.01","9.34K","-0.67%"
"11/29/2017","1,239.69","1,239.67","1,243.80","1,231.41","6.78K","-0.33%"
"11/28/2017","1,243.80","1,256.20","1,258.68","1,243.80","13.07K","-1.24%"
"11/27/2017","1,259.48","1,240.50","1,272.73","1,240.50","55.78K","-0.42%"
"11/24/2017","1,264.78","1,264.46","1,280.17","1,261.16","2.81K","-0.56%"
"11/23/2017","1,271.90","1,273.55","1,280.98","1,264.46","0.44K","-0.90%"
"11/22/2017","1,283.47","1,280.99","1,289.26","1,272.73","1.57K","0.19%"
"11/21/2017","1,280.98","1,276.86","1,301.65","1,265.34","0.99K","0.26%"
"11/20/2017","1,277.63","1,314.04","1,314.04","1,272.73","4.48K","-2.77%"
"11/17/2017","1,314.07","1,249.59","1,317.35","1,305.79","7.60K","-0.02%"
"11/16/2017","1,314.39","1,318.19","1,330.58","1,314.05","17.88K","-0.65%"
"11/15/2017","1,322.98","1,301.65","1,332.23","1,297.51","8.66K","3.13%"
"11/14/2017","1,282.85","1,305.79","1,321.07","1,280.99","9.20K","-1.29%"
"11/13/2017","1,299.60","1,322.31","1,322.31","1,297.52","2.57K","-1.55%"
"11/10/2017","1,320.02","1,314.05","1,336.32","1,310.19","1.16K","-0.20%"
"11/09/2017","1,322.67","1,320.05","1,338.84","1,314.88","7.70K","0.98%"
"11/08/2017","1,309.85","1,309.09","1,314.05","1,297.52","12.34K","0.03%"
"11/07/2017","1,309.47","1,271.56","1,326.45","1,271.56","48.69K","2.14%"
"11/06/2017","1,282.07","1,338.02","1,338.02","1,276.86","9.12K","0.55%"
"11/03/2017","1,275.05","1,299.17","1,280.99","1,269.42","23.74K","-0.17%"
"11/02/2017","1,277.22","1,280.16","1,300.83","1,243.80","16.36K","1.60%"
"11/01/2017","1,257.11","1,214.87","1,258.26","1,214.87","60.69K","4.90%"
"10/31/2017","1,198.35","1,161.16","1,214.88","1,161.16","28.97K","2.11%"
"10/30/2017","1,173.59","1,157.03","1,177.69","1,157.03","21.90K","0.30%"
"10/27/2017","1,170.06","1,157.03","1,176.86","1,157.03","33.59K","-2.39%"
"10/26/2017","1,198.74","1,206.61","1,235.45","1,194.22","28.92K","-0.65%"
"10/25/2017","1,206.61","1,214.88","1,214.88","1,198.35","1.86K","0.70%"
"10/24/2017","1,198.18","1,227.27","1,227.27","1,194.22","8.57K","-2.34%"
"10/23/2017","1,226.93","1,243.80","1,252.07","1,210.74","5.81K","-2.60%"
"10/20/2017","1,259.69","1,254.55","1,280.99","1,239.67","26.28K","0.34%"
"10/19/2017","1,255.39","1,239.67","1,280.91","1,210.74","26.67K","2.75%"
"10/18/2017","1,221.74","1,207.69","1,231.41","1,206.61","10.84K","0.53%"
"10/17/2017","1,215.30","1,204.96","1,235.54","1,204.96","12.61K","1.07%"
"10/16/2017","1,202.38","1,173.47","1,212.40","1,171.07","5.20K","3.25%"
"10/13/2017","1,164.49","1,182.64","1,220.66","1,157.03","34.53K","-2.79%"
"10/12/2017","1,197.87","1,202.48","1,202.48","1,181.82","4.72K","-1.63%"
"10/11/2017","1,217.78","1,198.35","1,223.14","1,190.08","10.53K","0.29%"
"10/10/2017","1,214.24","1,215.70","1,223.14","1,185.12","2.57K","-0.15%"
"10/09/2017","1,216.10","1,243.81","1,255.09","1,210.70","99.66K","-4.58%"
"10/06/2017","1,274.42","1,235.54","1,293.28","1,221.49","16.09K","3.47%"
"10/05/2017","1,231.70","1,239.67","1,239.68","1,219.01","8.81K","-0.96%"
"10/04/2017","1,243.70","1,233.06","1,247.93","1,198.35","15.10K","-1.04%"
"10/03/2017","1,256.74","1,244.63","1,268.60","1,229.75","5.11K","0.86%"
"10/02/2017","1,246.01","1,280.99","1,280.99","1,239.67","1.57K","0.18%"
"09/29/2017","1,243.81","1,235.54","1,273.55","1,234.71","7.70K","0.25%"
"09/28/2017","1,240.76","1,261.98","1,261.98","1,235.54","12.78K","-1.65%"
"09/27/2017","1,261.57","1,280.99","1,280.99","1,258.68","0.82K","-1.52%"
"09/26/2017","1,280.99","1,276.86","1,280.99","1,260.36","5.42K","0.10%"
"09/25/2017","1,279.67","1,305.20","1,305.20","1,264.46","1.02K","-0.10%"
"09/22/2017","1,280.98","1,280.99","1,289.26","1,215.70","5.13K","0.16%"
"09/21/2017","1,278.93","1,288.43","1,290.08","1,269.85","1.77K","-0.93%"
"09/20/2017","1,290.91","1,289.26","1,301.61","1,270.27","14.96K","0.23%"
"09/19/2017","1,288.01","1,223.55","1,297.52","1,223.55","5.74K","2.48%"
"09/18/2017","1,256.86","1,257.06","1,257.06","1,256.20","1.50K","-1.16%"
"09/15/2017","1,271.62","1,260.34","1,289.26","1,247.93","73.30K","1.81%"
"09/14/2017","1,248.98","1,239.67","1,264.46","1,232.26","4.99K","1.05%"
"09/13/2017","1,236.03","1,181.82","1,236.03","1,181.82","7.74K","5.00%"
"09/12/2017","1,177.17","1,158.06","1,187.93","1,158.06","1.11K","0.28%"
"09/11/2017","1,173.93","1,179.31","1,181.82","1,165.29","3.48K","-0.46%"
"09/08/2017","1,179.31","1,208.83","1,219.01","1,173.55","10.79K","-1.23%"
"09/07/2017","1,193.97","1,198.35","1,221.49","1,181.82","9.56K","-1.47%"
"09/06/2017","1,211.76","1,239.67","1,242.98","1,198.35","16.24K","-0.25%"
"09/05/2017","1,214.85","1,185.95","1,227.27","1,185.95","15.95K","2.38%"
"08/31/2017","1,186.65","1,219.01","1,235.54","1,138.57","92.06K","-0.99%"
"08/30/2017","1,198.49","1,192.64","1,280.99","1,192.64","147.45K","-4.53%"
"08/29/2017","1,255.41","1,255.41","1,255.41","1,255.41","4.21K","-5.00%"
"08/28/2017","1,321.49","1,321.49","1,321.49","1,321.49","5.93K","-5.00%"
"08/25/2017","1,391.03","1,358.68","1,396.69","1,358.68","27.93K","0.83%"
"08/24/2017","1,379.53","1,420.98","1,420.98","1,343.88","17.57K","-2.07%"
"08/23/2017","1,408.64","1,397.71","1,429.65","1,390.91","12.22K","-0.20%"
"08/22/2017","1,411.44","1,384.49","1,446.28","1,359.50","25.99K","-1.02%"
"08/21/2017","1,425.94","1,465.37","1,471.05","1,421.49","6.07K","-2.65%"
"08/18/2017","1,464.83","1,369.42","1,479.83","1,368.60","51.26K","3.94%"
"08/17/2017","1,409.36","1,476.86","1,476.86","1,395.45","129.64K","-4.04%"
"08/16/2017","1,468.69","1,466.94","1,471.07","1,463.64","19.75K","0.11%"
"08/15/2017","1,467.14","1,487.61","1,495.87","1,456.20","95.06K","-1.89%"
"08/11/2017","1,495.38","1,466.94","1,503.06","1,466.94","33.03K","1.08%"
"08/10/2017","1,479.35","1,487.60","1,490.04","1,479.34","5.76K","-0.12%"
"08/09/2017","1,481.13","1,446.47","1,487.60","1,446.28","12.70K","1.44%"
"08/08/2017","1,460.08","1,475.21","1,480.99","1,446.28","35.77K","-0.66%"
"08/07/2017","1,469.74","1,485.12","1,485.12","1,462.81","3.32K","-0.54%"
"08/04/2017","1,477.79","1,536.36","1,536.36","1,472.21","2.54K","-0.59%"
"08/03/2017","1,486.57","1,512.40","1,512.40","1,466.94","21.93K","0.00%"
"08/02/2017","1,486.55","1,477.40","1,508.26","1,477.40","35.16K","0.62%"
"08/01/2017","1,477.38","1,458.68","1,487.60","1,446.28","30.81K","2.04%"
"07/31/2017","1,447.91","1,421.32","1,472.21","1,419.83","37.68K","3.27%"
"07/28/2017","1,402.11","1,305.79","1,424.79","1,305.79","31.10K","2.71%"
"07/27/2017","1,365.14","1,347.94","1,419.79","1,347.94","104.50K","0.96%"
"07/26/2017","1,352.19","1,335.54","1,355.37","1,332.23","19.84K","2.22%"
"07/25/2017","1,322.87","1,318.18","1,355.37","1,318.18","21.59K","1.17%"
"07/24/2017","1,307.51","1,338.83","1,338.83","1,298.35","4.62K","-1.64%"
"07/21/2017","1,329.34","1,264.46","1,334.71","1,247.93","21.27K","4.44%"
"07/20/2017","1,272.86","1,313.22","1,313.22","1,271.07","13.67K","-1.45%"
"07/19/2017","1,291.56","1,254.55","1,312.29","1,254.55","23.81K","2.72%"
"07/18/2017","1,257.31","1,252.07","1,268.60","1,250.41","14.25K","1.38%"
"07/17/2017","1,240.15","1,220.66","1,249.58","1,220.66","9.99K","1.58%"
"07/14/2017","1,220.86","1,228.93","1,247.93","1,207.19","14.81K","0.48%"
"07/13/2017","1,214.97","1,227.77","1,239.67","1,198.35","18.61K","-1.60%"
"07/12/2017","1,234.69","1,227.27","1,272.73","1,198.35","46.42K","-1.88%"
"07/11/2017","1,258.40","1,285.95","1,322.30","1,258.40","30.81K","-5.00%"
"07/10/2017","1,324.63","1,305.79","1,338.02","1,305.79","11.01K","0.18%"
"07/07/2017","1,322.23","1,303.72","1,326.45","1,303.72","9.22K","0.37%"
"07/06/2017","1,317.39","1,326.45","1,326.45","1,289.26","3.65K","-0.52%"
"07/05/2017","1,324.22","1,289.25","1,341.62","1,273.55","18.56K","3.64%"
"07/04/2017","1,277.74","1,181.82","1,289.26","1,181.82","29.64K","3.09%"
"07/03/2017","1,239.46","1,290.29","1,290.29","1,237.07","30.56K","-4.82%"
"06/30/2017","1,302.18","1,280.99","1,308.26","1,280.99","2.78K","0.36%"
"06/29/2017","1,297.52","1,338.82","1,338.82","1,269.40","19.82K","-1.02%"
"06/22/2017","1,310.93","1,294.22","1,347.33","1,272.73","32.48K","2.16%"
"06/21/2017","1,283.17","1,265.29","1,318.18","1,239.67","53.70K","0.57%"
"06/20/2017","1,275.92","1,305.79","1,305.79","1,273.47","32.19K","-2.57%"
"06/19/2017","1,309.62","1,315.70","1,316.27","1,277.69","48.33K","0.57%"
"06/16/2017","1,302.22","1,320.66","1,342.98","1,280.99","80.92K","-0.42%"
"06/15/2017","1,307.71","1,268.68","1,322.32","1,268.68","78.41K","-1.01%"
"06/14/2017","1,321.05","1,363.61","1,363.64","1,305.79","69.12K","-1.45%"
"06/13/2017","1,340.48","1,319.01","1,367.77","1,318.18","36.23K","0.09%"
"06/12/2017","1,339.30","1,390.36","1,390.92","1,333.79","34.97K","-4.61%"
"06/09/2017","1,403.98","1,404.05","1,411.49","1,396.69","51.74K","-0.05%"
"06/08/2017","1,404.70","1,425.60","1,425.60","1,388.43","71.66K","0.41%"
"06/07/2017","1,398.97","1,406.61","1,409.09","1,393.29","23.21K","-0.43%"
"06/06/2017","1,405.01","1,404.96","1,438.02","1,355.37","42.54K","1.19%"
"06/05/2017","1,388.55","1,347.08","1,388.55","1,324.80","15.63K","5.00%"
"06/02/2017","1,322.43","1,322.31","1,359.50","1,274.46","158.34K","-1.42%"
"06/01/2017","1,341.54","1,397.93","1,404.96","1,327.04","149.27K","-3.96%"
"05/31/2017","1,396.88","1,445.45","1,446.28","1,360.24","84.72K","-2.44%"
"05/30/2017","1,431.83","1,402.67","1,441.07","1,402.67","57.43K","1.07%"
"05/29/2017","1,416.62","1,371.90","1,429.75","1,371.90","54.55K","1.58%"
"05/26/2017","1,394.57","1,440.50","1,440.50","1,380.17","107.84K","-2.59%"
"05/25/2017","1,431.68","1,390.81","1,438.02","1,386.78","109.19K","3.81%"
"05/24/2017","1,379.20","1,363.64","1,404.96","1,363.64","60.91K","1.83%"
"05/23/2017","1,354.36","1,356.20","1,363.64","1,351.24","33.20K","0.87%"
"05/22/2017","1,342.74","1,348.76","1,355.37","1,323.97","31.68K","-0.45%"
"05/19/2017","1,348.79","1,322.31","1,363.55","1,314.05","55.08K","1.24%"
"05/18/2017","1,332.25","1,334.71","1,335.54","1,325.62","3.48K","-0.95%"
"05/17/2017","1,345.01","1,347.11","1,370.25","1,323.14","35.45K","-0.18%"
"05/16/2017","1,347.43","1,357.85","1,357.85","1,331.49","92.95K","0.41%"
"05/15/2017","1,341.97","1,322.31","1,359.50","1,316.53","78.99K","1.61%"
"05/12/2017","1,320.75","1,308.26","1,326.45","1,304.96","38.53K","1.31%"
"05/11/2017","1,303.66","1,272.70","1,309.92","1,268.60","25.46K","3.51%"
"05/10/2017","1,259.43","1,269.42","1,272.73","1,252.07","4.11K","-0.35%"
"05/09/2017","1,263.83","1,260.42","1,280.99","1,260.33","9.49K","-0.25%"
"05/08/2017","1,266.95","1,264.44","1,272.73","1,243.80","83.34K","1.24%"
"05/05/2017","1,251.49","1,259.50","1,264.46","1,247.93","111.59K","-1.09%"
"05/04/2017","1,265.27","1,240.50","1,305.79","1,240.50","100.45K","0.01%"
"05/03/2017","1,265.17","1,288.85","1,288.85","1,252.07","89.93K","-0.91%"
"05/02/2017","1,276.75","1,296.69","1,297.52","1,271.90","24.78K","-1.85%"
"04/28/2017","1,300.79","1,301.66","1,305.79","1,282.64","119.84K","-0.40%"
"04/27/2017","1,306.06","1,322.31","1,326.45","1,297.52","127.90K","-1.12%"
"04/26/2017","1,320.92","1,287.60","1,326.45","1,287.60","168.48K","1.15%"
"04/25/2017","1,305.89","1,323.15","1,334.61","1,282.24","210.47K","-1.22%"
"04/24/2017","1,322.07","1,321.49","1,328.10","1,297.51","223.92K","0.02%"
"04/21/2017","1,321.80","1,314.05","1,343.80","1,309.92","155.10K","0.66%"
"04/20/2017","1,313.07","1,239.67","1,343.61","1,230.99","309.52K","2.61%"
"04/19/2017","1,279.64","1,210.74","1,285.12","1,177.69","189.85K","3.27%"
"04/18/2017","1,239.17","1,212.40","1,242.15","1,212.38","206.43K","2.73%"
"04/17/2017","1,206.22","1,198.35","1,214.88","1,165.29","114.30K","0.79%"
"04/14/2017","1,196.75","1,199.17","1,231.41","1,185.95","126.64K","-3.87%"
"04/13/2017","1,244.94","1,321.48","1,321.48","1,244.94","212.96K","-5.00%"
"04/12/2017","1,310.46","1,289.26","1,314.05","1,285.12","105.66K","2.69%"
"04/11/2017","1,276.17","1,240.50","1,290.91","1,240.50","67.61K","-0.60%"
"04/10/2017","1,283.83","1,293.39","1,291.32","1,280.17","34.99K","-0.75%"
"04/07/2017","1,293.52","1,315.70","1,316.12","1,289.26","76.96K","-0.93%"
"04/06/2017","1,305.61","1,293.39","1,314.05","1,260.33","123.44K","0.64%"
"04/05/2017","1,297.34","1,312.40","1,320.66","1,289.26","129.76K","-0.63%"
"04/04/2017","1,305.52","1,293.39","1,330.57","1,280.99","182.40K","1.06%"
"04/03/2017","1,291.82","1,247.93","1,319.41","1,228.93","148.22K","2.80%"
"03/31/2017","1,256.59","1,247.93","1,256.59","1,222.31","271.38K","5.00%"
"03/30/2017","1,196.75","1,172.73","1,196.75","1,157.03","88.86K","5.00%"
"03/29/2017","1,139.77","1,103.31","1,139.77","1,099.17","233.46K","5.00%"
"03/28/2017","1,085.50","1,069.42","1,111.57","1,045.45","229.63K","1.82%"
"03/27/2017","1,066.13","1,086.87","1,090.91","1,060.81","100.91K","-2.51%"
"03/24/2017","1,093.55","1,075.66","1,097.52","1,075.66","77.61K","0.61%"
"03/22/2017","1,086.95","1,107.41","1,107.41","1,078.51","153.91K","-1.33%"
"03/21/2017","1,101.55","1,128.11","1,140.50","1,095.04","49.88K","-3.85%"
"03/20/2017","1,145.70","1,100.01","1,152.89","1,100.01","154.15K","3.70%"
"03/17/2017","1,104.86","1,157.03","1,164.46","1,088.27","205.51K","-3.55%"
"03/16/2017","1,145.55","1,115.70","1,158.64","1,066.12","67.78K","3.81%"
"03/15/2017","1,103.47","1,079.34","1,107.44","1,078.60","51.59K","2.27%"
"03/14/2017","1,078.96","1,080.59","1,082.64","1,074.38","92.06K","-1.33%"
"03/13/2017","1,093.55","1,107.64","1,107.64","1,088.43","50.24K","-1.93%"
"03/10/2017","1,115.03","1,117.71","1,132.15","1,103.31","60.55K","-1.48%"
"03/09/2017","1,131.74","1,140.50","1,161.16","1,115.70","110.38K","-2.06%"
"03/08/2017","1,155.51","1,144.63","1,157.84","1,144.63","104.71K","1.02%"
"03/07/2017","1,143.83","1,156.20","1,157.03","1,142.15","36.93K","-1.11%"
"03/06/2017","1,156.66","1,176.03","1,176.03","1,149.17","35.04K","-1.67%"
"03/03/2017","1,176.36","1,172.73","1,202.48","1,137.20","109.34K","2.07%"
"03/02/2017","1,152.46","1,108.26","1,157.04","1,108.26","35.55K","2.79%"
"03/01/2017","1,121.22","1,099.17","1,132.23","1,090.91","30.78K","1.24%"
"02/28/2017","1,107.44","1,115.70","1,115.70","1,100.83","51.79K","-0.72%"
"02/27/2017","1,115.50","1,104.13","1,126.36","1,096.69","7.79K","0.26%"
"02/24/2017","1,112.62","1,094.22","1,119.83","1,082.64","30.95K","3.53%"
"02/23/2017","1,074.65","1,021.50","1,093.39","1,021.50","52.34K","2.04%"
"02/22/2017","1,053.12","1,057.85","1,066.12","1,052.07","22.53K","0.31%"
"02/21/2017","1,049.90","1,044.63","1,057.85","1,037.19","12.58K","-0.66%"
"02/20/2017","1,056.84","1,044.63","1,092.55","1,044.63","12.41K","-1.48%"
"02/17/2017","1,072.74","1,111.56","1,111.56","1,070.25","9.29K","-0.89%"
"02/16/2017","1,082.37","1,082.69","1,095.87","1,081.00","10.58K","-0.35%"
"02/15/2017","1,086.14","1,078.51","1,116.53","1,078.51","40.80K","0.67%"
"02/14/2017","1,078.96","1,074.38","1,109.92","1,074.38","14.08K","-1.57%"
"02/13/2017","1,096.18","1,111.58","1,128.10","1,074.46","39.69K","-0.94%"
"02/10/2017","1,106.53","1,177.69","1,177.69","1,099.17","59.82K","-4.01%"
"02/09/2017","1,152.81","1,157.03","1,172.73","1,148.76","61.27K","-0.97%"
"02/08/2017","1,164.12","1,165.30","1,180.99","1,161.16","19.48K","-1.13%"
"02/07/2017","1,177.45","1,188.43","1,188.43","1,171.90","38.33K","-0.97%"
"02/06/2017","1,189.03","1,197.52","1,198.35","1,165.29","44.79K","-0.23%"
"02/03/2017","1,191.73","1,191.73","1,191.73","1,144.63","150.43K","5.00%"
"02/02/2017","1,134.98","1,098.35","1,145.30","1,053.72","169.64K","4.05%"
"02/01/2017","1,090.76","1,079.35","1,097.41","1,075.21","35.33K","2.15%"
"01/31/2017","1,067.85","1,095.04","1,095.04","1,057.02","92.86K","-3.05%"
"01/30/2017","1,101.45","1,136.23","1,148.76","1,101.45","33.78K","-5.00%"
"01/27/2017","1,159.42","1,184.39","1,188.43","1,157.03","12.85K","-1.94%"
"01/26/2017","1,182.37","1,192.56","1,199.17","1,180.34","8.13K","-1.33%"
"01/25/2017","1,198.31","1,226.45","1,227.27","1,192.83","20.01K","-1.55%"
"01/24/2017","1,217.18","1,235.54","1,235.54","1,210.74","85.11K","-1.27%"
"01/23/2017","1,232.83","1,230.17","1,252.07","1,210.74","95.64K","0.24%"
"01/20/2017","1,229.86","1,214.04","1,267.74","1,177.69","82.96K","1.86%"
"01/19/2017","1,207.37","1,203.31","1,214.88","1,194.22","148.49K","0.16%"
"01/18/2017","1,205.44","1,228.10","1,228.10","1,198.35","59.56K","0.14%"
"01/17/2017","1,203.78","1,204.12","1,214.88","1,186.86","68.53K","0.09%"
"01/16/2017","1,202.71","1,221.45","1,221.45","1,183.48","290.16K","3.39%"
"01/13/2017","1,163.30","1,165.29","1,194.21","1,153.11","109.65K","0.36%"
"01/12/2017","1,159.16","1,140.50","1,173.49","1,140.50","64.61K","1.81%"
"01/11/2017","1,138.50","1,123.97","1,142.05","1,113.24","69.62K","0.70%"
"01/10/2017","1,130.62","1,138.84","1,138.84","1,115.70","11.16K","0.31%"
"01/09/2017","1,127.14","1,133.06","1,148.76","1,123.97","92.03K","-0.29%"
"01/06/2017","1,130.43","1,115.70","1,158.68","1,115.70","67.06K","1.15%"
"01/05/2017","1,117.63","1,119.83","1,140.49","1,115.70","88.35K","-0.72%"
"01/04/2017","1,125.69","1,138.84","1,138.84","1,119.83","58.15K","0.45%"
"01/03/2017","1,120.61","1,119.83","1,132.22","1,100.73","120.95K","-0.53%"
"01/02/2017","1,126.53","1,133.06","1,152.07","1,123.31","14.06K","-0.86%"
"12/30/2016","1,136.29","1,133.06","1,151.22","1,115.70","35.09K","-0.49%"
"12/29/2016","1,141.93","1,157.02","1,165.20","1,124.80","23.72K","-0.17%"
"12/28/2016","1,143.83","1,154.55","1,165.29","1,139.75","34.67K","-0.68%"
"12/27/2016","1,151.71","1,128.10","1,157.03","1,128.10","23.17K","0.68%"
"12/26/2016","1,143.96","1,140.50","1,158.68","1,139.67","22.81K","-0.85%"
"12/23/2016","1,153.78","1,123.97","1,173.55","1,119.83","48.70K","2.34%"
"12/22/2016","1,127.35","1,161.98","1,161.98","1,123.97","10.95K","-2.41%"
"12/21/2016","1,155.21","1,184.30","1,185.12","1,135.54","45.37K","-1.22%"
"12/20/2016","1,169.51","1,200.00","1,200.83","1,165.29","28.98K","-2.20%"
"12/19/2016","1,195.76","1,198.35","1,219.01","1,182.81","136.12K","1.64%"
"12/16/2016","1,176.52","1,184.30","1,219.01","1,152.89","205.28K","0.31%"
"12/15/2016","1,172.89","1,134.71","1,190.91","1,115.70","228.93K","3.36%"
"12/14/2016","1,134.75","1,134.75","1,134.75","1,125.36","235.04K","5.00%"
"12/13/2016","1,080.72","1,080.72","1,080.72","1,080.72","52.88K","5.00%"
"12/09/2016","1,029.26","991.74","1,029.26","987.61","115.25K","5.00%"
"12/08/2016","980.25","915.70","980.25","909.09","77.74K","5.00%"
"12/07/2016","933.57","935.54","941.32","925.62","27.10K","-0.16%"
"12/06/2016","935.02","929.75","943.80","928.10","37.51K","0.91%"
"12/05/2016","926.63","900.83","935.54","895.87","62.86K","3.18%"
"12/02/2016","898.09","913.22","917.36","894.22","95.53K","-1.36%"
"12/01/2016","910.44","910.44","910.44","904.96","166.74K","5.00%"
"11/30/2016","867.09","855.37","884.25","855.37","52.51K","0.93%"
"11/29/2016","859.07","861.16","873.47","852.07","22.87K","-0.28%"
"11/28/2016","861.45","869.50","876.03","859.50","12.46K","-1.78%"
"11/25/2016","877.05","883.88","884.30","871.90","220.52K","-0.20%"
"11/24/2016","878.80","884.30","904.22","876.03","327.18K","-0.57%"
"11/23/2016","883.81","876.02","885.08","867.77","124.69K","1.18%"
"11/22/2016","873.48","876.02","885.04","871.90","110.41K","1.06%"
"11/21/2016","864.30","842.98","867.77","842.98","25.77K","2.46%"
"11/18/2016","843.51","863.64","863.64","841.32","21.72K","-1.81%"
"11/17/2016","859.10","855.37","873.97","855.36","74.05K","-0.23%"
"11/16/2016","861.07","859.41","871.07","852.07","63.28K","1.17%"
"11/15/2016","851.15","859.50","863.64","831.41","16.94K","-0.79%"
"11/14/2016","857.91","858.68","876.03","856.28","59.77K","-0.49%"
"11/11/2016","862.12","871.90","882.60","856.20","22.02K","-1.56%"
"11/10/2016","875.79","880.16","894.22","870.25","67.58K","-0.24%"
"11/09/2016","877.89","827.27","889.17","814.05","248.29K","3.54%"
"11/08/2016","847.90","888.43","888.43","842.96","287.19K","-1.78%"
"11/07/2016","863.31","818.18","863.31","813.95","160.93K","5.00%"
"11/04/2016","822.21","818.18","826.45","818.18","41.87K","-0.40%"
"11/03/2016","825.50","830.50","830.58","822.31","34.42K","-0.52%"
"11/02/2016","829.83","831.41","847.11","826.45","184.16K","0.38%"
"11/01/2016","826.69","809.92","828.93","805.79","48.40K","2.44%"
"10/31/2016","807.02","790.91","812.19","790.91","13.73K","1.20%"
"10/28/2016","797.43","804.96","815.70","785.97","92.87K","-0.97%"
"10/27/2016","805.25","808.68","813.43","803.39","25.41K","-1.45%"
"10/26/2016","817.07","828.93","840.65","814.05","113.92K","-1.83%"
"10/25/2016","832.29","811.57","851.24","801.65","186.04K","2.16%"
"10/24/2016","814.70","814.05","822.31","811.59","6.90K","-0.38%"
"10/21/2016","817.82","818.18","819.83","808.26","52.82K","-0.30%"
"10/20/2016","820.26","809.72","838.76","809.72","311.82K","0.78%"
"10/19/2016","813.88","801.65","818.18","801.65","35.76K","-0.42%"
"10/18/2016","817.31","809.92","820.66","801.66","53.06K","0.71%"
"10/17/2016","811.51","813.22","814.05","807.44","33.46K","-0.20%"
"10/14/2016","813.15","806.61","814.88","793.41","38.48K","-0.13%"
"10/13/2016","814.21","814.05","819.01","807.52","110.53K","0.27%"
"10/10/2016","811.99","801.65","814.05","801.65","63.22K","1.16%"
"10/07/2016","802.71","801.65","809.01","800.58","40.72K","0.25%"
"10/06/2016","800.72","797.48","808.26","797.47","90.21K","0.81%"
"10/05/2016","794.32","793.39","801.65","789.26","37.87K","0.80%"
"10/04/2016","788.02","790.08","793.39","786.78","81.98K","-0.11%"
"10/03/2016","788.85","792.56","799.50","787.60","31.10K","0.00%"
"09/30/2016","788.87","780.74","790.91","780.74","31.52K","0.25%"
"09/29/2016","786.88","797.52","797.52","780.25","102.12K","2.25%"
"09/28/2016","769.54","772.73","774.38","768.60","106.96K","-0.40%"
"09/27/2016","772.61","772.98","776.84","769.09","53.48K","-0.42%"
"09/26/2016","775.84","785.12","785.12","771.90","48.64K","-0.82%"
"09/23/2016","782.22","783.47","785.12","776.86","26.14K","-0.03%"
"09/22/2016","782.42","785.08","797.52","779.34","79.19K","0.71%"
"09/21/2016","776.94","780.17","780.99","768.62","59.05K","-0.17%"
"09/20/2016","778.23","787.44","791.74","776.87","36.00K","-1.05%"
"09/19/2016","786.46","776.86","803.31","772.73","66.91K","1.31%"
"09/16/2016","776.30","779.34","782.64","776.03","34.91K","0.01%"
"09/15/2016","776.22","776.86","780.17","768.60","13.43K","-0.05%"
"09/09/2016","776.59","788.43","791.65","774.46","63.16K","-0.53%"
"09/08/2016","780.73","789.26","804.96","779.27","154.52K","0.19%"
"09/07/2016","779.27","772.73","784.26","772.73","126.75K","1.04%"
"09/06/2016","771.24","775.04","785.95","768.76","88.27K","-0.31%"
"09/05/2016","773.62","776.86","779.75","768.39","76.41K","-0.17%"
"09/02/2016","774.96","789.09","789.09","772.48","58.87K","-2.08%"
"09/01/2016","791.43","797.52","797.52","790.91","12.40K","-0.83%"
"08/31/2016","798.03","803.31","804.14","797.53","5.87K","-0.83%"
"08/30/2016","804.69","813.64","813.64","803.31","50.94K","-0.33%"
"08/29/2016","807.38","805.83","813.97","803.31","40.60K","-0.02%"
"08/26/2016","807.53","809.93","814.46","806.64","26.14K","-0.49%"
"08/25/2016","811.52","808.26","817.31","808.26","36.30K","0.64%"
"08/24/2016","806.32","809.92","809.92","805.83","3.02K","-0.03%"
"08/23/2016","806.60","809.67","816.52","805.79","12.28K","-0.77%"
"08/22/2016","812.87","815.70","814.79","814.79","6.78K","-0.52%"
"08/19/2016","817.09","817.36","823.14","805.79","55.05K","0.56%"
"08/18/2016","812.57","823.14","823.55","809.92","45.01K","-0.52%"
"08/17/2016","816.83","819.83","823.14","814.05","42.17K","-0.13%"
"08/16/2016","817.89","823.14","823.80","815.29","41.14K","-0.53%"
"08/15/2016","822.23","818.18","824.79","814.15","97.22K","0.96%"
"08/12/2016","814.42","818.10","826.12","813.22","96.86K","-0.16%"
"08/11/2016","815.71","828.93","829.74","806.62","359.25K","-1.34%"
"08/10/2016","826.82","819.83","830.08","819.42","293.30K","1.27%"
"08/09/2016","816.49","813.14","824.50","812.40","380.97K","1.19%"
"08/08/2016","806.91","799.09","815.70","797.52","120.52K","1.36%"
"08/05/2016","796.09","798.35","799.83","794.38","66.25K","-0.03%"
"08/04/2016","796.30","796.87","802.48","791.32","169.94K","1.25%"
"08/03/2016","786.48","797.27","801.65","783.55","148.77K","-0.78%"
"08/02/2016","792.69","800.05","801.65","784.88","104.36K","-1.11%"
"08/01/2016","801.60","805.79","809.91","797.73","57.60K","-0.17%"
"07/29/2016","802.96","805.79","808.18","800.42","30.92K","-0.34%"
"07/28/2016","805.71","809.92","818.18","803.31","243.63K","0.01%"
"07/27/2016","805.65","803.31","815.70","803.31","117.97K","0.53%"
"07/26/2016","801.40","806.61","809.09","800.00","55.36K","-0.41%"
"07/25/2016","804.67","814.05","815.58","803.31","88.87K","-1.13%"
"07/22/2016","813.83","822.31","828.10","810.74","290.52K","-0.67%"
"07/21/2016","819.32","816.53","823.14","808.26","287.68K","1.22%"
"07/20/2016","809.44","810.79","814.05","801.65","130.62K","-0.62%"
"07/19/2016","814.49","822.31","824.79","810.74","138.24K","-1.23%"
"07/18/2016","824.67","809.92","833.88","809.92","476.07K","1.83%"
"07/15/2016","809.81","801.65","814.05","799.26","383.87K","1.37%"
"07/14/2016","798.87","795.04","804.13","792.56","214.17K","0.48%"
"07/13/2016","795.03","800.83","814.05","789.67","561.26K","0.05%"
"07/12/2016","794.67","776.86","801.57","772.93","453.63K","2.51%"
"07/11/2016","775.20","765.29","785.95","748.80","621.82K","0.74%"
"07/04/2016","769.50","752.05","780.99","748.02","330.93K","2.52%"
"06/30/2016","750.60","767.77","767.77","746.28","268.38K","-0.66%"
"06/29/2016","755.59","723.14","755.79","723.14","347.87K","4.97%"
"06/28/2016","719.81","726.45","732.23","715.70","170.55K","-0.90%"
"06/27/2016","726.38","738.84","738.84","721.49","216.83K","0.01%"
"06/24/2016","726.32","750.41","750.83","722.69","421.56K","-4.52%"
"06/23/2016","760.73","765.70","768.18","742.15","179.38K","-0.71%"
"06/22/2016","766.15","770.25","775.93","757.02","239.58K","0.31%"
"06/21/2016","763.77","764.46","776.78","759.55","153.00K","0.95%"
"06/20/2016","756.55","764.26","776.78","752.27","157.54K","-0.01%"
"06/17/2016","756.64","784.28","787.15","749.59","231.71K","-3.59%"
"06/16/2016","784.78","809.67","809.92","779.48","393.49K","-3.35%"
"06/15/2016","811.97","822.31","830.57","808.36","254.10K","0.66%"
"06/14/2016","806.67","797.52","814.05","793.39","370.62K","3.77%"
"06/13/2016","777.34","759.50","795.87","738.85","343.22K","1.46%"
"06/10/2016","766.14","800.00","800.00","761.98","288.04K","-4.17%"
"06/09/2016","799.45","805.79","811.57","796.70","163.17K","-0.10%"
"06/08/2016","800.27","809.90","815.70","798.36","102.43K","-0.54%"
"06/07/2016","804.60","818.18","821.49","801.65","162.50K","-0.54%"
"06/06/2016","808.96","813.22","825.62","801.65","585.76K","1.58%"
"06/03/2016","796.40","765.29","796.40","764.55","520.00K","5.00%"
"06/02/2016","758.48","741.32","767.77","740.50","596.89K","3.06%"
"06/01/2016","735.98","724.79","739.67","719.13","230.26K","1.24%"
"05/31/2016","726.93","729.19","733.80","725.62","44.95K","-0.66%"
"05/30/2016","731.77","739.67","739.67","731.41","90.87K","-1.29%"
"05/27/2016","741.34","739.67","745.45","736.36","132.19K","0.51%"
"05/26/2016","737.55","744.96","745.45","735.54","116.58K","-0.50%"
"05/25/2016","741.22","747.93","749.59","739.69","134.67K","-0.23%"
"05/24/2016","742.94","757.02","757.03","740.09","418.72K","0.09%"
"05/23/2016","742.25","738.02","747.11","738.02","174.60K","0.76%"
"05/20/2016","736.68","733.06","751.16","731.61","271.04K","0.37%"
"05/19/2016","733.97","753.72","766.12","729.09","691.21K","-0.65%"
"05/18/2016","738.74","719.01","750.04","716.53","497.55K","3.42%"
"05/17/2016","714.33","712.40","720.41","709.92","251.20K","0.64%"
"05/16/2016","709.79","710.74","714.05","706.69","87.60K","0.40%"
"05/13/2016","706.95","706.36","710.74","700.22","102.06K","0.27%"
"05/12/2016","705.03","710.75","714.78","703.35","118.58K","-0.13%"
"05/11/2016","705.96","714.88","716.28","704.22","144.17K","-0.48%"
"05/10/2016","709.38","707.44","711.57","702.48","156.94K","-0.13%"
"05/09/2016","710.27","704.34","718.99","704.13","251.26K","1.50%"
"05/06/2016","699.75","708.74","714.79","690.54","646.87K","0.49%"
"05/05/2016","696.34","692.56","696.34","692.56","128.44K","5.00%"
"05/04/2016","663.18","634.71","663.18","634.71","430.40K","5.00%"
"05/03/2016","631.60","622.31","635.45","622.31","226.51K","1.46%"
"05/02/2016","622.52","623.72","624.79","615.33","71.63K","-0.39%"
"04/29/2016","624.95","638.02","641.31","623.14","243.88K","-1.98%"
"04/28/2016","637.57","640.50","651.24","633.97","585.76K","0.07%"
"04/27/2016","637.15","632.15","640.49","628.93","499.67K","1.91%"
"04/26/2016","625.23","632.23","642.98","622.31","697.02K","-0.63%"
"04/25/2016","629.22","604.55","633.05","604.21","870.29K","4.23%"
"04/22/2016","603.67","593.39","615.70","590.09","882.15K","2.22%"
"04/21/2016","590.54","584.31","604.13","578.52","1.19M","2.29%"
"04/20/2016","577.30","580.99","586.78","575.21","443.59K","-0.02%"
"04/19/2016","577.40","574.38","583.46","564.55","539.78K","1.07%"
"04/18/2016","571.28","571.07","574.34","568.76","109.99K","-0.85%"
"04/15/2016","576.15","583.48","585.54","574.38","89.96K","-1.05%"
"04/14/2016","582.26","585.12","587.60","574.37","221.85K","-0.07%"
"04/13/2016","582.69","584.30","590.91","580.25","445.52K","0.98%"
"04/12/2016","577.04","571.07","581.65","562.81","315.63K","1.26%"
"04/11/2016","569.88","574.38","594.21","567.77","691.27K","-0.44%"
"04/08/2016","572.37","565.29","576.02","565.29","153.61K","0.51%"
"04/07/2016","569.45","571.93","578.51","568.18","239.22K","-0.01%"
"04/06/2016","569.50","555.37","575.90","555.37","375.70K","2.66%"
"04/05/2016","554.76","570.25","575.21","548.77","251.44K","-2.39%"
"04/04/2016","568.37","570.25","577.69","565.29","187.01K","-0.92%"
"04/01/2016","573.62","580.93","581.72","571.08","310.73K","-1.19%"
"03/31/2016","580.55","567.76","584.30","566.12","728.24K","2.93%"
"03/30/2016","564.02","538.60","564.16","538.60","692.36K","4.97%"
"03/29/2016","537.30","539.26","540.91","536.44","62.44K","0.08%"
"03/28/2016","536.86","538.84","542.15","533.97","92.44K","-0.12%"
"03/25/2016","537.52","537.19","539.67","534.79","57.47K","0.43%"
"03/24/2016","535.23","537.19","544.62","533.06","64.43K","-1.21%"
"03/22/2016","541.79","553.72","555.37","541.32","236.19K","-1.08%"
"03/21/2016","547.69","535.54","552.36","535.54","395.55K","2.90%"
"03/18/2016","532.26","543.80","543.80","528.93","115.01K","-1.20%"
"03/17/2016","538.74","546.28","547.77","537.19","193.06K","-0.10%"
"03/16/2016","539.28","534.71","550.33","534.71","162.02K","0.32%"
"03/15/2016","537.55","542.40","542.93","535.54","81.55K","-0.89%"
"03/14/2016","542.39","530.58","550.74","530.58","238.25K","2.86%"
"03/11/2016","527.32","533.06","533.88","526.03","47.25K","-1.34%"
"03/10/2016","534.48","549.59","551.23","528.93","157.06K","-1.86%"
"03/09/2016","544.60","545.45","555.29","539.67","288.65K","-0.58%"
"03/08/2016","547.80","555.37","557.85","544.63","276.67K","-0.55%"
"03/07/2016","550.85","545.45","559.42","539.99","451.33K","2.60%"
"03/04/2016","536.88","538.02","545.29","531.41","291.85K","1.28%"
"03/03/2016","530.12","546.28","555.12","527.27","444.80K","0.22%"
"03/02/2016","528.94","520.66","528.94","519.01","114.71K","5.00%"
"03/01/2016","503.76","479.50","503.76","478.11","404.20K","5.00%"
"02/29/2016","479.78","485.49","485.49","476.86","40.96K","-1.09%"
"02/26/2016","485.07","487.60","493.39","478.10","204.13K","0.32%"
"02/25/2016","483.53","495.87","497.11","480.17","106.24K","-2.00%"
"02/24/2016","493.38","483.51","500.83","483.51","180.23K","0.47%"
"02/23/2016","491.06","509.92","519.83","480.79","507.11K","-2.97%"
"02/22/2016","506.08","517.36","532.23","500.00","274.43K","-2.20%"
"02/19/2016","517.48","528.93","531.82","515.70","114.71K","-2.69%"
"02/18/2016","531.76","544.63","547.44","528.10","158.75K","-1.29%"
"02/17/2016","538.69","556.94","556.98","532.31","234.68K","-3.35%"
"02/16/2016","557.38","571.98","573.22","553.72","325.61K","-1.40%"
"02/15/2016","565.31","563.64","569.41","559.93","298.14K","1.82%"
"02/12/2016","555.20","557.76","570.24","551.24","432.70K","-0.09%"
"02/11/2016","555.68","538.18","560.99","538.02","1.09M","2.68%"
"02/10/2016","541.18","540.45","548.75","531.41","201.04K","-0.63%"
"02/09/2016","544.60","541.33","549.59","540.58","214.29K","-0.72%"
"02/08/2016","548.56","564.45","564.45","545.50","415.27K","-1.02%"
"02/04/2016","554.19","536.69","554.19","535.54","670.52K","5.00%"
"02/03/2016","527.80","510.74","533.06","507.44","704.34K","3.75%"
"02/02/2016","508.72","506.61","516.52","504.14","267.05K","0.10%"
"02/01/2016","508.21","510.70","513.64","506.61","181.74K","-0.09%"
"01/29/2016","508.65","515.87","516.53","505.83","240.31K","-0.59%"
"01/28/2016","511.69","509.09","515.25","504.96","240.55K","1.54%"
"01/27/2016","503.91","512.40","514.88","501.88","137.76K","-0.73%"
"01/26/2016","507.63","508.24","514.05","502.52","136.19K","-1.17%"
"01/25/2016","513.62","499.17","517.27","499.17","491.14K","4.04%"
"01/22/2016","493.66","495.87","502.46","491.74","318.41K","1.31%"
"01/21/2016","487.29","496.69","502.48","484.30","201.95K","-1.14%"
"01/20/2016","492.93","487.77","507.44","486.78","458.77K","-0.18%"
"01/19/2016","493.80","483.47","498.74","477.77","392.16K","3.77%"
"01/18/2016","475.84","476.03","483.47","463.36","287.92K","-2.44%"
"01/15/2016","487.74","505.79","522.31","481.82","634.22K","-3.66%"
"01/14/2016","506.26","523.97","525.62","501.68","455.02K","-4.12%"
"01/13/2016","528.04","552.89","564.88","525.66","348.54K","-4.56%"
"01/12/2016","553.25","580.99","583.39","551.31","758.91K","-4.67%"
"01/11/2016","580.33","589.26","592.97","578.52","178.90K","-1.49%"
"01/08/2016","589.10","599.17","599.49","586.79","368.20K","-1.19%"
"01/07/2016","596.18","580.17","607.44","574.39","1.03M","2.75%"
"01/06/2016","580.24","580.98","585.95","576.24","462.04K","0.72%"
"01/05/2016","576.12","569.16","580.99","561.98","261.96K","-0.51%"
"01/04/2016","579.09","578.43","585.54","576.03","251.98K","0.48%"
"01/01/2016","576.30","576.02","580.17","573.15","245.63K","0.03%"
"12/31/2015","576.15","586.79","587.93","573.55","392.04K","-0.67%"
"12/30/2015","580.02","563.64","582.85","563.63","998.49K","3.02%"
"12/29/2015","563.03","564.38","581.82","560.33","423.02K","0.18%"
"12/28/2015","562.02","572.73","580.17","555.54","186.34K","-1.42%"
"12/23/2015","570.12","578.51","583.47","566.13","266.93K","-1.95%"
"12/22/2015","581.48","588.02","590.50","577.69","278.06K","-0.54%"
"12/21/2015","584.64","577.69","590.08","577.69","421.81K","0.15%"
"12/18/2015","583.79","555.37","589.27","537.44","2.05M","4.02%"
"12/17/2015","561.21","576.86","585.95","555.41","607.42K","-2.80%"
"12/16/2015","577.40","582.64","586.65","571.07","546.80K","-1.08%"
"12/15/2015","583.68","577.69","597.51","555.45","1.04M","2.51%"
"12/14/2015","569.41","549.59","571.08","530.62","1.12M","4.69%"
"12/11/2015","543.89","540.50","543.89","528.97","722.97K","5.00%"
"12/10/2015","518.00","508.26","518.00","505.79","450.72K","5.00%"
"12/09/2015","493.34","479.34","493.67","479.34","405.95K","4.93%"
"12/08/2015","470.17","458.68","470.17","454.55","466.70K","5.00%"
"12/07/2015","447.78","447.78","447.78","447.78","111.32K","5.00%"
"12/04/2015","426.45","427.67","435.12","425.21","407.41K","0.00%"
"12/03/2015","426.45","428.12","430.58","420.67","355.86K","-0.15%"
"12/02/2015","427.10","419.01","430.08","410.74","417.45K","2.43%"
"12/01/2015","416.96","422.31","428.92","409.55","287.98K","-1.39%"
"11/30/2015","422.83","439.67","439.67","414.88","442.98K","-2.41%"
"11/27/2015","433.26","435.93","439.67","425.62","553.57K","0.98%"
"11/26/2015","429.07","409.09","429.34","409.09","1.03M","4.93%"
"11/25/2015","408.90","409.50","414.05","397.52","400.75K","0.09%"
"11/24/2015","408.55","410.49","419.83","407.44","603.67K","0.02%"
"11/23/2015","408.46","406.61","418.18","404.96","555.99K","1.93%"
"11/20/2015","400.74","406.61","408.26","396.69","251.20K","-0.72%"
"11/19/2015","403.63","409.09","415.70","398.35","500.82K","-0.15%"
"11/18/2015","404.25","393.39","407.69","392.56","848.94K","4.08%"
"11/17/2015","388.42","376.86","389.75","376.03","908.23K","4.64%"
"11/16/2015","371.20","365.37","373.97","364.46","798.12K","3.22%"
"11/13/2015","359.62","345.12","361.98","342.98","398.09K","4.20%"
"11/12/2015","345.14","337.19","350.37","336.36","251.20K","2.96%"
"11/11/2015","335.21","331.41","338.02","331.41","64.13K","-0.35%"
"11/10/2015","336.38","344.38","343.80","334.71","66.31K","-2.22%"
"11/09/2015","344.02","345.95","346.28","342.98","20.45K","-0.74%"
"11/06/2015","346.58","347.60","351.15","346.28","67.40K","-1.19%"
"11/05/2015","350.77","353.64","354.55","350.41","127.29K","-0.39%"
"11/04/2015","352.14","352.98","356.86","350.83","211.39K","1.23%"
"11/03/2015","347.86","346.45","351.15","345.50","69.21K","0.49%"
"11/02/2015","346.17","350.41","350.82","345.45","76.96K","-0.39%"
"10/30/2015","347.54","353.62","354.55","346.28","164.80K","-1.16%"
"10/29/2015","351.62","353.64","359.50","350.41","113.50K","0.35%"
"10/28/2015","350.41","350.41","355.33","349.67","156.94K","0.01%"
"10/27/2015","350.38","351.24","356.56","349.59","135.88K","-0.60%"
"10/26/2015","352.50","354.55","360.33","351.24","149.80K","-0.22%"
"10/22/2015","353.27","354.45","359.92","352.07","242.36K","0.00%"
"10/21/2015","353.26","358.68","362.40","351.24","202.92K","-1.17%"
"10/20/2015","357.45","352.48","368.55","349.59","792.07K","1.84%"
"10/19/2015","351.00","347.10","352.80","346.45","325.49K","1.67%"
"10/16/2015","345.25","340.50","350.41","338.93","279.39K","1.72%"
"10/15/2015","339.41","342.06","342.97","337.19","83.01K","0.19%"
"10/14/2015","338.78","338.42","343.80","338.06","204.49K","-0.07%"
"10/13/2015","339.03","342.93","348.76","334.72","834.54K","-0.17%"
"10/12/2015","339.60","328.02","342.18","326.49","639.12K","4.21%"
"10/09/2015","325.89","326.45","332.52","323.15","403.05K","0.92%"
"10/08/2015","322.92","326.45","326.45","322.31","137.58K","-1.16%"
"10/07/2015","326.72","322.31","331.31","322.31","593.75K","2.32%"
"10/06/2015","319.30","307.44","319.42","306.62","456.17K","4.96%"
"10/05/2015","304.21","302.49","305.79","300.04","55.18K","1.09%"
"10/02/2015","300.93","300.30","302.02","300.30","35.09K","0.21%"
"10/01/2015","300.30","301.65","304.13","299.17","86.27K","0.05%"
"09/30/2015","300.15","298.51","304.96","297.56","24.32K","-0.25%"
"09/29/2015","300.89","303.39","303.40","297.52","41.02K","-1.80%"
"09/28/2015","306.39","307.98","310.08","305.37","19.72K","-0.48%"
"09/23/2015","307.86","307.70","309.09","306.61","23.96K","0.13%"
"09/22/2015","307.46","313.14","314.05","306.61","100.43K","-0.76%"
"09/21/2015","309.82","313.22","314.01","307.44","63.16K","-0.18%"
"09/18/2015","310.38","307.44","319.01","306.61","242.36K","1.49%"
"09/17/2015","305.83","310.00","310.74","305.54","85.30K","0.00%"
"09/16/2015","305.83","309.67","309.67","305.79","26.62K","0.00%"
"09/15/2015","305.84","305.79","309.09","304.96","31.10K","-0.42%"
"09/14/2015","307.14","312.31","312.31","304.96","39.32K","-0.51%"
"09/11/2015","308.70","311.57","316.53","308.26","53.48K","-1.01%"
"09/10/2015","311.86","314.05","314.88","310.01","42.35K","-1.71%"
"09/09/2015","317.27","315.70","319.55","313.64","60.26K","1.56%"
"09/08/2015","312.40","310.74","313.64","301.65","57.84K","1.13%"
"09/07/2015","308.91","320.66","326.45","305.79","83.13K","-3.73%"
"09/04/2015","320.89","328.10","330.50","314.88","60.98K","-2.25%"
"09/03/2015","328.26","332.23","335.54","326.45","120.27K","-0.71%"
"09/02/2015","330.61","330.99","335.50","328.93","78.89K","-2.25%"
"09/01/2015","338.23","347.93","350.41","336.56","229.66K","-0.28%"
"08/31/2015","339.19","345.45","345.45","336.36","136.97K","-1.25%"
"08/28/2015","343.49","338.84","349.57","338.84","304.31K","2.80%"
"08/27/2015","334.12","323.96","336.36","323.69","222.16K","4.00%"
"08/26/2015","321.26","324.79","327.27","316.96","123.30K","-1.00%"
"08/25/2015","324.51","307.44","325.62","305.79","151.49K","1.98%"
"08/24/2015","318.21","326.50","326.50","318.21","116.16K","-5.00%"
"08/21/2015","334.95","334.71","338.83","319.50","186.34K","0.23%"
"08/20/2015","334.19","344.72","345.04","333.06","114.47K","-3.35%"
"08/19/2015","345.77","349.17","352.02","344.63","92.56K","-0.38%"
"08/18/2015","347.08","354.12","355.37","344.66","79.86K","-1.38%"
"08/17/2015","351.92","357.07","360.33","350.51","73.08K","-1.94%"
"08/13/2015","358.90","361.48","366.02","357.85","200.86K","0.53%"
"08/12/2015","357.01","369.26","370.99","350.41","331.30K","-2.66%"
"08/11/2015","366.77","367.27","372.73","365.21","163.23K","0.65%"
"08/10/2015","364.41","370.25","373.42","363.64","130.80K","-1.35%"
"08/07/2015","369.41","380.12","384.92","367.78","375.34K","-2.26%"
"08/06/2015","377.96","367.77","382.40","365.70","620.73K","3.68%"
"08/05/2015","364.55","364.03","374.79","363.22","276.24K","0.58%"
"08/04/2015","362.45","368.60","370.25","361.16","61.95K","-1.63%"
"08/03/2015","368.45","371.24","372.73","366.94","45.25K","-0.44%"
"07/31/2015","370.07","375.17","377.50","369.01","123.90K","-0.91%"
"07/30/2015","373.45","375.12","378.43","371.07","121.36K","0.25%"
"07/29/2015","372.52","371.98","379.00","371.90","133.10K","0.07%"
"07/28/2015","372.25","366.20","380.00","366.20","103.21K","0.91%"
"07/27/2015","368.89","380.17","382.64","366.12","79.25K","-2.97%"
"07/24/2015","380.17","379.42","385.95","377.89","168.43K","0.19%"
"07/23/2015","379.44","388.43","390.08","378.51","124.99K","-2.25%"
"07/22/2015","388.17","392.73","398.35","387.60","126.93K","-2.20%"
"07/16/2015","396.92","397.27","399.59","395.45","66.91K","-0.18%"
"07/15/2015","397.65","400.00","404.07","396.69","101.40K","0.34%"
"07/14/2015","396.32","398.35","406.61","395.45","228.33K","-0.18%"
"07/13/2015","397.05","395.87","400.41","395.29","45.50K","-0.36%"
"07/10/2015","398.50","396.69","406.61","396.69","189.49K","0.97%"
"07/09/2015","394.66","400.83","401.65","392.56","106.72K","-1.83%"
"07/08/2015","402.03","420.54","421.07","400.00","450.48K","-3.03%"
"07/07/2015","414.60","397.52","415.88","395.04","934.97K","4.68%"
"07/06/2015","396.08","396.69","402.85","395.45","236.43K","0.30%"
"07/03/2015","394.91","395.04","400.83","393.60","147.38K","0.04%"
"07/02/2015","394.77","399.17","404.79","393.80","194.45K","-0.54%"
"07/01/2015","396.90","389.26","403.26","388.60","450.85K","2.49%"
"06/30/2015","387.27","388.42","395.04","386.03","294.21K","0.56%"
"06/29/2015","385.12","387.60","390.91","379.75","164.50K","0.86%"
"06/26/2015","381.84","385.12","388.43","380.17","57.60K","-1.17%"
"06/25/2015","386.37","391.74","395.87","384.30","92.20K","-2.26%"
"06/24/2015","395.32","382.73","401.93","382.73","339.83K","3.27%"
"06/23/2015","382.80","380.17","387.60","380.17","106.78K","0.60%"
"06/22/2015","380.50","391.93","391.94","379.02","104.48K","-2.33%"
"06/19/2015","389.57","397.52","399.59","384.30","94.08K","-2.51%"
"06/18/2015","399.62","406.61","408.68","396.69","124.33K","-1.54%"
"06/17/2015","405.85","408.26","411.55","404.12","140.42K","-0.70%"
"06/16/2015","408.72","412.07","414.30","408.10","169.46K","-0.59%"
"06/15/2015","411.14","413.14","417.27","409.92","322.59K","0.20%"
"06/12/2015","410.31","410.74","418.10","408.27","401.66K","0.28%"
"06/11/2015","409.15","410.99","414.88","407.52","232.92K","0.02%"
"06/10/2015","409.05","412.40","416.43","408.35","288.65K","-0.41%"
"06/09/2015","410.72","404.96","418.98","404.96","541.23K","0.69%"
"06/08/2015","407.89","392.55","411.41","385.12","672.15K","2.21%"
"06/05/2015","399.07","400.83","410.74","397.73","393.98K","-0.82%"
"06/04/2015","402.35","391.32","407.64","388.02","955.60K","3.63%"
"06/03/2015","388.24","388.42","394.63","384.34","358.52K","0.29%"
"06/02/2015","387.12","388.43","395.04","386.20","324.10K","-0.12%"
"06/01/2015","387.57","390.91","395.04","381.82","552.24K","0.17%"
"05/29/2015","386.91","376.86","387.03","375.21","957.84K","4.97%"
"05/28/2015","368.60","357.02","375.11","354.55","235.59K","3.18%"
"05/27/2015","357.25","361.17","361.69","356.20","105.03K","0.13%"
"05/26/2015","356.79","360.33","361.98","356.20","62.68K","-1.28%"
"05/25/2015","361.41","370.25","370.25","359.50","120.58K","-0.80%"
"05/22/2015","364.33","364.46","370.25","362.81","163.29K","0.44%"
"05/21/2015","362.73","357.91","364.46","356.20","128.62K","1.83%"
"05/20/2015","356.21","363.88","365.29","353.31","100.91K","-2.62%"
"05/19/2015","365.78","370.22","376.65","363.64","165.16K","-1.20%"
"05/18/2015","370.22","376.03","377.69","368.26","144.66K","-1.64%"
"05/15/2015","376.38","380.17","384.30","371.98","481.22K","0.02%"
"05/14/2015","376.30","376.30","376.30","376.30","143.75K","-12.66%"
"05/13/2015","430.86","436.20","436.36","414.49","1.15M","-1.25%"
"05/12/2015","436.30","432.89","443.31","431.41","244.96K","0.82%"
"05/11/2015","432.77","449.17","449.17","429.79","201.40K","-3.56%"
"05/08/2015","448.73","454.55","454.55","447.31","137.15K","-1.65%"
"05/07/2015","456.26","462.81","463.64","454.59","156.45K","-1.57%"
"05/06/2015","463.55","466.94","470.25","461.36","338.56K","0.26%"
"05/05/2015","462.36","462.81","469.42","458.76","411.40K","0.04%"
"05/04/2015","462.17","454.55","474.38","454.13","1.07M","2.24%"
"04/30/2015","452.04","452.89","456.12","446.27","334.26K","0.10%"
"04/29/2015","451.60","457.67","462.76","450.41","484.24K","-0.64%"
"04/28/2015","454.50","450.41","458.68","448.84","399.00K","1.60%"
"04/27/2015","447.36","453.62","460.33","444.63","378.06K","-1.01%"
"04/24/2015","451.92","471.01","471.01","447.94","733.86K","-4.09%"
"04/23/2015","471.18","458.68","476.60","457.89","1.30M","3.81%"
"04/22/2015","453.90","433.06","453.90","433.06","476.13K","5.00%"
"04/21/2015","432.29","442.15","443.72","426.86","173.88K","-2.50%"
"04/20/2015","443.38","466.86","466.94","439.93","380.48K","-3.68%"
"04/17/2015","460.32","478.51","482.55","453.93","875.62K","-3.64%"
"04/16/2015","477.72","483.47","485.12","475.21","476.44K","0.68%"
"04/15/2015","474.50","475.29","482.60","473.35","267.23K","0.87%"
"04/14/2015","470.41","474.38","481.24","467.77","288.28K","-0.50%"
"04/13/2015","472.78","466.12","487.19","460.33","698.41K","1.13%"
"04/10/2015","467.50","470.74","488.71","458.80","942.71K","0.14%"
"04/09/2015","466.84","446.28","466.84","435.56","1.11M","5.00%"
"04/08/2015","444.62","426.28","446.16","425.63","765.32K","4.64%"
"04/07/2015","424.92","435.49","438.43","422.52","611.90K","-2.10%"
"04/06/2015","434.02","413.22","434.65","410.00","811.18K","4.85%"
"04/03/2015","413.96","425.62","426.28","411.57","307.28K","-2.02%"
"04/02/2015","422.50","417.36","425.62","417.36","275.70K","1.56%"
"04/01/2015","416.03","427.26","430.99","413.22","544.14K","-2.42%"
"03/31/2015","426.35","393.39","426.35","393.39","372.92K","5.00%"
"03/30/2015","406.05","421.49","424.71","406.05","110.65K","-5.00%"
"03/27/2015","427.41","439.67","442.15","424.80","221.85K","-2.05%"
"03/26/2015","436.37","440.33","443.39","421.53","294.27K","0.12%"
"03/25/2015","435.83","439.67","441.94","433.06","184.83K","-0.69%"
"03/24/2015","438.87","438.01","443.39","432.23","521.69K","1.43%"
"03/20/2015","432.69","420.25","436.36","419.01","494.95K","4.07%"
"03/19/2015","415.78","414.05","420.66","409.10","311.82K","0.68%"
"03/18/2015","412.98","418.34","425.60","400.83","271.16K","-1.94%"
"03/17/2015","421.17","428.10","431.98","417.36","281.26K","-1.76%"
"03/16/2015","428.71","440.58","443.80","423.97","386.17K","-1.63%"
"03/13/2015","435.82","418.59","437.31","418.59","527.56K","4.64%"
"03/12/2015","416.49","419.63","420.66","415.70","76.11K","-0.05%"
"03/11/2015","416.68","415.70","420.82","412.44","164.44K","-0.70%"
"03/10/2015","419.62","418.27","425.62","418.18","140.36K","-0.94%"
"03/09/2015","423.61","429.84","433.38","422.32","112.53K","-1.60%"
"03/06/2015","430.49","435.12","435.54","426.45","116.58K","-0.24%"
"03/05/2015","431.52","432.98","435.94","429.74","161.78K","0.05%"
"03/04/2015","431.31","438.84","441.24","430.58","201.65K","-1.05%"
"03/03/2015","435.88","433.89","441.94","428.19","414.61K","0.61%"
"03/02/2015","433.25","441.32","444.75","431.49","228.15K","-1.36%"
"02/27/2015","439.24","446.28","453.70","437.19","439.90K","-0.23%"
"02/26/2015","440.26","430.58","445.29","429.75","325.79K","2.83%"
"02/25/2015","428.16","433.88","437.19","426.45","161.41K","-1.33%"
"02/24/2015","433.92","455.36","456.20","429.84","292.64K","-4.08%"
"02/23/2015","452.36","457.11","460.33","451.24","148.77K","-0.39%"
"02/20/2015","454.12","458.62","462.81","452.89","232.44K","-0.18%"
"02/19/2015","454.96","458.68","467.77","451.24","642.63K","-0.72%"
"02/18/2015","458.24","458.24","464.46","458.24","568.40K","-5.00%"
"02/17/2015","482.36","506.61","513.22","482.36","540.75K","-5.00%"
"02/16/2015","507.74","522.31","523.97","504.13","480.67K","-1.62%"
"02/13/2015","516.10","514.88","526.45","511.57","806.83K","0.59%"
"02/12/2015","513.09","521.49","529.75","497.56","1.10M","-2.03%"
"02/11/2015","523.74","508.26","524.79","506.83","1.53M","4.79%"
"02/10/2015","499.81","477.69","499.81","477.69","1.05M","5.00%"
"02/09/2015","476.02","480.33","489.59","473.55","303.23K","-0.86%"
"02/06/2015","480.17","491.74","495.87","478.52","278.90K","-2.51%"
"02/04/2015","492.52","509.09","511.57","483.47","386.96K","-2.08%"
"02/03/2015","502.99","509.09","513.55","501.65","616.62K","-0.07%"
"02/02/2015","503.36","502.48","513.22","501.24","450.06K","1.02%"
"01/30/2015","498.27","503.80","509.92","495.88","370.68K","-0.49%"
"01/29/2015","500.70","500.00","509.09","499.92","303.47K","-0.57%"
"01/28/2015","503.59","510.83","516.53","500.83","595.44K","-1.56%"
"01/27/2015","511.57","509.09","524.79","503.31","1.21M","2.25%"
"01/26/2015","500.31","490.08","503.45","484.30","1.15M","4.34%"
"01/23/2015","479.49","500.00","500.00","475.21","1.41M","-4.04%"
"01/22/2015","499.66","497.52","501.72","485.12","1.39M","4.57%"
"01/21/2015","477.83","461.98","477.83","461.32","543.53K","5.00%"
"01/20/2015","455.08","439.05","455.08","439.05","1.40M","5.00%"
"01/19/2015","433.41","418.79","433.41","416.54","1.23M","5.00%"
"01/16/2015","412.78","409.10","417.36","403.31","370.44K","1.67%"
"01/15/2015","405.98","407.22","416.52","404.96","518.91K","1.29%"
"01/14/2015","400.82","401.74","405.78","400.00","184.83K","-0.12%"
"01/13/2015","401.29","404.96","407.44","399.64","244.48K","-0.91%"
"01/12/2015","404.96","406.94","414.46","402.57","366.09K","-0.50%"
"01/09/2015","406.98","404.02","419.02","400.41","1.01M","1.98%"
"01/08/2015","399.07","399.17","407.44","396.69","196.81K","0.36%"
"01/07/2015","397.63","414.88","415.70","394.21","567.85K","-4.05%"
"01/06/2015","414.41","413.22","420.65","405.79","916.33K","1.17%"