"Date","Price","Open","High","Low","Vol.","Change %"
"06/12/2026","356.76","360.00","363.88","355.00","234.66K","-0.50%"
"06/11/2026","358.54","360.00","360.00","358.00","44.34K","-0.52%"
"06/10/2026","360.43","360.00","362.99","360.00","48.32K","-0.91%"
"06/09/2026","363.73","358.00","366.00","358.00","165.89K","2.26%"
"06/08/2026","355.68","359.08","359.08","344.01","92.55K","-0.95%"
"06/05/2026","359.08","365.00","366.50","351.00","169.19K","-1.52%"
"06/04/2026","364.61","364.10","367.49","361.00","66.70K","-0.01%"
"06/03/2026","364.63","368.00","368.95","361.51","99.81K","-1.16%"
"06/02/2026","368.91","364.25","370.00","364.00","49.63K","1.28%"
"06/01/2026","364.25","372.96","373.55","361.00","129.82K","-2.34%"
"05/29/2026","372.96","376.00","379.79","372.00","152.70K","-0.58%"
"05/25/2026","375.13","372.00","380.00","372.00","123.84K","1.60%"
"05/22/2026","369.23","375.00","375.00","368.00","61.36K","-0.72%"
"05/21/2026","371.89","371.50","375.00","370.75","58.47K","0.46%"
"05/20/2026","370.17","372.00","372.00","366.00","25.54K","0.40%"
"05/19/2026","368.71","370.00","372.00","365.90","177.07K","-0.19%"
"05/18/2026","369.42","372.00","372.03","368.11","120.86K","-0.70%"
"05/15/2026","372.03","375.00","375.00","370.22","53.84K","-0.45%"
"05/14/2026","373.72","378.00","380.00","372.03","42.50K","-1.14%"
"05/13/2026","378.02","379.61","380.99","377.00","47.66K","-0.42%"
"05/12/2026","379.61","383.80","386.00","378.02","37.04K","-0.91%"
"05/11/2026","383.08","379.99","383.98","378.00","46.53K","-0.93%"
"05/08/2026","386.69","385.00","389.00","380.51","157.22K","0.18%"
"05/07/2026","386.01","386.10","390.00","384.00","698.79K","0.02%"
"05/06/2026","385.94","375.00","390.00","375.00","271.63K","3.20%"
"05/05/2026","373.96","377.00","377.00","366.99","44.95K","-0.84%"
"05/04/2026","377.14","380.00","385.00","373.01","165.14K","1.91%"
"04/30/2026","370.08","377.00","377.00","368.50","126.99K","-2.13%"
"04/29/2026","378.13","383.97","388.00","375.06","166.43K","-1.52%"
"04/28/2026","383.97","374.50","400.00","370.02","320.02K","1.92%"
"04/27/2026","376.74","374.50","380.00","374.00","43.07K","0.52%"
"04/24/2026","374.79","369.90","378.00","363.51","64.40K","1.19%"
"04/23/2026","370.37","373.81","379.99","368.50","92.07K","-0.92%"
"04/22/2026","373.81","384.25","384.25","370.22","101.71K","-2.72%"
"04/21/2026","384.25","381.20","388.44","381.18","123.90K","0.81%"
"04/20/2026","381.18","390.00","390.00","367.00","342.76K","-2.94%"
"04/17/2026","392.74","399.88","399.88","389.20","94.98K","0.23%"
"04/16/2026","391.82","394.00","400.10","389.51","96.42K","0.30%"
"04/15/2026","390.63","379.00","400.00","375.01","259.36K","5.67%"
"04/14/2026","369.68","365.00","370.48","362.00","211.75K","2.82%"
"04/13/2026","359.55","370.62","370.63","357.00","192.97K","-5.44%"
"04/10/2026","380.23","361.50","384.48","361.01","434.51K","5.84%"
"04/09/2026","359.26","365.00","370.00","351.00","237.73K","-1.35%"
"04/08/2026","364.18","344.00","364.18","344.00","382.99K","10.00%"
"04/07/2026","331.07","330.10","333.00","328.00","74.55K","-0.47%"
"04/06/2026","332.62","330.00","336.00","326.50","87.26K","0.89%"
"04/03/2026","329.69","331.65","340.00","326.01","86.74K","-1.78%"
"04/02/2026","335.65","340.00","340.00","331.50","119.95K","-2.50%"
"04/01/2026","344.27","339.00","348.00","338.00","232.88K","3.13%"
"03/31/2026","333.83","333.00","343.00","330.01","73.15K","0.83%"
"03/30/2026","331.07","349.99","349.99","329.50","148.54K","-2.98%"
"03/27/2026","341.25","344.90","354.00","339.00","52.05K","-1.06%"
"03/26/2026","344.90","357.11","362.00","344.00","108.64K","-2.99%"
"03/25/2026","355.53","349.90","356.50","348.00","41.01K","2.93%"
"03/24/2026","345.41","354.00","354.00","341.40","44.79K","1.21%"
"03/19/2026","341.29","352.50","352.50","336.00","164.70K","-3.42%"
"03/18/2026","353.36","343.00","354.43","343.00","21.15K","2.91%"
"03/17/2026","343.38","353.11","353.11","339.00","32.92K","0.45%"
"03/16/2026","341.83","343.86","348.95","340.00","24.00K","-0.59%"
"03/13/2026","343.86","354.00","354.00","326.00","52.91K","-1.04%"
"03/12/2026","347.46","350.00","354.75","345.00","53.67K","-2.21%"
"03/11/2026","355.32","360.00","362.51","353.50","51.57K","-0.97%"
"03/10/2026","358.81","340.00","359.38","340.00","135.07K","8.83%"
"03/09/2026","329.71","352.00","352.00","322.31","130.93K","-7.93%"
"03/06/2026","358.12","361.98","361.98","356.00","52.79K","-0.25%"
"03/05/2026","359.01","360.00","365.00","355.00","182.63K","0.23%"
"03/04/2026","358.17","361.00","362.70","355.07","137.12K","-0.27%"
"03/03/2026","359.14","355.33","380.00","350.00","499.52K","1.07%"
"03/02/2026","355.33","365.01","390.00","353.00","274.45K","-9.36%"
"02/27/2026","392.01","396.00","396.00","380.25","173.68K","-1.19%"
"02/26/2026","396.75","384.50","402.90","375.00","507.98K","3.54%"
"02/25/2026","383.17","389.00","395.00","379.03","106.83K","-1.42%"
"02/24/2026","388.69","400.00","404.00","365.00","374.54K","-2.74%"
"02/23/2026","399.65","407.81","412.00","397.52","132.96K","-2.00%"
"02/20/2026","407.81","402.66","412.00","402.04","32.93K","1.28%"
"02/19/2026","402.66","419.48","419.48","402.00","62.48K","-2.67%"
"02/18/2026","413.69","409.99","416.00","405.00","125.91K","1.36%"
"02/17/2026","408.15","413.00","417.00","405.40","203.62K","-0.81%"
"02/16/2026","411.47","411.00","415.50","404.00","116.86K","0.27%"
"02/13/2026","410.38","410.00","413.98","404.00","189.51K","-0.21%"
"02/12/2026","411.24","410.83","415.01","400.00","262.56K","0.10%"
"02/11/2026","410.83","413.10","415.00","407.50","37.97K","-0.54%"
"02/10/2026","413.05","418.50","418.50","401.00","76.71K","-0.06%"
"02/09/2026","413.30","409.50","417.00","402.99","258.55K","2.65%"
"02/06/2026","402.63","405.05","409.00","399.23","115.06K","-0.60%"
"02/04/2026","405.05","409.00","412.00","391.00","96.68K","-0.69%"
"02/03/2026","407.87","411.21","411.54","405.00","124.14K","0.06%"
"02/02/2026","407.62","406.69","412.00","405.00","70.91K","0.23%"
"01/30/2026","406.69","408.00","412.00","405.00","78.60K","0.39%"
"01/29/2026","405.09","415.99","415.99","404.00","202.49K","-1.63%"
"01/28/2026","411.82","408.01","414.95","408.01","158.45K","0.95%"
"01/27/2026","407.93","408.00","413.32","406.00","74.25K","0.01%"
"01/26/2026","407.87","415.00","416.00","405.05","132.63K","-1.63%"
"01/23/2026","414.62","417.98","418.00","411.01","138.18K","0.11%"
"01/22/2026","414.18","414.50","417.97","411.00","45.36K","-0.08%"
"01/21/2026","414.50","422.35","426.58","411.50","170.64K","-1.86%"
"01/20/2026","422.35","418.00","423.50","415.07","120.70K","1.15%"
"01/19/2026","417.53","419.75","420.99","415.00","108.82K","0.55%"
"01/16/2026","415.24","409.99","416.99","409.99","239.18K","1.28%"
"01/15/2026","409.99","419.00","419.00","408.32","64.09K","-1.00%"
"01/14/2026","414.12","419.50","421.00","412.50","186.68K","-0.56%"
"01/13/2026","416.47","419.00","421.99","414.11","108.69K","-0.46%"
"01/12/2026","418.40","420.00","421.00","411.00","97.60K","-0.29%"
"01/09/2026","419.62","425.51","431.32","402.20","156.81K","-2.71%"
"01/08/2026","431.32","432.10","435.20","425.00","238.79K","0.16%"
"01/07/2026","430.63","425.00","439.00","423.71","241.64K","1.63%"
"01/06/2026","423.71","400.00","430.00","399.00","393.05K","6.35%"
"01/05/2026","398.42","394.89","400.00","394.01","82.26K","1.31%"
"01/02/2026","393.27","394.00","398.00","393.00","150.45K","-0.13%"
"01/01/2026","393.80","396.40","398.00","392.11","46.09K","-0.61%"
"12/31/2025","396.21","396.00","399.89","391.01","111.02K","0.80%"
"12/30/2025","393.08","391.52","394.00","390.51","31.60K","0.40%"
"12/29/2025","391.51","395.00","395.00","390.10","42.57K","-0.72%"
"12/26/2025","394.35","393.44","395.00","390.09","53.86K","0.23%"
"12/24/2025","393.44","389.72","395.00","387.52","72.76K","0.95%"
"12/23/2025","389.72","392.50","392.50","388.00","41.55K","-0.14%"
"12/22/2025","390.25","391.50","393.00","389.01","30.95K","-0.31%"
"12/19/2025","391.45","391.53","393.79","391.00","150.13K","-0.01%"
"12/18/2025","391.48","392.00","395.00","390.11","37.13K","0.10%"
"12/17/2025","391.07","392.03","393.45","387.02","76.52K","-0.20%"
"12/16/2025","391.85","392.99","394.50","389.50","136.03K","0.46%"
"12/15/2025","390.06","390.98","392.99","389.00","47.21K","-0.23%"
"12/12/2025","390.94","394.99","397.00","390.00","94.38K","-0.27%"
"12/11/2025","391.99","395.00","395.00","390.00","20.79K","-0.01%"
"12/10/2025","392.02","398.00","400.00","390.27","77.11K","-1.44%"
"12/09/2025","397.74","405.00","406.00","397.02","257.30K","-0.72%"
"12/08/2025","400.61","387.01","403.00","387.01","299.19K","2.78%"
"12/05/2025","389.79","385.70","391.00","385.70","58.04K","1.06%"
"12/04/2025","385.70","386.50","388.00","384.00","21.06K","-0.20%"
"12/03/2025","386.49","389.50","390.00","385.00","30.07K","-0.43%"
"12/02/2025","388.15","385.99","393.50","383.00","183.60K","0.65%"
"12/01/2025","385.63","386.20","386.68","380.51","79.38K","0.06%"
"11/28/2025","385.39","377.00","387.49","377.00","134.74K","1.58%"
"11/27/2025","379.41","381.95","381.95","378.00","30.44K","0.42%"
"11/26/2025","377.82","380.00","380.00","376.00","85.11K","-0.30%"
"11/25/2025","378.95","379.99","384.90","378.01","151.66K","0.04%"
"11/24/2025","378.79","381.91","385.00","375.00","88.63K","-0.82%"
"11/21/2025","381.91","383.03","386.00","380.11","54.44K","-0.53%"
"11/20/2025","383.94","384.95","385.00","370.22","124.01K","-0.26%"
"11/19/2025","384.95","387.92","387.92","383.00","58.76K","-0.26%"
"11/18/2025","385.95","386.53","387.99","383.40","126.87K","-0.13%"
"11/17/2025","386.47","393.00","393.00","385.29","219.62K","-1.38%"
"11/14/2025","391.87","387.00","396.90","385.00","182.73K","1.53%"
"11/13/2025","385.97","388.50","388.50","385.00","160.51K","0.67%"
"11/12/2025","383.40","385.00","390.89","382.00","153.25K","-0.79%"
"11/11/2025","386.46","388.95","389.00","377.77","426.35K","-0.39%"
"11/10/2025","387.96","390.00","392.00","387.00","87.73K","-0.06%"
"11/07/2025","388.21","393.00","395.89","386.11","157.42K","-0.60%"
"11/06/2025","390.54","395.00","396.00","380.20","369.89K","-0.10%"
"11/05/2025","390.92","382.00","403.00","378.00","1.39M","3.36%"
"11/04/2025","378.22","384.00","384.00","370.01","182.70K","0.49%"
"11/03/2025","376.38","370.00","389.94","365.75","851.08K","2.91%"
"10/31/2025","365.75","357.01","379.00","355.85","279.17K","2.78%"
"10/30/2025","355.85","368.90","368.90","350.05","258.77K","-5.99%"
"10/29/2025","378.54","385.01","385.01","377.00","384.86K","-1.67%"
"10/28/2025","384.98","385.03","392.00","384.00","224.31K","0.00%"
"10/27/2025","384.98","393.00","394.50","382.15","454.81K","-1.88%"
"10/24/2025","392.35","388.50","396.50","385.00","360.23K","0.71%"
"10/23/2025","389.58","400.01","401.99","387.51","658.86K","-2.41%"
"10/22/2025","399.22","399.00","410.00","375.00","584.84K","0.53%"
"10/21/2025","397.11","398.44","409.25","395.00","1.57M","1.92%"
"10/20/2025","389.64","358.00","389.64","354.51","3.48M","10.00%"
"10/17/2025","354.22","352.40","355.01","350.10","104.11K","0.52%"
"10/16/2025","352.40","355.20","357.86","351.00","105.12K","-0.79%"
"10/15/2025","355.20","358.00","358.00","354.00","114.27K","-0.24%"
"10/14/2025","356.07","355.00","362.00","353.10","294.16K","1.08%"
"10/13/2025","352.25","358.01","364.00","350.85","639.91K","-2.86%"
"10/10/2025","362.61","362.99","363.85","355.01","302.91K","0.06%"
"10/09/2025","362.38","364.50","366.00","359.75","171.76K","-0.75%"
"10/08/2025","365.11","363.60","366.49","360.00","200.61K","0.42%"
"10/07/2025","363.60","358.53","366.50","358.53","269.95K","1.44%"
"10/06/2025","358.43","362.87","363.00","356.00","890.17K","-1.22%"
"10/03/2025","362.87","363.53","368.50","360.00","1.41M","-0.40%"
"10/02/2025","364.31","366.00","369.99","360.00","297.86K","-0.45%"
"10/01/2025","365.97","373.50","373.50","364.00","99.77K","-0.70%"
"09/30/2025","368.54","367.00","374.99","361.90","292.51K","1.90%"
"09/29/2025","361.68","368.50","368.50","361.00","319.38K","-1.59%"
"09/26/2025","367.51","366.50","370.00","360.00","250.88K","0.32%"
"09/25/2025","366.35","362.50","379.00","360.17","347.69K","1.14%"
"09/24/2025","362.23","362.00","364.00","360.00","158.80K","-0.25%"
"09/23/2025","363.14","366.17","368.50","362.00","182.96K","-0.83%"
"09/22/2025","366.17","373.00","373.00","364.24","264.30K","-1.58%"
"09/19/2025","372.04","380.00","380.00","370.17","231.48K","-1.71%"
"09/18/2025","378.50","375.50","379.50","372.00","647.60K","0.86%"
"09/17/2025","375.29","372.20","381.49","366.00","1.07M","1.10%"
"09/16/2025","371.22","356.00","385.00","356.00","2.54M","5.66%"
"09/15/2025","351.32","341.00","352.60","340.00","928.27K","3.30%"
"09/12/2025","340.09","345.00","347.20","339.01","323.71K","-0.94%"
"09/11/2025","343.32","350.00","352.99","341.05","368.33K","-1.50%"
"09/10/2025","348.56","346.00","354.45","335.01","999.93K","0.57%"
"09/09/2025","346.59","380.00","383.00","341.00","5.67M","-7.92%"
"09/08/2025","376.42","371.11","379.00","371.11","492.86K","1.67%"
"09/05/2025","370.25","374.05","377.95","369.00","412.94K","-1.02%"
"09/04/2025","374.05","379.00","379.80","369.20","415.84K","-0.56%"
"09/03/2025","376.17","373.90","379.89","370.01","444.35K","1.35%"
"09/02/2025","371.17","384.00","384.00","370.00","312.05K","-2.42%"
"09/01/2025","380.39","388.00","388.00","376.00","459.63K","0.16%"
"08/29/2025","379.77","370.50","390.00","359.50","855.69K","2.41%"
"08/28/2025","370.85","376.10","379.98","370.00","237.31K","-1.92%"
"08/27/2025","378.10","383.87","383.87","377.07","145.91K","-1.00%"
"08/26/2025","381.92","382.00","385.00","379.16","184.02K","0.48%"
"08/25/2025","380.10","392.98","398.02","379.00","775.32K","-2.49%"
"08/22/2025","389.82","398.00","398.00","386.50","512.30K","-0.26%"
"08/21/2025","390.84","411.00","412.00","380.00","927.86K","-3.89%"
"08/20/2025","406.64","390.00","415.00","390.00","1.98M","5.02%"
"08/19/2025","387.20","385.00","404.85","380.00","1.06M","1.60%"
"08/18/2025","381.09","379.49","387.87","374.50","446.67K","1.91%"
"08/15/2025","373.96","383.99","384.00","372.04","353.46K","-1.36%"
"08/13/2025","379.12","388.50","398.40","377.00","1.16M","-1.88%"
"08/12/2025","386.37","360.00","391.77","359.90","3.46M","8.49%"
"08/11/2025","356.15","350.05","363.00","350.05","1.72M","2.09%"
"08/08/2025","348.86","351.00","352.00","345.00","617.42K","-0.22%"
"08/07/2025","349.63","357.00","360.00","348.21","519.61K","-1.69%"
"08/06/2025","355.64","349.50","361.00","349.50","1.18M","1.78%"
"08/05/2025","349.42","350.01","353.00","344.55","1.66M","0.38%"
"08/04/2025","348.11","341.68","349.99","335.01","577.96K","2.91%"
"08/01/2025","338.27","332.90","340.00","325.00","392.46K","2.64%"
"07/31/2025","329.56","336.99","341.25","328.00","602.41K","-1.45%"
"07/30/2025","334.40","338.00","338.88","330.01","354.75K","-1.14%"
"07/29/2025","338.26","342.00","346.10","337.00","946.76K","-1.08%"
"07/28/2025","341.96","341.50","344.00","339.00","714.06K","0.66%"
"07/25/2025","339.72","339.25","343.45","337.50","317.93K","0.17%"
"07/24/2025","339.13","340.00","345.00","336.50","580.44K","0.19%"
"07/23/2025","338.49","344.00","345.97","335.50","757.77K","0.09%"
"07/22/2025","338.19","344.96","347.00","337.00","293.08K","-1.24%"
"07/21/2025","342.45","343.99","350.00","340.00","605.65K","-0.46%"
"07/18/2025","344.03","354.03","355.00","340.99","302.34K","-2.79%"
"07/17/2025","353.91","357.89","363.00","352.00","218.82K","-0.90%"
"07/16/2025","357.11","352.00","358.94","350.50","329.86K","0.78%"
"07/15/2025","354.36","358.00","359.00","346.00","1.08M","-1.15%"
"07/14/2025","358.50","366.99","369.99","356.00","777.12K","-2.47%"
"07/11/2025","367.58","363.89","372.00","357.37","1.04M","1.59%"
"07/10/2025","361.82","365.98","379.43","356.00","1.15M","-0.72%"
"07/09/2025","364.46","353.99","382.90","348.51","1.82M","3.32%"
"07/08/2025","352.76","359.00","360.00","350.70","475.93K","-1.21%"
"07/07/2025","357.08","355.98","363.88","353.01","1.03M","1.39%"
"07/04/2025","352.19","345.05","360.95","344.00","1.17M","3.48%"
"07/03/2025","340.33","326.00","347.95","320.50","2.37M","4.68%"
"07/02/2025","325.12","330.00","330.00","320.00","908.17K","-0.91%"
"07/01/2025","328.11","327.23","332.00","323.60","702.04K","0.27%"
"06/30/2025","327.23","325.00","339.95","319.00","3.33M","-0.81%"
"06/27/2025","329.89","333.99","344.00","327.01","2.14M","-1.76%"
"06/26/2025","335.79","309.95","339.95","308.40","3.49M","8.07%"
"06/25/2025","310.71","288.00","314.99","287.02","3.30M","7.99%"
"06/24/2025","287.71","284.00","290.00","281.00","701.74K","5.51%"
"06/23/2025","272.69","274.00","275.50","265.51","275.73K","-1.26%"
"06/20/2025","276.16","280.01","284.00","275.00","82.63K","-1.28%"
"06/19/2025","279.74","281.00","288.00","278.00","174.36K","-0.38%"
"06/18/2025","280.81","281.25","285.99","279.50","78.85K","-1.30%"
"06/17/2025","284.51","287.99","288.00","281.00","495.28K","-0.69%"
"06/16/2025","286.48","285.25","295.00","285.25","212.08K","-1.68%"
"06/13/2025","291.37","288.00","294.99","280.00","1.07M","-0.14%"
"06/12/2025","291.78","297.00","302.95","288.30","854.09K","-1.34%"
"06/11/2025","295.75","296.98","313.00","292.00","716.33K","1.07%"
"06/10/2025","292.62","282.00","293.50","282.00","1.09M","3.90%"
"06/05/2025","281.64","281.56","290.00","272.20","443.10K","0.03%"
"06/04/2025","281.56","300.00","309.00","277.50","1.51M","-2.67%"
"06/03/2025","289.28","266.00","289.28","265.89","3.23M","10.00%"
"06/02/2025","262.98","241.00","263.14","240.00","5.50M","9.93%"
"05/30/2025","239.22","234.00","241.90","234.00","249.27K","1.92%"
"05/29/2025","234.71","235.00","237.40","233.95","62.47K","0.31%"
"05/27/2025","233.99","234.99","238.00","232.00","62.50K","0.74%"
"05/26/2025","232.26","235.07","235.07","231.03","54.35K","-1.26%"
"05/23/2025","235.22","226.00","237.00","226.00","77.05K","1.51%"
"05/22/2025","231.73","241.00","242.00","231.00","244.61K","-3.49%"
"05/21/2025","240.11","240.10","243.00","238.00","189.66K","-1.76%"
"05/20/2025","244.41","247.03","247.03","242.00","40.18K","-1.23%"
"05/19/2025","247.46","245.04","250.00","245.04","33.54K","-0.63%"
"05/16/2025","249.03","254.21","255.90","248.55","340.14K","-2.04%"
"05/15/2025","254.21","252.35","258.00","248.10","225.09K","0.74%"
"05/14/2025","252.35","253.00","256.00","247.30","257.95K","0.45%"
"05/13/2025","251.22","246.00","252.00","240.00","3.81M","2.72%"
"05/12/2025","244.57","240.00","244.57","236.10","1.20M","10.00%"
"05/09/2025","222.34","213.30","223.90","205.00","190.46K","6.04%"
"05/08/2025","209.67","224.75","230.00","203.29","149.37K","-7.18%"
"05/07/2025","225.88","225.00","233.80","221.00","67.22K","-4.66%"
"05/06/2025","236.93","240.00","240.00","236.00","40.28K","-1.58%"
"05/05/2025","240.73","232.00","241.99","232.00","212.37K","0.16%"
"05/02/2025","240.35","244.50","244.50","239.00","587.83K","-1.67%"
"04/30/2025","244.42","247.00","247.50","240.00","166.11K","-0.33%"
"04/29/2025","245.22","230.01","249.89","230.00","321.48K","4.69%"
"04/28/2025","234.24","242.45","245.00","230.00","269.29K","-1.89%"
"04/25/2025","238.75","240.00","243.00","235.00","149.19K","-0.68%"
"04/24/2025","240.38","237.00","258.00","235.00","1.06M","0.07%"
"04/23/2025","240.20","219.63","241.59","219.01","1.76M","9.37%"
"04/22/2025","219.63","224.97","225.01","216.21","194.01K","-1.88%"
"04/21/2025","223.84","210.57","231.63","208.00","442.84K","6.30%"
"04/18/2025","210.57","213.99","213.99","209.00","8.60K","0.21%"
"04/17/2025","210.12","213.88","214.00","208.00","22.33K","-0.44%"
"04/16/2025","211.05","212.00","212.00","207.00","58.17K","1.52%"
"04/15/2025","207.90","207.00","209.90","207.00","11.96K","0.53%"
"04/14/2025","206.80","206.09","209.90","204.01","18.42K","1.17%"
"04/11/2025","204.40","208.00","210.00","203.01","40.25K","-2.06%"
"04/10/2025","208.69","207.00","211.99","205.50","26.83K","1.62%"
"04/09/2025","205.36","208.50","209.00","205.00","27.52K","-2.11%"
"04/08/2025","209.78","214.42","214.42","205.10","42.72K","-1.00%"
"04/07/2025","211.89","205.01","216.00","200.00","136.44K","-1.00%"
"04/04/2025","214.04","216.70","216.74","214.00","30.85K","-0.60%"
"04/03/2025","215.34","212.50","218.00","212.50","32.29K","0.07%"
"03/27/2025","215.20","217.00","217.00","214.50","22.43K","-0.19%"
"03/26/2025","215.62","215.51","216.55","213.00","19.61K","0.27%"
"03/25/2025","215.04","212.00","217.00","212.00","31.42K","-0.58%"
"03/24/2025","216.30","217.15","218.00","215.50","18.00K","-0.39%"
"03/21/2025","217.15","217.00","219.00","213.10","20.50K","-0.16%"
"03/20/2025","217.50","219.00","219.00","216.46","33.81K","0.49%"
"03/19/2025","216.45","217.00","218.00","213.00","542.26K","0.00%"
"03/18/2025","216.46","205.85","223.00","205.00","176.56K","5.24%"
"03/17/2025","205.69","203.15","205.85","203.15","24.67K","1.25%"
"03/14/2025","203.15","205.05","205.05","203.02","12.56K","-0.83%"
"03/13/2025","204.86","206.00","206.00","203.00","12.40K","0.89%"
"03/12/2025","203.05","205.55","206.00","201.51","27.61K","-1.22%"
"03/11/2025","205.55","206.79","207.00","204.04","10.22K","-0.60%"
"03/10/2025","206.79","203.30","210.00","201.10","25.41K","1.69%"
"03/07/2025","203.35","204.98","205.00","198.38","59.47K","-0.80%"
"03/06/2025","204.98","209.20","210.00","204.00","33.25K","-2.00%"
"03/05/2025","209.17","213.00","213.00","207.00","29.21K","-1.65%"
"03/04/2025","212.69","213.00","214.00","211.99","24.54K","0.51%"
"03/03/2025","211.61","208.00","212.90","208.00","26.38K","1.76%"
"02/28/2025","207.94","214.90","214.90","204.20","70.72K","-3.59%"
"02/27/2025","215.69","216.98","219.00","212.80","117.05K","1.38%"
"02/26/2025","212.76","204.00","214.99","204.00","257.13K","5.15%"
"02/25/2025","202.34","194.90","203.53","189.65","921.29K","6.69%"
"02/24/2025","189.65","184.13","190.00","180.08","104.09K","3.00%"
"02/21/2025","184.13","182.10","184.48","181.04","26.35K","1.18%"
"02/20/2025","181.99","181.00","182.98","179.01","38.80K","1.12%"
"02/19/2025","179.98","180.00","180.72","177.77","44.70K","0.94%"
"02/18/2025","178.31","179.90","179.95","170.00","37.70K","0.08%"
"02/17/2025","178.16","184.00","184.50","176.00","14.92K","-0.65%"
"02/14/2025","179.33","182.00","184.95","177.00","43.26K","-0.73%"
"02/13/2025","180.64","185.00","185.99","180.00","32.45K","-0.91%"
"02/12/2025","182.30","187.74","187.80","181.16","9.06K","-1.67%"
"02/11/2025","185.40","184.70","185.99","182.30","15.06K","1.83%"
"02/10/2025","182.07","180.30","183.50","180.10","37.86K","1.05%"
"02/07/2025","180.18","180.02","183.00","179.00","69.89K","0.09%"
"02/06/2025","180.02","183.80","183.97","179.00","34.95K","-1.13%"
"02/04/2025","182.07","182.00","184.00","178.00","31.03K","1.09%"
"02/03/2025","180.11","183.99","183.99","179.25","13.35K","-1.05%"
"01/31/2025","182.02","180.00","182.99","178.00","78.66K","1.23%"
"01/30/2025","179.80","179.50","183.89","177.91","45.26K","0.20%"
"01/29/2025","179.44","183.90","183.90","179.20","9.71K","-1.06%"
"01/28/2025","181.37","182.00","183.00","179.53","101.96K","-0.21%"
"01/27/2025","181.75","185.00","185.00","180.50","28.38K","-1.18%"
"01/24/2025","183.92","183.20","188.00","183.00","60.02K","-1.08%"
"01/23/2025","185.93","183.02","188.95","183.02","8.76K","0.05%"
"01/22/2025","185.84","189.50","189.50","185.50","17.90K","-1.14%"
"01/21/2025","187.99","189.00","189.79","187.00","12.86K","0.60%"
"01/20/2025","186.87","190.70","194.00","183.00","150.51K","-1.17%"
"01/17/2025","189.09","190.00","190.00","187.20","40.53K","0.13%"
"01/16/2025","188.85","191.00","191.00","187.00","15.60K","0.45%"
"01/15/2025","188.00","190.75","190.75","186.01","44.59K","-0.63%"
"01/14/2025","189.20","190.00","191.40","188.50","36.15K","-0.28%"
"01/13/2025","189.73","191.01","192.49","189.00","35.05K","-0.65%"
"01/10/2025","190.97","192.75","192.75","189.50","24.81K","0.51%"
"01/09/2025","190.01","190.00","192.88","189.00","93.95K","0.06%"
"01/08/2025","189.90","190.01","193.99","188.01","27.06K","0.36%"
"01/07/2025","189.21","190.51","195.50","188.00","74.46K","-0.44%"
"01/06/2025","190.04","192.50","194.99","189.00","78.63K","-1.32%"
"01/03/2025","192.59","192.00","194.00","187.60","139.60K","1.36%"
"01/02/2025","190.00","190.00","194.00","189.50","39.82K","-1.55%"
"01/01/2025","193.00","194.00","194.00","189.56","125.48K","1.58%"
"12/31/2024","190.00","195.00","195.00","189.01","49.83K","-2.06%"
"12/30/2024","194.00","187.31","196.02","186.80","169.86K","3.74%"
"12/27/2024","187.00","191.36","191.49","185.00","43.93K","-1.58%"
"12/26/2024","190.00","189.42","191.69","185.15","47.98K","0.00%"
"12/24/2024","190.00","191.00","192.95","186.00","131.89K","-0.26%"
"12/23/2024","190.50","185.50","197.00","182.50","126.47K","1.91%"
"12/20/2024","186.93","183.00","188.00","180.01","143.07K","2.71%"
"12/19/2024","182.00","181.00","185.90","178.00","201.00K","0.00%"
"12/18/2024","182.00","186.00","190.00","182.00","110.64K","-3.14%"
"12/17/2024","187.90","189.00","189.00","181.16","80.58K","1.02%"
"12/16/2024","186.00","196.00","197.98","186.00","222.47K","-4.62%"
"12/13/2024","195.00","198.99","202.00","195.00","138.89K","-1.05%"
"12/12/2024","197.07","189.50","200.00","187.00","381.22K","4.82%"
"12/11/2024","188.00","180.00","191.00","180.00","193.89K","3.30%"
"12/10/2024","182.00","191.00","192.98","180.00","369.38K","-3.70%"
"12/09/2024","189.00","188.00","193.00","185.00","493.19K","1.61%"
"12/06/2024","186.00","183.27","194.00","180.07","2.84M","0.54%"
"12/05/2024","185.00","181.99","186.00","178.99","193.03K","2.83%"
"12/04/2024","179.90","182.50","183.39","179.00","52.75K","-1.42%"
"12/03/2024","182.50","180.00","182.50","177.00","78.14K","1.67%"
"12/02/2024","179.51","175.11","180.00","175.11","73.98K","1.99%"
"11/29/2024","176.00","178.70","179.49","173.11","79.69K","-0.26%"
"11/28/2024","176.45","173.87","183.50","172.50","239.93K","2.59%"
"11/27/2024","172.00","169.00","173.44","166.51","32.35K","4.24%"
"11/26/2024","165.00","171.11","175.88","164.00","40.14K","-5.35%"
"11/25/2024","174.33","176.99","177.00","171.01","26.25K","0.19%"
"11/22/2024","174.00","177.00","178.40","172.01","33.49K","-2.25%"
"11/21/2024","178.00","177.97","178.00","175.21","22.19K","0.85%"
"11/20/2024","176.50","179.10","180.00","175.00","65.09K","-1.34%"
"11/19/2024","178.90","180.99","180.99","176.51","37.73K","-0.06%"
"11/18/2024","179.00","176.43","182.00","176.43","102.77K","1.70%"
"11/15/2024","176.00","175.00","177.00","172.50","32.26K","1.16%"
"11/14/2024","173.99","173.00","176.00","170.25","67.30K","1.16%"
"11/13/2024","172.00","174.00","178.00","172.00","58.10K","-1.15%"
"11/12/2024","174.00","170.10","179.00","169.65","82.25K","1.81%"
"11/11/2024","170.90","169.50","171.50","168.12","22.67K","1.18%"
"11/08/2024","168.90","169.21","169.99","168.00","11.58K","0.54%"
"11/07/2024","167.99","168.98","169.46","167.30","16.27K","-0.59%"
"11/06/2024","168.99","169.99","169.99","165.00","5.71K","0.59%"
"11/05/2024","168.00","169.10","172.90","167.20","28.79K","-0.59%"
"11/04/2024","169.00","166.86","170.00","163.13","28.30K","2.44%"
"11/01/2024","164.98","166.99","166.99","163.01","4.97K","-0.61%"
"10/31/2024","166.00","166.75","166.75","155.00","15.87K","1.22%"
"10/30/2024","164.00","168.96","168.96","164.00","31.31K","-2.12%"
"10/29/2024","167.55","167.01","168.40","166.00","23.55K","0.51%"
"10/28/2024","166.70","169.99","169.99","166.12","42.21K","-0.83%"
"10/25/2024","168.10","169.61","170.22","168.10","28.54K","0.66%"
"10/24/2024","167.00","169.97","169.97","166.11","25.03K","0.01%"
"10/23/2024","166.99","172.72","172.72","165.00","73.10K","-2.06%"
"10/22/2024","170.50","171.70","172.50","170.00","13.53K","0.29%"
"10/21/2024","170.01","170.00","171.19","168.57","19.94K","0.60%"
"10/18/2024","169.00","169.00","170.43","168.00","2.62K","-0.24%"
"10/17/2024","169.40","167.12","170.50","167.01","16.22K","1.50%"
"10/16/2024","166.90","167.00","171.00","166.90","21.79K","-0.06%"
"10/15/2024","167.00","166.00","173.99","166.00","20.44K","-2.33%"
"10/14/2024","170.98","172.77","174.87","169.00","40.70K","-0.01%"
"10/11/2024","171.00","174.99","174.99","169.70","31.26K","-2.01%"
"10/10/2024","174.50","179.99","179.99","160.19","51.17K","-4.64%"
"10/09/2024","183.00","182.00","183.80","180.55","30.08K","0.41%"
"10/08/2024","182.25","185.00","185.00","178.60","44.65K","-0.95%"
"10/07/2024","184.00","172.55","185.00","172.01","63.78K","2.25%"
"10/04/2024","179.95","170.50","179.95","170.19","86.69K","5.54%"
"10/03/2024","170.50","173.00","173.00","170.00","38.66K","-0.87%"
"10/02/2024","172.00","170.01","172.95","169.96","13.91K","0.88%"
"10/01/2024","170.50","174.75","174.75","169.00","41.09K","-0.87%"
"09/30/2024","172.00","171.11","174.75","171.11","9.15K","-0.86%"
"09/27/2024","173.50","175.00","175.00","172.50","13.63K","-0.35%"
"09/26/2024","174.11","176.00","176.01","174.00","14.56K","-0.39%"
"09/25/2024","174.80","174.11","176.98","174.11","15.11K","0.46%"
"09/24/2024","174.00","177.45","177.45","174.00","27.52K","-1.49%"
"09/23/2024","176.63","177.88","179.98","176.63","8.30K","-0.63%"
"09/20/2024","177.75","179.13","180.52","177.50","17.40K","-0.68%"
"09/19/2024","178.97","178.75","181.00","177.00","36.20K","0.11%"
"09/18/2024","178.77","177.00","178.77","176.30","28.21K","0.72%"
"09/16/2024","177.50","175.00","177.50","174.65","23.40K","1.72%"
"09/13/2024","174.50","176.00","176.97","174.00","30.09K","0.00%"
"09/12/2024","174.50","175.00","176.00","173.50","41.30K","-0.57%"
"09/11/2024","175.50","176.00","176.30","174.11","35.67K","0.16%"
"09/10/2024","175.22","173.90","175.22","160.15","29.84K","1.87%"
"09/09/2024","172.00","175.99","179.00","172.00","30.52K","-0.95%"
"09/06/2024","173.65","183.11","183.11","166.50","95.96K","-5.63%"
"09/05/2024","184.00","187.95","187.95","183.10","48.25K","-1.59%"
"09/04/2024","186.98","184.00","187.00","182.55","16.29K","1.62%"
"09/03/2024","184.00","186.00","186.00","183.70","25.46K","-0.43%"
"09/02/2024","184.80","186.12","187.99","184.10","14.75K","-0.44%"
"08/30/2024","185.61","186.88","188.90","184.11","8.66K","-0.37%"
"08/29/2024","186.30","190.00","191.85","184.00","46.48K","-1.69%"
"08/28/2024","189.50","186.50","189.50","184.45","34.05K","1.34%"
"08/27/2024","187.00","192.99","192.99","185.10","28.37K","-1.57%"
"08/26/2024","189.99","190.99","192.00","189.00","31.81K","1.33%"
"08/23/2024","187.50","191.90","193.50","187.50","69.56K","-0.79%"
"08/22/2024","189.00","194.00","194.00","188.00","121.69K","-1.05%"
"08/21/2024","191.00","194.20","196.39","191.00","22.85K","-1.34%"
"08/20/2024","193.60","192.50","202.00","192.50","61.17K","-2.47%"
"08/19/2024","198.50","205.00","205.00","198.50","87.56K","-1.24%"
"08/16/2024","201.00","196.00","207.45","188.00","5.97M","3.08%"
"08/15/2024","195.00","196.90","199.70","193.02","94.70K","0.00%"
"08/13/2024","195.00","194.74","197.00","193.05","36.25K","0.00%"
"08/12/2024","195.00","195.01","197.37","192.02","86.44K","0.52%"
"08/09/2024","194.00","194.00","197.50","193.00","131.34K","1.04%"
"08/08/2024","192.01","187.48","194.00","186.00","87.33K","2.95%"
"08/07/2024","186.50","189.89","191.00","186.50","40.42K","-1.32%"
"08/06/2024","189.00","189.00","194.00","186.00","65.51K","0.53%"
"08/05/2024","188.00","195.85","204.00","186.00","345.18K","-1.52%"
"08/02/2024","190.91","174.00","190.91","174.00","416.49K","9.84%"
"08/01/2024","173.80","175.00","178.00","172.50","27.27K","1.05%"
"07/31/2024","172.00","183.00","183.00","172.00","21.72K","-4.44%"
"07/30/2024","180.00","183.97","186.50","175.00","27.68K","-2.01%"
"07/29/2024","183.70","182.99","186.00","180.00","59.37K","0.33%"
"07/26/2024","183.10","188.63","188.63","182.42","13.94K","-1.03%"
"07/25/2024","185.00","191.95","191.95","184.71","12.33K","-1.05%"
"07/24/2024","186.97","186.98","189.00","181.00","40.46K","1.06%"
"07/23/2024","185.00","189.99","189.99","167.01","12.38K","-0.54%"
"07/22/2024","186.00","191.38","192.94","185.00","21.51K","-2.62%"
"07/19/2024","191.00","195.99","197.50","190.00","14.54K","-2.30%"
"07/18/2024","195.50","192.73","195.54","192.73","25.41K","1.30%"
"07/15/2024","192.99","196.68","196.99","192.10","13.04K","0.25%"
"07/12/2024","192.51","193.00","196.85","190.00","24.57K","-0.25%"
"07/11/2024","193.00","201.00","201.00","190.00","11.70K","-3.42%"
"07/10/2024","199.84","203.49","203.50","195.99","54.33K","0.30%"
"07/09/2024","199.25","195.00","202.00","192.50","65.60K","2.21%"
"07/08/2024","194.95","189.88","196.22","170.96","53.17K","3.42%"
"07/05/2024","188.50","190.00","195.00","188.02","37.80K","-0.45%"
"07/04/2024","189.35","178.58","193.81","176.25","138.48K","6.38%"
"07/03/2024","178.00","179.00","179.00","175.00","33.82K","1.19%"
"07/02/2024","175.90","174.00","178.00","172.80","60.42K","1.68%"
"07/01/2024","173.00","173.50","174.90","171.00","13.83K","-2.26%"
"06/28/2024","177.00","174.98","177.00","168.00","62.42K","3.03%"
"06/27/2024","171.80","171.01","176.00","170.50","14.74K","-0.41%"
"06/26/2024","172.50","174.00","174.00","170.15","14.92K","-0.55%"
"06/25/2024","173.45","172.98","174.98","172.00","6.14K","0.26%"
"06/24/2024","173.00","176.50","176.50","170.01","11.39K","0.00%"
"06/21/2024","173.00","176.00","178.40","172.99","57.10K","-1.20%"
"06/20/2024","175.11","181.00","181.00","175.00","99.56K","0.06%"
"06/14/2024","175.00","171.00","181.00","169.00","55.81K","0.29%"
"06/13/2024","174.50","172.00","175.00","169.00","37.19K","2.65%"
"06/12/2024","170.00","171.00","171.00","169.50","16.81K","-0.53%"
"06/11/2024","170.90","172.00","174.00","167.00","55.37K","2.14%"
"06/10/2024","167.32","163.46","168.90","163.00","23.96K","2.34%"
"06/07/2024","163.50","163.01","168.00","162.00","16.53K","-1.80%"
"06/06/2024","166.50","169.98","169.98","165.60","8.73K","-0.30%"
"06/05/2024","167.00","169.98","169.98","165.24","5.82K","-0.30%"
"06/04/2024","167.50","168.00","169.75","166.70","18.80K","-0.89%"
"06/03/2024","169.00","170.00","170.00","168.50","23.17K","-0.53%"
"05/31/2024","169.90","170.50","172.89","169.00","11.44K","-0.05%"
"05/30/2024","169.99","165.01","170.50","165.01","42.41K","1.49%"
"05/29/2024","167.50","169.20","171.99","165.00","11.20K","-1.00%"
"05/27/2024","169.20","173.00","173.00","168.75","24.83K","-1.12%"
"05/24/2024","171.12","174.15","175.00","170.00","17.34K","-0.51%"
"05/23/2024","172.00","175.00","175.00","171.50","39.10K","-0.58%"
"05/22/2024","173.00","174.49","178.30","173.00","78.80K","0.00%"
"05/21/2024","173.00","175.98","175.98","170.01","55.04K","1.16%"
"05/20/2024","171.02","174.52","178.00","171.00","16.35K","-2.83%"
"05/17/2024","176.00","177.90","178.50","175.01","16.04K","0.63%"
"05/16/2024","174.90","178.00","179.99","174.90","19.49K","-1.20%"
"05/15/2024","177.02","174.28","185.85","172.65","220.89K","2.03%"
"05/14/2024","173.50","176.00","177.00","173.00","32.28K","-0.97%"
"05/13/2024","175.20","172.00","178.01","170.40","99.82K","2.76%"
"05/10/2024","170.50","170.25","174.90","168.81","73.75K","-0.26%"
"05/09/2024","170.95","172.49","175.00","167.99","75.32K","1.15%"
"05/08/2024","169.00","173.55","176.00","165.00","134.01K","-3.48%"
"05/07/2024","175.10","177.00","179.99","174.00","67.70K","-1.07%"
"05/06/2024","177.00","171.49","179.80","168.51","135.22K","4.12%"
"05/03/2024","170.00","167.99","170.50","165.20","68.29K","2.91%"
"05/02/2024","165.20","170.00","170.00","162.00","27.91K","-2.07%"
"04/30/2024","168.70","181.50","181.50","168.70","109.12K","-7.31%"
"04/29/2024","182.00","173.12","186.09","173.12","273.82K","5.14%"
"04/26/2024","173.11","162.00","173.11","161.40","150.63K","7.52%"
"04/25/2024","161.00","162.00","163.49","160.50","29.12K","-0.92%"
"04/24/2024","162.50","163.22","163.74","161.60","14.11K","-0.61%"
"04/23/2024","163.50","165.00","165.00","161.48","10.83K","-0.30%"
"04/22/2024","164.00","163.67","164.78","161.01","23.81K","0.15%"
"04/19/2024","163.75","162.00","165.00","159.01","76.86K","2.34%"
"04/18/2024","160.00","157.01","162.50","157.00","73.69K","-0.32%"
"04/17/2024","160.51","163.94","163.94","160.51","10.25K","-0.30%"
"04/16/2024","161.00","163.95","163.95","161.00","11.98K","-1.23%"
"04/15/2024","163.00","161.22","163.98","161.22","9.63K","-0.31%"
"04/09/2024","163.50","165.00","165.00","162.01","19.59K","-0.55%"
"04/08/2024","164.40","163.25","164.94","163.25","9.04K","0.25%"
"04/04/2024","163.99","165.00","165.00","162.50","13.65K","0.15%"
"04/03/2024","163.74","161.00","164.45","161.00","18.91K","1.70%"
"04/02/2024","161.00","163.90","166.50","160.20","52.05K","-0.62%"
"04/01/2024","162.00","164.99","164.99","160.00","22.16K","1.19%"
"03/29/2024","160.10","164.00","164.00","160.00","17.55K","-1.48%"
"03/28/2024","162.50","162.80","163.00","160.20","9.96K","0.00%"
"03/27/2024","162.50","164.00","164.00","157.01","12.35K","-0.91%"
"03/26/2024","163.99","158.00","164.00","156.00","942.36K","3.27%"
"03/25/2024","158.80","157.00","159.10","153.00","24.88K","1.15%"
"03/22/2024","157.00","156.00","158.00","154.00","33.08K","0.00%"
"03/21/2024","157.00","156.99","158.00","155.25","27.95K","0.00%"
"03/20/2024","157.00","156.87","157.25","154.50","148.06K","0.64%"
"03/19/2024","156.00","153.00","156.00","152.50","49.61K","0.65%"
"03/18/2024","155.00","158.00","158.00","153.52","5.88K","0.65%"
"03/15/2024","154.00","156.99","156.99","153.50","4.58K","0.00%"
"03/14/2024","154.00","151.15","155.00","151.15","73.07K","0.65%"
"03/13/2024","153.00","151.15","155.99","151.15","9.83K","0.00%"
"03/12/2024","153.00","153.11","156.20","153.00","8.10K","-2.07%"
"03/11/2024","156.23","156.99","156.99","155.00","3.74K","0.96%"
"03/08/2024","154.75","157.90","157.90","152.00","19.78K","0.49%"
"03/07/2024","154.00","156.51","158.30","154.00","25.71K","-2.53%"
"03/06/2024","158.00","161.90","161.90","157.71","19.29K","-1.13%"
"03/05/2024","159.80","155.02","162.00","155.02","35.52K","2.11%"
"03/04/2024","156.50","152.75","158.00","152.75","8.30K","0.38%"
"03/01/2024","155.90","156.00","156.95","152.02","7.41K","-0.54%"
"02/29/2024","156.75","159.40","159.40","152.20","11.31K","0.29%"
"02/28/2024","156.30","159.00","159.00","156.10","8.93K","-0.98%"
"02/27/2024","157.85","161.00","161.00","157.00","36.79K","-0.73%"
"02/26/2024","159.01","161.00","162.00","158.05","6.57K","-0.68%"
"02/23/2024","160.10","159.00","160.75","155.20","7.31K","0.70%"
"02/22/2024","158.98","159.00","160.95","157.00","11.39K","-0.01%"
"02/21/2024","159.00","160.99","160.99","158.25","4.00K","0.02%"
"02/20/2024","158.97","160.00","162.00","158.00","8.87K","0.23%"
"02/19/2024","158.60","160.00","160.00","156.00","15.19K","1.00%"
"02/16/2024","157.03","156.00","165.00","156.00","1.53M","-0.61%"
"02/15/2024","158.00","153.20","158.00","152.50","78.98K","1.12%"
"02/14/2024","156.25","152.00","156.85","150.75","29.91K","5.15%"
"02/13/2024","148.60","140.00","151.78","134.18","34.15K","1.79%"
"02/12/2024","145.99","152.80","152.92","141.70","64.27K","-4.43%"
"02/09/2024","152.75","150.00","160.00","148.72","42.89K","-4.83%"
"02/07/2024","160.50","162.99","162.99","160.00","6.03K","0.31%"
"02/06/2024","160.00","161.03","163.79","159.77","7.84K","-0.62%"
"02/02/2024","161.00","162.90","162.90","159.76","2.16K","-1.20%"
"02/01/2024","162.95","162.95","163.00","158.10","49.79K","3.13%"
"01/31/2024","158.00","160.22","163.00","158.00","15.74K","-2.11%"
"01/30/2024","161.40","163.79","163.79","159.00","39.01K","-0.22%"
"01/29/2024","161.75","164.00","164.00","159.00","48.82K","-0.15%"
"01/26/2024","161.99","163.00","164.00","158.51","21.43K","-0.01%"
"01/25/2024","162.00","162.00","167.99","162.00","50.04K","-0.61%"
"01/24/2024","163.00","161.05","164.02","160.02","80.15K","0.93%"
"01/23/2024","161.50","161.00","163.00","155.00","65.75K","0.94%"
"01/22/2024","160.00","163.30","163.30","158.51","10.92K","0.00%"
"01/19/2024","160.00","163.00","164.94","160.00","41.98K","-2.72%"
"01/18/2024","164.48","154.50","164.50","154.50","2.21M","6.12%"
"01/17/2024","155.00","156.95","157.95","155.00","33.94K","-1.27%"
"01/16/2024","157.00","159.50","159.50","155.30","49.86K","-0.95%"
"01/15/2024","158.50","161.00","162.00","158.10","27.32K","-0.94%"
"01/12/2024","160.00","156.71","161.99","156.71","56.41K","0.63%"
"01/11/2024","159.00","157.02","165.00","157.02","241.65K","0.66%"
"01/10/2024","157.95","161.00","161.00","157.00","22.68K","-1.28%"
"01/09/2024","160.00","155.00","161.01","155.00","126.77K","2.96%"
"01/08/2024","155.40","150.00","155.85","150.00","72.35K","3.26%"
"01/05/2024","150.50","148.00","155.60","148.00","277.57K","1.01%"
"01/04/2024","149.00","148.50","151.50","147.00","21.70K","-1.32%"
"01/03/2024","151.00","148.02","151.89","146.10","220.30K","1.02%"
"01/02/2024","149.48","147.01","150.00","145.00","71.60K","1.69%"
"01/01/2024","147.00","147.00","148.90","146.00","27.60K","1.38%"
"12/29/2023","145.00","145.00","147.00","144.00","120.50K","0.00%"
"12/28/2023","145.00","138.90","145.50","138.90","225.50K","5.84%"
"12/27/2023","137.00","127.00","137.80","124.60","110.00K","9.38%"
"12/26/2023","125.25","136.00","136.75","125.24","186.00K","-7.90%"
"12/22/2023","136.00","138.00","138.00","134.05","174.50K","1.23%"
"12/21/2023","134.35","139.00","139.00","130.00","58.50K","-1.14%"
"12/20/2023","135.90","133.00","138.00","128.50","81.00K","-1.52%"
"12/19/2023","138.00","142.00","142.00","132.50","131.00K","-3.43%"
"12/18/2023","142.90","149.50","152.00","142.90","90.50K","-4.72%"
"12/15/2023","149.98","142.12","150.00","142.12","233.00K","5.62%"
"12/14/2023","142.00","145.50","147.70","142.00","78.50K","-3.73%"
"12/13/2023","147.50","153.00","155.70","143.00","194.50K","-3.70%"
"12/12/2023","153.16","150.99","154.50","150.99","116.00K","2.04%"
"12/11/2023","150.10","148.00","153.99","148.00","216.00K","1.42%"
"12/08/2023","148.00","145.05","150.00","142.10","153.00K","1.16%"
"12/07/2023","146.30","152.00","152.00","145.50","105.50K","-3.10%"
"12/06/2023","150.98","156.88","157.96","150.12","223.50K","-0.96%"
"12/05/2023","152.45","142.00","152.45","138.01","335.50K","8.20%"
"12/04/2023","140.90","135.00","142.90","135.00","196.00K","3.52%"
"12/01/2023","136.11","131.75","137.90","131.75","122.00K","3.90%"
"11/30/2023","131.00","135.00","135.05","131.00","47.00K","-2.96%"
"11/29/2023","135.00","139.10","141.20","131.51","168.00K","-2.53%"
"11/28/2023","138.50","144.00","144.95","138.50","385.50K","-2.94%"
"11/27/2023","142.70","133.99","142.74","133.99","561.50K","7.29%"
"11/24/2023","133.00","135.90","137.50","131.03","206.00K","-0.93%"
"11/23/2023","134.25","131.49","136.89","128.55","482.50K","2.88%"
"11/22/2023","130.49","125.50","131.99","125.50","704.00K","2.80%"
"11/21/2023","126.93","126.50","131.75","124.50","183.50K","0.82%"
"11/20/2023","125.90","123.00","128.00","122.00","222.50K","2.36%"
"11/17/2023","123.00","123.85","125.00","122.00","50.00K","-0.41%"
"11/16/2023","123.51","122.00","125.09","121.56","103.00K","0.82%"
"11/15/2023","122.50","123.90","123.90","121.00","25.50K","0.32%"
"11/14/2023","122.11","121.29","122.99","119.50","75.00K","0.92%"
"11/13/2023","121.00","126.50","126.50","121.00","123.00K","-2.80%"
"11/10/2023","124.49","118.00","125.91","118.00","371.00K","6.40%"
"11/08/2023","117.00","116.50","117.50","115.00","43.50K","0.65%"
"11/07/2023","116.25","114.00","116.99","114.00","111.50K","1.09%"
"11/06/2023","115.00","111.10","115.10","111.00","110.50K","2.22%"
"11/03/2023","112.50","106.55","112.50","106.55","110.00K","3.69%"
"11/02/2023","108.50","107.64","108.50","107.00","37.00K","2.30%"
"11/01/2023","106.06","106.00","108.50","105.50","25.00K","-0.41%"
"10/31/2023","106.50","105.10","106.80","105.10","29.50K","0.46%"
"10/30/2023","106.01","107.50","107.50","105.00","13.50K","-0.27%"
"10/27/2023","106.30","106.50","108.79","106.00","15.50K","-2.91%"
"10/26/2023","109.49","107.50","109.49","105.00","56.00K","1.85%"
"10/25/2023","107.50","108.10","108.25","106.80","54.00K","-1.38%"
"10/24/2023","109.00","110.00","111.00","109.00","12.50K","-1.80%"
"10/23/2023","111.00","111.01","112.00","110.50","17.50K","-0.22%"
"10/20/2023","111.25","112.80","113.50","111.25","64.00K","-2.41%"
"10/19/2023","114.00","112.60","114.00","112.00","75.00K","2.24%"
"10/18/2023","111.50","114.30","114.50","111.50","29.00K","-2.36%"
"10/17/2023","114.20","112.75","114.30","111.90","456.00K","3.25%"
"10/16/2023","110.60","108.45","112.50","108.45","227.50K","1.94%"
"10/13/2023","108.50","107.25","108.51","99.00","63.50K","1.40%"
"10/12/2023","107.00","106.50","107.01","105.00","419.00K","0.38%"
"10/11/2023","106.60","108.51","108.51","106.00","48.50K","-2.20%"
"10/10/2023","109.00","108.20","111.50","108.20","81.50K","0.64%"
"10/09/2023","108.31","109.00","110.00","108.26","20.50K","0.29%"
"10/06/2023","108.00","109.55","109.55","107.10","20.50K","-0.46%"
"10/05/2023","108.50","111.15","111.15","108.00","31.00K","-2.25%"
"10/04/2023","111.00","111.50","114.45","111.00","283.00K","0.68%"
"10/03/2023","110.25","108.10","111.83","108.00","77.50K","0.32%"
"10/02/2023","109.90","108.00","109.95","106.51","72.00K","1.29%"
"09/28/2023","108.50","106.00","110.00","106.00","104.00K","2.85%"
"09/27/2023","105.49","106.49","108.00","105.49","21.00K","-1.41%"
"09/26/2023","107.00","109.50","109.83","105.00","23.50K","-0.93%"
"09/25/2023","108.00","103.00","109.85","103.00","672.50K","5.73%"
"09/22/2023","102.15","100.50","103.50","100.50","32.00K","0.15%"
"09/21/2023","102.00","101.10","102.00","100.01","5.00K","0.48%"
"09/20/2023","101.51","101.60","102.00","101.50","13.50K","0.01%"
"09/19/2023","101.50","102.50","102.50","101.50","9.50K","-0.48%"
"09/18/2023","101.99","101.50","102.39","101.50","23.50K","0.48%"
"09/15/2023","101.50","103.49","104.00","101.11","61.50K","0.00%"
"09/14/2023","101.50","102.00","102.00","101.50","15.00K","0.00%"
"09/13/2023","101.50","99.00","103.90","99.00","89.00K","2.32%"
"09/12/2023","99.20","100.00","100.00","97.00","83.00K","-1.78%"
"09/11/2023","101.00","102.21","102.21","99.00","58.00K","-3.35%"
"09/08/2023","104.50","100.45","106.00","100.45","508.00K","-3.24%"
"09/07/2023","108.00","106.50","110.00","106.40","74.50K","0.57%"
"09/06/2023","107.39","106.00","107.49","106.00","9.50K","1.79%"
"09/05/2023","105.50","105.51","106.00","105.20","4.50K","-0.47%"
"09/04/2023","106.00","107.00","108.80","106.00","26.50K","-0.74%"
"09/01/2023","106.79","106.03","106.79","104.00","26.50K","1.70%"
"08/31/2023","105.00","106.00","106.57","104.10","118.50K","-1.05%"
"08/30/2023","106.11","108.00","108.00","104.75","49.00K","-0.13%"
"08/29/2023","106.25","108.00","111.11","106.00","39.00K","-5.01%"
"08/28/2023","111.85","111.00","112.00","110.20","26.00K","-0.58%"
"08/25/2023","112.50","112.20","113.00","112.00","69.00K","-0.22%"
"08/24/2023","112.75","112.15","113.00","112.12","23.00K","0.00%"
"08/23/2023","112.75","113.50","113.50","112.00","82.00K","-0.88%"
"08/22/2023","113.75","112.30","114.00","112.30","26.00K","0.66%"
"08/21/2023","113.00","112.26","113.34","112.00","45.50K","-0.88%"
"08/18/2023","114.00","113.00","115.00","113.00","25.00K","0.88%"
"08/17/2023","113.01","114.00","114.65","113.00","14.00K","-0.56%"
"08/16/2023","113.65","116.00","116.00","113.02","41.50K","-1.18%"
"08/15/2023","115.01","117.90","118.98","114.50","84.00K","-1.28%"
"08/11/2023","116.50","115.00","121.87","114.75","3.17M","2.20%"
"08/10/2023","113.99","114.00","114.00","112.55","25.50K","-0.45%"
"08/09/2023","114.50","113.00","115.00","112.55","53.50K","1.78%"
"08/08/2023","112.50","114.50","114.50","111.99","73.50K","-1.79%"
"08/07/2023","114.55","113.40","116.50","113.40","609.50K","2.09%"
"08/04/2023","112.20","114.00","114.95","111.05","49.00K","-0.09%"
"08/03/2023","112.30","114.00","118.89","112.00","198.00K","-1.49%"
"08/02/2023","114.00","112.00","116.44","110.99","508.50K","2.29%"
"08/01/2023","111.45","112.90","112.90","110.00","35.00K","-0.62%"
"07/31/2023","112.15","112.88","113.00","111.21","30.50K","-0.09%"
"07/27/2023","112.25","111.30","113.20","111.00","41.00K","-0.17%"
"07/26/2023","112.44","112.00","113.99","112.00","67.00K","0.17%"
"07/25/2023","112.25","113.01","113.50","112.00","76.50K","-0.93%"
"07/24/2023","113.30","114.11","114.11","113.25","10.50K","-1.82%"
"07/21/2023","115.40","113.00","115.45","113.00","236.50K","2.30%"
"07/20/2023","112.80","112.20","113.80","111.60","39.50K","0.40%"
"07/19/2023","112.35","114.00","115.50","112.35","64.00K","-2.30%"
"07/18/2023","115.00","114.00","117.00","114.00","29.50K","-0.61%"
"07/17/2023","115.70","117.25","117.25","115.00","31.50K","-0.26%"
"07/14/2023","116.00","112.51","116.20","112.00","635.00K","2.43%"
"07/13/2023","113.25","115.40","115.40","113.25","95.00K","-2.37%"
"07/12/2023","116.00","114.09","116.00","112.45","615.00K","1.75%"
"07/11/2023","114.00","110.49","114.84","110.02","221.50K","3.64%"
"07/10/2023","110.00","107.62","110.06","107.62","150.00K","1.20%"
"07/07/2023","108.70","109.95","109.95","107.00","83.00K","-1.18%"
"07/06/2023","110.00","108.00","110.00","107.15","47.50K","0.92%"
"07/05/2023","109.00","106.51","113.40","106.51","262.00K","2.83%"
"07/04/2023","106.00","106.00","107.00","101.78","143.50K","0.21%"
"07/03/2023","105.78","101.44","105.78","100.00","229.50K","6.85%"
"06/27/2023","99.00","99.00","99.29","96.72","129.10K","0.00%"
"06/26/2023","99.00","98.48","99.00","97.65","113.90K","1.52%"
"06/23/2023","97.52","97.99","98.50","96.55","55.30K","-0.18%"
"06/22/2023","97.70","97.92","98.50","97.50","14.10K","-0.31%"
"06/21/2023","98.00","98.00","98.30","97.05","28.90K","-0.50%"
"06/20/2023","98.49","99.00","99.53","98.08","20.50K","-1.61%"
"06/19/2023","100.10","97.10","100.50","97.10","1.19M","3.44%"
"06/16/2023","96.77","97.99","98.75","96.77","12.40K","-0.72%"
"06/15/2023","97.47","99.00","99.00","97.47","26.90K","-1.55%"
"06/14/2023","99.00","99.00","99.84","98.90","67.70K","0.00%"
"06/13/2023","99.00","100.48","100.48","98.50","45.20K","-0.30%"
"06/12/2023","99.30","98.11","100.20","98.00","643.80K","-0.65%"
"06/09/2023","99.95","99.90","100.00","98.10","28.00K","-0.05%"
"06/08/2023","100.00","100.22","100.90","98.00","441.60K","0.00%"
"06/07/2023","100.00","96.61","101.31","96.00","1.77M","3.09%"
"06/06/2023","97.00","96.01","97.99","96.01","11.70K","0.00%"
"06/05/2023","97.00","97.25","97.50","96.51","73.40K","-0.51%"
"06/02/2023","97.50","93.51","98.00","93.51","668.10K","2.63%"
"06/01/2023","95.00","93.50","95.74","93.03","60.20K","0.41%"
"05/31/2023","94.61","96.00","96.60","93.00","142.10K","-0.94%"
"05/30/2023","95.51","95.75","96.50","95.02","52.90K","0.01%"
"05/29/2023","95.50","97.00","98.25","95.06","274.40K","-1.55%"
"05/26/2023","97.00","98.00","98.90","96.30","111.70K","-1.51%"
"05/25/2023","98.49","97.50","98.89","97.00","366.40K","0.50%"
"05/24/2023","98.00","95.70","99.00","94.50","777.80K","3.59%"
"05/23/2023","94.60","94.02","96.00","93.13","372.30K","0.16%"
"05/22/2023","94.45","93.99","94.50","93.55","925.80K","0.85%"
"05/19/2023","93.65","93.11","94.00","93.00","329.20K","0.64%"
"05/18/2023","93.05","94.90","94.90","92.95","55.50K","-1.12%"
"05/17/2023","94.10","95.50","95.50","94.00","737.60K","-0.42%"
"05/16/2023","94.50","93.75","96.99","93.75","935.60K","1.07%"
"05/15/2023","93.50","92.01","93.80","92.01","42.20K","-0.95%"
"05/12/2023","94.40","92.35","94.59","91.60","129.80K","2.28%"
"05/11/2023","92.30","91.00","92.94","90.85","541.70K","1.43%"
"05/10/2023","91.00","90.11","91.90","89.90","778.00K","-2.56%"
"05/09/2023","93.39","93.49","94.00","92.00","600.30K","-0.54%"
"05/08/2023","93.90","93.70","94.70","93.30","171.60K","-0.53%"
"05/05/2023","94.40","98.90","98.90","93.30","710.80K","-3.67%"
"05/04/2023","98.00","101.00","101.50","97.00","487.60K","-2.49%"
"05/03/2023","100.50","100.56","102.00","99.00","120.90K","0.43%"
"05/02/2023","100.07","99.00","101.38","98.50","85.90K","2.08%"
"04/28/2023","98.03","97.49","104.87","97.00","640.60K","0.36%"
"04/27/2023","97.68","96.20","97.70","96.20","17.80K","0.80%"
"04/26/2023","96.90","97.00","97.66","96.15","12.80K","0.72%"
"04/20/2023","96.21","96.00","97.50","95.02","6.80K","0.21%"
"04/19/2023","96.01","94.40","96.99","94.00","11.80K","-1.02%"
"04/18/2023","97.00","96.25","97.00","94.50","12.10K","1.05%"
"04/17/2023","95.99","95.00","96.00","93.70","12.40K","1.61%"
"04/13/2023","94.47","93.52","94.47","92.50","46.60K","0.29%"
"04/12/2023","94.20","94.88","94.88","93.85","6.20K","0.21%"
"04/11/2023","94.00","94.06","94.25","93.91","5.10K","0.00%"
"04/10/2023","94.00","94.50","95.00","93.87","5.80K","0.00%"
"04/07/2023","94.00","95.00","95.00","93.50","19.90K","-1.02%"
"04/06/2023","94.97","95.50","95.99","94.25","9.70K","0.18%"
"04/05/2023","94.80","94.50","95.50","94.00","16.80K","0.05%"
"04/04/2023","94.75","96.50","96.50","93.81","92.20K","-1.30%"
"04/03/2023","96.00","95.42","96.56","94.60","24.20K","0.00%"
"03/31/2023","96.00","98.00","98.00","95.90","14.20K","-0.78%"
"03/30/2023","96.75","96.52","97.50","95.88","3.10K","-0.26%"
"03/29/2023","97.00","97.00","97.30","96.52","7.50K","-0.51%"
"03/28/2023","97.50","97.97","97.97","97.00","4.80K","-0.46%"
"03/27/2023","97.95","97.90","98.49","96.50","19.60K","-0.05%"
"03/24/2023","98.00","97.99","98.12","97.40","12.80K","-0.01%"
"03/22/2023","98.01","98.51","99.74","98.00","24.80K","-1.00%"
"03/21/2023","99.00","100.45","100.45","98.73","17.60K","-0.01%"
"03/20/2023","99.01","99.97","99.97","98.52","5.20K","0.01%"
"03/17/2023","99.00","99.01","100.00","98.51","21.40K","0.00%"
"03/16/2023","99.00","98.51","99.93","98.01","12.60K","0.00%"
"03/15/2023","99.00","99.01","99.75","98.51","8.50K","0.00%"
"03/14/2023","99.00","99.00","99.75","99.00","6.70K","-0.03%"
"03/13/2023","99.03","99.60","100.75","99.00","24.10K","-0.97%"
"03/10/2023","100.00","98.55","101.00","98.50","17.10K","1.01%"
"03/09/2023","99.00","99.01","100.50","99.00","9.60K","-0.20%"
"03/08/2023","99.20","100.79","100.79","99.10","2.50K","-0.80%"
"03/07/2023","100.00","99.00","100.48","99.00","1.70K","1.01%"
"03/06/2023","99.00","98.50","99.88","98.50","5.10K","0.00%"
"03/03/2023","99.00","98.25","99.90","98.00","13.60K","1.02%"
"03/02/2023","98.00","98.00","98.49","97.00","5.80K","0.84%"
"03/01/2023","97.18","98.00","98.80","97.16","15.20K","-1.55%"
"02/28/2023","98.71","98.52","99.96","98.50","5.40K","-0.79%"
"02/27/2023","99.50","100.89","100.89","99.20","19.30K","-0.74%"
"02/24/2023","100.24","103.38","103.38","99.90","30.00K","-2.40%"
"02/23/2023","102.70","103.44","103.45","101.80","7.90K","1.03%"
"02/22/2023","101.65","102.00","102.86","101.60","4.70K","-0.34%"
"02/21/2023","102.00","103.00","103.00","102.00","11.00K","-0.29%"
"02/20/2023","102.30","103.11","103.15","102.15","8.50K","-0.73%"
"02/17/2023","103.05","102.20","105.00","101.99","2.90K","0.78%"
"02/16/2023","102.25","103.00","104.00","102.02","10.30K","-1.26%"
"02/15/2023","103.55","103.00","104.94","103.00","3.70K","-0.43%"
"02/14/2023","104.00","105.50","105.50","103.76","33.40K","-1.89%"
"02/13/2023","106.00","105.40","106.40","105.01","5.50K","0.47%"
"02/10/2023","105.50","105.68","106.70","105.00","24.60K","-0.94%"
"02/09/2023","106.50","106.00","106.69","105.01","41.70K","0.94%"
"02/08/2023","105.51","104.00","105.99","104.00","38.90K","-0.09%"
"02/07/2023","105.60","104.00","110.00","104.00","98.40K","1.06%"
"02/06/2023","104.49","102.90","104.49","102.00","38.30K","1.54%"
"02/03/2023","102.91","104.51","105.00","102.90","15.30K","-1.30%"
"02/02/2023","104.27","106.00","107.00","104.01","42.50K","-1.63%"
"02/01/2023","106.00","101.09","107.81","101.05","316.70K","6.31%"
"01/31/2023","99.71","99.90","105.49","97.51","2.59M","1.33%"
"01/30/2023","98.40","99.00","99.50","98.03","6.60K","-0.30%"
"01/27/2023","98.70","100.04","100.04","98.50","6.80K","-0.50%"
"01/26/2023","99.20","99.94","100.50","98.50","86.60K","0.21%"
"01/25/2023","98.99","100.94","100.94","98.15","38.10K","-0.51%"
"01/24/2023","99.50","98.55","99.94","98.50","15.80K","0.51%"
"01/23/2023","99.00","101.49","101.49","98.50","8.40K","0.20%"
"01/20/2023","98.80","99.01","100.98","98.51","4.10K","-0.70%"
"01/19/2023","99.50","100.49","100.50","99.50","7.80K","-0.99%"
"01/18/2023","100.49","98.00","100.49","98.00","12.40K","2.12%"
"01/17/2023","98.40","100.00","100.00","97.35","12.10K","-1.60%"
"01/16/2023","100.00","102.99","102.99","99.00","3.50K","0.00%"
"01/13/2023","100.00","98.15","101.00","98.15","7.80K","-0.55%"
"01/12/2023","100.55","100.97","101.46","100.55","13.70K","0.05%"
"01/11/2023","100.50","101.34","101.34","100.07","6.00K","0.09%"
"01/10/2023","100.41","100.00","100.97","99.60","14.40K","0.91%"
"01/09/2023","99.50","100.16","100.22","99.00","102.70K","-1.09%"
"01/06/2023","100.60","100.01","101.00","100.01","7.50K","-0.37%"
"01/05/2023","100.97","101.63","101.63","100.16","3.30K","0.37%"
"01/04/2023","100.60","100.75","100.78","100.00","14.60K","-0.40%"
"01/03/2023","101.00","100.00","101.50","99.65","22.30K","-0.10%"
"01/02/2023","101.10","102.35","102.35","101.10","13.00K","0.31%"
"12/30/2022","100.79","99.00","100.90","98.55","32.10K","1.81%"
"12/29/2022","99.00","100.05","100.05","98.86","33.00K","-1.49%"
"12/28/2022","100.50","104.00","104.00","98.01","25.10K","-1.47%"
"12/27/2022","102.00","105.22","106.99","102.00","17.90K","-3.77%"
"12/26/2022","106.00","104.55","106.00","100.61","14.50K","3.82%"
"12/23/2022","102.10","103.00","103.00","102.06","1.60K","-0.63%"
"12/22/2022","102.75","103.99","104.10","102.01","9.20K","-1.18%"
"12/21/2022","103.98","102.90","104.99","100.00","12.00K","2.96%"
"12/20/2022","100.99","107.01","109.50","100.99","26.10K","-6.92%"
"12/19/2022","108.50","111.00","111.00","108.50","13.10K","-2.86%"
"12/16/2022","111.70","113.99","113.99","110.50","10.10K","-1.14%"
"12/15/2022","112.99","114.50","115.00","110.00","24.10K","-1.15%"
"12/14/2022","114.30","114.25","115.55","114.25","3.60K","-0.44%"
"12/13/2022","114.80","115.51","115.75","114.79","7.40K","-0.65%"
"12/12/2022","115.55","118.00","118.50","115.50","13.40K","-0.47%"
"12/09/2022","116.10","116.01","118.35","115.51","7.70K","-0.21%"
"12/08/2022","116.34","116.01","117.50","115.50","5.30K","0.21%"
"12/07/2022","116.10","116.98","116.98","116.09","3.50K","-0.72%"
"12/06/2022","116.94","117.30","117.99","115.90","10.60K","-0.07%"
"12/05/2022","117.02","117.87","118.50","117.00","10.00K","-0.91%"
"12/02/2022","118.10","118.91","120.99","118.00","28.00K","-1.63%"
"12/01/2022","120.06","120.50","121.00","120.00","5.30K","0.05%"
"11/30/2022","120.00","120.50","120.50","119.25","5.60K","0.42%"
"11/29/2022","119.50","121.25","121.30","119.00","23.40K","-0.25%"
"11/28/2022","119.80","120.00","121.00","118.00","30.60K","-2.21%"
"11/25/2022","122.51","120.02","125.00","120.00","24.80K","1.67%"
"11/24/2022","120.50","120.51","120.60","120.02","114.10K","0.01%"
"11/23/2022","120.49","120.01","120.55","120.00","13.40K","-0.01%"
"11/22/2022","120.50","120.00","120.74","119.50","8.80K","0.42%"
"11/21/2022","120.00","121.49","121.49","119.90","27.60K","-0.58%"
"11/18/2022","120.70","121.00","121.90","120.00","14.10K","-0.90%"
"11/17/2022","121.80","122.10","122.90","121.80","9.30K","-0.77%"
"11/16/2022","122.74","123.00","123.00","122.50","7.90K","0.11%"
"11/15/2022","122.60","123.50","123.50","122.60","15.90K","0.00%"
"11/14/2022","122.60","123.50","124.30","122.60","7.10K","-0.99%"
"11/11/2022","123.82","123.00","124.49","123.00","10.00K","-0.06%"
"11/10/2022","123.90","122.34","123.90","121.00","6.10K","1.56%"
"11/08/2022","122.00","122.50","123.00","121.90","113.80K","-0.41%"
"11/07/2022","122.50","121.90","122.69","120.11","6.80K","1.33%"
"11/04/2022","120.89","122.10","122.49","119.87","26.30K","-0.91%"
"11/03/2022","122.00","121.50","124.98","121.50","164.40K","0.43%"
"11/02/2022","121.48","119.99","121.70","119.99","236.20K","1.23%"
"11/01/2022","120.00","120.00","120.50","119.50","53.10K","0.84%"
"10/31/2022","119.00","120.00","120.98","118.31","12.50K","-0.83%"
"10/28/2022","120.00","122.00","122.50","119.10","7.30K","-1.72%"
"10/27/2022","122.10","122.79","122.79","119.05","174.80K","2.99%"
"10/26/2022","118.55","120.00","126.00","117.67","30.20K","-2.62%"
"10/25/2022","121.74","123.09","123.09","121.00","24.50K","-0.94%"
"10/24/2022","122.90","124.00","124.00","122.50","14.90K","0.00%"
"10/21/2022","122.90","126.18","126.18","122.53","27.30K","-2.00%"
"10/20/2022","125.41","127.50","129.00","125.00","44.90K","-2.10%"
"10/19/2022","128.10","126.55","128.79","126.55","8.50K","0.56%"
"10/18/2022","127.39","126.10","128.00","126.10","19.20K","1.02%"
"10/17/2022","126.10","126.50","126.90","118.10","17.80K","-1.11%"
"10/14/2022","127.51","127.60","128.80","126.50","23.00K","-0.19%"
"10/13/2022","127.75","125.60","129.00","125.60","28.90K","-0.20%"
"10/12/2022","128.00","128.90","128.90","125.00","50.10K","-3.76%"
"10/11/2022","133.00","135.00","135.00","132.80","74.40K","-1.12%"
"10/10/2022","134.50","137.00","137.00","134.06","23.70K","-0.37%"
"10/07/2022","135.00","135.98","135.98","134.10","15.40K","-0.37%"
"10/06/2022","135.50","135.51","136.89","135.05","26.00K","0.00%"
"10/05/2022","135.50","136.00","137.99","135.00","17.70K","-1.23%"
"10/04/2022","137.19","138.00","138.00","136.09","30.70K","0.84%"
"10/03/2022","136.05","136.50","137.90","135.80","24.30K","0.04%"
"09/30/2022","136.00","136.39","138.35","136.00","60.40K","-0.22%"
"09/29/2022","136.30","135.00","136.30","134.00","15.00K","0.48%"
"09/28/2022","135.65","135.79","138.00","134.50","47.10K","-0.48%"
"09/27/2022","136.30","132.21","136.75","131.50","47.40K","3.11%"
"09/26/2022","132.19","128.00","132.50","127.99","30.50K","4.66%"
"09/23/2022","126.30","127.00","128.97","123.00","23.10K","0.00%"
"09/22/2022","126.30","129.00","129.00","125.00","28.60K","-2.34%"
"09/21/2022","129.33","134.00","134.00","129.33","26.90K","-2.21%"
"09/20/2022","132.25","135.00","135.10","132.00","36.30K","-2.51%"
"09/19/2022","135.65","137.00","137.50","135.61","34.10K","-0.76%"
"09/16/2022","136.69","139.36","140.00","136.50","114.70K","-2.01%"
"09/15/2022","139.50","140.99","141.00","139.01","33.70K","0.45%"
"09/14/2022","138.88","143.01","143.44","138.50","96.00K","-3.56%"
"09/13/2022","144.00","141.55","144.00","141.00","85.20K","2.13%"
"09/12/2022","141.00","141.50","143.00","139.57","209.00K","-4.77%"
"09/09/2022","148.07","148.07","148.07","148.07","55.20K","-8.03%"
"09/08/2022","161.00","160.00","161.00","158.51","128.50K","0.63%"
"09/07/2022","160.00","159.46","161.00","158.51","39.00K","0.47%"
"09/06/2022","159.25","160.00","160.01","158.00","54.20K","-0.01%"
"09/05/2022","159.26","162.10","163.93","159.26","112.20K","-1.20%"
"09/02/2022","161.20","159.75","163.41","159.25","256.10K","1.07%"
"09/01/2022","159.50","158.98","160.50","157.00","157.30K","2.25%"
"08/31/2022","155.99","155.90","158.00","153.95","191.50K","1.69%"
"08/30/2022","153.40","155.99","158.01","152.62","62.00K","-0.97%"
"08/29/2022","154.90","155.30","156.95","153.52","37.50K","-0.58%"
"08/26/2022","155.80","158.50","158.50","155.20","19.40K","-1.39%"
"08/25/2022","158.00","158.41","158.41","157.20","12.50K","-0.32%"
"08/24/2022","158.50","158.00","159.20","157.70","9.20K","0.01%"
"08/23/2022","158.49","159.00","160.50","157.56","17.50K","0.06%"
"08/22/2022","158.40","159.00","159.30","157.99","8.40K","-0.69%"
"08/19/2022","159.50","162.35","162.35","159.50","14.20K","0.11%"
"08/18/2022","159.33","161.50","161.50","159.00","13.30K","-1.34%"
"08/17/2022","161.50","160.15","161.50","160.00","18.90K","0.16%"
"08/16/2022","161.25","163.50","164.80","159.50","58.90K","-0.76%"
"08/15/2022","162.49","159.90","162.85","158.00","43.90K","3.18%"
"08/12/2022","157.48","155.50","158.00","155.00","29.00K","1.01%"
"08/11/2022","155.90","158.00","159.79","154.61","28.50K","-0.14%"
"08/10/2022","156.12","150.00","160.82","149.81","145.00K","4.01%"
"08/05/2022","150.10","147.15","150.00","147.15","21.50K","1.76%"
"08/04/2022","147.50","145.10","147.99","145.10","20.30K","1.30%"
"08/03/2022","145.61","143.43","150.75","143.03","35.10K","1.46%"
"08/02/2022","143.52","142.51","143.97","142.51","5.70K","-0.35%"
"08/01/2022","144.02","142.00","144.02","142.00","11.40K","0.71%"
"07/29/2022","143.00","143.98","143.98","141.50","12.60K","0.70%"
"07/28/2022","142.00","141.01","142.75","141.00","14.10K","0.71%"
"07/27/2022","141.00","141.01","142.50","140.55","8.90K","0.00%"
"07/26/2022","141.00","140.15","141.50","140.15","8.90K","0.00%"
"07/25/2022","141.00","141.01","141.25","140.80","8.20K","-1.05%"
"07/22/2022","142.50","141.05","143.50","138.40","5.80K","1.03%"
"07/21/2022","141.05","143.50","143.50","140.33","12.00K","-1.33%"
"07/20/2022","142.95","142.15","143.00","142.00","5.20K","-0.03%"
"07/19/2022","143.00","145.25","145.25","143.00","5.40K","-1.54%"
"07/18/2022","145.24","144.11","145.90","144.10","10.00K","-0.82%"
"07/15/2022","146.44","146.75","147.00","146.02","23.10K","-0.35%"
"07/14/2022","146.96","146.60","147.00","145.30","20.20K","0.93%"
"07/13/2022","145.61","146.77","146.77","143.50","40.20K","0.84%"
"07/07/2022","144.40","143.61","144.49","143.06","4.40K","-0.13%"
"07/06/2022","144.59","145.00","145.00","142.10","6.00K","0.91%"
"07/05/2022","143.29","144.77","144.77","143.01","11.30K","-0.46%"
"07/04/2022","143.95","143.50","144.35","141.13","14.70K","-0.31%"
"07/01/2022","144.40","145.00","145.00","143.60","9.30K","-0.15%"
"06/30/2022","144.61","143.70","145.08","143.70","15.00K","0.76%"
"06/29/2022","143.52","146.00","146.00","143.52","8.40K","-0.40%"
"06/28/2022","144.10","143.50","145.75","143.50","9.60K","-0.55%"
"06/27/2022","144.90","143.50","147.00","143.50","9.80K","0.95%"
"06/24/2022","143.54","145.11","146.64","143.01","26.30K","-1.82%"
"06/23/2022","146.20","145.00","147.00","144.53","62.90K","0.83%"
"06/22/2022","144.99","145.50","147.00","144.60","109.50K","0.00%"
"06/21/2022","144.99","145.00","145.00","143.25","38.00K","0.69%"
"06/20/2022","144.00","145.10","145.50","144.00","33.30K","-0.69%"
"06/17/2022","145.00","144.60","147.67","144.60","34.60K","0.69%"
"06/16/2022","144.00","144.79","144.79","143.20","4.00K","0.00%"
"06/15/2022","144.00","144.89","144.90","143.52","161.40K","0.38%"
"06/14/2022","143.45","144.97","144.97","143.00","5.20K","-1.06%"
"06/13/2022","144.98","144.99","145.45","144.00","15.70K","0.00%"
"06/10/2022","144.98","145.00","145.00","143.00","8.40K","0.69%"
"06/09/2022","143.98","143.90","144.24","142.50","10.80K","0.06%"
"06/08/2022","143.90","143.11","143.90","143.00","19.70K","0.63%"
"06/07/2022","143.00","144.00","144.00","142.00","46.10K","-0.21%"
"06/06/2022","143.30","142.50","144.67","140.11","13.90K","0.91%"
"06/03/2022","142.01","144.00","144.75","142.01","12.20K","-1.98%"
"06/02/2022","144.88","143.96","144.88","143.52","5.90K","0.61%"
"06/01/2022","144.00","145.90","145.90","143.67","23.60K","-0.07%"
"05/31/2022","144.10","145.10","145.10","144.10","13.30K","-0.96%"
"05/30/2022","145.50","146.84","147.84","144.35","13.70K","0.34%"
"05/27/2022","145.00","149.20","149.20","144.52","116.80K","-0.68%"
"05/26/2022","146.00","143.05","146.00","143.00","17.30K","0.17%"
"05/25/2022","145.75","143.01","145.90","143.00","4.40K","0.52%"
"05/24/2022","145.00","146.00","146.00","144.00","24.30K","0.03%"
"05/23/2022","144.95","146.50","146.50","144.00","17.80K","-1.33%"
"05/20/2022","146.90","146.30","148.00","146.30","42.70K","1.38%"
"05/19/2022","144.90","145.49","147.00","144.90","39.90K","-0.07%"
"05/18/2022","145.00","145.50","146.00","144.01","56.20K","0.35%"
"05/17/2022","144.50","145.65","145.65","143.10","34.10K","-1.19%"
"05/16/2022","146.24","148.00","148.00","144.00","17.90K","-0.55%"
"05/13/2022","147.05","148.00","149.91","147.00","8.40K","-0.78%"
"05/12/2022","148.20","143.03","150.00","143.03","38.80K","1.51%"
"05/11/2022","146.00","148.50","148.50","143.00","33.70K","-2.67%"
"05/10/2022","150.00","145.16","150.00","145.16","2.10K","0.00%"
"05/09/2022","150.00","152.00","152.11","147.00","31.60K","-3.16%"
"05/06/2022","154.90","152.00","158.90","152.00","20.30K","0.91%"
"04/28/2022","153.50","153.00","154.10","153.00","10.30K","-0.32%"
"04/27/2022","154.00","153.00","154.50","152.62","15.80K","0.65%"
"04/26/2022","153.00","154.10","154.30","152.01","12.00K","-0.46%"
"04/25/2022","153.70","155.50","155.51","153.61","8.60K","-0.14%"
"04/22/2022","153.92","154.17","154.29","153.01","9.20K","-0.18%"
"04/21/2022","154.20","153.66","155.00","153.60","8.90K","0.41%"
"04/20/2022","153.57","154.99","155.97","153.50","11.00K","-0.94%"
"04/19/2022","155.03","154.20","157.20","153.60","154.20K","0.67%"
"04/18/2022","154.00","154.00","155.00","152.00","13.20K","-0.64%"
"04/15/2022","154.99","155.99","156.01","154.00","34.20K","-0.01%"
"04/14/2022","155.00","155.40","155.50","154.90","24.30K","0.00%"
"04/13/2022","155.00","154.10","155.98","154.10","24.20K","0.00%"
"04/12/2022","155.00","156.00","157.47","154.30","30.00K","-0.64%"
"04/11/2022","156.00","159.00","159.00","154.00","115.20K","2.63%"
"04/08/2022","152.00","150.01","152.00","150.01","13.50K","0.07%"
"04/07/2022","151.90","155.90","155.90","151.90","22.80K","-2.00%"
"04/06/2022","155.00","156.88","156.89","154.50","51.10K","-0.64%"
"04/05/2022","156.00","156.00","158.00","155.01","138.30K","0.00%"
"04/04/2022","156.00","155.00","156.00","150.01","18.00K","-0.03%"
"04/01/2022","156.04","154.10","156.40","154.10","17.30K","-1.71%"
"03/31/2022","158.75","153.52","158.75","153.50","14.60K","2.49%"
"03/30/2022","154.90","154.79","154.98","154.00","7.20K","-0.06%"
"03/29/2022","155.00","153.60","155.20","153.60","190.50K","0.98%"
"03/28/2022","153.50","154.11","155.00","153.04","34.20K","-1.60%"
"03/25/2022","156.00","155.99","156.00","154.50","57.40K","-0.19%"
"03/24/2022","156.30","155.16","157.99","155.16","38.30K","-1.08%"
"03/22/2022","158.00","157.44","158.00","157.40","96.20K","0.00%"
"03/21/2022","158.00","160.99","160.99","155.00","174.70K","-0.32%"
"03/18/2022","158.50","163.33","165.00","157.00","32.80K","-3.48%"
"03/17/2022","164.21","168.00","168.00","164.10","13.50K","-1.91%"
"03/16/2022","167.40","160.25","169.00","160.25","75.70K","2.83%"
"03/15/2022","162.80","154.89","162.99","154.10","22.90K","5.20%"
"03/14/2022","154.75","152.01","154.99","150.05","42.00K","0.16%"
"03/11/2022","154.50","150.25","154.95","150.25","137.60K","1.30%"
"03/10/2022","152.52","150.00","154.00","149.70","338.20K","1.01%"
"03/09/2022","151.00","146.51","152.04","146.51","121.90K","1.96%"
"03/08/2022","148.10","146.01","152.52","145.50","408.20K","0.07%"
"03/07/2022","148.00","142.77","149.48","139.10","714.30K","4.24%"
"03/04/2022","141.98","141.59","141.99","140.00","16.70K","1.41%"
"03/03/2022","140.00","141.91","142.89","139.00","24.40K","-1.33%"
"03/02/2022","141.89","143.03","143.03","140.50","34.70K","-1.47%"
"03/01/2022","144.00","142.02","145.00","142.02","35.20K","0.07%"
"02/28/2022","143.90","145.99","146.00","143.51","32.40K","0.59%"
"02/25/2022","143.05","143.40","146.00","143.00","23.30K","-0.08%"
"02/24/2022","143.16","148.98","148.98","143.16","29.00K","-4.43%"
"02/23/2022","149.79","149.18","150.00","149.00","9.10K","-0.13%"
"02/22/2022","149.99","149.01","149.99","148.50","14.10K","-0.01%"
"02/21/2022","150.00","149.12","150.50","149.00","9.00K","0.07%"
"02/18/2022","149.90","149.10","151.00","149.00","11.00K","0.00%"
"02/17/2022","149.90","150.00","150.00","148.00","8.30K","0.16%"
"02/16/2022","149.66","150.00","150.00","149.50","17.80K","-0.22%"
"02/15/2022","149.99","149.60","150.50","149.00","46.60K","-0.01%"
"02/14/2022","150.00","151.11","151.11","149.60","17.70K","-0.77%"
"02/11/2022","151.17","151.60","152.00","151.00","10.40K","-0.22%"
"02/10/2022","151.50","152.37","152.50","151.00","12.70K","-0.53%"
"02/09/2022","152.30","151.94","153.00","151.64","21.20K","0.68%"
"02/08/2022","151.27","152.97","152.97","150.95","17.90K","-0.48%"
"02/07/2022","152.00","151.89","152.50","151.00","20.90K","1.00%"
"02/04/2022","150.50","151.01","152.00","150.30","26.30K","-0.66%"
"02/03/2022","151.50","151.49","152.45","151.49","18.80K","0.33%"
"02/02/2022","151.00","151.00","151.68","150.10","46.60K","0.21%"
"02/01/2022","150.69","150.90","150.90","149.22","4.20K","0.46%"
"01/31/2022","150.00","149.93","151.00","149.00","11.50K","0.00%"
"01/28/2022","150.00","148.51","150.00","148.50","16.50K","0.84%"
"01/27/2022","148.75","148.25","149.49","147.50","7.10K","-0.15%"
"01/26/2022","148.98","147.78","149.00","147.50","11.60K","-0.01%"
"01/25/2022","149.00","148.13","150.00","148.13","52.30K","0.34%"
"01/24/2022","148.50","149.20","150.40","148.08","43.90K","-1.00%"
"01/21/2022","150.00","147.25","150.28","147.25","51.80K","1.87%"
"01/20/2022","147.25","146.50","147.25","146.00","20.50K","-0.84%"
"01/19/2022","148.50","150.22","151.00","148.05","37.70K","-2.30%"
"01/18/2022","152.00","151.35","152.00","151.35","7.20K","0.00%"
"01/17/2022","152.00","151.55","152.50","150.13","13.90K","-0.33%"
"01/14/2022","152.50","153.00","153.00","152.00","25.90K","-0.33%"
"01/13/2022","153.00","153.00","154.00","152.00","8.90K","0.00%"
"01/12/2022","153.00","152.60","153.00","152.03","9.20K","0.79%"
"01/11/2022","151.80","153.44","153.50","151.55","16.70K","-0.78%"
"01/10/2022","153.00","152.11","155.89","152.00","43.50K","0.00%"
"01/07/2022","153.00","152.93","153.50","152.75","13.00K","0.49%"
"01/06/2022","152.25","153.51","154.00","152.15","8.00K","-1.70%"
"01/05/2022","154.89","154.00","154.96","153.50","13.30K","0.25%"
"01/04/2022","154.50","150.01","155.50","150.01","19.60K","1.18%"
"01/03/2022","152.70","151.36","153.00","151.30","9.10K","0.05%"
"12/31/2021","152.63","150.00","156.00","149.53","48.70K","-0.89%"
"12/30/2021","154.00","150.50","154.00","148.00","42.10K","4.08%"
"12/29/2021","147.96","150.00","150.39","147.80","25.40K","-1.03%"
"12/28/2021","149.50","149.50","149.50","148.00","11.30K","0.34%"
"12/27/2021","149.00","150.00","150.00","148.72","51.40K","-3.62%"
"12/24/2021","154.60","152.00","154.90","142.00","51.80K","0.43%"
"12/23/2021","153.94","151.38","153.94","148.00","36.70K","2.49%"
"12/22/2021","150.20","151.00","151.49","149.66","8.20K","-0.13%"
"12/21/2021","150.40","150.40","152.00","150.01","15.00K","0.58%"
"12/20/2021","149.53","150.00","151.60","148.51","4.60K","-0.58%"
"12/17/2021","150.40","149.15","150.88","148.52","7.00K","0.87%"
"12/16/2021","149.10","152.00","152.00","149.00","21.40K","-1.82%"
"12/15/2021","151.86","151.00","153.99","150.00","129.40K","-1.38%"
"12/14/2021","153.98","144.05","153.98","144.05","36.70K","4.75%"
"12/13/2021","147.00","148.50","148.50","147.00","33.40K","-2.00%"
"12/10/2021","150.00","148.00","150.00","147.00","6.80K","1.90%"
"12/09/2021","147.20","151.01","151.34","142.25","21.10K","-2.58%"
"12/08/2021","151.10","153.00","153.00","150.04","27.30K","-1.05%"
"12/07/2021","152.71","153.00","153.95","151.25","15.10K","0.14%"
"12/06/2021","152.50","155.74","155.74","152.00","21.10K","-0.46%"
"12/03/2021","153.20","152.20","154.98","152.20","18.00K","-3.64%"
"12/02/2021","158.98","158.02","158.97","152.00","51.90K","1.00%"
"12/01/2021","157.40","158.00","158.00","157.00","8.00K","-0.73%"
"11/30/2021","158.55","158.79","162.00","157.00","218.80K","-2.12%"
"11/29/2021","161.98","155.00","161.98","154.49","48.10K","-0.63%"
"11/26/2021","163.00","154.10","163.00","151.00","38.00K","5.64%"
"11/25/2021","154.30","157.56","157.56","154.11","21.40K","-3.56%"
"11/24/2021","160.00","157.01","160.99","153.00","38.70K","1.59%"
"11/23/2021","157.50","162.00","162.00","157.50","19.40K","-3.02%"
"11/22/2021","162.40","162.75","162.75","160.50","16.50K","-1.58%"
"11/19/2021","165.00","163.84","165.00","161.90","13.90K","0.31%"
"11/18/2021","164.49","160.96","164.49","160.50","30.30K","1.22%"
"11/17/2021","162.50","161.01","163.17","161.00","7.40K","-0.42%"
"11/16/2021","163.19","161.00","163.25","161.00","12.30K","1.68%"
"11/15/2021","160.49","162.50","164.00","157.00","29.50K","-1.54%"
"11/12/2021","163.00","164.36","165.00","163.00","27.40K","-1.95%"
"11/11/2021","166.25","164.49","166.75","164.49","36.50K","1.25%"
"11/10/2021","164.20","163.00","164.90","163.00","76.00K","0.24%"
"11/09/2021","163.80","165.04","165.04","162.70","46.00K","-0.74%"
"11/08/2021","165.02","165.01","166.88","165.00","38.90K","-0.66%"
"11/05/2021","166.12","166.50","167.50","165.02","27.60K","-0.23%"
"11/04/2021","166.51","168.50","169.00","166.00","43.00K","-0.29%"
"11/03/2021","167.00","169.50","169.50","166.00","33.90K","-1.01%"
"11/02/2021","168.71","170.00","172.44","168.50","12.70K","-0.76%"
"11/01/2021","170.00","169.99","171.00","166.00","26.70K","0.03%"
"10/29/2021","169.95","166.02","169.95","165.01","32.70K","-1.48%"
"10/28/2021","172.50","167.00","172.50","165.74","50.70K","1.48%"
"10/27/2021","169.98","163.99","169.98","163.13","27.30K","3.74%"
"10/26/2021","163.85","162.89","164.00","162.00","4.30K","1.14%"
"10/25/2021","162.00","160.03","163.00","160.03","11.00K","-0.42%"
"10/22/2021","162.69","164.00","164.00","161.00","40.20K","-0.07%"
"10/21/2021","162.80","164.89","164.89","162.80","67.50K","-0.12%"
"10/20/2021","163.00","162.11","164.38","162.00","20.50K","0.87%"
"10/18/2021","161.60","163.01","165.99","161.11","29.60K","-2.65%"
"10/15/2021","166.00","164.98","166.60","161.20","33.10K","1.00%"
"10/14/2021","164.35","164.20","164.35","160.00","30.80K","1.83%"
"10/13/2021","161.40","168.99","169.99","161.00","30.30K","-3.93%"
"10/12/2021","168.00","170.00","170.00","164.00","42.10K","-2.44%"
"10/11/2021","172.20","177.00","177.00","170.00","242.00K","-2.16%"
"10/08/2021","176.00","177.10","178.87","175.15","15.30K","-1.68%"
"10/07/2021","179.00","180.01","183.90","178.00","56.40K","-0.47%"
"10/06/2021","179.85","174.12","185.00","174.12","111.80K","-0.24%"
"10/05/2021","180.28","181.65","184.00","180.00","184.25K","-0.51%"
"10/04/2021","181.20","174.44","181.20","174.00","103.63K","3.90%"
"10/01/2021","174.40","169.76","174.40","169.60","42.50K","3.02%"
"09/30/2021","169.28","168.78","170.79","166.40","36.88K","1.24%"
"09/29/2021","167.20","170.88","173.59","167.20","59.88K","-4.57%"
"09/28/2021","175.20","166.49","175.20","165.21","105.63K","3.91%"
"09/27/2021","168.60","168.13","169.60","165.60","94.88K","-0.31%"
"09/24/2021","169.12","168.72","169.40","167.28","52.50K","1.15%"
"09/23/2021","167.20","168.80","170.08","167.12","70.38K","-1.32%"
"09/22/2021","169.44","170.40","172.71","164.80","105.00K","-2.40%"
"09/21/2021","173.60","177.20","177.20","172.00","42.75K","-0.91%"
"09/20/2021","175.19","176.40","176.40","174.64","32.25K","-0.48%"
"09/17/2021","176.03","176.20","178.40","176.00","39.88K","-1.08%"
"09/16/2021","177.95","180.00","180.00","177.20","40.75K","-0.25%"
"09/15/2021","178.40","181.08","181.08","178.40","77.88K","-0.62%"
"09/14/2021","179.52","180.80","181.42","178.41","74.50K","-0.27%"
"09/13/2021","180.00","181.01","181.01","180.00","61.88K","-0.44%"
"09/10/2021","180.79","182.40","183.60","180.17","124.75K","0.00%"
"09/09/2021","180.80","181.31","183.88","180.01","139.38K","0.23%"
"09/08/2021","180.39","182.40","182.40","179.60","148.88K","-0.80%"
"09/07/2021","181.85","189.60","189.60","180.41","512.00K","-3.07%"
"09/06/2021","187.62","183.62","189.18","183.32","236.38K","1.97%"
"09/03/2021","183.99","183.19","184.00","182.08","62.38K","0.65%"
"09/02/2021","182.80","185.40","186.88","182.40","107.63K","-1.04%"
"09/01/2021","184.72","182.39","185.44","181.77","121.00K","1.72%"
"08/31/2021","181.60","182.25","183.12","181.60","23.00K","-0.14%"
"08/30/2021","181.85","181.59","183.18","181.38","32.50K","0.26%"
"08/27/2021","181.38","183.98","183.98","180.00","51.75K","0.10%"
"08/26/2021","181.20","181.60","184.00","181.20","102.75K","-0.14%"
"08/25/2021","181.45","181.74","182.79","181.45","18.00K","-0.30%"
"08/24/2021","182.00","182.02","182.88","181.60","30.50K","-0.22%"
"08/23/2021","182.40","181.60","182.72","181.60","78.75K","0.44%"
"08/20/2021","181.60","182.38","182.40","180.48","39.75K","-0.33%"
"08/17/2021","182.20","181.04","182.39","181.04","16.00K","0.37%"
"08/16/2021","181.52","181.21","182.40","180.52","27.88K","-0.09%"
"08/13/2021","181.68","181.76","182.86","181.20","21.38K","0.48%"
"08/12/2021","180.82","182.39","187.19","180.82","46.63K","-0.43%"
"08/11/2021","181.60","182.39","182.80","180.80","36.63K","0.11%"
"08/10/2021","181.40","182.03","183.42","180.83","26.50K","0.33%"
"08/09/2021","180.80","184.53","188.40","180.80","163.38K","-1.74%"
"08/06/2021","184.00","185.20","185.40","182.48","424.00K","0.04%"
"08/05/2021","183.92","184.08","184.75","182.44","35.13K","0.01%"
"08/04/2021","183.90","184.32","184.72","183.20","73.25K","0.60%"
"08/03/2021","182.80","182.24","184.00","181.60","50.25K","0.23%"
"08/02/2021","182.38","183.76","183.76","181.02","14.75K","0.88%"
"07/30/2021","180.80","181.76","184.00","180.80","41.63K","-0.77%"
"07/29/2021","182.20","181.20","183.86","180.56","44.63K","-0.20%"
"07/28/2021","182.57","184.36","185.60","182.57","90.50K","-0.34%"
"07/27/2021","183.20","180.40","184.00","180.40","43.63K","0.65%"
"07/26/2021","182.02","183.19","183.20","180.97","30.50K","0.19%"
"07/23/2021","181.67","184.79","184.79","181.67","16.13K","-0.62%"
"07/19/2021","182.80","185.60","186.40","181.61","53.38K","-1.07%"
"07/16/2021","184.78","184.80","185.90","184.00","36.50K","-0.40%"
"07/15/2021","185.52","180.91","189.60","180.89","174.88K","2.16%"
"07/14/2021","181.60","182.63","182.63","180.81","44.13K","-0.43%"
"07/13/2021","182.39","181.40","183.98","180.08","34.50K","-0.21%"
"07/12/2021","182.78","180.02","182.78","179.99","37.50K","0.28%"
"07/09/2021","182.27","182.16","182.80","181.60","75.00K","-0.07%"
"07/08/2021","182.39","178.40","182.59","178.40","100.63K","2.24%"
"07/07/2021","178.40","180.00","180.80","178.40","58.13K","-1.55%"
"07/06/2021","181.20","181.64","184.79","180.80","64.25K","-1.31%"
"07/05/2021","183.60","182.29","188.00","181.68","160.63K","0.48%"
"07/02/2021","182.72","183.54","184.38","181.60","46.25K","-0.26%"
"07/01/2021","183.20","183.32","186.39","182.48","187.63K","-0.64%"
"06/30/2021","184.38","184.00","184.40","182.00","84.88K","-0.31%"
"06/29/2021","184.96","184.89","185.60","181.60","94.13K","-1.62%"
"06/28/2021","188.00","180.24","188.00","180.00","70.25K","3.07%"
"06/25/2021","182.40","182.00","182.40","180.00","40.25K","0.00%"
"06/24/2021","182.40","181.60","182.40","180.42","38.38K","-0.11%"
"06/23/2021","182.60","180.40","182.60","180.40","41.13K","0.11%"
"06/22/2021","182.39","181.59","182.31","180.00","27.63K","-0.18%"
"06/21/2021","182.72","180.76","183.12","178.89","77.75K","1.07%"
"06/18/2021","180.79","178.61","180.79","177.60","44.00K","1.07%"
"06/17/2021","178.88","180.00","180.80","178.48","42.00K","-1.50%"
"06/16/2021","181.60","178.86","181.60","178.86","31.50K","1.57%"
"06/15/2021","178.80","180.00","181.48","178.40","24.25K","-0.89%"
"06/14/2021","180.40","180.00","183.19","179.20","65.38K","0.24%"
"06/11/2021","179.98","176.80","179.98","176.55","29.00K","1.57%"
"06/10/2021","177.19","175.66","177.38","175.60","17.25K","0.45%"
"06/09/2021","176.40","177.40","177.40","174.80","25.88K","-0.67%"
"06/08/2021","177.58","177.60","178.79","176.30","34.50K","-0.79%"
"06/07/2021","179.00","178.40","179.60","177.84","25.13K","0.40%"
"06/04/2021","178.28","176.16","179.19","176.12","50.50K","0.33%"
"06/03/2021","177.69","178.61","179.60","177.28","52.38K","-1.28%"
"06/02/2021","180.00","180.00","181.20","178.80","64.88K","0.00%"
"06/01/2021","180.00","176.00","180.32","176.00","101.50K","0.04%"
"05/31/2021","179.92","171.99","179.92","171.44","151.63K","4.60%"
"05/28/2021","172.00","167.12","172.00","165.60","60.25K","1.42%"
"05/27/2021","169.60","167.96","170.39","167.96","117.88K","1.44%"
"05/26/2021","167.20","163.20","167.20","163.12","87.00K","1.53%"
"05/25/2021","164.68","162.00","164.68","161.84","28.63K","1.40%"
"05/24/2021","162.40","159.63","162.80","159.63","60.63K","1.50%"
"05/21/2021","160.00","160.78","161.60","159.88","48.88K","-0.99%"
"05/20/2021","161.60","158.88","161.60","158.88","72.25K","1.00%"
"05/19/2021","160.00","158.48","160.38","158.40","29.63K","-0.30%"
"05/18/2021","160.48","160.00","161.60","159.20","61.38K","-0.05%"
"05/17/2021","160.56","160.41","161.44","160.16","10.63K","-0.15%"
"05/06/2021","160.80","160.48","160.80","159.20","39.00K","-0.50%"
"05/05/2021","161.60","161.21","161.90","160.00","32.63K","-0.98%"
"05/04/2021","163.19","161.59","163.19","159.21","62.00K","0.54%"
"05/03/2021","162.32","160.81","162.32","158.04","44.88K","-0.73%"
"04/30/2021","163.52","160.90","163.52","158.40","42.25K","-0.27%"
"04/29/2021","163.96","160.00","163.96","160.00","12.75K","0.71%"
"04/28/2021","162.80","162.40","162.80","160.80","9.88K","-0.53%"
"04/27/2021","163.66","163.60","164.00","160.40","29.63K","-0.20%"
"04/26/2021","164.00","157.28","164.00","157.28","134.50K","2.50%"
"04/23/2021","160.00","157.68","160.00","157.49","26.88K","-0.99%"
"04/22/2021","161.60","157.45","161.60","157.44","52.38K","-0.49%"
"04/21/2021","162.39","158.82","162.39","158.82","45.38K","2.01%"
"04/20/2021","159.20","159.20","160.00","158.81","22.63K","1.53%"
"04/19/2021","156.80","156.40","159.92","156.00","49.00K","-2.00%"
"04/16/2021","159.99","161.51","161.75","159.19","41.00K","-1.24%"
"04/15/2021","162.00","160.16","162.00","158.40","55.00K","1.25%"
"04/14/2021","160.00","161.20","161.20","159.70","49.75K","0.05%"
"04/13/2021","159.92","159.72","160.40","158.40","60.63K","-0.05%"
"04/12/2021","160.00","161.47","161.99","158.41","113.13K","-1.08%"
"04/09/2021","161.74","163.60","165.48","160.00","139.75K","-1.62%"
"04/08/2021","164.40","161.36","165.60","160.81","42.25K","1.41%"
"04/07/2021","162.12","161.60","164.00","160.80","29.88K","-0.60%"
"04/06/2021","163.10","162.79","163.12","160.00","45.88K","2.97%"
"04/05/2021","158.40","163.20","164.80","158.40","97.13K","-4.00%"
"04/02/2021","165.00","164.68","165.60","164.50","20.25K","-0.31%"
"04/01/2021","165.52","165.26","165.59","162.42","38.13K","-1.47%"
"03/31/2021","167.99","168.00","170.40","164.00","121.75K","0.00%"
"03/30/2021","168.00","165.50","168.00","163.61","29.63K","1.94%"
"03/29/2021","164.80","167.60","168.00","163.36","392.00K","-2.35%"
"03/26/2021","168.77","165.92","169.60","164.40","151.63K","0.51%"
"03/25/2021","167.90","161.76","167.90","161.76","75.63K","3.90%"
"03/24/2021","161.60","160.72","162.00","158.24","188.25K","1.00%"
"03/22/2021","160.00","163.12","163.12","160.00","174.75K","-1.96%"
"03/19/2021","163.20","160.13","163.60","160.13","37.13K","2.00%"
"03/18/2021","160.00","168.00","169.60","158.40","106.00K","-6.76%"
"03/17/2021","171.60","162.32","171.60","161.60","146.75K","6.88%"
"03/16/2021","160.56","161.60","161.90","158.64","47.88K","-1.13%"
"03/15/2021","162.40","161.20","163.16","161.20","25.50K","2.47%"
"03/12/2021","158.48","153.99","160.80","150.89","60.75K","4.24%"
"03/11/2021","152.04","158.88","162.31","151.20","80.00K","-3.60%"
"03/10/2021","157.72","161.60","161.60","157.60","51.63K","-0.20%"
"03/09/2021","158.04","166.40","166.40","158.04","81.63K","-4.57%"
"03/08/2021","165.60","170.40","171.60","163.20","89.25K","-3.65%"
"03/05/2021","171.87","167.20","171.88","166.40","43.75K","2.30%"
"03/04/2021","168.00","167.20","171.18","164.01","67.50K","-2.33%"
"03/03/2021","172.00","172.11","173.60","171.61","32.13K","-0.29%"
"03/02/2021","172.50","172.80","174.32","168.98","79.50K","-0.63%"
"03/01/2021","173.60","172.04","173.60","170.85","26.25K","-0.23%"
"02/26/2021","174.00","175.21","176.28","171.84","41.88K","-0.23%"
"02/25/2021","174.41","175.20","175.80","173.60","22.13K","0.47%"
"02/24/2021","173.60","176.40","177.60","172.00","50.25K","-1.99%"
"02/23/2021","177.12","177.45","180.00","176.80","52.25K","-2.47%"
"02/22/2021","181.60","178.41","181.60","175.92","105.13K","1.33%"
"02/19/2021","179.21","185.62","189.56","176.00","315.88K","-3.26%"
"02/18/2021","185.24","184.20","186.78","184.00","80.38K","0.24%"
"02/17/2021","184.79","185.60","187.97","184.00","111.50K","0.00%"
"02/16/2021","184.80","182.57","185.60","182.56","67.25K","1.40%"
"02/15/2021","182.24","182.52","182.52","181.20","28.63K","-0.82%"
"02/12/2021","183.75","185.59","185.59","182.01","39.38K","-1.42%"
"02/11/2021","186.39","187.21","187.21","181.22","107.50K","-0.43%"
"02/10/2021","187.20","189.11","190.24","187.20","69.75K","-0.64%"
"02/09/2021","188.40","188.12","192.32","188.12","134.88K","-0.21%"
"02/08/2021","188.80","191.60","194.39","188.80","257.13K","-0.84%"
"02/04/2021","190.40","187.99","194.40","187.61","289.13K","1.49%"
"02/03/2021","187.60","185.60","190.40","185.00","169.75K","1.08%"
"02/02/2021","185.60","185.58","185.80","184.64","75.25K","0.00%"
"02/01/2021","185.59","185.21","186.80","184.24","47.00K","-0.09%"
"01/29/2021","185.76","187.52","188.80","185.60","71.50K","-0.76%"
"01/28/2021","187.19","189.60","189.60","184.89","64.88K","-0.85%"
"01/27/2021","188.80","190.60","191.92","188.65","35.75K","-0.42%"
"01/26/2021","189.60","188.20","192.00","188.00","587.13K","0.42%"
"01/25/2021","188.80","188.80","190.40","188.00","65.75K","-0.41%"
"01/22/2021","189.58","191.92","192.00","187.21","247.38K","-0.43%"
"01/21/2021","190.40","184.63","192.00","183.67","712.00K","3.93%"
"01/20/2021","183.19","187.31","188.00","182.40","336.88K","-2.20%"
"01/19/2021","187.31","191.76","191.76","186.40","169.00K","-1.56%"
"01/18/2021","190.28","197.65","198.00","189.60","356.25K","-1.72%"
"01/15/2021","193.61","181.62","196.00","181.62","1.27M","6.14%"
"01/14/2021","182.40","184.80","185.28","181.60","173.63K","-1.05%"
"01/13/2021","184.33","183.60","187.84","181.60","609.00K","1.06%"
"01/12/2021","182.40","183.99","183.99","181.04","64.50K","-0.39%"
"01/11/2021","183.12","183.76","184.56","181.44","60.50K","-0.15%"
"01/08/2021","183.40","186.71","188.00","180.80","312.00K","0.11%"
"01/07/2021","183.20","179.18","187.99","179.18","546.75K","3.15%"
"01/06/2021","177.60","177.52","178.40","175.20","148.50K","0.91%"
"01/05/2021","176.00","176.90","178.40","175.28","81.88K","-0.45%"
"01/04/2021","176.80","175.19","181.19","173.60","621.38K","2.07%"
"01/01/2021","173.22","174.71","176.80","172.80","127.00K","-1.58%"
"12/31/2020","175.99","173.32","175.99","171.22","105.75K","0.00%"
"12/30/2020","176.00","170.00","176.00","169.60","146.63K","3.77%"
"12/29/2020","169.60","168.00","172.80","168.00","117.13K","0.83%"
"12/28/2020","168.20","167.60","169.55","167.20","29.00K","0.50%"
"12/24/2020","167.36","169.56","172.00","167.20","137.00K","0.21%"
"12/23/2020","167.02","165.62","171.20","164.80","98.75K","0.86%"
"12/22/2020","165.60","168.10","168.68","165.60","42.38K","-1.68%"
"12/21/2020","168.42","170.40","170.40","168.20","42.00K","-1.57%"
"12/18/2020","171.11","170.40","173.20","169.52","63.75K","0.63%"
"12/17/2020","170.04","168.80","172.16","168.80","48.50K","-0.61%"
"12/16/2020","171.08","171.98","172.00","168.01","66.00K","0.16%"
"12/15/2020","170.81","172.78","173.20","170.81","89.88K","-0.07%"
"12/14/2020","170.92","171.44","174.40","169.68","145.75K","0.33%"
"12/11/2020","170.36","166.60","170.39","166.60","52.13K","1.79%"
"12/10/2020","167.36","171.80","171.80","167.36","71.13K","-1.95%"
"12/09/2020","170.70","168.17","171.00","168.00","42.88K","0.65%"
"12/08/2020","169.59","168.45","169.60","168.08","25.25K","-0.66%"
"12/07/2020","170.72","171.20","172.00","169.20","31.63K","-0.28%"
"12/04/2020","171.20","172.32","174.40","170.72","139.13K","-0.93%"
"12/03/2020","172.80","178.38","180.00","168.81","426.25K","-1.59%"
"12/02/2020","175.60","166.42","178.39","166.40","843.25K","5.91%"
"12/01/2020","165.80","160.01","170.04","160.01","886.63K","2.60%"
"11/30/2020","161.60","158.45","161.60","158.45","68.88K","0.70%"
"11/27/2020","160.47","162.01","165.59","160.00","158.75K","-1.09%"
"11/26/2020","162.24","160.00","163.20","159.99","455.63K","2.04%"
"11/25/2020","159.00","160.00","161.59","159.00","67.88K","-0.63%"
"11/24/2020","160.00","160.80","160.80","159.20","274.00K","0.00%"
"11/23/2020","160.00","160.88","161.60","157.84","124.75K","-2.44%"
"11/20/2020","164.00","167.52","167.83","163.20","47.50K","-1.44%"
"11/19/2020","166.40","167.84","168.79","165.60","35.00K","-1.42%"
"11/18/2020","168.80","172.00","172.00","167.17","102.75K","-1.86%"
"11/17/2020","172.00","172.80","174.53","172.00","35.38K","-1.38%"
"11/16/2020","174.40","175.62","175.68","174.40","16.00K","-2.68%"
"11/13/2020","179.20","173.60","179.20","172.80","51.75K","2.24%"
"11/12/2020","175.28","176.00","176.52","174.40","5.63K","-1.53%"
"11/11/2020","178.00","177.24","178.72","176.80","16.25K","-1.11%"
"11/10/2020","180.00","178.40","180.00","176.42","29.88K","0.36%"
"11/09/2020","179.36","176.82","179.36","176.00","28.13K","-0.36%"
"11/06/2020","180.00","176.80","180.00","176.16","11.88K","0.00%"
"11/05/2020","180.00","178.26","180.00","176.80","25.38K","0.90%"
"11/04/2020","178.40","178.40","179.98","176.24","46.63K","0.90%"
"11/03/2020","176.80","172.81","179.20","172.81","54.63K","-1.78%"
"11/02/2020","180.00","168.00","180.00","160.04","36.50K","5.15%"
"10/29/2020","171.19","174.40","174.80","164.96","167.13K","-3.17%"
"10/28/2020","176.79","176.04","177.60","176.00","27.50K","0.00%"
"10/27/2020","176.80","178.10","178.10","176.01","28.75K","-1.78%"
"10/26/2020","180.00","178.15","180.00","176.28","49.75K","1.82%"
"10/23/2020","176.78","178.15","178.40","175.20","108.75K","0.19%"
"10/22/2020","176.44","180.80","182.40","176.00","50.88K","-1.85%"
"10/21/2020","179.76","175.96","180.20","175.96","70.38K","2.84%"
"10/20/2020","174.80","174.48","176.00","174.17","16.50K","0.23%"
"10/19/2020","174.40","176.00","176.40","174.00","55.88K","-0.45%"
"10/16/2020","175.19","175.20","175.20","172.00","20.25K","0.41%"
"10/15/2020","174.48","176.00","177.20","174.48","27.75K","-0.85%"
"10/14/2020","175.98","177.91","177.92","175.20","27.50K","-0.91%"
"10/13/2020","177.61","182.40","182.40","176.00","50.13K","-3.45%"
"10/12/2020","183.96","183.92","187.91","180.80","88.63K","0.17%"
"10/09/2020","183.64","179.20","187.20","176.80","71.63K","0.05%"
"10/08/2020","183.55","181.76","184.32","180.54","218.28K","1.70%"
"10/07/2020","180.48","183.03","183.03","179.20","111.25K","-0.67%"
"10/06/2020","181.69","181.43","182.24","179.38","64.38K","-1.43%"
"10/05/2020","184.32","181.12","184.32","177.18","74.84K","1.74%"
"10/02/2020","181.16","183.36","184.64","180.48","87.34K","-1.02%"
"10/01/2020","183.03","182.40","183.93","181.12","43.75K","0.25%"
"09/30/2020","182.57","184.95","187.55","181.86","299.84K","-0.77%"
"09/29/2020","183.99","180.48","184.26","180.48","40.47K","2.31%"
"09/28/2020","179.84","184.32","186.88","178.25","136.88K","-2.77%"
"09/25/2020","184.96","182.50","186.94","182.50","54.53K","1.05%"
"09/24/2020","183.04","183.72","184.32","182.08","51.41K","-1.23%"
"09/23/2020","185.31","186.82","187.01","184.77","75.63K","0.71%"
"09/22/2020","184.00","185.60","186.88","182.08","124.06K","-0.86%"
"09/21/2020","185.60","183.68","190.01","181.76","213.13K","2.62%"
"09/18/2020","180.86","178.56","181.38","178.56","85.78K","0.96%"
"09/17/2020","179.14","180.00","181.11","178.53","99.06K","-0.48%"
"09/16/2020","179.99","184.51","184.51","179.19","178.13K","-0.98%"
"09/15/2020","181.77","180.48","183.35","179.21","109.06K","1.80%"
"09/14/2020","178.56","181.16","183.67","178.55","205.31K","-1.41%"
"09/11/2020","181.12","182.39","185.76","180.97","106.09K","-1.70%"
"09/10/2020","184.26","193.79","194.56","183.68","425.00K","-2.99%"
"09/09/2020","189.94","189.93","189.94","182.40","1.46M","7.50%"
"09/08/2020","176.69","176.69","176.69","176.69","19.38K","7.84%"
"09/07/2020","163.84","161.93","166.88","161.92","88.44K","1.51%"
"09/04/2020","161.41","162.56","165.76","160.00","99.53K","0.04%"
"09/03/2020","161.34","152.64","162.56","152.32","89.22K","5.04%"
"09/02/2020","153.60","153.60","154.18","152.96","52.50K","-0.83%"
"09/01/2020","154.88","154.24","155.26","153.60","10.00K","0.08%"
"08/31/2020","154.75","151.10","154.82","151.07","6.25K","0.34%"
"08/28/2020","154.23","153.60","155.17","153.28","4.53K","0.62%"
"08/27/2020","153.28","152.49","155.20","152.49","24.84K","-3.43%"
"08/26/2020","158.72","150.27","158.72","147.20","77.50K","5.92%"
"08/25/2020","149.86","149.72","150.40","146.94","63.59K","1.79%"
"08/24/2020","147.22","151.36","151.36","147.22","22.97K","-3.35%"
"08/21/2020","152.32","150.46","152.32","149.76","5.47K","-0.44%"
"08/20/2020","152.99","154.25","155.51","152.99","8.13K","-2.83%"
"08/19/2020","157.44","156.80","158.41","153.60","62.34K","-0.32%"
"08/18/2020","157.95","157.76","158.72","156.03","50.78K","0.78%"
"08/17/2020","156.74","156.48","158.40","155.53","17.19K","0.74%"
"08/13/2020","155.58","156.10","157.06","155.58","2.97K","0.21%"
"08/12/2020","155.26","154.44","156.74","154.24","2.81K","0.04%"
"08/11/2020","155.20","153.64","157.76","153.64","7.81K","-0.94%"
"08/10/2020","156.67","157.05","157.06","155.52","5.31K","0.74%"
"08/07/2020","155.52","156.80","158.40","155.52","16.09K","-0.82%"
"08/06/2020","156.80","161.21","161.22","153.60","24.53K","-0.41%"
"08/05/2020","157.44","156.80","160.00","156.80","12.03K","-1.40%"
"08/04/2020","159.68","156.86","160.00","154.95","16.88K","-0.20%"
"08/03/2020","160.00","161.28","162.24","159.36","60.94K","0.00%"
"07/30/2020","160.00","163.84","166.56","160.00","95.63K","-1.96%"
"07/29/2020","163.20","164.79","171.20","163.20","149.84K","1.59%"
"07/28/2020","160.64","163.20","163.84","160.13","257.03K","-0.98%"
"07/27/2020","162.23","160.00","163.20","160.00","5.94K","0.59%"
"07/24/2020","161.28","165.76","165.76","161.28","6.41K","-1.18%"
"07/23/2020","163.20","168.96","169.60","156.80","53.44K","-1.94%"
"07/22/2020","166.43","163.19","169.60","163.19","52.03K","1.98%"
"07/21/2020","163.20","161.92","163.20","160.64","17.34K","0.39%"
"07/20/2020","162.56","161.28","162.56","160.64","1.72K","-0.78%"
"07/17/2020","163.84","159.36","163.84","158.72","12.34K","2.77%"
"07/16/2020","159.42","158.08","161.92","158.02","15.63K","1.26%"
"07/15/2020","157.44","157.44","160.00","157.44","6.41K","-1.68%"
"07/14/2020","160.13","158.38","160.64","158.38","10.00K","0.28%"
"07/13/2020","159.68","156.80","159.68","155.52","45.78K","-0.20%"
"07/10/2020","160.00","156.79","160.00","155.84","9.38K","2.04%"
"07/09/2020","156.79","156.80","158.08","156.79","4.38K","0.00%"
"07/08/2020","156.80","157.44","158.72","156.16","6.25K","-1.61%"
"07/07/2020","159.36","159.20","159.36","155.26","2.19K","-0.33%"
"07/06/2020","159.88","155.52","159.88","155.52","2.97K","1.18%"
"07/03/2020","158.02","158.38","158.70","158.02","1.88K","0.78%"
"07/02/2020","156.80","156.81","158.71","156.80","3.91K","-0.81%"
"07/01/2020","158.07","158.72","158.72","155.20","8.75K","-0.81%"
"06/30/2020","159.36","156.80","163.52","153.60","29.22K","-0.38%"
"06/29/2020","159.97","159.97","159.97","159.97","0.16K","0.22%"
"06/26/2020","159.62","156.81","159.62","156.80","3.59K","-0.20%"
"06/25/2020","159.94","160.64","160.64","157.44","0.78K","-0.44%"
"06/24/2020","160.64","156.80","160.64","156.80","3.75K","-0.20%"
"06/23/2020","160.96","153.63","165.44","153.60","28.44K","1.00%"
"06/22/2020","159.36","147.85","159.36","147.84","4.38K","1.63%"
"06/19/2020","156.80","153.60","156.80","147.20","4.38K","0.82%"
"06/18/2020","155.52","151.36","155.52","151.36","0.63K","0.37%"
"06/16/2020","154.94","155.20","155.20","154.94","0.31K","0.46%"
"06/15/2020","154.24","155.58","155.58","154.24","2.03K","-0.41%"
"06/12/2020","154.88","156.80","156.80","154.88","4.22K","-3.59%"
"06/11/2020","160.64","159.04","160.64","158.08","5.00K","0.40%"
"06/10/2020","160.00","156.80","166.40","156.16","19.53K","2.04%"
"06/09/2020","156.80","156.80","156.80","155.85","4.22K","0.00%"
"06/08/2020","156.80","156.80","157.44","156.80","3.59K","0.04%"
"06/04/2020","156.74","153.60","156.74","153.60","3.28K","0.37%"
"06/03/2020","156.16","154.88","158.08","154.88","2.34K","1.67%"
"06/02/2020","153.60","154.88","154.88","153.60","313.75K","1.50%"
"06/01/2020","151.33","156.16","156.80","151.33","3.28K","-2.31%"
"05/29/2020","154.91","158.98","158.98","154.91","0.63K","-2.00%"
"05/28/2020","158.08","158.08","158.08","158.08","0.31K","1.23%"
"05/21/2020","156.16","156.16","156.16","156.16","0.31K","-2.34%"
"05/20/2020","159.90","157.44","159.90","152.96","14.06K","-0.06%"
"05/19/2020","160.00","156.80","160.00","156.80","7.03K","-0.79%"
"05/18/2020","161.28","161.28","161.28","161.28","0.47K","-0.40%"
"05/15/2020","161.92","160.64","161.92","159.04","2.97K","-0.39%"
"05/14/2020","162.56","157.44","162.56","157.44","4.22K","0.00%"
"05/13/2020","162.56","161.28","163.65","161.28","7.66K","0.79%"
"05/12/2020","161.28","160.64","161.28","159.99","12.97K","0.00%"
"05/11/2020","161.28","160.00","161.28","157.44","10.00K","0.80%"
"05/08/2020","160.00","160.32","160.32","160.00","3.28K","-2.34%"
"05/07/2020","163.84","162.24","163.97","160.00","5.16K","0.04%"
"05/06/2020","163.78","161.28","163.78","157.50","17.03K","-0.43%"
"05/05/2020","164.48","168.96","168.96","164.48","3.75K","-1.91%"
"05/04/2020","167.68","161.92","167.68","161.28","14.22K","1.55%"
"04/30/2020","165.12","165.76","166.40","160.00","13.75K","0.51%"
"04/29/2020","164.28","152.32","164.28","150.40","33.59K","8.76%"
"04/28/2020","151.04","144.00","153.00","144.00","21.88K","2.65%"
"04/27/2020","147.14","143.36","147.14","138.32","8.28K","1.73%"
"04/24/2020","144.64","141.06","144.64","141.06","1.88K","-1.74%"
"04/23/2020","147.20","144.00","147.20","144.00","9.22K","-1.53%"
"04/22/2020","149.48","136.32","149.48","136.32","13.13K","6.17%"
"04/21/2020","140.80","133.12","140.80","133.12","12.03K","0.05%"
"04/20/2020","140.74","140.10","140.80","134.40","10.94K","2.76%"
"04/17/2020","136.96","135.40","140.47","135.04","6.56K","3.38%"
"04/16/2020","132.48","130.50","132.48","130.50","4.69K","2.22%"
"04/15/2020","129.60","130.56","133.12","129.60","0.94K","1.25%"
"04/14/2020","128.00","128.00","128.00","128.00","0.31K","0.50%"
"04/13/2020","127.36","131.80","131.80","125.44","4.38K","-2.93%"
"04/10/2020","131.20","129.60","131.20","129.60","1.25K","-0.92%"
"04/09/2020","132.42","132.48","132.48","131.20","2.66K","0.93%"
"04/08/2020","131.20","131.14","137.59","131.14","7.81K","1.51%"
"04/07/2020","129.25","128.95","129.25","128.95","1.25K","0.98%"
"04/06/2020","127.99","132.48","132.48","124.80","2.66K","-3.39%"
"04/03/2020","132.48","134.34","134.40","131.84","10.31K","0.98%"
"04/02/2020","131.20","130.18","131.84","130.18","5.63K","1.49%"
"04/01/2020","129.28","127.97","129.28","126.72","5.00K","1.53%"
"03/31/2020","127.33","124.77","127.33","124.77","3.28K","1.56%"
"03/30/2020","125.38","124.16","125.44","122.88","5.00K","-0.03%"
"03/27/2020","125.41","121.67","125.43","121.59","4.38K","-0.03%"
"03/26/2020","125.44","127.99","128.00","124.80","3.44K","0.05%"
"03/25/2020","125.38","122.88","126.08","122.24","1.72K","-2.05%"
"03/24/2020","128.00","123.21","128.00","122.75","11.25K","-4.08%"
"03/20/2020","133.44","138.24","138.24","131.20","11.41K","-2.52%"
"03/19/2020","136.90","122.88","138.88","121.60","13.91K","-3.43%"
"03/18/2020","141.75","122.12","141.75","122.06","26.09K","7.00%"
"03/17/2020","132.48","143.20","143.64","131.20","8.91K","-4.14%"
"03/16/2020","138.20","145.87","145.87","138.20","15.94K","-9.65%"
"03/13/2020","152.96","142.08","152.96","136.33","21.41K","5.26%"
"03/12/2020","145.32","153.60","153.60","145.32","21.56K","-7.28%"
"03/11/2020","156.74","158.02","158.02","152.00","17.81K","-0.04%"
"03/10/2020","156.80","149.47","156.80","149.47","17.03K","0.00%"
"03/09/2020","156.80","144.01","156.80","143.48","22.34K","0.00%"
"03/06/2020","156.80","150.46","156.80","150.40","19.22K","0.00%"
"03/05/2020","156.80","149.76","160.00","149.12","31.25K","2.62%"
"03/04/2020","152.80","150.33","152.80","146.56","19.69K","0.10%"
"03/03/2020","152.64","148.48","153.60","148.48","20.16K","-0.38%"
"03/02/2020","153.22","144.00","153.22","144.00","24.06K","4.54%"
"02/28/2020","146.56","132.78","146.56","132.78","35.47K","3.20%"
"02/27/2020","142.01","142.08","143.42","142.01","12.03K","-8.31%"
"02/26/2020","154.87","152.32","154.87","145.98","14.53K","2.92%"
"02/25/2020","150.48","151.04","154.18","149.76","2.19K","-3.24%"
"02/24/2020","155.52","156.80","156.80","150.40","28.13K","-0.82%"
"02/21/2020","156.81","163.14","163.14","156.81","0.63K","-2.77%"
"02/20/2020","161.28","156.48","161.28","156.48","13.59K","-1.18%"
"02/19/2020","163.20","155.76","163.20","154.88","18.44K","4.08%"
"02/18/2020","156.80","150.40","156.80","150.40","14.22K","0.01%"
"02/17/2020","156.79","152.33","156.79","152.33","6.25K","-1.21%"
"02/14/2020","158.71","152.96","158.71","152.96","4.22K","4.20%"
"02/13/2020","152.32","156.16","159.35","152.32","9.06K","-3.25%"
"02/12/2020","157.44","151.62","157.44","150.02","12.50K","3.36%"
"02/11/2020","152.32","147.84","152.32","144.32","18.75K","4.85%"
"02/10/2020","145.28","147.21","147.23","144.01","5.47K","-8.47%"
"02/07/2020","158.72","145.45","158.72","142.16","19.84K","4.64%"
"02/06/2020","151.68","150.78","153.60","148.55","2.50K","-0.32%"
"02/04/2020","152.16","150.40","153.60","144.96","9.69K","2.82%"
"02/03/2020","147.99","151.68","154.24","147.99","17.50K","-6.00%"
"01/31/2020","157.44","158.72","159.52","156.80","4.38K","-1.60%"
"01/30/2020","160.00","163.77","163.78","160.00","4.69K","-0.89%"
"01/29/2020","161.44","161.92","165.69","161.28","16.56K","-2.98%"
"01/28/2020","166.40","168.26","168.26","164.04","4.69K","-1.35%"
"01/27/2020","168.67","171.20","171.20","167.68","3.59K","-1.29%"
"01/24/2020","170.88","168.96","170.88","163.85","18.13K","0.95%"
"01/23/2020","169.28","167.04","169.28","161.92","33.13K","1.81%"
"01/22/2020","166.27","163.20","169.17","163.20","127.19K","0.31%"
"01/21/2020","165.76","156.80","165.76","153.60","23.28K","4.44%"
"01/20/2020","158.72","151.68","158.72","150.40","23.91K","2.05%"
"01/17/2020","155.54","147.20","155.54","146.56","12.50K","5.21%"
"01/16/2020","147.84","150.36","150.36","147.84","4.69K","-0.58%"
"01/15/2020","148.70","147.20","148.74","147.20","4.06K","1.24%"
"01/14/2020","146.88","151.68","151.68","146.69","22.03K","-2.13%"
"01/13/2020","150.08","147.97","151.46","147.20","17.81K","-1.05%"
"01/10/2020","151.67","155.84","155.84","147.84","31.88K","-1.06%"
"01/09/2020","153.31","153.31","153.31","153.31","57.66K","5.00%"
"01/08/2020","146.01","139.52","146.01","139.52","153.44K","4.66%"
"01/07/2020","139.51","136.32","139.51","134.40","35.94K","1.39%"
"01/06/2020","137.60","134.54","140.80","134.40","79.69K","-3.57%"
"01/03/2020","142.69","142.72","143.93","140.16","5.47K","-0.02%"
"01/02/2020","142.72","142.08","144.95","138.40","38.91K","0.50%"
"01/01/2020","142.02","142.08","142.08","139.52","3.91K","-0.94%"
"12/31/2019","143.36","144.00","144.00","140.81","6.41K","0.00%"
"12/30/2019","143.36","144.64","144.64","141.45","0.78K","-0.44%"
"12/27/2019","144.00","144.93","145.21","140.80","4.22K","0.00%"
"12/26/2019","144.00","140.48","145.00","140.48","12.03K","1.35%"
"12/24/2019","142.08","135.05","143.94","133.15","18.59K","0.91%"
"12/23/2019","140.80","140.15","140.80","140.80","1.56K","-1.35%"
"12/20/2019","142.72","143.99","143.99","137.66","4.38K","1.37%"
"12/19/2019","140.79","144.06","144.06","138.57","12.97K","-3.47%"
"12/18/2019","145.86","141.60","147.84","141.44","13.75K","-0.04%"
"12/17/2019","145.92","146.56","147.20","145.28","4.22K","-2.15%"
"12/16/2019","149.12","152.64","152.64","148.49","9.53K","-1.48%"
"12/13/2019","151.35","149.12","152.32","147.97","13.28K","1.98%"
"12/12/2019","148.42","147.84","149.12","144.96","24.22K","-1.31%"
"12/11/2019","150.39","150.40","150.40","147.84","5.63K","0.00%"
"12/10/2019","150.40","152.32","152.96","150.40","7.03K","-2.08%"
"12/09/2019","153.60","158.81","158.81","152.96","91.88K","1.55%"
"12/06/2019","151.25","146.49","151.25","146.49","18.75K","3.25%"
"12/05/2019","146.49","142.72","148.48","142.08","221.09K","-0.04%"
"12/04/2019","146.55","144.33","148.42","141.16","21.25K","-0.44%"
"12/03/2019","147.20","153.60","153.60","146.56","15.00K","-5.35%"
"12/02/2019","155.52","155.51","158.72","151.74","96.88K","2.56%"
"11/29/2019","151.64","148.48","151.64","148.48","161.88K","5.00%"
"11/28/2019","144.42","138.88","144.42","138.88","73.44K","4.96%"
"11/27/2019","137.60","133.76","138.24","132.16","20.00K","2.38%"
"11/26/2019","134.40","137.72","138.87","131.90","37.81K","-1.73%"
"11/25/2019","136.77","135.68","140.86","135.68","59.38K","-0.02%"
"11/22/2019","136.79","129.28","137.28","129.28","168.13K","4.26%"
"11/21/2019","131.20","135.99","137.60","126.08","49.84K","-0.70%"
"11/20/2019","132.13","126.72","132.13","126.72","1.33M","5.33%"
"11/19/2019","125.44","127.36","129.86","123.20","42.03K","1.37%"
"11/18/2019","123.75","119.04","123.75","119.04","22.03K","4.01%"
"11/15/2019","118.98","116.15","119.30","115.14","27.03K","4.44%"
"11/14/2019","113.92","113.28","114.75","111.68","23.28K","1.71%"
"11/13/2019","112.00","113.15","116.42","111.36","22.97K","0.94%"
"11/12/2019","110.96","107.44","110.96","107.44","20.94K","5.00%"
"11/11/2019","105.68","102.24","105.68","101.12","35.16K","5.00%"
"11/08/2019","100.64","101.12","101.12","100.64","6.41K","-0.22%"
"11/07/2019","100.86","99.78","101.49","99.68","87.50K","1.35%"
"11/06/2019","99.52","101.75","101.75","98.24","18.13K","1.97%"
"11/05/2019","97.60","98.43","98.44","97.50","2.81K","-0.65%"
"11/04/2019","98.24","98.62","99.19","98.24","5.63K","2.33%"
"11/01/2019","96.00","97.85","97.91","96.00","0.63K","-1.32%"
"10/31/2019","97.28","97.28","97.92","96.64","2.19K","-0.65%"
"10/30/2019","97.92","97.28","97.92","96.32","2.34K","2.00%"
"10/29/2019","96.00","97.28","97.28","96.00","1.09K","-1.77%"
"10/28/2019","97.73","95.68","98.27","95.36","7.19K","3.08%"
"10/25/2019","94.81","94.73","96.80","94.08","1.56K","-0.91%"
"10/24/2019","95.68","95.68","95.68","95.68","0.78K","0.07%"
"10/23/2019","95.62","93.54","95.99","93.54","4.22K","0.95%"
"10/22/2019","94.72","92.09","95.68","92.09","11.72K","3.50%"
"10/21/2019","91.52","93.45","95.36","91.52","14.84K","-3.38%"
"10/18/2019","94.72","96.00","96.00","94.08","9.22K","-0.67%"
"10/17/2019","95.36","96.00","96.28","95.36","5.78K","-0.34%"
"10/16/2019","95.69","99.52","100.29","95.68","52.66K","0.21%"
"10/15/2019","95.49","95.36","98.56","95.36","7.81K","-2.16%"
"10/14/2019","97.60","99.20","100.35","97.60","40.47K","-2.31%"
"10/11/2019","99.91","100.48","102.34","98.24","23.59K","-0.56%"
"10/10/2019","100.47","99.83","102.34","98.56","7.34K","3.25%"
"10/09/2019","97.31","98.24","100.48","96.68","17.03K","0.68%"
"10/08/2019","96.65","100.80","101.12","96.06","34.22K","-6.52%"
"10/07/2019","103.39","99.73","103.39","99.73","65.63K","4.79%"
"10/04/2019","98.67","98.24","98.67","97.20","7.69K","0.27%"
"10/03/2019","98.40","96.54","99.73","96.53","21.00K","-0.27%"
"10/02/2019","98.67","97.25","98.67","96.00","21.38K","0.54%"
"10/01/2019","98.13","98.14","100.21","97.34","12.75K","-1.60%"
"09/30/2019","99.73","101.34","102.40","99.20","10.88K","-0.67%"
"09/27/2019","100.41","99.31","102.39","99.31","21.56K","1.22%"
"09/26/2019","99.20","96.05","99.73","93.33","89.81K","3.33%"
"09/25/2019","96.00","93.97","99.24","93.97","505.88K","0.84%"
"09/24/2019","95.20","93.33","95.47","92.80","19.31K","2.59%"
"09/23/2019","92.80","89.88","93.33","89.88","21.00K","2.29%"
"09/20/2019","90.72","93.28","93.28","90.67","25.50K","-3.08%"
"09/19/2019","93.60","95.11","95.11","92.27","150.75K","3.33%"
"09/18/2019","90.59","90.59","90.59","90.59","21.00K","4.09%"
"09/17/2019","87.03","83.20","87.03","82.41","67.13K","5.28%"
"09/16/2019","82.67","82.67","83.72","82.67","14.06K","0.00%"
"09/13/2019","82.67","81.61","82.67","81.39","6.56K","1.97%"
"09/12/2019","81.07","82.61","82.93","80.00","47.06K","-1.30%"
"09/11/2019","82.13","82.67","83.71","82.13","9.75K","-0.69%"
"09/06/2019","82.70","82.30","83.07","82.30","4.50K","0.49%"
"09/05/2019","82.30","84.63","84.63","82.13","9.75K","-0.90%"
"09/04/2019","83.05","82.67","84.21","82.40","13.69K","-0.81%"
"09/03/2019","83.73","83.73","85.49","83.73","7.88K","-0.64%"
"09/02/2019","84.27","85.87","85.87","83.57","14.63K","1.96%"
"08/30/2019","82.65","86.13","86.13","81.87","104.44K","0.76%"
"08/29/2019","82.03","79.99","82.03","79.99","3.56K","3.38%"
"08/28/2019","79.35","80.53","81.48","78.67","19.69K","2.26%"
"08/26/2019","77.60","80.00","80.00","77.60","4.31K","-1.87%"
"08/23/2019","79.08","78.99","79.47","78.99","3.00K","-3.09%"
"08/22/2019","81.60","83.60","83.60","81.60","0.75K","0.00%"
"08/21/2019","81.60","81.60","81.60","81.60","0.75K","-0.65%"
"08/19/2019","82.13","82.13","82.13","81.60","2.25K","3.35%"
"08/09/2019","79.47","81.02","81.05","79.47","4.50K","-0.66%"
"08/08/2019","80.00","80.00","80.00","80.00","2.25K","2.04%"
"08/06/2019","78.40","77.33","78.40","77.33","1.31K","0.20%"
"08/02/2019","78.24","77.33","79.44","77.33","4.31K","3.25%"
"08/01/2019","75.78","74.67","75.78","74.67","2.44K","1.88%"
"07/31/2019","74.38","73.07","76.75","72.53","6.75K","-0.39%"
"07/30/2019","74.67","74.67","74.67","74.67","0.94K","2.50%"
"07/29/2019","72.85","72.27","76.27","72.00","2.06K","-0.67%"
"07/26/2019","73.34","74.67","77.33","70.93","8.44K","-1.78%"
"07/25/2019","74.67","77.87","78.93","74.67","4.50K","-4.76%"
"07/24/2019","78.40","78.13","78.93","77.78","9.19K","-4.24%"
"07/23/2019","81.87","82.13","82.13","81.87","9.38K","-5.00%"
"07/22/2019","86.18","86.40","86.40","86.18","3.75K","-4.99%"
"07/19/2019","90.71","94.88","94.88","94.88","0.19K","0.00%"
"07/18/2019","90.71","88.62","92.79","88.62","1.88K","-2.77%"
"07/11/2019","93.29","92.03","97.07","92.03","0.94K","-3.70%"
"07/09/2019","96.87","96.85","96.88","96.85","1.88K","3.67%"
"07/08/2019","93.44","100.21","100.21","93.44","1.69K","-4.99%"
"07/05/2019","98.35","98.67","98.67","98.08","7.50K","3.02%"
"07/01/2019","95.47","96.01","96.01","94.93","0.94K","-2.80%"
"06/28/2019","98.22","94.40","99.24","94.40","139.50K","3.93%"
"06/27/2019","94.51","94.34","94.65","91.72","48.19K","4.85%"
"06/26/2019","90.14","89.05","90.51","85.33","12.38K","4.57%"
"06/25/2019","86.20","84.27","86.77","82.13","24.56K","4.31%"
"06/24/2019","82.64","80.53","84.56","80.48","18.00K","2.62%"
"06/21/2019","80.53","81.06","81.06","81.06","0.19K","0.00%"
"06/20/2019","80.53","80.40","80.53","78.45","0.94K","2.38%"
"06/19/2019","78.66","81.07","81.07","77.33","27.38K","-0.34%"
"06/18/2019","78.93","78.69","78.94","78.67","100.50K","-3.39%"
"06/17/2019","81.70","82.67","82.67","80.53","9.00K","-1.17%"
"06/14/2019","82.67","82.67","82.67","82.67","0.94K","0.00%"
"06/13/2019","82.67","82.13","84.21","82.13","2.81K","1.45%"
"06/11/2019","81.49","86.13","86.13","81.07","3.00K","-0.78%"
"06/03/2019","82.13","85.33","85.33","85.33","0.38K","0.00%"
"05/30/2019","82.13","82.16","82.67","82.13","1.50K","-0.65%"
"05/29/2019","82.67","84.40","84.40","84.40","0.19K","0.00%"
"05/28/2019","82.67","81.07","85.51","81.07","2.44K","0.76%"
"05/27/2019","82.05","87.97","88.00","81.57","11.06K","-4.45%"
"05/22/2019","85.87","85.87","85.87","85.87","0.38K","4.96%"
"05/21/2019","81.81","82.67","86.39","81.35","6.75K","-4.46%"
"05/20/2019","85.63","85.63","85.87","85.63","4.88K","-4.99%"
"05/17/2019","90.13","90.66","90.66","90.13","9.56K","2.42%"
"05/16/2019","88.00","89.07","89.07","88.00","4.69K","-1.20%"
"05/14/2019","89.07","89.60","89.60","89.60","0.19K","0.00%"
"05/13/2019","89.07","90.13","90.13","88.00","0.38K","2.46%"
"05/10/2019","86.93","86.93","86.93","86.16","1.69K","-4.15%"
"05/09/2019","90.69","90.13","90.13","90.13","0.94K","0.00%"
"05/08/2019","90.69","90.69","90.69","90.69","4.50K","-5.01%"
"05/06/2019","95.47","95.89","95.89","95.89","0.19K","0.00%"
"05/03/2019","95.47","95.47","95.47","95.46","0.75K","2.70%"
"05/02/2019","92.96","95.95","95.95","95.95","0.19K","0.00%"
"04/30/2019","92.96","93.33","93.33","93.33","0.19K","0.00%"
"04/29/2019","92.96","95.47","95.47","92.87","1.31K","-0.46%"
"04/24/2019","93.39","93.86","93.86","93.39","2.25K","-3.43%"
"04/22/2019","96.71","97.07","97.07","96.53","0.56K","0.46%"
"04/19/2019","96.27","96.00","97.06","96.00","5.44K","0.59%"
"04/18/2019","95.71","97.01","97.01","94.40","1.31K","-0.52%"
"04/17/2019","96.21","96.00","96.21","96.00","2.25K","0.27%"
"04/16/2019","95.95","98.40","98.40","95.47","3.00K","-1.58%"
"04/15/2019","97.49","96.00","99.59","96.00","15.94K","-0.11%"
"04/12/2019","97.60","97.59","97.60","97.59","3.75K","1.67%"
"04/11/2019","96.00","96.00","96.00","96.00","9.38K","-0.05%"
"04/10/2019","96.05","98.02","96.05","96.05","0.56K","-1.99%"
"04/09/2019","98.00","93.87","98.00","93.87","2.25K","2.08%"
"04/08/2019","96.00","96.00","96.01","96.00","1.69K","-0.01%"
"04/05/2019","96.01","96.05","96.06","96.00","12.56K","-0.27%"
"04/04/2019","96.27","100.53","100.53","96.14","9.75K","-4.87%"
"04/03/2019","101.20","101.33","101.33","101.07","0.38K","0.13%"
"04/02/2019","101.07","101.33","101.33","101.07","2.81K","0.25%"
"04/01/2019","100.82","100.80","100.80","100.80","0.19K","0.00%"
"03/29/2019","100.82","101.07","102.93","100.53","8.06K","-0.88%"
"03/28/2019","101.72","97.07","102.93","97.07","8.44K","2.18%"
"03/27/2019","99.55","97.33","99.68","96.00","5.25K","4.87%"
"03/25/2019","94.93","96.05","97.97","94.93","3.00K","-1.37%"
"03/22/2019","96.25","98.40","99.73","95.07","13.69K","-2.97%"
"03/21/2019","99.20","99.20","99.20","99.20","1.13K","-0.53%"
"03/20/2019","99.73","103.47","99.73","99.73","1.50K","-0.14%"
"03/19/2019","99.87","101.31","101.31","99.20","1.31K","0.14%"
"03/18/2019","99.73","99.20","100.27","99.20","2.06K","1.07%"
"03/15/2019","98.67","98.68","98.69","98.67","1.13K","-2.97%"
"03/13/2019","101.69","101.33","101.87","101.33","1.50K","0.88%"
"03/12/2019","100.80","100.32","101.33","99.21","3.19K","-0.52%"
"03/11/2019","101.33","102.40","102.93","101.33","3.38K","0.89%"
"03/08/2019","100.44","104.53","105.07","99.79","7.31K","-1.38%"
"03/07/2019","101.85","102.40","106.13","101.33","8.44K","-4.28%"
"03/06/2019","106.40","106.13","106.66","106.13","0.56K","0.59%"
"03/05/2019","105.78","107.20","107.20","105.33","1.31K","-1.81%"
"03/04/2019","107.73","109.33","109.33","107.73","0.75K","1.28%"
"03/01/2019","106.37","106.08","106.67","106.08","0.38K","2.55%"
"02/28/2019","103.73","104.00","105.33","103.73","2.25K","2.11%"
"02/27/2019","101.59","99.73","103.46","97.11","14.81K","-0.62%"
"02/26/2019","102.22","100.80","106.13","100.80","7.13K","-2.79%"
"02/25/2019","105.15","106.45","106.45","105.06","2.44K","-0.15%"
"02/22/2019","105.31","106.13","106.13","104.53","3.94K","-1.27%"
"02/21/2019","106.67","110.39","109.60","106.35","6.94K","0.94%"
"02/20/2019","105.68","107.20","108.80","104.59","7.13K","-2.55%"
"02/19/2019","108.44","112.00","112.00","106.67","3.94K","-0.33%"
"02/18/2019","108.80","110.94","110.40","108.80","3.19K","-2.06%"
"02/15/2019","111.09","114.13","114.13","110.40","20.63K","-2.21%"
"02/14/2019","113.60","113.07","113.60","113.07","3.19K","-0.93%"
"02/13/2019","114.67","114.67","115.20","113.65","21.94K","0.77%"
"02/12/2019","113.79","113.07","114.13","112.00","12.75K","1.60%"
"02/11/2019","112.00","114.13","114.13","112.00","9.75K","-1.87%"
"02/08/2019","114.13","115.67","115.67","113.07","14.06K","-1.18%"
"02/07/2019","115.49","113.60","115.73","113.65","17.63K","0.59%"
"02/06/2019","114.81","114.67","115.76","113.07","48.00K","2.10%"
"02/04/2019","112.45","113.17","115.20","112.00","41.06K","0.31%"
"02/01/2019","112.10","108.27","113.59","108.27","42.75K","3.62%"
"01/31/2019","108.18","107.47","107.47","107.47","0.19K","0.00%"
"01/30/2019","108.18","106.80","108.53","106.80","1.50K","1.28%"
"01/29/2019","106.81","106.73","107.20","105.59","3.75K","-1.35%"
"01/28/2019","108.27","110.40","110.40","106.67","3.56K","-0.40%"
"01/25/2019","108.71","108.27","108.80","108.27","3.38K","-0.57%"
"01/24/2019","109.33","106.67","111.44","106.67","25.31K","2.49%"
"01/23/2019","106.67","106.67","106.67","105.60","6.56K","1.52%"
"01/22/2019","105.07","103.47","105.33","103.47","9.19K","1.40%"
"01/21/2019","103.62","101.89","104.26","103.17","2.63K","0.14%"
"01/18/2019","103.47","102.13","104.43","101.33","6.19K","1.31%"
"01/17/2019","102.13","102.40","102.93","101.33","1.50K","-1.04%"
"01/16/2019","103.20","104.53","104.53","102.67","3.94K","0.77%"
"01/15/2019","102.41","103.47","104.37","102.41","4.69K","1.33%"
"01/14/2019","101.07","98.41","101.33","98.41","4.69K","-0.26%"
"01/11/2019","101.33","101.07","101.33","101.07","15.19K","2.44%"
"01/10/2019","98.92","101.33","101.47","96.64","15.19K","-2.38%"
"01/09/2019","101.33","101.87","101.89","101.33","6.19K","0.00%"
"01/08/2019","101.33","101.34","101.39","101.33","6.75K","0.12%"
"01/07/2019","101.21","104.00","104.00","100.27","34.13K","-2.60%"
"01/04/2019","103.91","105.07","105.07","105.07","0.19K","0.00%"
"01/03/2019","103.91","104.00","104.00","104.00","0.19K","0.00%"
"01/02/2019","103.91","106.61","104.06","103.47","6.19K","-0.35%"
"01/01/2019","104.27","105.07","104.27","104.27","4.69K","0.00%"
"12/31/2018","104.27","101.87","106.66","101.87","5.06K","-1.76%"
"12/28/2018","106.14","104.05","106.67","103.47","2.25K","0.26%"
"12/27/2018","105.87","107.73","109.33","105.60","51.38K","-0.53%"
"12/26/2018","106.43","106.67","106.67","104.01","49.13K","0.28%"
"12/24/2018","106.13","105.60","107.73","104.53","156.94K","1.84%"
"12/21/2018","104.21","106.67","106.67","104.00","3.38K","-2.31%"
"12/20/2018","106.67","107.73","108.03","106.67","9.00K","-0.07%"
"12/19/2018","106.75","106.67","106.99","102.40","6.38K","2.70%"
"12/18/2018","103.94","101.33","104.00","101.33","2.25K","-0.06%"
"12/17/2018","104.00","100.32","105.20","102.93","3.56K","2.36%"
"12/14/2018","101.60","99.20","102.93","99.20","368.63K","1.77%"
"12/13/2018","99.83","101.28","101.25","99.73","3.56K","-0.51%"
"12/12/2018","100.34","97.09","101.33","97.09","204.38K","0.65%"
"12/11/2018","99.69","100.64","101.33","98.67","479.44K","-0.91%"
"12/10/2018","100.61","102.93","102.93","100.27","6.75K","2.53%"
"12/07/2018","98.13","97.07","98.68","97.07","5.63K","-3.72%"
"12/06/2018","101.92","103.47","105.60","99.79","10.31K","-2.38%"
"12/05/2018","104.41","105.55","105.55","103.20","2.06K","-0.92%"
"12/04/2018","105.38","107.73","107.73","101.33","8.44K","2.34%"
"12/03/2018","102.97","106.13","104.01","102.97","19.31K","-5.00%"
"11/30/2018","108.39","111.73","111.73","107.20","3.19K","-0.85%"
"11/29/2018","109.32","108.27","109.33","107.73","19.69K","2.71%"
"11/28/2018","106.44","106.80","108.24","106.19","997.31K","0.90%"
"11/27/2018","105.49","109.34","110.11","104.59","20.25K","-3.19%"
"11/26/2018","108.97","110.40","110.40","107.76","6.00K","-0.89%"
"11/23/2018","109.95","109.33","110.67","109.33","7.88K","0.34%"
"11/22/2018","109.58","110.13","110.93","108.81","5.25K","-0.30%"
"11/20/2018","109.91","110.13","110.61","109.33","11.81K","1.23%"
"11/19/2018","108.57","110.40","112.80","107.17","251.81K","-3.75%"
"11/16/2018","112.80","110.94","113.07","110.94","7.31K","1.49%"
"11/15/2018","111.14","112.00","112.00","112.00","0.19K","0.00%"
"11/14/2018","111.14","111.79","113.33","109.92","10.31K","-0.89%"
"11/13/2018","112.14","112.51","112.53","111.99","14.44K","1.76%"
"11/12/2018","110.20","114.13","114.67","109.33","31.88K","-3.90%"
"11/09/2018","114.67","115.65","115.65","114.13","3.19K","0.47%"
"11/08/2018","114.13","114.77","115.01","114.13","9.19K","0.00%"
"11/07/2018","114.13","112.00","114.35","112.00","9.56K","1.89%"
"11/06/2018","112.01","114.13","114.13","112.00","9.00K","-1.32%"
"11/05/2018","113.51","113.60","114.67","109.92","51.00K","0.37%"
"11/02/2018","113.09","113.61","115.73","112.00","18.38K","-0.46%"
"11/01/2018","113.61","116.27","117.25","113.61","70.69K","-5.00%"
"10/31/2018","119.59","121.59","122.43","116.27","59.44K","2.56%"
"10/30/2018","116.60","117.36","117.36","116.46","2.81K","-1.10%"
"10/29/2018","117.90","118.40","119.47","116.81","43.13K","-3.00%"
"10/26/2018","121.55","116.27","122.42","111.52","40.88K","4.25%"
"10/25/2018","116.59","115.73","121.02","115.73","17.63K","0.04%"
"10/24/2018","116.54","117.33","117.60","116.53","28.88K","-0.42%"
"10/23/2018","117.03","120.00","120.00","116.27","4.13K","-0.15%"
"10/22/2018","117.20","122.13","122.13","116.27","6.19K","-0.11%"
"10/19/2018","117.33","116.80","117.33","116.80","1.13K","0.70%"
"10/18/2018","116.52","114.67","117.60","112.53","10.13K","0.30%"
"10/17/2018","116.17","112.00","116.17","111.97","6.94K","4.63%"
"10/16/2018","111.03","112.00","112.00","110.93","2.25K","0.09%"
"10/15/2018","110.93","110.93","110.93","110.93","2.44K","-3.80%"
"10/11/2018","115.31","112.58","115.83","112.58","6.94K","-1.55%"
"10/10/2018","117.12","108.28","119.47","108.28","3.75K","1.35%"
"10/09/2018","115.56","115.56","115.56","114.89","25.65K","0.44%"
"10/08/2018","115.05","120.00","120.00","114.72","15.98K","-4.12%"
"10/05/2018","120.00","121.53","121.53","120.00","2.25K","-0.27%"
"10/04/2018","120.33","125.33","128.89","120.33","15.08K","-5.01%"
"10/03/2018","126.67","128.44","128.89","126.67","1.58K","-0.70%"
"10/02/2018","127.56","127.56","127.56","127.56","3.83K","-1.03%"
"10/01/2018","128.89","128.89","128.89","128.89","1.35K","0.00%"
"09/28/2018","128.89","130.36","130.36","128.89","2.25K","0.00%"
"09/27/2018","128.89","131.33","131.33","128.89","3.60K","-2.68%"
"09/26/2018","132.44","132.44","132.44","131.56","2.03K","1.01%"
"09/25/2018","131.12","133.33","133.33","131.12","0.68K","-1.00%"
"09/24/2018","132.44","133.33","133.33","131.11","5.85K","1.01%"
"09/19/2018","131.11","132.00","131.56","129.78","7.88K","-0.67%"
"09/18/2018","132.00","131.11","132.00","131.11","1.58K","0.68%"
"09/17/2018","131.11","129.34","131.11","129.33","2.48K","1.38%"
"09/14/2018","129.33","131.98","131.98","129.33","0.90K","-1.36%"
"09/13/2018","131.11","131.11","131.11","131.11","1.80K","0.34%"
"09/12/2018","130.67","131.11","131.11","130.67","2.03K","0.02%"
"09/11/2018","130.64","130.66","130.66","130.22","0.90K","1.01%"
"09/10/2018","129.33","126.67","129.77","126.67","2.03K","2.48%"
"09/07/2018","126.20","131.11","132.64","124.89","3.38K","-0.37%"
"09/06/2018","126.67","128.84","128.89","126.67","5.18K","-0.73%"
"09/05/2018","127.60","126.71","127.60","126.67","0.90K","2.06%"
"09/04/2018","125.02","124.44","128.22","124.44","16.20K","-3.67%"
"09/03/2018","129.78","131.11","131.11","128.89","1.13K","-2.50%"
"08/31/2018","133.11","131.11","133.33","131.11","1.80K","1.53%"
"08/30/2018","131.11","131.11","131.11","131.10","0.45K","1.72%"
"08/29/2018","128.89","127.56","128.89","127.56","0.68K","1.02%"
"08/28/2018","127.59","131.11","131.11","126.67","4.50K","-2.96%"
"08/27/2018","131.48","128.89","135.11","128.00","8.33K","2.01%"
"08/24/2018","128.89","132.00","132.00","128.89","1.35K","1.04%"
"08/20/2018","127.56","126.67","127.56","126.67","1.13K","-1.02%"
"08/17/2018","128.88","128.88","128.88","128.88","0.45K","2.83%"
"08/16/2018","125.33","128.00","128.00","125.33","0.90K","-2.76%"
"08/15/2018","128.89","129.33","129.33","128.89","0.68K","-0.25%"
"08/13/2018","129.21","133.33","133.33","127.34","1.13K","-1.12%"
"08/10/2018","130.67","128.89","130.67","127.18","2.70K","0.42%"
"08/09/2018","130.12","127.58","133.33","120.93","40.73K","2.45%"
"08/08/2018","127.01","133.33","133.33","125.40","37.13K","-3.78%"
"08/07/2018","132.00","132.00","132.00","132.00","0.23K","-1.00%"
"08/06/2018","133.33","133.33","133.33","133.33","0.23K","0.35%"
"08/03/2018","132.87","129.33","133.33","129.33","6.53K","2.92%"
"08/02/2018","129.10","126.71","129.78","126.67","6.98K","-1.53%"
"08/01/2018","131.11","130.00","131.11","130.00","0.68K","0.68%"
"07/31/2018","130.22","128.89","131.11","128.89","2.93K","-2.12%"
"07/30/2018","133.04","128.89","133.33","128.89","14.18K","-1.04%"
"07/27/2018","134.44","133.33","134.44","133.33","1.13K","0.83%"
"07/26/2018","133.33","133.33","133.36","133.33","2.48K","0.00%"
"07/24/2018","133.33","133.33","133.33","133.33","0.23K","-3.23%"
"07/19/2018","137.78","133.33","137.78","133.33","302.40K","0.65%"
"07/18/2018","136.89","136.44","136.89","136.44","1.13K","3.58%"
"07/17/2018","132.16","128.89","132.16","128.89","1.35K","5.00%"
"07/13/2018","125.87","126.67","126.67","125.87","0.68K","-2.57%"
"07/10/2018","129.19","135.11","135.11","126.67","4.05K","0.12%"
"07/09/2018","129.03","124.44","129.72","124.44","109.35K","4.44%"
"07/06/2018","123.55","123.56","133.33","123.54","16.20K","-4.99%"
"07/05/2018","130.04","131.11","133.33","130.04","26.55K","-5.00%"
"07/04/2018","136.89","136.89","136.89","136.89","0.23K","-0.65%"
"07/03/2018","137.78","137.78","137.78","137.78","0.45K","-2.81%"
"06/27/2018","141.77","141.77","141.77","141.77","0.23K","1.58%"
"06/26/2018","139.56","140.00","140.00","139.56","2.25K","-0.29%"
"06/25/2018","139.96","139.95","139.96","139.95","0.45K","1.58%"
"06/22/2018","137.78","137.78","140.00","136.45","4.50K","0.39%"
"06/21/2018","137.24","137.78","138.01","136.50","2.70K","-1.32%"
"06/20/2018","139.07","135.56","140.00","133.78","10.13K","4.31%"
"06/19/2018","133.33","133.33","133.33","133.33","1.35K","0.00%"
"06/14/2018","133.33","133.33","133.33","133.33","0.45K","0.00%"
"06/12/2018","133.33","128.93","133.33","133.33","4.50K","0.00%"
"06/11/2018","133.33","133.33","133.33","133.33","0.23K","1.92%"
"06/07/2018","130.82","131.56","131.56","130.67","2.03K","-0.49%"
"06/06/2018","131.47","131.56","131.56","131.47","0.45K","-0.17%"
"06/01/2018","131.70","136.89","136.89","131.11","2.48K","0.45%"
"05/31/2018","131.11","134.22","134.22","128.89","2.48K","1.28%"
"05/30/2018","129.45","132.89","134.22","128.96","6.98K","-2.91%"
"05/29/2018","133.33","133.33","134.22","133.33","2.70K","0.00%"
"05/28/2018","133.33","135.56","133.33","133.33","11.93K","0.00%"
"05/25/2018","133.33","142.22","142.22","133.33","0.68K","-2.16%"
"05/24/2018","136.28","138.67","140.78","136.17","21.15K","-4.92%"
"05/23/2018","143.33","138.00","143.33","138.00","0.68K","1.34%"
"05/22/2018","141.44","144.44","144.44","141.44","4.28K","-5.00%"
"05/21/2018","148.89","148.89","148.89","148.89","0.68K","1.51%"
"05/11/2018","146.67","153.78","155.56","146.67","2.70K","-1.49%"
"05/10/2018","148.89","148.00","154.89","148.00","0.90K","-4.26%"
"05/09/2018","155.51","155.51","155.51","155.51","0.23K","0.54%"
"05/08/2018","154.68","151.11","155.06","145.78","33.53K","2.30%"
"05/07/2018","151.20","148.89","151.51","148.89","5.85K","1.86%"
"05/04/2018","148.44","148.44","148.44","148.44","0.23K","0.21%"
"05/03/2018","148.13","153.33","153.33","148.13","1.58K","0.99%"
"04/30/2018","146.68","146.67","146.76","146.67","1.80K","-4.34%"
"04/26/2018","153.33","152.44","153.33","152.44","3.15K","-0.29%"
"04/25/2018","153.78","152.89","153.78","146.67","44.10K","1.04%"
"04/24/2018","152.20","149.78","153.11","149.78","18.68K","2.52%"
"04/23/2018","148.46","146.67","149.11","146.67","34.20K","2.59%"
"04/20/2018","144.71","145.11","145.33","144.44","38.03K","2.41%"
"04/19/2018","141.30","140.00","142.22","140.00","32.63K","2.55%"
"04/18/2018","137.78","139.11","139.11","137.78","0.90K","-1.28%"
"04/17/2018","139.56","139.56","139.56","139.56","0.23K","0.75%"
"04/16/2018","138.52","138.52","138.52","138.52","0.23K","-1.06%"
"04/13/2018","140.00","140.00","140.00","138.24","4.28K","0.86%"
"04/12/2018","138.80","142.22","144.44","138.80","5.18K","-2.95%"
"04/11/2018","143.02","137.78","144.42","137.78","27.45K","3.82%"
"04/10/2018","137.76","135.78","137.78","135.78","2.93K","0.15%"
"04/09/2018","137.56","137.56","137.56","137.56","0.23K","1.05%"
"04/06/2018","136.13","135.60","136.13","135.56","4.73K","-0.42%"
"04/05/2018","136.71","136.71","136.71","136.71","0.23K","-1.34%"
"04/04/2018","138.56","135.60","138.67","135.60","0.68K","2.18%"
"04/03/2018","135.60","135.60","135.60","135.60","0.23K","-1.35%"
"04/02/2018","137.46","135.56","137.78","131.18","14.63K","-0.23%"
"03/30/2018","137.78","137.78","137.82","137.78","0.68K","-1.59%"
"03/29/2018","140.00","140.00","140.44","140.00","1.80K","0.00%"
"03/28/2018","140.00","140.00","140.00","140.00","3.15K","-1.56%"
"03/27/2018","142.22","144.67","142.22","142.22","0.68K","0.00%"
"03/26/2018","142.22","143.44","144.44","142.22","2.70K","0.79%"
"03/22/2018","141.10","138.71","141.33","138.71","1.35K","1.05%"
"03/21/2018","139.63","142.22","142.22","137.78","7.65K","0.42%"
"03/20/2018","139.04","134.27","140.93","134.27","9.45K","3.59%"
"03/19/2018","134.22","134.22","134.22","134.22","2.03K","1.00%"
"03/16/2018","132.89","133.56","133.56","132.89","2.70K","-0.83%"
"03/15/2018","134.00","137.78","139.11","133.56","22.50K","-1.78%"
"03/14/2018","136.43","133.33","136.44","133.33","37.58K","2.33%"
"03/13/2018","133.33","134.67","134.67","132.89","36.45K","1.69%"
"03/12/2018","131.11","131.11","131.11","131.11","0.90K","-0.11%"
"03/09/2018","131.26","132.44","132.44","131.11","5.85K","-0.64%"
"03/08/2018","132.11","135.11","132.89","131.11","2.93K","-0.58%"
"03/07/2018","132.88","133.33","133.33","132.00","6.75K","-0.01%"
"03/06/2018","132.89","133.82","140.00","132.44","21.15K","-2.00%"
"03/05/2018","135.60","135.60","135.60","135.60","0.23K","-1.58%"
"03/02/2018","137.78","137.78","137.78","137.78","1.13K","-0.96%"
"03/01/2018","139.11","136.67","140.00","136.67","8.33K","3.98%"
"02/28/2018","133.78","133.78","133.82","133.78","0.45K","-1.66%"
"02/27/2018","136.04","136.04","139.97","136.04","22.05K","-5.00%"
"02/26/2018","143.20","146.67","146.67","143.20","4.05K","-5.00%"
"02/23/2018","150.73","151.11","151.11","145.73","21.60K","-0.03%"
"02/22/2018","150.77","144.44","151.56","139.11","17.33K","3.39%"
"02/21/2018","145.82","144.00","146.15","142.22","12.60K","4.76%"
"02/20/2018","139.20","134.67","140.47","134.67","12.15K","4.05%"
"02/15/2018","133.78","131.56","133.78","131.56","0.90K","-0.66%"
"02/14/2018","134.67","134.67","134.67","134.67","0.23K","-0.57%"
"02/13/2018","135.44","135.56","136.22","134.73","2.48K","-0.09%"
"02/12/2018","135.56","134.67","136.00","134.67","1.13K","0.11%"
"02/09/2018","135.41","132.89","135.56","132.89","3.83K","0.55%"
"02/08/2018","134.67","135.32","135.32","134.22","1.35K","0.58%"
"02/07/2018","133.89","133.78","134.44","133.34","1.35K","0.43%"
"02/06/2018","133.32","133.32","133.32","133.32","0.23K","-0.83%"
"02/02/2018","134.44","136.89","136.89","134.27","1.58K","-0.20%"
"02/01/2018","134.71","134.71","134.71","134.71","0.45K","0.11%"
"01/31/2018","134.56","133.64","135.99","133.64","2.25K","1.17%"
"01/30/2018","133.00","136.00","136.00","131.33","12.38K","-2.35%"
"01/29/2018","136.20","134.44","141.33","134.44","4.73K","-1.94%"
"01/26/2018","138.89","137.78","138.89","137.78","0.68K","0.48%"
"01/25/2018","138.22","138.22","138.22","138.22","","0.00%"
"01/22/2018","138.22","137.80","140.44","137.78","3.83K","-1.47%"
"01/19/2018","140.28","137.33","140.44","137.33","0.90K","2.48%"
"01/18/2018","136.89","138.22","138.22","135.56","2.48K","-0.63%"
"01/17/2018","137.76","135.56","137.77","135.56","1.13K","0.75%"
"01/16/2018","136.74","136.89","136.89","132.11","9.45K","-1.39%"
"01/15/2018","138.67","136.89","138.67","136.89","0.68K","0.63%"
"01/12/2018","137.80","140.00","140.00","137.78","1.13K","-2.50%"
"01/11/2018","141.33","141.33","141.33","141.33","0.23K","-0.63%"
"01/10/2018","142.22","144.44","144.44","142.22","0.68K","-0.55%"
"01/09/2018","143.00","136.01","143.11","136.01","4.95K","-0.08%"
"01/08/2018","143.11","137.78","143.11","137.78","5.40K","4.89%"
"01/04/2018","136.44","136.09","136.44","136.09","0.68K","-1.61%"
"01/03/2018","138.67","141.33","142.22","138.67","4.28K","1.30%"
"01/02/2018","136.89","137.78","143.73","130.22","6.75K","0.00%"
"01/01/2018","136.89","136.89","137.80","136.89","2.70K","-4.98%"
"12/29/2017","144.07","140.00","144.07","140.00","15.53K","5.00%"
"12/28/2017","137.21","131.22","140.00","131.22","7.88K","2.91%"
"12/27/2017","133.33","133.33","133.33","132.44","3.60K","0.00%"
"12/26/2017","133.33","133.33","133.33","133.33","3.83K","0.00%"
"12/22/2017","133.33","133.33","133.33","133.33","15.30K","-1.65%"
"12/21/2017","135.56","135.56","135.56","135.56","0.23K","1.67%"
"12/20/2017","133.33","133.33","133.33","133.33","0.23K","0.00%"
"12/19/2017","133.33","133.34","133.34","133.33","0.90K","-2.29%"
"12/18/2017","136.45","140.00","140.00","136.45","0.90K","-1.91%"
"12/14/2017","139.11","142.22","142.22","139.11","0.45K","-3.69%"
"12/13/2017","144.44","144.44","144.44","144.44","0.23K","-1.52%"
"12/12/2017","146.67","151.11","151.11","144.89","1.58K","-2.94%"
"12/11/2017","151.11","151.11","152.00","151.11","13.50K","1.80%"
"12/08/2017","148.44","146.44","148.44","146.44","0.90K","4.42%"
"12/07/2017","142.16","138.67","143.42","136.00","31.05K","4.07%"
"12/06/2017","136.60","135.56","136.89","135.56","3.60K","2.79%"
"12/05/2017","132.89","132.93","133.34","132.89","2.03K","2.01%"
"12/04/2017","130.27","134.22","134.22","130.27","0.90K","-3.64%"
"11/30/2017","135.19","135.56","135.56","131.56","4.95K","-1.88%"
"11/28/2017","137.78","134.22","137.78","134.22","0.45K","1.31%"
"11/23/2017","136.00","135.56","136.01","135.56","0.68K","-1.29%"
"11/22/2017","137.78","136.00","137.78","136.00","1.35K","3.34%"
"11/20/2017","133.33","133.33","137.78","133.33","1.35K","-3.23%"
"11/17/2017","137.78","137.78","138.22","137.78","0.90K","0.00%"
"11/16/2017","137.78","136.00","137.78","136.00","0.90K","0.00%"
"11/15/2017","137.78","136.00","137.78","136.00","1.35K","0.39%"
"11/14/2017","137.24","135.56","139.77","135.56","1.80K","1.24%"
"11/13/2017","135.56","133.33","135.56","133.33","0.90K","0.00%"
"11/09/2017","135.56","137.78","137.83","135.56","1.80K","-1.61%"
"11/08/2017","137.78","140.00","140.00","137.78","0.68K","-2.82%"
"11/07/2017","141.78","137.78","141.78","136.44","9.90K","0.46%"
"11/06/2017","141.13","135.56","141.33","135.56","2.48K","0.17%"
"11/03/2017","140.89","137.78","141.33","137.78","0.68K","2.09%"
"10/27/2017","138.00","138.67","138.67","134.23","1.35K","-0.48%"
"10/26/2017","138.67","137.78","138.67","137.78","2.25K","1.88%"
"10/25/2017","136.11","139.12","139.12","136.00","0.90K","-1.85%"
"10/24/2017","138.67","138.67","138.67","138.67","0.23K","-2.50%"
"10/20/2017","142.22","142.22","142.22","142.22","0.23K","0.94%"
"10/19/2017","140.89","129.11","140.89","129.56","6.30K","4.62%"
"10/17/2017","134.67","138.67","138.67","134.67","4.50K","-6.19%"
"10/13/2017","143.56","142.22","143.56","142.22","0.68K","3.03%"
"10/12/2017","139.34","140.00","140.00","138.27","2.70K","-0.97%"
"10/11/2017","140.70","140.70","140.70","140.70","0.90K","5.00%"
"10/10/2017","134.00","134.00","134.00","134.00","0.23K","-3.37%"
"10/09/2017","138.67","138.67","138.67","138.67","0.45K","0.33%"
"10/05/2017","138.22","138.22","138.22","138.22","0.45K","-4.35%"
"10/03/2017","144.51","144.51","144.51","144.51","0.23K","-1.47%"
"10/02/2017","146.67","146.67","146.67","146.67","0.23K","-2.94%"
"09/25/2017","151.11","155.56","155.56","151.11","1.58K","-2.44%"
"09/22/2017","154.89","156.00","156.00","154.89","0.68K","-0.43%"
"09/21/2017","155.56","156.00","156.44","155.11","12.38K","-1.40%"
"09/20/2017","157.77","158.44","158.44","157.44","11.25K","0.00%"
"09/19/2017","157.77","155.56","157.77","155.56","4.50K","1.42%"
"09/18/2017","155.56","155.56","155.56","155.56","15.08K","0.00%"
"09/15/2017","155.56","155.56","155.56","155.56","11.25K","0.00%"
"09/14/2017","155.56","155.56","157.73","155.56","13.73K","0.00%"
"09/13/2017","155.56","155.56","155.60","155.56","11.25K","0.00%"
"09/12/2017","155.56","155.56","157.78","155.56","13.50K","0.00%"
"09/11/2017","155.56","155.56","156.67","155.56","15.30K","-0.07%"
"09/08/2017","155.67","155.56","155.67","155.56","5.18K","0.07%"
"09/07/2017","155.56","155.56","155.56","155.56","6.08K","-0.05%"
"09/06/2017","155.64","155.56","155.96","155.56","4.73K","0.05%"
"09/05/2017","155.56","156.00","156.00","155.56","1.58K","-0.56%"
"08/31/2017","156.44","163.11","163.11","156.44","0.45K","0.57%"
"08/30/2017","155.56","157.29","157.29","155.56","0.90K","0.00%"
"08/29/2017","155.56","155.56","157.33","155.56","53.33K","0.00%"
"08/28/2017","155.56","155.56","157.33","155.51","47.03K","0.03%"
"08/25/2017","155.51","146.67","156.00","141.78","18.45K","4.45%"
"08/24/2017","148.88","153.33","153.33","146.67","2.70K","-2.94%"
"08/23/2017","153.39","153.29","156.89","152.89","28.13K","1.18%"
"08/22/2017","151.60","162.04","162.04","147.78","60.08K","-1.78%"
"08/21/2017","154.35","152.89","154.35","146.67","55.35K","5.00%"
"08/18/2017","147.00","147.00","147.00","147.00","25.20K","5.00%"
"08/17/2017","140.00","137.78","140.00","137.78","22.05K","5.00%"
"08/16/2017","133.33","133.33","133.33","133.33","0.23K","-0.17%"
"08/15/2017","133.56","134.67","135.56","133.34","2.48K","0.17%"
"08/11/2017","133.33","135.56","135.56","133.33","3.60K","-1.96%"
"08/10/2017","136.00","136.00","136.00","136.00","0.23K","0.00%"
"08/09/2017","136.00","135.56","136.00","135.56","0.68K","0.99%"
"08/08/2017","134.67","135.56","135.56","134.67","0.68K","-1.30%"
"08/07/2017","136.44","136.44","136.45","136.44","2.93K","0.32%"
"08/04/2017","136.00","135.56","136.00","135.56","0.68K","0.97%"
"08/03/2017","134.70","136.00","136.00","134.67","1.80K","-1.44%"
"08/02/2017","136.67","135.56","137.33","133.78","4.95K","0.82%"
"08/01/2017","135.56","137.78","137.78","135.56","5.18K","-1.57%"
"07/31/2017","137.72","137.78","138.67","136.89","2.03K","1.98%"
"07/28/2017","135.05","128.89","135.56","127.60","12.60K","2.31%"
"07/27/2017","132.00","133.33","133.33","132.00","0.45K","-1.00%"
"07/25/2017","133.33","133.33","133.33","133.33","0.23K","0.00%"
"07/20/2017","133.33","137.78","137.78","133.33","2.48K","-3.22%"
"07/19/2017","137.76","140.00","140.00","137.76","3.15K","-0.01%"
"07/18/2017","137.78","137.33","137.78","137.33","3.15K","1.31%"
"07/17/2017","136.00","139.94","139.94","136.00","4.50K","0.99%"
"07/14/2017","134.67","134.67","136.00","134.67","7.20K","1.01%"
"07/13/2017","133.33","134.67","135.00","131.11","8.10K","3.70%"
"07/12/2017","128.57","123.78","128.57","123.78","4.95K","5.00%"
"07/11/2017","122.45","122.67","122.67","122.44","3.15K","-0.51%"
"07/10/2017","123.08","122.22","123.87","121.78","4.05K","4.31%"
"07/07/2017","118.00","118.22","118.22","118.00","1.80K","-0.19%"
"07/06/2017","118.22","118.22","118.22","118.22","0.23K","-0.38%"
"07/05/2017","118.67","119.12","120.04","115.60","2.93K","-1.16%"
"07/04/2017","120.06","117.78","120.11","115.89","2.48K","1.17%"
"07/03/2017","118.67","123.11","123.11","118.67","1.35K","-1.47%"
"06/30/2017","120.44","120.45","120.45","120.44","0.68K","0.37%"
"06/29/2017","120.00","121.33","121.33","120.00","0.45K","-1.10%"
"06/22/2017","121.33","120.89","121.33","120.00","34.43K","4.99%"
"06/21/2017","115.56","122.23","122.23","115.56","4.05K","-4.90%"
"06/20/2017","121.51","128.89","128.89","121.19","2.03K","-4.74%"
"06/19/2017","127.56","128.89","128.89","127.56","1.13K","-4.39%"
"06/15/2017","133.42","136.89","136.89","133.42","3.60K","0.07%"
"06/14/2017","133.33","133.33","133.33","133.33","1.80K","0.00%"
"06/13/2017","133.33","133.33","133.33","133.33","0.68K","0.00%"
"06/12/2017","133.33","130.89","133.56","130.89","1.35K","-3.23%"
"06/08/2017","137.78","136.49","139.05","136.49","3.15K","0.23%"
"06/07/2017","137.47","137.47","137.47","137.47","0.23K","-0.01%"
"06/06/2017","137.49","135.56","137.49","135.56","2.03K","1.42%"
"06/05/2017","135.56","135.56","137.33","135.56","5.63K","-0.81%"
"06/02/2017","136.67","133.36","137.78","133.36","1.58K","-2.64%"
"06/01/2017","140.38","140.05","140.56","140.00","3.15K","-1.91%"
"05/30/2017","143.11","143.16","143.16","143.11","1.35K","-0.70%"
"05/29/2017","144.12","143.11","145.73","142.22","14.18K","-2.33%"
"05/26/2017","147.56","146.22","147.56","146.22","1.13K","0.61%"
"05/25/2017","146.67","146.61","148.00","146.61","3.38K","0.88%"
"05/24/2017","145.39","146.67","146.69","145.38","4.28K","-2.05%"
"05/23/2017","148.44","146.89","148.88","146.67","7.88K","1.21%"
"05/22/2017","146.67","146.67","146.67","146.22","3.38K","0.65%"
"05/19/2017","145.72","144.00","145.72","144.00","1.58K","1.15%"
"05/18/2017","144.07","145.78","145.78","144.07","0.45K","-1.17%"
"05/17/2017","145.78","145.78","145.78","145.78","0.23K","-0.12%"
"05/16/2017","145.96","148.89","149.33","144.00","5.18K","-1.38%"
"05/15/2017","148.00","144.67","148.89","144.67","12.83K","1.99%"
"05/12/2017","145.11","146.22","150.67","144.44","11.25K","0.46%"
"05/11/2017","144.44","146.67","146.67","144.44","7.88K","-1.52%"
"05/10/2017","146.67","150.22","150.22","146.67","2.25K","1.23%"
"05/09/2017","144.89","146.67","146.67","144.89","1.58K","1.56%"
"05/08/2017","142.67","142.22","142.67","142.22","1.35K","0.32%"
"05/05/2017","142.22","142.22","142.22","142.22","0.45K","0.00%"
"05/04/2017","142.22","142.22","142.22","142.22","0.45K","2.24%"
"05/03/2017","139.11","142.22","142.22","139.11","0.45K","-2.19%"
"05/02/2017","142.22","144.44","142.22","142.22","0.90K","-0.62%"
"04/28/2017","143.11","144.44","144.44","142.67","3.38K","-0.92%"
"04/27/2017","144.44","147.11","147.11","144.44","5.18K","-1.95%"
"04/26/2017","147.32","146.67","151.11","146.67","14.85K","-0.16%"
"04/25/2017","147.56","147.56","147.56","147.56","0.23K","-0.59%"
"04/24/2017","148.44","146.72","148.83","140.00","2.25K","0.82%"
"04/21/2017","147.23","144.44","149.11","146.67","49.50K","0.69%"
"04/20/2017","146.22","144.44","146.22","142.22","3.38K","2.49%"
"04/19/2017","142.67","142.67","142.67","142.67","0.45K","0.32%"
"04/18/2017","142.22","144.89","146.67","142.22","22.73K","-1.84%"
"04/17/2017","144.89","145.33","145.33","144.89","0.45K","-0.93%"
"04/14/2017","146.25","146.66","146.67","146.00","7.20K","1.14%"
"04/13/2017","144.60","144.44","144.90","144.44","1.35K","-0.23%"
"04/12/2017","144.94","144.44","148.89","144.44","7.88K","1.53%"
"04/11/2017","142.76","147.78","147.78","142.22","4.95K","-1.18%"
"04/10/2017","144.46","144.44","145.33","144.44","2.48K","-1.51%"
"04/07/2017","146.67","146.67","146.67","146.67","0.45K","0.00%"
"04/06/2017","146.67","144.44","146.67","144.44","0.68K","0.00%"
"04/05/2017","146.67","148.89","148.94","146.67","1.35K","-2.36%"
"04/04/2017","150.22","150.22","150.22","150.22","0.23K","-0.59%"
"04/03/2017","151.11","149.33","151.11","148.94","1.58K","1.00%"
"03/31/2017","149.61","151.11","151.11","146.67","2.70K","-0.70%"
"03/30/2017","150.67","149.78","151.11","149.33","3.15K","-0.31%"
"03/29/2017","151.14","149.11","152.00","148.89","8.33K","0.06%"
"03/28/2017","151.05","148.89","151.05","148.89","0.68K","1.30%"
"03/27/2017","149.11","149.11","149.11","149.11","0.45K","-0.84%"
"03/24/2017","150.37","150.22","150.67","150.22","1.13K","-0.49%"
"03/22/2017","151.11","149.34","151.11","148.89","1.80K","1.19%"
"03/21/2017","149.33","149.33","149.33","149.33","0.23K","0.22%"
"03/20/2017","149.00","152.00","152.11","149.00","1.80K","-2.26%"
"03/17/2017","152.44","152.44","152.44","152.44","0.45K","0.88%"
"03/16/2017","151.11","151.11","151.11","151.11","1.80K","-1.73%"
"03/15/2017","153.77","153.77","153.77","153.77","0.23K","1.46%"
"03/14/2017","151.56","151.56","151.74","151.56","0.45K","-0.51%"
"03/13/2017","152.33","153.78","153.78","151.11","5.18K","-3.09%"
"03/10/2017","157.18","155.55","157.55","155.55","1.35K","0.65%"
"03/09/2017","156.17","155.56","157.78","155.56","9.23K","-0.03%"
"03/08/2017","156.22","158.67","160.00","156.00","1.58K","-1.54%"
"03/07/2017","158.67","153.78","161.78","153.33","7.65K","2.00%"
"03/06/2017","155.56","154.22","155.56","154.22","1.58K","0.73%"
"03/03/2017","154.44","155.56","156.00","153.78","4.05K","-1.00%"
"03/02/2017","156.00","156.44","160.83","156.00","9.90K","0.29%"
"03/01/2017","155.55","156.53","157.55","154.22","1.58K","-0.54%"
"02/28/2017","156.40","148.89","157.33","148.89","7.65K","3.50%"
"02/27/2017","151.11","152.00","152.00","151.11","4.28K","-1.49%"
"02/24/2017","153.39","153.33","155.56","152.89","14.40K","-2.51%"
"02/23/2017","157.34","157.33","158.67","156.67","2.48K","0.50%"
"02/22/2017","156.55","160.00","164.44","156.44","16.20K","-0.78%"
"02/21/2017","157.78","158.67","158.67","157.78","3.15K","-1.49%"
"02/20/2017","160.16","162.67","163.11","157.78","8.55K","-1.27%"
"02/17/2017","162.22","164.44","165.24","160.00","6.75K","-1.35%"
"02/16/2017","164.44","162.22","166.67","160.00","37.35K","1.36%"
"02/15/2017","162.24","164.44","164.44","162.22","19.35K","-1.33%"
"02/14/2017","164.42","166.22","166.22","163.56","34.20K","-0.21%"
"02/13/2017","164.77","168.00","168.44","163.70","9.90K","-0.97%"
"02/10/2017","166.39","166.69","168.18","166.22","4.05K","-0.20%"
"02/09/2017","166.72","166.67","172.22","166.67","13.28K","-0.05%"
"02/08/2017","166.80","173.22","173.23","165.78","4.50K","-1.65%"
"02/07/2017","169.60","173.78","173.78","168.89","12.38K","-2.65%"
"02/06/2017","174.22","173.33","174.22","173.33","3.38K","-0.99%"
"02/03/2017","175.96","175.11","176.22","173.38","8.55K","-2.22%"
"02/02/2017","179.96","180.44","181.78","173.36","15.53K","1.23%"
"02/01/2017","177.78","176.67","178.78","173.78","23.85K","2.74%"
"01/31/2017","173.04","173.78","178.22","171.11","23.63K","-3.68%"
"01/30/2017","179.66","188.89","188.89","178.67","91.80K","-2.29%"
"01/27/2017","183.87","172.00","184.31","172.00","205.88K","4.75%"
"01/26/2017","175.53","178.67","178.67","174.89","14.40K","-2.05%"
"01/25/2017","179.20","177.78","182.22","177.56","83.03K","2.14%"
"01/24/2017","175.44","168.89","175.47","168.89","163.58K","4.98%"
"01/23/2017","167.11","168.89","168.89","166.89","1.80K","-1.04%"
"01/20/2017","168.87","165.34","168.89","165.34","5.85K","1.86%"
"01/19/2017","165.78","168.87","168.87","165.78","2.25K","-0.80%"
"01/18/2017","167.11","166.22","167.11","164.44","7.20K","0.26%"
"01/17/2017","166.67","169.78","169.78","165.78","9.68K","-1.73%"
"01/16/2017","169.61","168.44","169.78","166.67","7.65K","1.34%"
"01/13/2017","167.36","167.56","168.00","166.67","7.65K","-0.56%"
"01/12/2017","168.30","168.00","170.22","167.11","15.98K","0.68%"
"01/11/2017","167.16","166.71","170.67","166.67","4.73K","-1.15%"
"01/10/2017","169.11","171.11","171.12","168.89","3.38K","-1.23%"
"01/09/2017","171.22","174.22","175.29","171.22","6.30K","-0.08%"
"01/06/2017","171.36","172.00","174.22","171.11","19.80K","0.17%"
"01/05/2017","171.07","172.00","172.88","168.00","31.50K","2.92%"
"01/04/2017","166.22","166.67","167.53","165.78","10.35K","-0.47%"
"01/03/2017","167.01","166.67","168.00","164.44","30.83K","0.23%"
"01/02/2017","166.62","164.89","166.62","164.89","1.35K","-0.03%"
"12/30/2016","166.67","167.56","167.56","166.67","7.65K","0.03%"
"12/29/2016","166.62","166.67","166.71","164.89","10.13K","0.68%"
"12/28/2016","165.49","167.11","167.11","165.33","2.25K","-0.76%"
"12/27/2016","166.76","164.45","167.11","164.44","25.43K","1.88%"
"12/26/2016","163.69","164.44","164.44","163.56","2.25K","-0.73%"
"12/23/2016","164.89","166.67","168.00","164.44","30.15K","1.05%"
"12/22/2016","163.17","166.22","167.56","162.22","26.78K","-0.98%"
"12/21/2016","164.79","164.45","165.78","162.44","22.05K","0.40%"
"12/20/2016","164.13","169.24","171.10","163.56","30.15K","-3.33%"
"12/19/2016","169.78","166.67","173.33","166.67","80.10K","1.88%"
"12/16/2016","166.64","165.33","168.13","164.44","40.05K","0.65%"
"12/15/2016","165.57","168.09","168.09","164.44","40.05K","0.74%"
"12/14/2016","164.35","167.11","167.11","160.00","30.15K","-2.39%"
"12/13/2016","168.37","173.33","173.33","166.71","22.73K","-2.70%"
"12/09/2016","173.05","178.66","178.66","168.44","192.83K","-0.23%"
"12/08/2016","173.45","172.39","173.45","170.76","142.65K","5.00%"
"12/07/2016","165.19","161.77","165.19","161.77","119.03K","5.00%"
"12/06/2016","157.33","151.96","157.33","149.84","112.05K","5.00%"
"12/05/2016","149.84","145.78","149.84","142.71","64.35K","5.00%"
"12/02/2016","142.71","136.67","142.71","137.33","137.03K","5.00%"
"12/01/2016","135.91","135.78","138.22","135.67","12.38K","0.97%"
"11/30/2016","134.60","134.45","135.11","134.44","4.50K","-0.12%"
"11/29/2016","134.76","135.56","135.96","134.67","8.33K","-0.10%"
"11/28/2016","134.89","133.78","136.00","133.78","4.05K","0.16%"
"11/25/2016","134.67","134.67","135.11","133.85","8.55K","-0.14%"
"11/24/2016","134.86","135.56","137.69","134.67","18.23K","-0.08%"
"11/23/2016","134.97","134.17","137.73","132.44","58.50K","1.44%"
"11/22/2016","133.06","134.22","134.89","132.89","14.85K","-0.54%"
"11/21/2016","133.78","133.78","135.11","133.78","2.25K","-0.58%"
"11/18/2016","134.56","136.44","136.44","134.22","3.38K","0.31%"
"11/17/2016","134.15","134.33","134.36","134.00","5.40K","-0.05%"
"11/16/2016","134.22","133.33","134.44","133.33","3.15K","0.10%"
"11/15/2016","134.09","133.33","134.67","133.33","5.63K","0.57%"
"11/14/2016","133.33","133.78","133.78","133.33","3.38K","-1.00%"
"11/11/2016","134.68","135.56","135.58","134.67","5.85K","-1.29%"
"11/10/2016","136.44","139.11","139.11","135.56","17.33K","0.65%"
"11/09/2016","135.56","134.64","135.56","134.13","3.83K","-0.32%"
"11/08/2016","136.00","137.78","137.78","136.00","7.43K","-1.29%"
"11/07/2016","137.78","136.67","142.20","136.67","45.00K","0.83%"
"11/04/2016","136.64","136.64","137.78","135.56","20.93K","0.52%"
"11/03/2016","135.93","134.67","136.00","133.33","4.28K","0.42%"
"11/02/2016","135.36","133.11","136.44","133.11","11.25K","1.52%"
"11/01/2016","133.33","127.13","135.56","128.44","12.38K","1.86%"
"10/31/2016","130.90","133.33","133.33","130.69","5.63K","1.03%"
"10/28/2016","129.56","128.89","130.67","128.44","2.25K","-0.85%"
"10/27/2016","130.67","129.83","131.16","130.67","5.85K","-1.12%"
"10/26/2016","132.15","131.60","132.44","131.56","11.25K","1.12%"
"10/25/2016","130.68","128.93","133.33","127.33","23.40K","-2.47%"
"10/24/2016","133.99","134.67","136.89","131.11","19.13K","-2.00%"
"10/21/2016","136.72","138.16","138.27","136.04","6.98K","-1.48%"
"10/20/2016","138.78","138.27","139.56","138.33","18.23K","0.46%"
"10/19/2016","138.15","139.11","140.89","137.11","13.50K","-1.21%"
"10/18/2016","139.84","141.76","141.76","138.69","3.38K","-1.35%"
"10/17/2016","141.76","144.44","144.44","140.07","13.95K","-2.02%"
"10/14/2016","144.68","144.22","146.22","144.22","3.15K","-0.99%"
"10/13/2016","146.12","145.37","147.11","145.37","11.48K","-0.27%"
"10/10/2016","146.52","144.44","150.22","144.44","26.33K","0.03%"
"10/07/2016","146.47","146.89","151.07","145.33","27.90K","-1.75%"
"10/06/2016","149.08","144.89","150.22","144.89","29.25K","1.57%"
"10/05/2016","146.77","146.67","150.89","146.40","41.40K","-0.78%"
"10/04/2016","147.93","148.89","148.89","147.56","13.05K","-1.39%"
"10/03/2016","150.02","149.78","150.22","149.78","10.58K","0.76%"
"09/30/2016","148.89","149.32","150.22","146.67","13.50K","1.50%"
"09/29/2016","146.69","150.22","152.56","146.69","33.75K","-1.37%"
"09/28/2016","148.73","153.33","156.00","147.56","22.05K","-3.92%"
"09/27/2016","154.80","157.78","159.56","153.34","54.00K","-0.22%"
"09/26/2016","155.14","144.44","156.33","144.44","87.30K","4.20%"
"09/23/2016","148.89","144.89","149.11","144.89","12.38K","-0.05%"
"09/22/2016","148.97","147.56","150.67","147.56","31.73K","1.25%"
"09/21/2016","147.13","152.89","152.89","145.59","82.58K","-3.99%"
"09/20/2016","153.25","156.44","156.44","150.23","112.05K","-0.92%"
"09/19/2016","154.68","153.29","156.88","152.44","202.95K","2.46%"
"09/16/2016","150.96","144.44","150.96","144.00","227.48K","4.99%"
"09/15/2016","143.78","144.44","145.73","140.44","174.15K","1.94%"
"09/09/2016","141.04","133.33","141.04","133.33","121.50K","5.00%"
"09/08/2016","134.32","134.22","135.45","133.33","59.18K","0.01%"
"09/07/2016","134.30","129.78","135.56","129.78","94.28K","3.48%"
"09/06/2016","129.78","127.16","130.22","127.16","12.60K","0.99%"
"09/05/2016","128.51","131.08","131.08","128.47","8.10K","-1.31%"
"09/02/2016","130.22","128.07","131.33","128.07","25.20K","0.45%"
"09/01/2016","129.64","129.55","130.67","128.44","42.30K","0.71%"
"08/31/2016","128.73","128.89","131.11","128.02","49.95K","-1.84%"
"08/30/2016","131.14","129.78","133.33","128.80","155.48K","-3.27%"
"08/29/2016","135.58","134.41","137.33","133.89","26.78K","0.72%"
"08/26/2016","134.61","134.69","138.67","132.89","38.25K","-1.36%"
"08/25/2016","136.47","135.13","139.51","135.11","45.23K","1.09%"
"08/24/2016","135.00","132.00","136.00","131.11","51.08K","2.23%"
"08/23/2016","132.05","134.90","134.90","130.00","60.98K","-3.30%"
"08/22/2016","136.56","137.78","136.89","136.89","59.85K","-0.20%"
"08/19/2016","136.83","139.11","139.11","135.11","129.15K","-0.62%"
"08/18/2016","137.68","135.11","139.56","135.11","299.70K","2.17%"
"08/17/2016","134.76","131.56","134.76","129.51","294.08K","4.99%"
"08/16/2016","128.35","122.67","128.35","122.62","153.68K","5.00%"
"08/15/2016","122.24","121.33","123.11","121.33","67.28K","1.12%"
"08/12/2016","120.89","120.36","121.78","120.36","6.53K","0.00%"
"08/11/2016","120.89","122.22","122.22","120.47","12.83K","-1.12%"
"08/10/2016","122.26","122.44","123.51","122.22","18.90K","-1.18%"
"08/09/2016","123.72","122.66","123.80","121.82","9.45K","1.08%"
"08/08/2016","122.40","122.27","122.44","121.78","3.15K","0.15%"
"08/05/2016","122.22","121.78","122.22","121.78","5.18K","-0.52%"
"08/04/2016","122.86","122.66","123.88","122.29","24.53K","0.76%"
"08/03/2016","121.93","119.76","122.67","119.76","31.05K","2.22%"
"08/02/2016","119.28","119.56","119.56","119.11","27.23K","-0.23%"
"08/01/2016","119.56","121.16","121.18","119.36","21.38K","-0.13%"
"07/29/2016","119.72","115.56","120.00","115.56","26.55K","-0.30%"
"07/28/2016","120.08","121.33","121.33","120.00","41.85K","-1.40%"
"07/27/2016","121.79","122.22","123.09","121.78","17.10K","-0.66%"
"07/26/2016","122.60","120.67","122.87","122.00","12.15K","1.81%"
"07/25/2016","120.42","125.55","125.55","120.00","117.23K","-2.45%"
"07/22/2016","123.44","122.27","124.84","123.12","32.85K","-0.27%"
"07/21/2016","123.77","124.02","125.82","123.58","91.13K","-0.54%"
"07/20/2016","124.44","124.02","125.56","124.00","16.65K","0.03%"
"07/19/2016","124.40","124.47","124.89","124.10","17.55K","-0.14%"
"07/18/2016","124.58","124.93","125.33","124.04","23.63K","-0.69%"
"07/15/2016","125.45","128.00","128.00","125.13","79.65K","-1.63%"
"07/14/2016","127.53","125.78","130.22","125.78","41.85K","-0.02%"
"07/13/2016","127.56","124.49","128.67","126.67","6.75K","0.03%"
"07/12/2016","127.52","128.00","128.88","127.44","4.28K","-0.34%"
"07/11/2016","127.95","121.56","127.99","127.10","6.98K","2.45%"
"07/04/2016","124.89","124.91","126.67","124.53","14.40K","0.00%"
"06/30/2016","124.89","125.38","125.38","124.89","0.90K","-0.18%"
"06/29/2016","125.11","123.56","125.11","123.56","0.90K","1.81%"
"06/28/2016","122.89","124.00","124.00","122.23","2.70K","-1.92%"
"06/27/2016","125.29","124.67","125.29","124.44","3.60K","0.02%"
"06/24/2016","125.26","126.88","126.88","124.58","6.30K","-1.80%"
"06/23/2016","127.56","126.67","127.56","126.67","0.68K","0.70%"
"06/22/2016","126.67","124.89","126.67","124.62","9.00K","0.53%"
"06/21/2016","126.00","124.51","126.22","124.51","2.48K","-0.17%"
"06/20/2016","126.22","124.44","126.67","124.44","8.55K","-0.14%"
"06/17/2016","126.40","128.89","128.89","126.23","7.43K","-0.21%"
"06/16/2016","126.67","126.67","127.76","126.67","6.98K","-0.02%"
"06/15/2016","126.70","126.67","127.56","126.23","8.10K","0.41%"
"06/14/2016","126.18","125.89","127.55","124.89","20.93K","0.40%"
"06/13/2016","125.68","128.00","128.00","124.79","7.88K","-2.49%"
"06/10/2016","128.89","128.89","128.89","128.22","4.28K","-0.72%"
"06/09/2016","129.82","129.64","130.02","129.33","4.95K","0.03%"
"06/08/2016","129.78","130.05","130.05","129.42","2.25K","-0.04%"
"06/07/2016","129.83","129.56","130.67","129.33","6.08K","-0.60%"
"06/06/2016","130.62","129.13","130.62","129.13","9.68K","0.15%"
"06/03/2016","130.43","130.66","130.84","130.13","13.05K","0.24%"
"06/02/2016","130.12","130.13","130.66","130.11","2.25K","-0.05%"
"06/01/2016","130.19","130.14","130.66","130.10","11.93K","-0.43%"
"05/31/2016","130.75","130.80","131.11","130.05","18.68K","0.55%"
"05/30/2016","130.04","131.11","131.11","129.80","15.53K","-0.24%"
"05/27/2016","130.35","131.11","132.20","130.09","10.80K","-0.59%"
"05/26/2016","131.13","129.56","132.84","129.56","38.70K","0.85%"
"05/25/2016","130.02","130.67","130.67","129.78","3.15K","-1.15%"
"05/24/2016","131.53","129.78","131.56","129.47","13.73K","1.35%"
"05/23/2016","129.78","129.33","130.22","129.33","8.55K","-0.08%"
"05/20/2016","129.88","130.00","130.44","129.56","13.50K","-0.48%"
"05/19/2016","130.51","129.36","130.89","129.33","18.90K","0.07%"
"05/18/2016","130.42","129.56","131.04","129.56","25.43K","0.94%"
"05/17/2016","129.20","129.22","130.96","128.89","18.00K","-0.82%"
"05/16/2016","130.27","129.56","131.11","129.56","16.88K","0.50%"
"05/13/2016","129.62","129.60","131.56","129.38","43.88K","-0.72%"
"05/12/2016","130.56","134.36","134.36","130.23","24.75K","-1.74%"
"05/11/2016","132.87","128.87","134.32","128.44","230.18K","3.87%"
"05/10/2016","127.92","128.89","128.89","127.56","23.40K","-0.71%"
"05/09/2016","128.84","128.89","130.22","128.58","19.58K","-0.48%"
"05/06/2016","129.46","128.89","130.22","128.89","22.05K","-0.94%"
"05/05/2016","130.69","130.67","131.12","130.22","40.05K","-1.56%"
"05/04/2016","132.76","128.00","132.89","128.00","8.33K","0.91%"
"05/03/2016","131.56","131.11","132.44","130.67","20.93K","-1.00%"
"05/02/2016","132.89","132.04","132.89","131.56","2.48K","0.47%"
"04/29/2016","132.27","132.27","132.44","132.27","2.70K","-1.12%"
"04/28/2016","133.77","133.78","133.78","131.11","58.73K","0.33%"
"04/27/2016","133.33","132.67","133.75","132.67","1.80K","-0.30%"
"04/26/2016","133.73","131.56","133.73","131.56","1.35K","0.30%"
"04/25/2016","133.33","133.78","133.78","131.56","6.30K","0.00%"
"04/22/2016","133.33","133.33","134.31","133.33","4.05K","1.51%"
"04/21/2016","131.35","133.33","135.60","130.49","60.53K","-4.35%"
"04/20/2016","137.33","137.78","137.83","135.56","5.40K","-2.21%"
"04/19/2016","140.44","143.11","143.11","140.00","6.53K","-1.87%"
"04/18/2016","143.11","140.89","143.56","140.89","9.45K","1.29%"
"04/15/2016","141.29","140.72","144.40","140.72","2.93K","-1.24%"
"04/14/2016","143.07","142.27","143.11","140.44","3.60K","0.28%"
"04/13/2016","142.67","143.11","143.11","142.67","0.68K","-1.23%"
"04/12/2016","144.44","146.67","146.67","144.44","4.73K","-1.67%"
"04/11/2016","146.89","146.69","146.89","146.69","0.45K","-1.29%"
"04/08/2016","148.81","146.67","148.89","146.67","4.95K","-0.64%"
"04/07/2016","149.77","149.77","149.77","149.77","0.23K","0.59%"
"04/06/2016","148.89","146.67","148.89","146.67","6.75K","1.21%"
"04/05/2016","147.11","151.11","151.11","147.11","9.68K","-3.06%"
"04/04/2016","151.75","154.67","156.44","151.33","11.93K","-3.08%"
"04/01/2016","156.57","155.56","159.11","155.56","22.73K","1.78%"
"03/31/2016","153.83","148.89","153.83","146.67","70.20K","5.00%"
"03/30/2016","146.51","141.22","146.51","140.44","44.55K","5.00%"
"03/29/2016","139.53","137.78","139.53","133.78","539.55K","5.00%"
"03/28/2016","132.89","134.22","134.22","132.89","1.35K","-0.67%"
"03/25/2016","133.78","132.89","136.44","132.44","14.18K","0.78%"
"03/24/2016","132.74","132.89","133.33","132.67","5.18K","-0.38%"
"03/22/2016","133.24","132.89","133.33","132.89","3.83K","0.60%"
"03/21/2016","132.44","131.56","132.44","131.56","0.90K","0.00%"
"03/18/2016","132.44","132.44","133.87","131.78","9.90K","0.50%"
"03/17/2016","131.78","132.00","132.00","131.78","2.48K","-0.66%"
"03/16/2016","132.66","132.89","132.89","132.66","0.68K","1.52%"
"03/15/2016","130.68","130.67","130.72","130.67","4.95K","-0.01%"
"03/14/2016","130.69","130.69","132.40","130.67","1.58K","0.02%"
"03/11/2016","130.67","131.11","131.11","130.67","3.83K","0.00%"
"03/10/2016","130.67","133.22","133.22","130.67","1.80K","-0.34%"
"03/09/2016","131.11","131.11","131.11","131.11","0.23K","-0.31%"
"03/08/2016","131.52","133.33","133.33","130.22","10.80K","0.31%"
"03/07/2016","131.11","131.11","131.11","131.11","1.58K","-0.67%"
"03/04/2016","132.00","129.80","132.00","129.80","2.48K","1.71%"
"03/03/2016","129.78","129.78","129.78","129.78","2.48K","-0.09%"
"03/02/2016","129.90","129.78","129.90","129.78","2.48K","0.09%"
"03/01/2016","129.78","129.78","129.78","129.78","0.23K","0.00%"
"02/29/2016","129.78","133.11","133.11","129.78","2.93K","-1.35%"
"02/26/2016","131.56","129.78","131.56","129.78","3.38K","1.72%"
"02/25/2016","129.33","128.89","129.33","128.89","3.60K","0.17%"
"02/24/2016","129.11","128.89","129.78","129.11","1.35K","0.84%"
"02/23/2016","128.04","129.78","129.78","128.04","1.35K","-3.33%"
"02/22/2016","132.45","128.04","134.22","126.67","32.40K","3.48%"
"02/19/2016","128.00","128.00","128.44","125.78","6.08K","0.00%"
"02/18/2016","128.00","128.00","128.02","128.00","4.73K","0.00%"
"02/17/2016","128.00","127.04","128.00","126.67","9.23K","0.30%"
"02/16/2016","127.62","130.89","130.89","127.36","12.83K","-2.66%"
"02/15/2016","131.11","131.11","131.56","131.11","1.13K","1.72%"
"02/12/2016","128.89","129.89","129.89","128.89","2.48K","-1.69%"
"02/11/2016","131.11","132.44","132.89","131.11","12.15K","-1.41%"
"02/10/2016","132.98","135.10","135.10","135.10","0.68K","0.00%"
"02/09/2016","132.98","134.62","133.33","132.98","2.25K","-0.76%"
"02/08/2016","134.00","134.11","134.67","133.38","5.85K","0.40%"
"02/04/2016","133.46","133.80","134.22","133.33","11.03K","-0.71%"
"02/03/2016","134.41","133.48","134.91","132.89","14.40K","0.47%"
"02/02/2016","133.78","133.33","134.67","132.45","7.65K","-1.31%"
"02/01/2016","135.56","133.33","136.44","133.33","12.83K","2.38%"
"01/29/2016","132.41","127.11","132.41","125.78","33.08K","5.00%"
"01/27/2016","126.11","126.67","128.04","126.11","0.90K","-0.72%"
"01/26/2016","127.02","128.71","127.13","127.02","4.05K","0.10%"
"01/25/2016","126.89","128.89","128.89","126.67","7.65K","-1.08%"
"01/22/2016","128.28","131.07","130.67","127.78","6.75K","-0.41%"
"01/21/2016","128.81","131.07","130.67","127.60","7.88K","-0.23%"
"01/20/2016","129.11","128.89","129.38","128.89","4.95K","-0.36%"
"01/19/2016","129.58","132.89","133.00","128.89","27.68K","2.30%"
"01/18/2016","126.67","122.22","126.67","122.22","5.40K","-1.38%"
"01/15/2016","128.44","132.60","133.32","124.89","17.10K","-1.45%"
"01/14/2016","130.33","135.56","135.56","130.04","31.50K","-4.79%"
"01/13/2016","136.89","137.82","137.82","136.89","4.05K","-0.65%"
"01/12/2016","137.78","137.78","139.12","137.78","6.30K","-0.58%"
"01/11/2016","138.58","137.78","141.29","137.78","37.13K","-0.67%"
"01/08/2016","139.51","137.78","139.78","136.44","20.25K","1.35%"
"01/07/2016","137.65","139.99","140.00","135.56","24.08K","-1.23%"
"01/06/2016","139.36","139.16","140.00","139.11","26.10K","1.15%"
"01/05/2016","137.77","137.33","137.78","133.33","9.23K","-0.20%"
"01/04/2016","138.04","138.22","138.04","138.00","0.68K","-2.02%"
"12/31/2015","140.88","140.88","140.88","140.88","0.23K","0.63%"
"12/30/2015","140.00","138.09","140.00","138.04","0.90K","1.27%"
"12/29/2015","138.25","136.44","140.01","136.44","7.43K","-1.98%"
"12/28/2015","141.04","140.58","141.51","140.45","8.33K","0.41%"
"12/23/2015","140.47","140.44","140.76","140.44","1.35K","-0.45%"
"12/22/2015","141.11","141.33","141.33","140.00","14.18K","0.16%"
"12/21/2015","140.89","139.56","140.89","139.56","6.08K","0.10%"
"12/18/2015","140.75","140.00","142.00","140.00","9.90K","-0.58%"
"12/17/2015","141.57","141.33","142.22","137.89","28.80K","1.32%"
"12/16/2015","139.72","135.56","141.07","135.56","47.48K","3.01%"
"12/15/2015","135.64","139.56","139.56","133.33","21.38K","-1.15%"
"12/14/2015","137.22","143.99","143.99","136.11","33.98K","-3.60%"
"12/11/2015","142.34","135.58","142.34","137.29","73.13K","5.00%"
"12/10/2015","135.56","135.64","136.00","135.22","4.73K","-0.10%"
"12/09/2015","135.69","136.88","137.78","135.58","15.53K","0.04%"
"12/08/2015","135.64","133.49","136.44","133.49","12.15K","0.92%"
"12/07/2015","134.41","136.44","136.44","132.92","75.60K","-2.45%"
"12/04/2015","137.78","136.89","140.00","136.89","10.80K","0.34%"
"12/03/2015","137.31","135.56","137.31","134.33","5.18K","-0.01%"
"12/02/2015","137.33","136.44","137.77","131.56","13.50K","0.07%"
"12/01/2015","137.24","136.89","137.33","136.44","11.25K","0.59%"
"11/30/2015","136.44","140.00","140.00","136.44","5.85K","-2.54%"
"11/27/2015","140.00","138.67","140.00","138.67","3.83K","0.96%"
"11/26/2015","138.67","140.01","140.01","138.67","7.65K","-0.95%"
"11/25/2015","140.00","140.23","140.44","138.71","9.45K","-0.96%"
"11/24/2015","141.35","141.78","142.11","141.33","8.78K","-0.63%"
"11/23/2015","142.24","143.56","143.78","142.22","12.15K","-0.68%"
"11/20/2015","143.21","142.22","144.44","142.22","19.13K","1.22%"
"11/19/2015","141.48","140.04","143.11","140.04","33.75K","0.51%"
"11/18/2015","140.76","140.34","141.33","140.00","19.35K","-0.35%"
"11/17/2015","141.26","142.27","144.44","137.78","99.90K","-2.05%"
"11/16/2015","144.21","142.22","144.44","141.64","19.80K","0.80%"
"11/13/2015","143.06","144.62","146.22","141.82","23.18K","-1.12%"
"11/12/2015","144.68","145.33","147.55","142.22","75.60K","-2.19%"
"11/11/2015","147.92","145.78","145.78","145.78","0.23K","0.00%"
"11/10/2015","147.92","146.67","148.00","145.78","13.95K","-0.05%"
"11/09/2015","148.00","148.00","148.44","147.60","3.38K","-0.60%"
"11/06/2015","148.89","148.44","148.89","148.44","7.88K","0.17%"
"11/05/2015","148.63","148.44","148.89","148.44","11.93K","-1.08%"
"11/04/2015","150.25","150.66","150.67","149.78","3.15K","-0.17%"
"11/03/2015","150.51","152.00","153.33","149.33","18.45K","-0.40%"
"11/02/2015","151.11","148.44","151.11","148.44","16.88K","1.49%"
"10/30/2015","148.89","147.44","148.89","147.44","1.35K","0.49%"
"10/29/2015","148.16","148.16","148.16","148.16","0.23K","-0.50%"
"10/28/2015","148.90","151.11","151.55","148.89","4.95K","-1.46%"
"10/27/2015","151.10","148.89","151.10","148.89","2.48K","1.48%"
"10/26/2015","148.89","150.62","150.62","148.89","2.70K","-0.45%"
"10/22/2015","149.56","146.22","150.67","146.22","14.85K","-1.26%"
"10/21/2015","151.47","153.69","157.33","151.11","29.93K","-1.94%"
"10/20/2015","154.46","149.87","157.78","149.33","21.60K","1.69%"
"10/19/2015","151.90","154.67","154.67","148.89","13.28K","-1.79%"
"10/16/2015","154.67","151.56","154.67","151.56","3.15K","0.58%"
"10/15/2015","153.78","152.00","155.56","152.00","3.60K","-0.40%"
"10/14/2015","154.40","156.44","156.44","151.11","18.23K","0.12%"
"10/13/2015","154.22","155.56","156.67","153.34","7.43K","-3.59%"
"10/12/2015","159.97","157.96","160.44","156.05","42.98K","2.19%"
"10/09/2015","156.54","156.44","157.78","155.55","22.73K","0.26%"
"10/08/2015","156.14","156.89","157.33","155.56","32.63K","0.37%"
"10/07/2015","155.56","160.00","160.00","155.55","31.73K","-2.94%"
"10/06/2015","160.28","156.00","164.00","156.00","15.75K","2.13%"
"10/05/2015","156.94","158.22","158.22","156.44","4.95K","-0.32%"
"10/02/2015","157.44","160.00","160.11","156.00","22.05K","-3.16%"
"10/01/2015","162.58","163.56","164.44","157.78","13.73K","1.12%"
"09/30/2015","160.78","153.13","160.78","160.78","85.28K","5.00%"
"09/29/2015","153.13","144.44","153.13","140.44","99.23K","5.00%"
"09/28/2015","145.84","146.76","146.76","145.78","9.23K","-0.42%"
"09/23/2015","146.45","148.89","148.89","145.78","7.88K","-0.75%"
"09/22/2015","147.56","147.56","148.00","145.56","20.48K","0.00%"
"09/21/2015","147.56","146.67","147.56","146.67","2.48K","-0.10%"
"09/18/2015","147.71","150.67","150.67","144.44","6.75K","-0.55%"
"09/17/2015","148.52","148.00","151.11","147.73","15.08K","0.67%"
"09/16/2015","147.53","145.11","148.00","146.22","7.65K","0.85%"
"09/15/2015","146.29","148.56","148.56","144.94","6.30K","0.05%"
"09/14/2015","146.22","144.89","146.71","144.89","7.65K","-0.85%"
"09/11/2015","147.47","147.11","148.88","147.11","8.33K","0.29%"
"09/10/2015","147.04","145.78","148.44","144.45","8.78K","0.19%"
"09/09/2015","146.76","151.33","151.56","145.87","29.70K","-2.83%"
"09/08/2015","151.04","145.78","151.11","145.78","12.60K","3.18%"
"09/07/2015","146.39","148.93","149.11","143.56","22.95K","-3.12%"
"09/04/2015","151.11","152.11","157.33","148.89","33.98K","-1.45%"
"09/03/2015","153.33","161.33","162.67","152.89","37.58K","-3.55%"
"09/02/2015","158.97","162.00","162.00","157.33","9.00K","-2.45%"
"09/01/2015","162.96","164.44","166.67","157.78","100.80K","0.84%"
"08/31/2015","161.60","153.33","161.61","153.11","156.38K","4.99%"
"08/28/2015","153.92","150.44","154.30","148.89","76.05K","4.74%"
"08/27/2015","146.95","141.33","147.00","138.67","45.90K","4.96%"
"08/26/2015","140.00","137.34","142.18","137.33","38.93K","1.60%"
"08/25/2015","137.80","138.89","139.11","132.44","112.28K","-0.99%"
"08/24/2015","139.18","144.98","144.98","139.18","18.00K","-5.00%"
"08/21/2015","146.50","151.02","151.11","144.47","8.78K","-3.03%"
"08/20/2015","151.08","159.51","159.56","150.70","41.63K","-4.76%"
"08/19/2015","158.63","160.00","160.00","156.67","26.10K","-0.41%"
"08/18/2015","159.28","162.22","162.22","155.56","85.28K","1.59%"
"08/17/2015","156.79","150.66","156.79","148.94","113.63K","5.00%"
"08/13/2015","149.33","148.96","150.67","148.96","19.58K","0.06%"
"08/12/2015","149.24","150.66","150.66","148.89","12.83K","0.07%"
"08/11/2015","149.13","149.07","150.67","148.88","14.18K","0.68%"
"08/10/2015","148.12","148.49","149.71","148.00","10.58K","0.28%"
"08/07/2015","147.70","152.55","152.55","147.16","35.33K","-1.96%"
"08/06/2015","150.66","151.94","151.94","149.78","27.68K","0.33%"
"08/05/2015","150.17","148.89","150.22","148.44","20.70K","-0.58%"
"08/04/2015","151.05","150.27","151.05","148.89","5.63K","0.55%"
"08/03/2015","150.23","150.24","150.27","150.23","1.58K","-0.58%"
"07/31/2015","151.11","155.11","155.11","149.33","17.10K","0.49%"
"07/30/2015","150.37","149.83","150.67","149.78","6.75K","-0.09%"
"07/29/2015","150.51","150.67","151.11","150.22","9.23K","-0.09%"
"07/28/2015","150.64","151.11","151.11","150.22","5.40K","0.17%"
"07/27/2015","150.39","152.05","152.05","150.22","11.25K","-2.06%"
"07/24/2015","153.56","153.78","154.67","153.34","5.18K","-0.72%"
"07/23/2015","154.67","155.56","156.67","154.67","5.63K","-0.30%"
"07/22/2015","155.13","157.78","157.78","153.87","9.45K","0.38%"
"07/16/2015","154.55","155.11","155.55","153.78","39.60K","-0.37%"
"07/15/2015","155.12","151.12","156.44","151.12","18.90K","1.99%"
"07/14/2015","152.10","151.11","152.89","150.67","18.90K","1.25%"
"07/13/2015","150.22","150.22","150.22","149.78","3.83K","-0.35%"
"07/10/2015","150.75","151.56","153.77","149.78","12.83K","-1.13%"
"07/09/2015","152.47","153.33","154.62","152.47","4.73K","-0.98%"
"07/08/2015","153.98","153.78","155.11","153.34","14.63K","-0.25%"
"07/07/2015","154.37","154.01","157.33","154.01","11.25K","-0.43%"
"07/06/2015","155.04","153.34","156.44","152.00","27.23K","1.31%"
"07/03/2015","153.04","150.89","154.42","150.89","28.35K","1.61%"
"07/02/2015","150.62","152.00","152.00","150.44","4.28K","-0.62%"
"07/01/2015","151.56","148.89","152.89","148.89","4.95K","0.38%"
"06/30/2015","150.99","150.58","151.56","148.44","9.00K","2.46%"
"06/29/2015","147.36","149.11","149.36","146.67","14.51K","-2.18%"
"06/26/2015","150.64","151.56","153.34","149.82","13.73K","-1.75%"
"06/25/2015","153.33","155.56","155.56","151.11","7.88K","-1.28%"
"06/24/2015","155.32","153.33","157.78","153.33","24.19K","-1.65%"
"06/23/2015","157.93","163.56","158.11","156.71","7.09K","-0.25%"
"06/22/2015","158.33","160.00","160.00","155.56","5.29K","-2.67%"
"06/18/2015","162.68","165.27","164.44","162.24","5.06K","-0.21%"
"06/17/2015","163.02","166.00","167.56","162.22","35.66K","-0.91%"
"06/16/2015","164.51","165.44","168.04","163.56","58.84K","-3.84%"
"06/15/2015","171.08","171.78","174.22","170.27","123.64K","2.14%"
"06/12/2015","167.49","164.44","167.49","162.22","227.14K","5.00%"
"06/11/2015","159.52","152.88","160.64","148.89","195.53K","4.25%"
"06/10/2015","153.01","151.56","156.44","148.21","361.01K","1.76%"
"06/09/2015","150.36","148.40","152.44","146.02","73.58K","2.52%"
"06/08/2015","146.66","147.68","148.89","145.79","85.39K","0.04%"
"06/05/2015","146.60","149.33","149.33","145.93","23.85K","-1.27%"
"06/04/2015","148.48","150.00","150.00","148.44","15.41K","-0.19%"
"06/03/2015","148.77","153.33","152.89","148.49","68.85K","-0.09%"
"06/02/2015","148.90","151.99","151.11","148.44","15.30K","-1.31%"
"06/01/2015","150.87","148.47","152.89","148.47","44.89K","0.13%"
"05/29/2015","150.68","144.05","151.20","144.05","152.78K","4.64%"
"05/28/2015","144.00","137.78","146.67","137.78","17.10K","0.20%"
"05/27/2015","143.71","144.89","145.78","143.11","25.65K","-1.30%"
"05/26/2015","145.60","147.51","147.56","145.56","3.38K","0.30%"
"05/25/2015","145.17","146.67","146.67","145.11","3.71K","-0.93%"
"05/22/2015","146.54","144.56","146.67","144.56","2.03K","-0.69%"
"05/21/2015","147.56","147.56","147.78","144.47","4.95K","0.57%"
"05/20/2015","146.73","148.44","148.44","146.72","7.43K","-0.60%"
"05/19/2015","147.61","145.56","149.11","145.56","25.20K","1.57%"
"05/18/2015","145.33","144.93","146.22","144.49","5.40K","-0.42%"
"05/15/2015","145.94","144.89","148.44","144.89","6.53K","-0.10%"
"05/14/2015","146.08","144.89","147.16","144.89","4.50K","-0.40%"
"05/13/2015","146.67","147.55","147.55","145.56","1.24K","0.00%"
"05/12/2015","146.67","150.89","151.11","146.31","13.73K","1.26%"
"05/11/2015","144.84","146.67","148.00","144.44","13.84K","-3.37%"
"05/08/2015","149.89","151.11","152.44","149.78","3.60K","-0.33%"
"05/07/2015","150.39","152.00","152.00","150.22","4.39K","-1.63%"
"05/06/2015","152.88","152.89","152.89","152.88","1.35K","1.37%"
"05/05/2015","150.82","151.56","151.56","149.88","6.08K","-0.33%"
"05/04/2015","151.32","155.11","155.11","150.23","30.26K","0.73%"
"04/30/2015","150.23","153.33","153.33","148.89","6.75K","0.13%"
"04/29/2015","150.04","147.11","151.78","147.11","1.35K","-0.17%"
"04/28/2015","150.30","155.56","155.56","149.33","31.05K","-3.45%"
"04/27/2015","155.67","158.22","159.11","155.56","12.26K","-2.71%"
"04/24/2015","160.00","166.67","166.67","155.56","24.53K","-2.22%"
"04/23/2015","163.64","164.67","165.33","163.56","3.15K","-0.44%"
"04/22/2015","164.37","163.78","164.44","163.56","25.20K","0.76%"
"04/21/2015","163.13","162.22","163.13","160.89","7.43K","-0.77%"
"04/20/2015","164.39","166.22","166.22","163.56","16.54K","-0.30%"
"04/17/2015","164.89","162.22","166.58","162.22","10.69K","0.20%"
"04/16/2015","164.56","166.67","166.67","164.44","10.80K","-1.19%"
"04/15/2015","166.55","166.22","167.51","164.44","10.35K","-0.60%"
"04/14/2015","167.56","167.56","168.00","167.47","3.83K","0.75%"
"04/13/2015","166.32","164.44","166.62","163.11","3.26K","1.14%"
"04/10/2015","164.44","164.44","166.00","164.44","14.85K","-0.25%"
"04/09/2015","164.85","166.22","167.11","164.44","9.90K","-0.91%"
"04/08/2015","166.36","166.67","168.78","166.22","2.48K","0.35%"
"04/07/2015","165.78","165.78","166.22","164.45","2.93K","-0.29%"
"04/06/2015","166.27","166.67","168.89","165.78","2.93K","1.11%"
"04/03/2015","164.44","164.67","164.67","164.44","0.56K","-2.03%"
"04/02/2015","167.84","164.44","168.44","164.44","1.91K","0.44%"
"04/01/2015","167.11","172.89","172.89","165.33","3.49K","-1.98%"
"03/31/2015","170.49","156.23","172.26","156.23","241.20K","3.92%"
"03/30/2015","164.06","150.67","164.13","148.51","113.29K","4.95%"
"03/27/2015","156.32","144.89","156.33","144.89","86.51K","4.99%"
"03/26/2015","148.89","143.56","148.89","143.56","1.91K","-1.47%"
"03/25/2015","151.11","152.00","154.00","148.41","7.43K","-3.27%"
"03/24/2015","156.22","157.82","157.82","156.22","11.03K","-5.00%"
"03/20/2015","164.44","164.44","164.44","164.40","1.13K","3.64%"
"03/19/2015","158.67","160.00","162.00","158.44","6.86K","0.28%"
"03/18/2015","158.22","164.89","164.89","156.67","26.78K","-4.05%"
"03/17/2015","164.89","162.22","164.89","162.22","8.10K","0.26%"
"03/16/2015","164.47","166.22","165.33","164.47","4.05K","-0.98%"
"03/13/2015","166.10","167.11","167.11","164.45","2.59K","0.98%"
"03/12/2015","164.49","166.67","166.67","164.49","3.04K","0.03%"
"03/11/2015","164.44","166.67","166.67","164.44","4.84K","-1.34%"
"03/10/2015","166.67","166.67","167.33","166.67","1.13K","-0.40%"
"03/09/2015","167.34","166.91","168.84","166.22","15.98K","0.40%"
"03/06/2015","166.67","168.05","168.05","166.53","8.55K","-1.27%"
"03/05/2015","168.81","166.68","168.89","166.68","30.60K","0.22%"
"03/04/2015","168.44","168.00","168.89","166.67","15.98K","-0.27%"
"03/03/2015","168.89","166.67","168.89","166.67","15.41K","0.76%"
"03/02/2015","167.62","168.89","170.44","167.11","26.21K","-0.17%"
"02/27/2015","167.91","168.89","169.78","166.67","17.33K","-0.84%"
"02/26/2015","169.33","170.89","171.56","169.33","194.85K","0.00%"
"02/25/2015","169.33","170.22","171.11","168.00","43.09K","-0.49%"
"02/24/2015","170.16","172.64","172.64","168.89","13.73K","-0.21%"
"02/23/2015","170.52","175.56","175.56","166.67","65.25K","-2.63%"
"02/20/2015","175.12","175.58","177.78","169.33","26.44K","-0.97%"
"02/19/2015","176.84","175.56","177.33","175.11","33.75K","0.99%"
"02/18/2015","175.11","176.00","176.00","173.33","18.79K","-1.50%"
"02/17/2015","177.77","177.34","178.22","175.56","11.70K","0.44%"
"02/16/2015","177.00","177.78","177.78","176.22","3.26K","-0.56%"
"02/13/2015","178.00","179.11","180.00","177.78","15.53K","-0.95%"
"02/12/2015","179.70","173.38","185.03","168.89","54.11K","1.97%"
"02/11/2015","176.22","174.67","176.79","174.67","14.29K","0.35%"
"02/10/2015","175.60","175.56","177.78","173.33","20.25K","-0.07%"
"02/09/2015","175.73","173.33","178.44","173.33","17.55K","0.17%"
"02/06/2015","175.43","177.78","179.11","174.67","34.20K","-0.83%"
"02/04/2015","176.90","178.22","179.33","173.34","26.89K","-0.84%"
"02/03/2015","178.39","181.33","181.33","177.78","28.24K","0.19%"
"02/02/2015","178.06","178.67","179.87","176.44","39.15K","-0.05%"
"01/30/2015","178.15","178.67","179.78","177.16","30.38K","-0.51%"
"01/29/2015","179.07","177.78","180.67","177.24","27.23K","0.45%"
"01/28/2015","178.26","180.00","180.84","177.33","11.70K","-1.33%"
"01/27/2015","180.67","177.78","184.44","177.78","66.26K","1.67%"
"01/26/2015","177.70","180.00","180.89","176.89","74.48K","1.12%"
"01/23/2015","175.73","176.92","179.33","175.56","30.15K","-1.94%"
"01/22/2015","179.20","183.56","184.44","176.89","160.99K","-2.99%"
"01/21/2015","184.72","190.67","190.67","184.44","62.55K","-1.62%"
"01/20/2015","187.77","189.38","189.38","185.78","25.99K","-0.81%"
"01/19/2015","189.30","198.65","198.65","187.11","145.80K","-1.80%"
"01/16/2015","192.77","192.77","192.77","186.22","295.88K","5.00%"
"01/15/2015","183.59","177.77","183.59","176.00","168.64K","5.00%"
"01/14/2015","174.85","173.33","176.44","171.56","35.33K","0.88%"
"01/13/2015","173.33","173.33","173.78","171.56","12.94K","-0.51%"
"01/12/2015","174.21","175.33","175.56","173.60","17.66K","-0.01%"
"01/09/2015","174.23","176.44","176.44","173.78","11.59K","-0.41%"
"01/08/2015","174.95","176.00","177.33","173.78","16.88K","-0.38%"
"01/07/2015","175.61","177.33","177.78","175.11","39.60K","-1.42%"
"01/06/2015","178.14","177.87","178.67","176.44","43.09K","-0.62%"
"01/05/2015","179.26","176.44","180.00","176.44","106.43K","0.88%"
"01/02/2015","177.70","180.00","180.00","176.44","90.11K","1.55%"
"01/01/2015","174.99","172.44","180.00","171.11","104.29K","-0.62%"