Date,open,high,low,Price,Change %
2015-01-01,128.6543042593877,134.2946808553107,127.66201578417898,130.5568122381713,
2015-01-02,134.2946808553107,134.2946808553107,131.63863050061684,132.57869326660395,
2015-01-05,131.63863050061684,134.2946808553107,131.63863050061684,133.74258050068332,
2015-01-06,132.7055271318562,133.30239238010205,131.63863050061684,132.9069691531392,
2015-01-07,132.30264308929029,132.63837979142855,130.64634202540816,131.0193828055617,
2015-01-08,131.31035461408163,132.30264308929029,129.65405355019942,130.5269689757589,
2015-01-09,131.63863050061684,131.63863050061684,129.65405355019942,129.98979025233768,
2015-01-12,130.81047996867574,130.9820787275464,129.51975886934412,129.97486862113152,
2015-01-13,129.3183168480612,129.65405355019942,127.99775248631724,129.3183168480612,
2015-01-14,129.3183168480612,131.63863050061684,127.99775248631724,130.4523608197282,
2015-01-15,132.63091897582547,136.97311365681384,131.31035461408163,136.97311365681384,
2015-01-16,143.8221423804347,143.8221423804347,138.93530816042198,143.8221423804347,
2015-01-19,148.20910195504152,148.20910195504152,139.59932074909548,141.23323936616845,
2015-01-20,141.292925890993,141.292925890993,138.60703227388686,140.09173457889833,
2015-01-21,142.25537110378937,142.25537110378937,137.60728298307504,137.81618581996105,
2015-01-22,136.95073121000462,137.60728298307504,131.97436720275505,133.69781560706483,
2015-01-23,131.99674964956432,133.79480620990483,130.9820787275464,131.1089125927986,
2015-01-26,134.2946808553107,134.9586934439842,131.97436720275505,132.57869326660395,
2015-01-27,132.63837979142855,137.60728298307504,132.63837979142855,134.7945555007166,
2015-01-28,134.2946808553107,134.92138936596882,132.30264308929029,132.99649894037597,
2015-01-29,132.63837979142855,134.7945555007166,132.23549574886263,133.60082500422493,
2015-01-30,133.30239238010205,134.13054291204313,132.17580922403798,132.91442996874224,
2015-02-02,133.30239238010205,134.1976902524708,131.63863050061684,132.84728262831462,
2015-02-03,135.28696933051944,135.28696933051944,132.63837979142855,133.09348954321595,
2015-02-04,132.9666556779638,133.79480620990483,129.32577766366427,131.98182801835813,
2015-02-06,132.63837979142855,133.63066826663723,130.31806613887292,130.8850881247064,
2015-02-09,129.3183168480612,133.13079362123136,129.3183168480612,131.1089125927986,
2015-02-10,130.9820787275464,132.63837979142855,129.3183168480612,131.01192198995864,
2015-02-11,130.31806613887292,131.8997590467243,130.31806613887292,131.47449255734915,
2015-02-12,129.35562092607648,138.04747110365636,126.0057147202968,134.07085638721856,
2015-02-13,133.63066826663723,134.2946808553107,132.63837979142855,132.80251773469612,
2015-02-16,132.63837979142855,132.63837979142855,131.47449255734915,132.05643617438886,
2015-02-17,132.31010390489337,132.9666556779638,130.9820787275464,132.63091897582547,
2015-02-18,131.31035461408163,131.31035461408163,129.3183168480612,130.64634202540816,
2015-02-19,130.9820787275464,132.30264308929029,130.64634202540816,131.9370631247397,
2015-02-20,130.9970003587525,132.63837979142855,126.33399060683203,130.65380284101118,
2015-02-23,130.9820787275464,130.9820787275464,124.34941365641464,127.22182766359765,
2015-02-24,128.80352057144907,128.80352057144907,126.0057147202968,126.95323830188705,
2015-02-25,126.9980031955055,127.66201578417898,125.34170213162335,126.33399060683203,
2015-02-26,127.49787784091137,127.99775248631724,126.33399060683203,126.33399060683203,
2015-02-27,126.0057147202968,126.6697273089703,124.34941365641464,125.27455479119568,
2015-03-02,126.0057147202968,127.16214113877308,124.67768954294985,125.05819113870656,
2015-03-03,124.34941365641464,126.0057147202968,124.34941365641464,126.0057147202968,
2015-03-04,125.34170213162335,126.0057147202968,124.34941365641464,125.66997801815853,
2015-03-05,124.3568744720177,126.0057147202968,124.3568744720177,125.94602819547224,
2015-03-06,125.37900620963872,125.37900620963872,124.24496223797159,124.34941365641464,
2015-03-09,124.52847323088834,125.96841064228143,124.01367695427633,124.84928830182051,
2015-03-10,124.34941365641464,124.84182748621745,124.34941365641464,124.34941365641464,
2015-03-11,124.34941365641464,124.34941365641464,122.68565177692943,122.68565177692943,
2015-03-12,124.34941365641464,124.34941365641464,122.72295585494474,122.72295585494474,
2015-03-13,124.67768954294985,124.67768954294985,122.69311259253247,123.92414716703945,
2015-03-16,124.01367695427633,123.34966436560286,122.7080342237386,122.7080342237386,
2015-03-17,121.02935071304721,123.02138847906767,121.02935071304721,123.02138847906767,
2015-03-18,123.02138847906767,123.02138847906767,116.88859805334184,118.04502447181811,
2015-03-19,119.37304964916505,120.86521276977962,118.20916241508571,118.38076117395639,
2015-03-20,122.68565177692943,122.68565177692943,122.65580851451715,122.68565177692943,
2015-03-24,117.7465918476952,117.7465918476952,116.55286135120359,116.55286135120359,
2015-03-25,113.40439716670683,114.89656028732139,110.72596436520367,112.74038457803337,
2015-03-26,107.10746879771337,111.08408351415119,107.10746879771337,111.08408351415119,
2015-03-27,108.09975727292203,116.63493032283738,108.09975727292203,116.62746950723425,
2015-03-30,112.4121086914981,122.45436649323416,110.80057252123437,122.40214078401264,
2015-03-31,116.56032216680664,128.52000957853238,116.56032216680664,127.19944521678848,
2015-04-01,128.99004096152595,128.99004096152595,123.34966436560286,124.67768954294985,
2015-04-02,122.68565177692943,125.66997801815853,122.68565177692943,125.22232908197422,
2015-04-03,122.85725053580008,122.85725053580008,122.68565177692943,122.68565177692943,
2015-04-06,124.34941365641464,126.0057147202968,123.68540106774118,124.05098103229176,
2015-04-07,123.68540106774118,124.01367695427633,122.69311259253247,123.68540106774118,
2015-04-08,124.34941365641464,125.923645748663,124.01367695427633,124.11812837271938,
2015-04-09,124.01367695427633,124.67768954294985,122.68565177692943,122.99154521665537,
2015-04-10,122.68565177692943,123.84953901100877,122.68565177692943,122.68565177692943,
2015-04-13,122.68565177692943,124.31210957839933,121.69336330172074,124.08828511030707,
2015-04-14,125.0134262450882,125.34170213162335,124.94627890466045,125.0134262450882,
2015-04-15,124.01367695427633,124.97612216707277,122.68565177692943,124.25988386917776,
2015-04-16,124.34941365641464,124.34941365641464,122.68565177692943,122.7751815641663,
2015-04-17,121.02935071304721,124.28226631598702,121.02935071304721,123.02138847906767,
2015-04-20,124.01367695427633,124.01367695427633,122.02910000385904,122.64834769891401,
2015-04-21,121.02935071304721,121.7082849329269,120.03706223783855,121.7082849329269,
2015-04-22,122.1932379471266,122.68565177692943,122.02910000385904,122.63342606770792,
2015-04-23,122.85725053580008,123.34966436560286,122.02910000385904,122.08878652868356,
2015-04-24,124.34941365641464,124.34941365641464,116.06044752140079,119.37304964916505,
2015-04-27,118.04502447181811,118.70903706049164,116.06044752140079,116.14251649303455,
2015-04-28,116.06044752140079,116.06044752140079,111.41235940068641,112.13605851418444,
2015-04-29,109.75605833680423,113.24025922343922,109.75605833680423,111.94207730850455,
2015-04-30,114.39668564191552,114.39668564191552,111.08408351415119,112.08383280496295,
2015-05-04,115.7247108192625,115.7247108192625,112.08383280496295,112.89706170569788,
2015-05-05,113.07612128017165,113.07612128017165,111.82270425885538,112.52402092554422,
2015-05-06,114.06840975538026,114.06840975538026,114.0609489397772,114.0609489397772,
2015-05-07,113.40439716670683,113.40439716670683,112.07637198935986,112.20320585461208,
2015-05-08,112.74038457803337,113.73267305324201,111.74809610282466,111.83016507445849,
2015-05-11,109.42778245026899,110.42007092547767,107.76402057078377,108.06245319490668,
2015-05-12,112.57624663476577,112.74038457803337,109.1591930885584,109.42778245026899,
2015-05-13,110.08433422333945,110.08433422333945,108.59963191832789,109.42778245026899,
2015-05-14,108.09975727292203,109.79336241481961,108.09975727292203,108.98759432968775,
2015-05-15,108.09975727292203,110.74834681201293,108.09975727292203,108.8831429112447,
2015-05-18,108.12960053533436,109.09204574813076,107.80132464879915,108.42803315945729,
2015-05-19,108.59963191832789,111.24822145741877,108.59963191832789,110.12909911695787,
2015-05-20,110.74834681201293,110.74834681201293,109.46508652828437,109.47254734388746,
2015-05-21,110.09179503894245,110.25593298221011,107.78640301759297,110.09179503894245,
2015-05-22,107.85355035802066,109.42778245026899,107.85355035802066,109.33079184742907,
2015-05-25,109.42778245026899,109.42778245026899,108.26389521618967,108.3086601098081,
2015-05-26,110.05449096092714,110.09179503894245,108.59963191832789,108.62947518074026,
2015-05-27,108.09975727292203,108.76376986159555,106.77173209557512,107.21938103175947,
2015-05-28,102.79511737913727,109.42778245026899,102.79511737913727,107.43574468424859,
2015-05-29,107.47304876226396,112.807531918461,107.47304876226396,112.41956950710123,
2015-06-01,110.77072925882214,114.06840975538026,110.77072925882214,112.56132500355959,
2015-06-02,113.39693635110378,112.74038457803337,110.74834681201293,111.09154432975427,
2015-06-03,114.39668564191552,114.06840975538026,110.78565089002828,110.99455372691435,
2015-06-04,111.91223404609225,111.91223404609225,110.74834681201293,110.77819007442515,
2015-06-05,111.41235940068641,111.41235940068641,108.87568209564164,109.37555674104753,
2015-06-08,110.18132482617939,111.08408351415119,108.77123067719862,109.42032163466595,
2015-06-09,110.71850354960061,113.73267305324201,108.94282943606932,112.18082340780289,
2015-06-10,113.07612128017165,116.71699929447114,110.57674805314223,114.15793954261716,
2015-06-11,114.0609489397772,119.85054184776169,111.08408351415119,119.01493050021756,
2015-06-12,122.68565177692943,124.96120053586664,121.02935071304721,124.96120053586664,
2015-06-15,128.16189042958487,129.98232943673463,127.03530727352084,127.63963333736979,
2015-06-16,123.43173333723666,125.37154539403566,122.02910000385904,122.73787748615094,
2015-06-17,123.84953901100877,125.0134262450882,121.02935071304721,121.6262159612931,
2015-06-18,123.30489947198454,122.68565177692943,121.04427234425346,121.3725482307886,
2015-06-22,119.37304964916505,119.37304964916505,116.06044752140079,118.12709344345193,
2015-06-23,122.02910000385904,117.96295550018434,116.91844131575412,117.828660819329,
2015-06-24,114.39668564191552,117.7167485852829,114.39668564191552,115.88138794692699,
2015-06-25,116.06044752140079,116.06044752140079,112.74038457803337,114.39668564191552,
2015-06-26,113.07612128017165,114.4041464575186,111.77793936523699,112.38972624468889,
2015-06-29,111.24822145741877,111.43474184749563,109.42778245026899,109.94257872688102,
2015-06-30,112.34496135107047,113.07612128017165,110.74834681201293,112.65085479079649,
2015-07-01,111.08408351415119,114.06840975538026,111.08408351415119,113.07612128017165,
2015-07-02,113.40439716670683,113.40439716670683,112.24050993262748,112.37480461348278,
2015-07-03,112.57624663476577,115.20991454265047,112.57624663476577,114.18032198942639,
2015-07-06,114.4041464575186,116.71699929447114,113.40439716670683,115.67248511004095,
2015-07-07,114.90402110292446,117.38101188314468,114.90402110292446,115.1726104646351,
2015-07-08,114.73242234405376,115.7247108192625,114.4041464575186,114.88163865611523,
2015-07-09,114.39668564191552,115.35913085471188,113.75505550005124,113.75505550005124,
2015-07-10,113.07612128017165,114.72496152845069,111.74809610282466,112.47179521632273,
2015-07-13,112.07637198935986,112.07637198935986,111.74809610282466,112.07637198935986,
2015-07-14,112.74038457803337,114.06840975538026,112.4121086914981,113.47900532273752,
2015-07-15,112.74784539363642,116.71699929447114,112.74784539363642,115.73217163486552,
2015-07-16,115.7247108192625,116.05298670579766,114.73242234405376,115.3069051454904,
2015-07-22,117.7167485852829,117.7167485852829,114.79956968448143,115.73963245046862,
2015-07-23,116.06044752140079,116.88859805334184,115.39643493272722,115.39643493272722,
2015-07-24,114.73242234405376,115.39643493272722,114.4041464575186,114.56828440078621,
2015-07-27,113.4417012447222,113.4417012447222,112.07637198935986,112.20320585461208,
2015-07-28,112.74038457803337,112.74038457803337,112.07637198935986,112.38972624468889,
2015-07-29,112.4121086914981,112.74038457803337,112.07637198935986,112.29273564184895,
2015-07-30,111.78540018083999,112.4121086914981,111.74809610282466,112.18828422340594,
2015-07-31,115.7247108192625,115.7247108192625,111.41235940068641,112.74038457803337,
2015-08-03,112.09129362056602,112.11367606737524,112.08383280496295,112.08383280496295,
2015-08-04,112.11367606737524,112.6956196844149,111.08408351415119,112.6956196844149,
2015-08-05,111.08408351415119,112.07637198935986,110.74834681201293,112.03906791134453,
2015-08-06,113.35963227308837,113.35963227308837,111.74809610282466,112.4046478758951,
2015-08-07,113.81474202487587,113.81474202487587,109.79336241481961,110.1962464573855,
2015-08-10,110.78565089002828,111.69587039360314,110.42007092547767,110.50960071271459,
2015-08-11,111.21837819500645,112.4121086914981,111.07662269854812,111.26314308862497,
2015-08-12,112.4046478758951,112.4046478758951,111.08408351415119,111.34521206025872,
2015-08-13,111.1363092233727,112.4121086914981,111.1363092233727,111.41235940068641,
2015-08-17,112.4046478758951,116.97812784057872,111.12138759216651,116.97812784057872,
2015-08-18,121.02935071304721,121.02935071304721,116.06044752140079,118.83587092574383,
2015-08-19,119.37304964916505,119.37304964916505,116.88859805334184,118.35091791154412,
2015-08-20,119.00746968461449,119.04477376262987,112.43449113830734,112.71800213122413,
2015-08-21,112.67323723760566,112.74038457803337,107.78640301759297,109.3009485850168,
2015-08-24,108.1669046133497,108.1669046133497,103.83963156356748,103.83963156356748,
2015-08-25,103.62326791107836,103.78740585434595,98.81104184709642,102.81003901034343,
2015-08-26,102.4668414926021,106.07787624448935,102.45938067699905,104.45141844301945,
2015-08-27,105.44370691822814,109.67398936517037,103.45912996781074,109.63668528715506,
2015-08-28,112.24050993262748,115.12038475541358,111.08408351415119,114.83687376249678,
2015-08-31,114.39668564191552,120.57424096125982,114.23254769864789,120.56678014565675,
2015-09-01,122.68565177692943,124.34941365641464,117.7167485852829,121.58145106767464,
2015-09-02,120.86521276977962,120.86521276977962,117.38101188314468,118.60458564204859,
2015-09-03,120.36533812437375,121.36508741518553,114.06840975538026,114.39668564191552,
2015-09-04,113.48646613834063,117.38101188314468,111.08408351415119,112.74038457803337,
2015-09-07,111.1139267765635,111.24822145741877,107.10746879771337,109.218879613383,
2015-09-08,108.76376986159555,112.74038457803337,108.76376986159555,112.68815886881185,
2015-09-09,112.90452252130098,113.07612128017165,108.83091720202322,109.49492979069666,
2015-09-10,108.76376986159555,110.74834681201293,107.77148138638687,109.7038326275827,
2015-09-11,109.75605833680423,111.07662269854812,109.75605833680423,110.02464769851484,
2015-09-14,108.09975727292203,109.45762571268133,108.09975727292203,109.09204574813076,
2015-09-15,110.8378765992498,110.8378765992498,108.1370613509374,109.14427145735227,
2015-09-16,108.26389521618967,110.42007092547767,109.09204574813076,110.06941259213326,
2015-09-17,110.42007092547767,112.74038457803337,110.21862890419474,110.80803333683747,
2015-09-18,112.4121086914981,112.4121086914981,107.76402057078377,110.20370727298861,
2015-09-21,109.42778245026899,110.09179503894245,109.42778245026899,110.09179503894245,
2015-09-22,110.09179503894245,110.42007092547767,108.59963191832789,110.09179503894245,
2015-09-23,111.08408351415119,111.08408351415119,108.76376986159555,109.2636445070014,
2015-09-28,109.49492979069666,109.49492979069666,108.76376986159555,108.80853475521398,
2015-09-29,107.76402057078377,114.24746932985404,104.77969432955466,114.24746932985404,
2015-09-30,114.24746932985404,119.95499326620478,119.95499326620478,119.95499326620478,
2015-10-01,122.02910000385904,122.68565177692943,117.7167485852829,121.29794007475786,
2015-10-02,119.37304964916505,119.45511862079888,116.38872340793597,117.46308085477847,
2015-10-05,118.04502447181811,118.04502447181811,116.71699929447114,117.09004007462482,
2015-10-06,116.38872340793597,122.3573758903942,116.38872340793597,119.58195248605112,
2015-10-07,119.37304964916505,119.37304964916505,116.05298670579766,116.06044752140079,
2015-10-08,117.05273599660944,117.38101188314468,116.06044752140079,116.49317482637898,
2015-10-09,116.71699929447114,117.7167485852829,116.05298670579766,116.79160745050186,
2015-10-12,117.85104326613823,119.70132553570028,116.42602748595132,119.35066720235585,
2015-10-13,119.50442880901326,120.35715390529765,117.7989786164444,118.47501292701222,
2015-10-14,120.18046311958103,120.18046311958103,116.08584621580093,118.61329267235563,
2015-10-15,116.76956273444337,119.50442880901326,116.76956273444337,118.13699577172827,
2015-10-16,116.43154557915948,118.82071229037071,116.43154557915948,118.82071229037071,
2015-10-19,118.82071229037071,118.82071229037071,114.38039602323207,116.69274065369703,
2015-10-20,115.13325241454623,121.20987900158205,114.718413178516,118.65938592080342,
2015-10-21,118.06785589905661,120.86417963822356,116.08584621580093,116.36240570648776,
2015-10-22,112.32924646730469,115.74782906051695,112.32924646730469,114.89510396423256,
2015-10-26,115.70941802014381,115.70941802014381,114.38039602323207,114.38039602323207,
2015-10-27,114.38039602323207,116.07816400772624,114.38039602323207,116.07816400772624,
2015-10-28,116.08584621580093,116.42386337108488,114.38039602323207,114.38807823130671,
2015-10-29,113.81959483378377,113.81959483378377,113.81959483378377,113.81959483378377,
2015-10-30,113.2664758524101,114.38039602323207,113.2664758524101,114.38039602323207,
2015-11-02,114.03469665987353,116.08584621580093,114.03469665987353,116.08584621580093,
2015-11-03,116.76956273444337,117.79129640836976,114.718413178516,115.6249137313228,
2015-11-04,115.74014685244238,115.74782906051695,115.06411254187452,115.42517632138237,
2015-11-05,114.03469665987353,114.38039602323207,114.03469665987353,114.18065861329154,
2015-11-06,114.03469665987353,114.38039602323207,114.03469665987353,114.38039602323207,
2015-11-09,113.69667950458957,114.03469665987353,113.38939118160424,113.69667950458957,
2015-11-10,112.67494583066319,113.69667950458957,111.99122931202076,113.63522183999251,
2015-11-11,111.99122931202076,111.99122931202076,111.99122931202076,113.63522183999251,
2015-11-12,111.64552994866223,113.35098014123108,109.25636323745088,111.14618642381096,
2015-11-13,111.10009317536316,112.32924646730469,108.94907491446554,109.90166871572019,
2015-11-16,109.25636323745088,110.96181343001973,108.81079516912209,110.78512264430317,
2015-11-17,109.29477427782406,110.96181343001973,105.84546285231319,108.51887126228597,
2015-11-18,107.81210811941963,108.57264671880844,107.55091304488205,108.13476085855429,
2015-11-19,107.58164187718057,109.94007975609338,107.58164187718057,108.68787983992793,
2015-11-20,109.25636323745088,110.96181343001973,109.25636323745088,110.01690183683972,
2015-11-23,110.2857791194519,110.45478769709386,109.25636323745088,109.27172765360018,
2015-11-24,108.91834608216695,109.17185894862993,108.57264671880844,108.58801113495771,
2015-11-25,107.72760383059861,107.88893020016597,106.55990820325424,107.55091304488205,
2015-11-26,107.55859525295668,107.55859525295668,106.52917937095565,106.52917937095565,
2015-11-27,106.52917937095565,107.55091304488205,106.52917937095565,107.55091304488205,
2015-11-30,107.55091304488205,107.55091304488205,104.81604697031219,104.81604697031219,
2015-12-01,105.16174633367072,105.4997634889547,104.81604697031219,105.43062361628299,
2015-12-02,104.81604697031219,105.83778064423855,101.06712942989057,105.4997634889547,
2015-12-03,104.14001265974436,105.48439907280539,103.19510106656432,105.48439907280539,
2015-12-04,105.16174633367072,107.55091304488205,105.16174633367072,105.84546285231319,
2015-12-07,104.81604697031219,104.81604697031219,102.11190972804089,103.25655873116138,
2015-12-08,102.54979558829504,104.81604697031219,102.54979558829504,104.20147032434143,
2015-12-09,105.15406412559608,105.84546285231319,104.15537707589364,104.23988136471462,
2015-12-10,104.20147032434143,104.4780298150283,103.8788175852068,104.14001265974436,
2015-12-11,104.15537707589364,109.34854973434652,105.46903465665615,109.34854973434652,
2015-12-14,110.6161140666612,110.6161140666612,104.56253410384926,105.41525920013369,
2015-12-15,107.21289588959814,107.21289588959814,102.42688025910088,104.20147032434143,
2015-12-16,104.14001265974436,108.37290930886795,104.14001265974436,107.33581121879226,
2015-12-17,108.57264671880844,109.25636323745088,105.9299671411342,108.75701971259964,
2015-12-18,107.55091304488205,109.08735465980897,107.55091304488205,108.12707865047965,
2015-12-21,107.21289588959814,108.2346295635245,107.21289588959814,108.2346295635245,
2015-12-22,108.57264671880844,108.57264671880844,107.55091304488205,108.40363814116651,
2015-12-23,107.88893020016597,108.13476085855429,107.88893020016597,107.91197682438985,
2015-12-28,107.99648111321088,108.71092646415183,107.8966124082406,108.34986268464402,
2015-12-29,104.81604697031219,107.55859525295668,104.81604697031219,106.206526631821,
2015-12-30,106.0836113026269,107.55091304488205,106.04520026225369,107.55091304488205,
2015-12-31,108.22694735544987,108.22694735544987,108.22694735544987,108.22694735544987,
2016-01-04,106.18348000759711,106.04520026225369,106.01447142995518,106.04520026225369,
2016-01-05,105.4997634889547,105.84546285231319,102.42688025910088,105.83778064423855,
2016-01-06,106.90560756661276,107.55091304488205,106.86719652623957,107.05925172810544,
2016-01-07,107.54323083680744,107.55091304488205,104.14001265974436,105.74559414734296,
2016-01-08,105.84546285231319,107.38190446724006,104.81604697031219,107.17448484922494,
2016-01-11,105.84546285231319,108.54191788650988,105.84546285231319,106.46003949828395,
2016-01-12,105.84546285231319,106.87487873431421,105.84546285231319,105.84546285231319,
2016-01-13,105.87619168461173,105.87619168461173,105.16174633367072,105.16174633367072,
2016-01-14,104.14001265974436,104.14001265974436,99.89943380254613,100.12221783671058,
2016-01-15,101.86607906965257,102.41919805102627,95.94309664410942,98.67028051060466,
2016-01-18,93.89194708818204,97.31052968139436,93.89194708818204,97.31052968139436,
2016-01-19,102.08886310381695,102.17336739263793,99.01597987396318,99.54605223111298,
2016-01-20,99.01597987396318,99.39240806962027,99.01597987396318,99.1849884516052,
2016-01-21,100.69070123423349,100.38341291124812,98.02497503233533,98.95452220936613,
2016-01-22,100.69070123423349,100.38341291124812,98.16325477767877,98.54736518141048,
2016-01-25,99.01597987396318,99.01597987396318,97.31052968139436,97.4795382590363,
2016-01-26,98.87770012861978,97.66391125282753,97.57940696400657,97.57940696400657,
2016-01-27,97.31052968139436,98.36299218761927,96.88032602921481,96.88032602921481,
2016-01-29,97.64854683667828,101.7201171162345,96.62681316275186,101.7201171162345,
2016-02-01,102.42688025910088,104.81604697031219,102.42688025910088,104.14001265974436,
2016-02-02,102.42688025910088,103.45629614110189,101.75084594853304,102.77257962245943,
2016-02-03,102.54211338022039,103.64066913489313,102.08886310381695,103.25655873116138,
2016-02-04,102.78794403860873,103.11059677774335,102.42688025910088,102.52674896407116,
2016-02-08,103.02609248892237,103.45629614110189,102.46529129947405,102.94158820010139,
2016-02-09,103.4178851007287,102.42688025910088,102.15800297648866,102.15800297648866,
2016-02-10,103.78663108831117,103.78663108831117,103.78663108831117,102.15800297648866,
2016-02-11,101.74316374045844,102.08886310381695,100.72143006653206,100.72143006653206,
2016-02-12,99.78420068142664,99.78420068142664,99.01597987396318,99.01597987396318,
2016-02-15,100.72143006653206,101.06712942989057,100.72143006653206,100.72143006653206,
2016-02-16,100.55242148889006,100.55242148889006,97.84060203854412,98.04033944848463,
2016-02-17,97.5947713801558,98.33226335532072,97.31052968139436,98.33226335532072,
2016-02-18,98.33226335532072,98.34762777147,98.33226335532072,98.33226335532072,
2016-02-19,98.33226335532072,98.67028051060466,96.62681316275186,98.33226335532072,
2016-02-22,98.36299218761927,103.11059677774335,97.31052968139436,101.75084594853304,
2016-02-23,99.69969639260566,99.69969639260566,98.36299218761927,98.36299218761927,
2016-02-24,99.01597987396318,99.69969639260566,99.1849884516052,99.1849884516052,
2016-02-25,99.01597987396318,99.3539970292471,99.01597987396318,99.3539970292471,
2016-02-26,99.69969639260566,101.06712942989057,99.69969639260566,101.06712942989057,
2016-02-29,102.25787168145892,102.25787168145892,99.69969639260566,99.69969639260566,
2016-03-01,99.69969639260566,99.69969639260566,99.69969639260566,99.69969639260566,
2016-03-02,99.69969639260566,99.79188288950127,99.69969639260566,99.79188288950127,
2016-03-03,99.69969639260566,99.69969639260566,99.69969639260566,99.69969639260566,
2016-03-04,99.71506080875496,101.40514658517448,99.71506080875496,101.40514658517448,
2016-03-07,100.72143006653206,100.72143006653206,100.72143006653206,100.72143006653206,
2016-03-08,102.42688025910088,102.42688025910088,100.03771354788958,101.03640059759203,
2016-03-09,100.72143006653206,100.72143006653206,100.72143006653206,100.72143006653206,
2016-03-10,102.3423759702799,102.3423759702799,100.38341291124812,100.38341291124812,
2016-03-11,100.72143006653206,100.72143006653206,100.38341291124812,100.38341291124812,
2016-03-14,100.3987773273974,101.71243490815988,100.38341291124812,100.3987773273974,
2016-03-15,100.38341291124812,100.42182395162129,100.38341291124812,100.39109511932278,
2016-03-16,102.08886310381695,102.08886310381695,101.91217231810036,101.91217231810036,
2016-03-17,101.40514658517448,101.40514658517448,101.23613800753255,101.23613800753255,
2016-03-18,101.74316374045844,102.84171949513116,101.23613800753255,101.74316374045844,
2016-03-21,101.06712942989057,101.74316374045844,101.06712942989057,101.74316374045844,
2016-03-22,102.08886310381695,102.42688025910088,102.08886310381695,102.35774038642917,
2016-03-24,102.08886310381695,102.42688025910088,101.919854526175,101.97362998269746,
2016-03-25,102.08886310381695,104.81604697031219,101.74316374045844,102.77257962245943,
2016-03-28,103.11059677774335,103.11059677774335,102.08886310381695,102.08886310381695,
2016-03-29,105.84546285231319,107.18984926537424,102.77257962245943,107.18984926537424,
2016-03-30,108.48814242998745,112.55203050146902,107.88893020016597,112.55203050146902,
2016-03-31,114.38039602323207,118.17540681210146,112.67494583066319,118.17540681210146,
2016-04-01,119.50442880901326,122.23161267550849,119.50442880901326,120.28033182455128,
2016-04-04,118.82071229037071,120.18046311958103,116.25485479344289,116.5775075325775,
2016-04-05,116.08584621580093,116.08584621580093,113.01296298594714,113.01296298594714,
2016-04-06,112.67494583066319,114.38039602323207,112.67494583066319,114.38039602323207,
2016-04-07,115.05643033379992,115.05643033379992,115.05643033379992,115.05643033379992,
2016-04-08,112.67494583066319,114.38039602323207,112.67494583066319,114.318938358635,
2016-04-11,112.69031024681249,112.84395440830517,112.69031024681249,112.84395440830517,
2016-04-12,112.67494583066319,112.67494583066319,110.96181343001973,110.96181343001973,
2016-04-13,109.94007975609338,109.94007975609338,109.60206260080939,109.60206260080939,
2016-04-14,109.29477427782406,109.94007975609338,107.88893020016597,109.90935092379482,
2016-04-15,108.10403202625575,110.93108459772118,108.10403202625575,108.54191788650988,
2016-04-18,108.2346295635245,110.2857791194519,108.2346295635245,109.94007975609338,
2016-04-19,109.94007975609338,109.94007975609338,107.55091304488205,107.88893020016597,
2016-04-20,105.84546285231319,105.88387389268638,104.14001265974436,105.4997634889547,
2016-04-21,102.42688025910088,104.17074149204291,100.2451331659047,100.90580306032327,
2016-04-22,102.42688025910088,103.17973665041505,102.42688025910088,102.42688025910088,
2016-04-25,102.77257962245943,102.77257962245943,101.06712942989057,102.42688025910088,
2016-04-26,101.06712942989057,102.73416858208626,101.06712942989057,102.73416858208626,
2016-04-27,101.919854526175,102.74953299823554,101.919854526175,102.42688025910088,
2016-04-28,102.77257962245943,102.77257962245943,100.72143006653206,102.76489741438479,
2016-04-29,101.61256620318964,101.74316374045844,101.61256620318964,101.61256620318964,
2016-05-02,101.43587541747303,102.08886310381695,101.06712942989057,102.08886310381695,
2016-05-03,100.72143006653206,101.74316374045844,100.38341291124812,101.06712942989057,
2016-05-04,98.33226335532072,102.08886310381695,98.33226335532072,101.98899439884671,
2016-05-05,100.38341291124812,100.72911227460669,100.03771354788958,100.3987773273974,
2016-05-06,99.01597987396318,100.03771354788958,99.01597987396318,99.45386573421736,
2016-05-09,99.01597987396318,100.03771354788958,98.77783142364956,98.97756883359004,
2016-05-10,99.01597987396318,99.01597987396318,97.99424620003684,98.27080569072366,
2016-05-11,99.00061545781395,103.18741885848969,98.67028051060466,102.07349868766774,
2016-05-12,103.21814769078824,103.21814769078824,100.04539575596421,100.29890862242713,
2016-05-13,99.56141664726226,101.06712942989057,99.39240806962027,99.57678106341149,
2016-05-16,99.53068781496368,100.72143006653206,99.53068781496368,100.07612458826276,
2016-05-17,99.26949274042613,100.60619694541252,99.01597987396318,99.25412832427686,
2016-05-18,99.53068781496368,100.66765461000958,99.53068781496368,100.19135770938226,
2016-05-19,99.37704365347102,100.55242148889006,99.3539970292471,100.26049758205396,
2016-05-20,99.86870497024762,100.20672212553156,99.53068781496368,99.77651847335198,
2016-05-23,99.3539970292471,100.03771354788958,99.3539970292471,99.69969639260566,
2016-05-24,99.69969639260566,101.06712942989057,99.46154794229199,101.04408280566668,
2016-05-25,100.38341291124812,100.38341291124812,99.69969639260566,99.8840693863969,
2016-05-26,99.53068781496368,102.0504520634438,99.53068781496368,100.7367944826813,
2016-05-27,100.72143006653206,101.55879074666717,99.93784484291932,100.13758225285979,
2016-05-30,100.72143006653206,100.72143006653206,99.71506080875496,99.89943380254613,
2016-05-31,100.48328161621838,100.72143006653206,99.90711601062078,100.44487057584521,
2016-06-01,99.97625588329251,100.37573070317346,99.94552705099396,100.01466692366566,
2016-06-02,99.96857367521785,100.37573070317346,99.95320925906861,99.96089146714323,
2016-06-03,100.37573070317346,100.51401044851693,99.96857367521785,100.19903991745691,
2016-06-06,99.20035286775442,100.34500187087497,99.20035286775442,100.34500187087497,
2016-06-07,99.53068781496368,100.38341291124812,99.3539970292471,99.73810743297884,
2016-06-08,99.90711601062078,99.90711601062078,99.42313690191882,99.69969639260566,
2016-06-09,99.59214547956074,99.8840693863969,99.3539970292471,99.73042522490417,
2016-06-10,99.01597987396318,99.01597987396318,98.5012719329627,99.01597987396318,
2016-06-13,98.33226335532072,98.33226335532072,95.86627456336308,96.54999108200553,
2016-06-14,96.71131745157285,97.98656399196217,95.94309664410942,96.93410148573726,
2016-06-15,97.31052968139436,97.99424620003684,96.97251252611045,97.33357630561825,
2016-06-16,97.31052968139436,98.14789036152952,97.31052968139436,97.31052968139436,
2016-06-17,99.01597987396318,99.01597987396318,96.97251252611045,97.10311006337926,
2016-06-20,95.59739728075088,97.31052968139436,95.59739728075088,96.96483031803582,
2016-06-21,95.65117273727331,96.96483031803582,95.65117273727331,96.79582174039385,
2016-06-22,95.94309664410942,97.31052968139436,95.7356770260943,97.31052968139436,
2016-06-23,97.31052968139436,97.99424620003684,97.31052968139436,97.99424620003684,
2016-06-24,97.47185605096169,97.47185605096169,95.70494819379577,96.22733834287094,
2016-06-27,95.77408806646746,96.25038496709482,95.59739728075088,96.25038496709482,
2016-06-28,95.25938012546696,95.25938012546696,93.89962929625666,94.40665502918253,
2016-06-29,94.92136297018307,96.11210522175139,94.92136297018307,96.11210522175139,
2016-06-30,96.31952483976654,96.31952483976654,95.94309664410942,95.94309664410942,
2016-07-04,95.95846106025867,97.31052968139436,95.66653715342258,95.94309664410942,
2016-07-11,93.38492135525615,98.3245811472461,97.64086462860364,98.29385231494757,
2016-07-12,98.33226335532072,99.00829766588856,97.90205970314119,97.96351736773826,
2016-07-13,95.63580832112405,98.84697129632123,97.31052968139436,97.99424620003684,
2016-07-14,96.62681316275186,100.03771354788958,96.62681316275186,97.97119957581292,
2016-07-15,98.33226335532072,98.33226335532072,96.12746963790063,96.37330029628896,
2016-07-18,95.97382547640797,96.28111379939335,95.29010895776551,95.70494819379577,
2016-07-19,95.62044390497478,95.94309664410942,95.3362022062133,95.56666844845236,
2016-07-20,95.27474454161623,96.45780458510991,95.25938012546696,95.59739728075088,
2016-07-21,95.27474454161623,96.65754199505041,94.93672738633231,95.08268933975036,
2016-07-22,93.93035812855521,95.90468560373625,94.58334581489912,94.82917647328743,
2016-07-25,96.4501223770353,96.4501223770353,92.18649689561317,92.50914963474783,
2016-07-26,92.7012048366137,94.39129061303326,93.72293851054008,94.18387099501815,
2016-07-27,93.89194708818204,94.56029919067525,93.55392993289813,93.56161214097276,
2016-07-28,93.20823056953955,93.20823056953955,92.18649689561317,92.24795456021026,
2016-07-29,88.77559651047551,92.18649689561317,88.77559651047551,91.97139506952342,
2016-08-01,93.07763303227077,93.09299744842008,91.6948355788366,91.84847974032925,
2016-08-02,91.84847974032925,91.84847974032925,91.50278037697072,91.63337791423952,
2016-08-03,92.00212390182197,94.23764645154058,92.00212390182197,93.66916305401764,
2016-08-04,94.22996424346594,95.16719362857134,93.94572254470445,94.38360840495862,
2016-08-05,93.55392993289813,93.89194708818204,93.55392993289813,93.89194708818204,
2016-08-08,93.93035812855521,94.06095566582398,93.55392993289813,94.03022683352548,
2016-08-09,94.22996424346594,95.1057359639743,93.58465876519665,95.04427829937718,
2016-08-10,94.06095566582398,94.88295192980988,93.89194708818204,93.92267592048056,
2016-08-11,93.89194708818204,93.89194708818204,92.547560675121,92.87021341425563,
2016-08-12,92.46305638630002,93.55392993289813,92.46305638630002,92.87021341425563,
2016-08-15,93.20823056953955,94.5756636068245,93.20823056953955,93.90731150433128,
2016-08-16,94.23764645154058,98.60114063793291,94.1992354111674,98.60114063793291,
2016-08-17,101.06712942989057,103.5254360137736,99.4922767745905,103.5254360137736,
2016-08-18,103.79431329638581,107.21289588959814,103.79431329638581,105.76864077156684,
2016-08-19,106.86719652623957,106.86719652623957,103.79431329638581,105.11565308522293,
2016-08-22,105.84546285231319,105.16174633367072,105.16174633367072,104.9082334672078,
2016-08-23,103.6329869268185,103.6329869268185,99.86870497024762,101.44355762554768,
2016-08-24,101.40514658517448,104.4780298150283,100.72143006653206,103.70980900756481,
2016-08-25,103.80967771253508,107.17448484922494,103.79431329638581,104.8390935945361,
2016-08-26,103.47166055725116,106.52917937095565,102.08886310381695,103.41020289265411,
2016-08-29,103.25655873116138,105.4997634889547,102.85708391128043,104.15537707589364,
2016-08-30,99.69969639260566,102.42688025910088,98.94684000129149,100.74447669075592,
2016-08-31,99.01597987396318,100.72143006653206,98.34762777147,98.89306454476902,
2016-09-01,99.52300560688909,100.38341291124812,98.67028051060466,99.59214547956074,
2016-09-02,98.38603881184315,100.89043864417401,98.38603881184315,100.03771354788958,
2016-09-05,100.69838344230816,100.69838344230816,98.69332713482854,98.7240559671271,
2016-09-06,97.68695787705144,100.03771354788958,97.68695787705144,99.69969639260566,
2016-09-07,99.69969639260566,104.14001265974436,99.69969639260566,103.17205444234042,
2016-09-08,103.11059677774335,104.05550837092338,102.42688025910088,103.18741885848969,
2016-09-09,102.42688025910088,108.34986268464402,102.42688025910088,108.34986268464402,
2016-09-15,110.96181343001973,111.95281827164757,107.88893020016597,110.45478769709386,
2016-09-16,110.96181343001973,115.9706130946814,110.62379627473584,115.9706130946814,
2016-09-19,117.7605675760712,120.518480274865,117.10757988972726,118.82839449844539,
2016-09-20,120.18046311958103,120.18046311958103,115.40981190523308,117.72983874377263,
2016-09-21,117.45327925308578,117.45327925308578,111.8452673586027,113.02832740209635,
2016-09-22,113.35866234930563,115.74782906051695,113.35866234930563,114.44185368782911,
2016-09-23,111.30751279337827,114.549404600874,111.30751279337827,114.38039602323207,
2016-09-26,110.96181343001973,120.0959588307601,110.96181343001973,119.18177606987864,
2016-09-27,121.20987900158205,122.57731203886699,117.7989786164444,118.92058099534106,
2016-09-28,117.79129640836976,119.84244596429716,113.35866234930563,114.25748069403788,
2016-09-29,115.40212969715843,117.19976638662287,112.69031024681249,112.69031024681249,
2016-09-30,114.71073097044133,115.40212969715843,112.67494583066319,114.38039602323207,
2016-10-03,115.06411254187452,115.40212969715843,115.06411254187452,115.2484855356658,
2016-10-04,114.38039602323207,114.38039602323207,113.35866234930563,113.64290404806715,
2016-10-05,112.67494583066319,115.91683763815897,112.46752621264812,112.75176791140959,
2016-10-06,111.30751279337827,115.40212969715843,111.30751279337827,114.52635797665012,
2016-10-07,113.79350689426056,117.03169096954147,112.58499800492132,113.46813911636154,
2016-10-10,111.89552818984953,116.37320856188863,111.89552818984953,113.50687337563524,
2016-10-13,112.61598541234024,113.96393763506484,112.61598541234024,113.1969993014457,
2016-10-14,111.72509744904528,113.27446781999308,111.72509744904528,112.08145263436326,
2016-10-17,111.89552818984953,111.89552818984953,108.51015392932858,109.81937189277951,
2016-10-18,109.81937189277951,109.81937189277951,107.44108837337464,108.33197633666961,
2016-10-19,107.76645615127364,109.14539578141719,106.21708578032587,107.02275837321872,
2016-10-20,107.11572059547561,108.11506448473692,107.16220170660404,107.51081004006728,
2016-10-21,107.03050522507345,107.11572059547561,105.38817263186878,105.91495855799104,
2016-10-24,104.32685392776956,106.0466550395216,101.56897466748252,103.80006800164732,
2016-10-25,99.88016096314942,103.28877577923454,98.64066466639116,101.23586003772874,
2016-10-26,101.94857040836472,102.5993059641628,101.91758300094573,102.37464726037535,
2016-10-27,100.57737763007592,101.6077089267562,101.22811318587397,101.22811318587397,
2016-10-28,99.84917355573043,101.22811318587397,99.5005652222672,100.36821262999794,
2016-10-31,103.28877577923454,103.28877577923454,101.24360688958346,101.406290778533,
2016-11-01,98.48572762929639,105.01632374284132,99.5005652222672,103.28877577923454,
2016-11-02,103.11834503843029,105.69804670605835,103.11834503843029,104.86138670574657,
2016-11-03,104.32685392776956,105.35718522444986,103.28877577923454,105.30295726146669,
2016-11-04,105.85298374315313,106.73612485459337,105.01632374284132,105.85298374315313,
2016-11-07,105.87622429871735,110.16023337438799,105.87622429871735,106.73612485459337,
2016-11-08,106.73612485459337,106.73612485459337,105.35718522444986,105.35718522444986,
2016-11-09,104.30361337220533,105.01632374284132,103.90852392761369,105.01632374284132,
2016-11-10,107.76645615127364,107.76645615127364,105.01632374284132,105.69804670605835,
2016-11-11,105.01632374284132,105.03181744655082,104.32685392776956,104.33460077962431,
2016-11-14,103.6373841126978,103.6373841126978,103.28877577923454,103.28877577923454,
2016-11-15,103.28877577923454,104.32685392776956,103.28877577923454,103.87753652019472,
2016-11-16,103.28877577923454,104.14867633511057,103.28877577923454,103.97824559430632,
2016-11-17,104.06346096470844,104.08670152027267,103.80781485350205,103.92401763132315,
2016-11-18,105.69804670605835,105.69804670605835,103.97824559430632,104.24163855736744,
2016-11-21,103.6373841126978,104.66771540937808,103.6373841126978,103.6373841126978,
2016-11-22,103.97824559430632,104.4972846685738,102.94791429762601,103.0796107791566,
2016-11-23,103.93951133503262,106.69739059531967,102.5993059641628,104.55925948341175,
2016-11-24,105.01632374284132,106.66640318790073,104.32685392776956,104.47404411300963,
2016-11-25,104.32685392776956,104.66771540937808,103.691612075681,104.32685392776956,
2016-11-28,103.6373841126978,105.35718522444986,103.6373841126978,104.4972846685738,
2016-11-29,105.01632374284132,105.3261978170309,104.32685392776956,104.3965755944622,
2016-11-30,104.15642318696533,104.66771540937808,104.14867633511057,104.27262596478641,
2016-12-01,105.18675448364557,107.07698633620188,105.10153911324343,105.28746355775719,
2016-12-02,105.87622429871735,110.55532281897973,106.38751652113017,110.55532281897973,
2016-12-05,112.93360633838456,116.07882819140858,110.55532281897973,116.07882819140858,
2016-12-06,117.72116078461322,121.8812202306081,116.07882819140858,121.8812202306081,
2016-12-07,125.32082245411216,127.9702457884329,125.32082245411216,127.9702457884329,
2016-12-08,133.54797912384493,134.36914542044724,132.2852422715225,134.36914542044724,
2016-12-09,138.40525523676624,138.40525523676624,130.48797264122302,134.0592713462577,
2016-12-13,134.2761831981904,134.2761831981904,129.14776727035326,130.43374467823986,
2016-12-14,129.45764134454274,129.45764134454274,123.94962967582332,127.31951023263485,
2016-12-15,130.21683282630718,130.21683282630718,127.38923189932747,128.2646261589129,
2016-12-16,128.0787017143992,130.24782023372615,127.38923189932747,129.09353930737,
2016-12-19,129.1167798629342,134.2761831981904,129.1167798629342,131.52605078975805,
2016-12-20,131.1077207896022,132.54863523458357,126.70750893611046,127.14907949183055,
2016-12-21,127.39697875118217,128.42731004786248,125.83986152837969,127.66037171424328,
2016-12-22,128.76817152947095,129.80624967800605,125.66943078757537,126.40538171377557,
2016-12-23,129.1167798629342,130.14711115961452,127.38923189932747,127.73784023279067,
2016-12-26,127.38923189932747,127.38923189932747,126.70750893611046,126.80821801022203,
2016-12-27,127.39697875118217,129.45764134454274,127.38923189932747,129.18650152962684,
2016-12-28,129.45764134454274,129.45764134454274,128.0787017143992,128.2026513440751,
2016-12-29,129.1167798629342,129.14776727035326,127.73784023279067,129.07804560366057,
2016-12-30,129.80624967800605,129.80624967800605,129.1167798629342,129.1167798629342,
2017-01-02,127.73784023279067,129.07804560366057,127.73784023279067,129.07804560366057,
2017-01-03,129.1167798629342,130.14711115961452,127.38923189932747,129.38017282599534,
2017-01-04,129.1167798629342,129.78300912244177,128.42731004786248,128.76817152947095,
2017-01-05,133.2458519015101,133.92757486472715,130.14711115961452,132.52539467901937,
2017-01-06,133.2458519015101,134.96565301326214,132.55638208643833,132.75005338280678,
2017-01-09,134.96565301326214,135.79456616171922,132.64159745684046,132.64159745684046,
2017-01-10,132.55638208643833,132.5641289382931,130.83658097468626,131.00701171549056,
2017-01-11,129.14776727035326,132.21552060482983,129.1167798629342,129.49637560381643,
2017-01-12,130.14711115961452,131.86691227136657,129.45764134454274,130.3795167152567,
2017-01-13,129.80624967800605,130.14711115961452,129.1167798629342,129.65131264091121,
2017-01-16,130.48797264122302,131.52605078975805,129.1167798629342,131.3943543082275,
2017-01-17,131.52605078975805,131.52605078975805,128.42731004786248,129.1167798629342,
2017-01-18,128.76817152947095,129.45764134454274,127.38923189932747,129.45764134454274,
2017-01-19,130.8210872709768,130.8210872709768,128.42731004786248,128.42731004786248,
2017-01-20,128.08644856625398,130.83658097468626,128.08644856625398,130.8210872709768,
2017-01-23,130.83658097468626,130.83658097468626,129.28721060373846,129.45764134454274,
2017-01-24,130.83658097468626,135.93400949510448,130.83658097468626,135.91076893954033,
2017-01-25,137.7235322735492,141.16313449705333,137.553101532745,138.8235852369221,
2017-01-26,138.413002088621,138.413002088621,135.48469208752962,135.9804906062329,
2017-01-27,133.2458519015101,142.78222653469373,133.2458519015101,142.44136505308526,
2017-01-30,146.3302846841642,146.3302846841642,138.413002088621,139.17994042224012,
2017-01-31,134.62479153165364,138.06439375515777,132.55638208643833,134.05152449440294,
2017-02-01,136.86363171767317,138.49821745902315,134.62479153165364,137.7235322735492,
2017-02-02,139.78419486690981,140.8222730154448,134.2994237537546,139.4123459778823,
2017-02-03,135.65512282833396,136.5150233842099,134.31491745746408,136.31360523598676,
2017-02-06,134.2761831981904,134.96565301326214,134.2761831981904,134.96565301326214,
2017-02-07,134.62479153165364,134.62479153165364,130.83658097468626,131.38660745637276,
2017-02-08,134.19096782778828,134.198714679643,128.42731004786248,129.21748893704586,
2017-02-09,129.1167798629342,133.41628264231431,129.1167798629342,129.15551412220796,
2017-02-10,129.13227356664373,130.28655449299984,128.76817152947095,128.89986801100153,
2017-02-13,130.14711115961452,130.48797264122302,126.81596486207674,127.64487801053384,
2017-02-14,128.76817152947095,128.76817152947095,126.70750893611046,127.37373819561796,
2017-02-15,127.38923189932747,127.38923189932747,125.66943078757537,125.68492449128495,
2017-02-16,125.66943078757537,129.1167798629342,123.94962967582332,127.38923189932747,
2017-02-17,127.38923189932747,128.00898004770656,123.94962967582332,125.66943078757537,
2017-02-20,126.01803912103865,126.35890060264717,122.22982856407128,124.07357930549918,
2017-02-21,122.91929837914306,122.91929837914306,122.22982856407128,122.22982856407128,
2017-02-22,123.94962967582332,127.38923189932747,121.19175041553626,121.27696578593842,
2017-02-23,121.8812202306081,122.91929837914306,121.36992800819527,121.88896708246281,
2017-02-24,118.78247948871248,120.51002745231929,118.4416180071039,118.82896059984088,
2017-02-27,117.75214819203218,117.75214819203218,117.06267837696043,117.06267837696043,
2017-02-28,115.34287726520837,121.8812202306081,115.34287726520837,121.16076300811729,
2017-03-01,121.26147208222893,122.05165097141233,119.47194930378423,120.5022806004645,
2017-03-02,121.19175041553626,124.59261837976673,120.85088893392778,120.85088893392778,
2017-03-03,120.51002745231929,120.85088893392778,119.13108782217569,119.64238004458848,
2017-03-06,119.47194930378423,120.51002745231929,119.47194930378423,120.51002745231929,
2017-03-07,119.13108782217569,125.32856930596692,118.78247948871248,122.91929837914306,
2017-03-08,122.91929837914306,123.94962967582332,120.85088893392778,121.02131967473206,
2017-03-09,120.51002745231929,122.22982856407128,120.51002745231929,120.98258541545829,
2017-03-10,120.5022806004645,122.05165097141233,120.5022806004645,121.76501745278699,
2017-03-13,119.13108782217569,119.13108782217569,117.06267837696043,118.00779430323858,
2017-03-14,117.4112867104237,117.55073004380897,117.4112867104237,117.4112867104237,
2017-03-15,119.12334097032095,119.12334097032095,119.12334097032095,119.12334097032095,
2017-03-16,117.06267837696043,117.06267837696043,117.06267837696043,117.06267837696043,
2017-03-17,118.09300967364068,118.09300967364068,118.09300967364068,118.09300967364068,
2017-03-20,117.75214819203218,117.83736356243432,115.42809263561047,115.42809263561047,
2017-03-21,115.68373874681691,115.68373874681691,115.68373874681691,115.68373874681691,
2017-03-22,115.69148559867165,117.06267837696043,115.34287726520837,117.06267837696043,
2017-03-24,116.37320856188863,116.72181689535186,116.37320856188863,116.48941133970972,
2017-03-27,115.51330800601261,115.51330800601261,115.51330800601261,115.51330800601261,
2017-03-28,115.34287726520837,117.01619726583196,115.34287726520837,117.01619726583196,
2017-03-29,115.51330800601261,117.75214819203218,115.34287726520837,117.08591893252465,
2017-03-30,116.03234708028013,117.06267837696043,115.68373874681691,116.72181689535186,
2017-03-31,117.06267837696043,117.06267837696043,113.6230761534563,115.9006505987496,
2017-04-03,115.68373874681691,117.06267837696043,115.38161152448203,117.06267837696043,
2017-04-04,116.37320856188863,116.37320856188863,116.37320856188863,116.37320856188863,
2017-04-05,115.34287726520837,115.38161152448203,113.6230761534563,113.6230761534563,
2017-04-06,111.89552818984953,113.6230761534563,111.89552818984953,113.6230761534563,
2017-04-07,113.6230761534563,113.6230761534563,113.6230761534563,113.6230761534563,
2017-04-10,111.89552818984953,112.58499800492132,111.89552818984953,111.911021893559,
2017-04-11,114.48297670933235,114.48297670933235,110.17572707809747,110.59405707825337,
2017-04-12,111.89552818984953,115.34287726520837,111.89552818984953,112.28287078258646,
2017-04-13,111.89552818984953,112.25188337516752,111.89552818984953,112.01947781952535,
2017-04-14,113.61532930160159,113.6230761534563,113.10403707918879,113.29770837555726,
2017-04-17,112.58499800492132,112.58499800492132,112.24413652331276,112.24413652331276,
2017-04-18,112.24413652331276,113.6230761534563,110.17572707809747,110.17572707809747,
2017-04-19,110.52433541156068,110.52433541156068,110.52433541156068,110.52433541156068,
2017-04-20,111.89552818984953,113.27446781999308,110.17572707809747,113.27446781999308,
2017-04-21,111.89552818984953,115.51330800601261,113.6230761534563,114.05689985732171,
2017-04-24,113.66181041273,115.29639615407993,108.45592596634543,114.99426893174514,
2017-04-25,114.31254596852804,114.31254596852804,114.31254596852804,114.31254596852804,
2017-04-26,113.6230761534563,117.06267837696043,113.6230761534563,114.12662152401435,
2017-04-27,113.96393763506484,113.96393763506484,111.89552818984953,111.89552818984953,
2017-04-28,111.89552818984953,111.89552818984953,110.52433541156068,110.86519689316927,
2017-05-02,111.89552818984953,110.17572707809747,110.17572707809747,110.17572707809747,
2017-05-03,110.17572707809747,110.17572707809747,107.76645615127364,107.76645615127364,
2017-05-04,110.17572707809747,110.17572707809747,110.17572707809747,110.17572707809747,
2017-05-05,110.17572707809747,110.17572707809747,110.17572707809747,110.17572707809747,
2017-05-08,110.17572707809747,110.52433541156068,110.17572707809747,110.52433541156068,
2017-05-09,113.6230761534563,113.6230761534563,112.24413652331276,112.24413652331276,
2017-05-10,116.37320856188863,116.37320856188863,113.6230761534563,113.6230761534563,
2017-05-11,113.6230761534563,113.6230761534563,111.89552818984953,111.89552818984953,
2017-05-12,113.27446781999308,116.72181689535186,111.89552818984953,112.41456726411705,
2017-05-15,112.0737057825085,115.34287726520837,112.0737057825085,114.65340745013657,
2017-05-16,115.34287726520837,115.68373874681691,111.55466670824103,113.07304967176985,
2017-05-17,112.93360633838456,112.93360633838456,112.93360633838456,112.93360633838456,
2017-05-18,112.93360633838456,112.93360633838456,111.6088946712242,111.6088946712242,
2017-05-19,111.55466670824103,112.88712522725609,111.55466670824103,112.88712522725609,
2017-05-22,113.6230761534563,113.6230761534563,113.27446781999308,113.6230761534563,
2017-05-23,113.79350689426056,115.33513041335364,113.6230761534563,114.99426893174514,
2017-05-24,113.6230761534563,113.63856985716579,112.623732264195,112.63147911604972,
2017-05-25,113.57659504232788,114.65340745013657,113.57659504232788,113.6230761534563,
2017-05-26,113.27446781999308,114.31254596852804,113.27446781999308,114.31254596852804,
2017-05-29,110.86519689316927,112.89487207911085,110.17572707809747,111.64762893049789,
2017-05-30,110.90393115244294,110.90393115244294,110.86519689316927,110.86519689316927,
2017-06-01,108.49466022561914,108.8897496702108,108.45592596634543,108.75030633682552,
2017-06-02,103.31201633479877,106.73612485459337,103.31201633479877,105.87622429871735,
2017-06-05,105.01632374284132,106.38751652113017,105.01632374284132,105.01632374284132,
2017-06-06,105.01632374284132,106.51146615080596,105.01632374284132,106.51146615080596,
2017-06-07,106.49597244709648,106.49597244709648,106.49597244709648,106.49597244709648,
2017-06-08,105.73678096533206,107.71997504014523,105.73678096533206,106.73612485459337,
2017-06-12,101.39854392667822,103.46695337189355,101.39854392667822,103.28877577923454,
2017-06-13,103.28877577923454,103.28877577923454,103.28877577923454,103.28877577923454,
2017-06-14,103.28877577923454,103.28877577923454,103.28877577923454,103.28877577923454,
2017-06-15,106.0466550395216,106.0466550395216,103.35849744592718,103.35849744592718,
2017-06-19,99.84917355573043,99.84917355573043,98.81884225905019,98.81884225905019,
2017-06-20,99.84917355573043,99.84917355573043,93.88409762758144,94.13199688693312,
2017-06-21,94.6897702204743,94.6897702204743,89.52262003336342,89.52262003336342,
2017-06-22,93.65169207193927,93.99255355354778,92.9622222568675,93.99255355354778,
2017-06-29,93.99255355354778,93.99255355354778,92.9622222568675,92.9622222568675,
2017-06-30,93.31083059033075,93.31083059033075,93.30308373847605,93.30308373847605,
2017-07-03,95.37149318369134,95.37149318369134,91.93189096018725,91.93189096018725,
2017-07-04,91.24242114511547,93.04743762726963,89.7782661445698,93.00870336799595,
2017-07-05,92.2804992936505,92.99320966428648,89.55360744078237,91.93189096018725,
2017-07-06,91.58328262672397,91.58328262672397,91.58328262672397,91.58328262672397,
2017-07-07,91.58328262672397,91.58328262672397,91.41285188591974,91.41285188591974,
2017-07-10,94.68202336861957,95.96025392465148,94.34116188701105,95.34825262812711,
2017-07-11,95.03063170208281,95.03063170208281,94.85245410942382,94.86020096127855,
2017-07-12,95.89053225795884,99.60127429637879,95.89053225795884,99.60127429637879,
2017-07-13,104.32685392776956,104.58250003897594,101.56897466748252,103.28877577923454,
2017-07-14,104.32685392776956,105.35718522444986,104.32685392776956,104.32685392776956,
2017-07-17,108.40944485521699,108.40944485521699,105.35718522444986,105.35718522444986,
2017-07-18,106.38751652113017,106.73612485459337,106.38751652113017,106.73612485459337,
2017-07-19,108.45592596634543,108.45592596634543,106.72063115088393,106.72063115088393,
2017-07-20,106.73612485459337,106.73612485459337,103.28877577923454,103.28877577923454,
2017-07-25,103.28877577923454,103.28877577923454,103.28877577923454,103.28877577923454,
2017-07-27,103.28877577923454,103.28877577923454,102.25844448255424,102.25844448255424,
2017-07-28,99.84917355573043,105.01632374284132,98.8498296664691,104.62123429824966,
2017-07-31,106.73612485459337,107.42559466966513,106.0466550395216,106.68964374346496,
2017-08-01,106.73612485459337,106.73612485459337,105.01632374284132,105.01632374284132,
2017-08-02,105.01632374284132,106.38751652113017,103.6373841126978,105.87622429871735,
2017-08-03,105.35718522444986,105.35718522444986,104.32685392776956,104.35009448333379,
2017-08-04,105.01632374284132,105.35718522444986,105.01632374284132,105.35718522444986,
2017-08-07,105.69804670605835,105.7057935579131,105.69804670605835,105.69804670605835,
2017-08-08,105.01632374284132,105.01632374284132,104.32685392776956,104.32685392776956,
2017-08-09,105.01632374284132,105.35718522444986,105.01632374284132,105.35718522444986,
2017-08-10,105.35718522444986,105.35718522444986,105.35718522444986,105.35718522444986,
2017-08-11,105.01632374284132,105.01632374284132,103.28877577923454,103.28877577923454,
2017-08-15,104.32685392776956,105.01632374284132,103.29652263108929,103.46695337189355,
2017-08-16,103.28877577923454,103.28877577923454,103.28877577923454,103.28877577923454,
2017-08-17,106.73612485459337,108.45592596634543,106.73612485459337,108.45592596634543,
2017-08-18,113.87872226466266,113.87872226466266,113.87872226466266,113.87872226466266,
2017-08-21,118.4416180071039,119.57265837789588,113.6230761534563,119.57265837789588,
2017-08-22,125.52998745419006,125.52998745419006,114.48297670933235,117.4422741178426,
2017-08-23,118.75149208129349,121.54035874899954,118.4416180071039,118.82896059984088,
2017-08-24,118.78247948871248,118.78247948871248,113.6230761534563,115.33513041335364,
2017-08-25,113.6230761534563,120.85088893392778,109.83486559648894,120.47129319304553,
2017-08-28,120.51002745231929,121.8812202306081,120.47129319304553,120.51002745231929,
2017-08-29,120.51002745231929,121.8812202306081,120.51002745231929,120.51002745231929,
2017-08-30,121.85023282318912,121.85023282318912,120.51002745231929,120.51002745231929,
2017-08-31,126.35890060264717,126.35890060264717,121.19175041553626,121.19175041553626,
2017-09-05,120.85088893392778,120.85088893392778,120.51002745231929,120.51002745231929,
2017-09-06,120.51002745231929,120.8199015265088,120.51002745231929,120.57200226715716,
2017-09-07,120.51002745231929,120.51002745231929,120.51002745231929,120.51002745231929,
2017-09-08,120.51002745231929,120.59524282272137,120.51002745231929,120.59524282272137,
2017-09-11,120.51002745231929,121.36992800819527,120.51002745231929,120.51002745231929,
2017-09-12,120.51002745231929,122.22982856407128,120.51002745231929,120.51002745231929,
2017-09-13,120.51002745231929,120.54101485973818,120.51002745231929,120.51002745231929,
2017-09-14,120.51002745231929,122.19109430479762,120.51002745231929,120.51002745231929,
2017-09-15,120.51002745231929,120.51002745231929,120.51002745231929,120.51002745231929,
2017-09-18,120.51002745231929,120.51002745231929,120.51002745231929,120.51002745231929,
2017-09-19,120.51002745231929,122.2220817122166,120.51002745231929,122.2220817122166,
2017-09-20,122.74112078648406,122.74112078648406,121.9664356010102,122.2220817122166,
2017-09-21,120.85088893392778,121.19175041553626,120.16141911885602,120.51002745231929,
2017-09-22,120.85088893392778,120.85088893392778,119.9909883780517,119.9909883780517,
2017-09-25,120.51002745231929,120.51002745231929,117.06267837696043,117.06267837696043,
2017-10-02,113.6230761534563,113.6230761534563,113.6230761534563,113.6230761534563,
2017-10-03,111.94975615283266,111.94975615283266,111.94975615283266,111.94975615283266,
2017-10-05,107.07698633620188,107.07698633620188,107.07698633620188,107.07698633620188,
2017-10-09,107.42559466966513,107.42559466966513,107.42559466966513,107.42559466966513,
2017-10-10,103.80781485350205,103.80781485350205,103.80781485350205,103.80781485350205,
2017-10-11,108.99820559617714,108.99820559617714,108.99820559617714,108.99820559617714,
2017-10-12,108.45592596634543,108.45592596634543,107.11572059547561,107.94463374393268,
2017-10-13,110.17572707809747,111.2138052266325,110.17572707809747,111.2138052266325,
2017-10-17,107.42559466966513,107.42559466966513,104.32685392776956,104.32685392776956,
2017-10-19,100.01960429653474,109.14539578141719,100.36821262999794,109.14539578141719,
2017-10-20,110.17572707809747,110.17572707809747,110.17572707809747,110.17572707809747,
2017-10-24,107.42559466966513,107.42559466966513,107.42559466966513,107.42559466966513,
2017-10-25,107.77420300312839,107.77420300312839,105.35718522444986,105.44240059485197,
2017-10-26,106.73612485459337,107.42559466966513,106.73612485459337,107.42559466966513,
2017-10-27,107.42559466966513,107.42559466966513,103.98599244616105,106.90655559539765,
2017-11-03,106.73612485459337,109.48625726302572,106.73612485459337,109.14539578141719,
2017-11-06,105.01632374284132,109.48625726302572,105.01632374284132,109.33132022593094,
2017-11-07,106.73612485459337,109.83486559648894,105.69804670605835,109.83486559648894,
2017-11-08,108.45592596634543,108.45592596634543,106.73612485459337,106.73612485459337,
2017-11-09,106.73612485459337,106.77485911386708,105.01632374284132,105.01632374284132,
2017-11-13,103.28877577923454,105.01632374284132,103.28877577923454,105.01632374284132,
2017-11-14,105.01632374284132,108.27774837368642,105.01632374284132,106.31779485443752,
2017-11-15,105.35718522444986,106.73612485459337,105.35718522444986,106.73612485459337,
2017-11-16,105.35718522444986,106.73612485459337,105.35718522444986,106.73612485459337,
2017-11-17,106.73612485459337,107.07698633620188,106.73612485459337,106.73612485459337,
2017-11-20,103.28877577923454,106.73612485459337,103.28877577923454,103.28877577923454,
2017-11-22,105.35718522444986,106.73612485459337,105.35718522444986,106.73612485459337,
2017-11-23,105.01632374284132,105.36493207630458,105.01632374284132,105.35718522444986,
2017-11-28,103.97824559430632,106.73612485459337,103.97824559430632,106.73612485459337,
2017-11-30,105.01632374284132,105.01632374284132,101.91758300094573,104.72969022421597,
2017-12-04,103.97824559430632,103.97824559430632,100.91823911168443,100.91823911168443,
2017-12-05,102.97890170504498,103.29652263108929,102.94791429762601,102.94791429762601,
2017-12-06,105.01632374284132,106.0466550395216,105.01632374284132,105.8219963357342,
2017-12-07,107.42559466966513,111.10534930066613,105.35718522444986,110.12924596696905,
2017-12-08,113.44489856079731,114.99426893174514,113.44489856079731,114.99426893174514,
2017-12-11,117.06267837696043,117.75214819203218,117.06267837696043,117.06267837696043,
2017-12-12,117.06267837696043,117.06267837696043,112.24413652331276,113.6230761534563,
2017-12-13,111.89552818984953,111.89552818984953,111.89552818984953,111.89552818984953,
2017-12-14,110.17572707809747,110.17572707809747,107.76645615127364,107.76645615127364,
2017-12-18,108.45592596634543,108.45592596634543,105.7057935579131,105.7057935579131,
2017-12-19,103.29652263108929,103.29652263108929,103.28877577923454,103.28877577923454,
2017-12-20,103.28877577923454,103.28877577923454,103.28877577923454,103.28877577923454,
2017-12-21,105.01632374284132,105.01632374284132,105.01632374284132,105.01632374284132,
2017-12-22,103.28877577923454,103.28877577923454,103.28877577923454,103.28877577923454,
2017-12-26,103.28877577923454,103.28877577923454,103.28877577923454,103.28877577923454,
2017-12-27,103.28877577923454,103.28877577923454,102.5993059641628,103.28877577923454,
2017-12-28,101.65419003788465,108.45592596634543,101.65419003788465,106.29455429887328,
2017-12-29,108.45592596634543,111.6088946712242,108.45592596634543,111.6088946712242,
2018-01-01,106.0466550395216,106.75161855830287,106.0466550395216,106.0466550395216,
2018-01-02,106.73612485459337,111.34550170816307,100.87950485241073,106.0466550395216,
2018-01-03,109.48625726302572,110.17572707809747,107.42559466966513,107.42559466966513,
2018-01-04,105.4269068911425,105.69804670605835,105.4269068911425,105.69804670605835,
2018-01-08,106.73612485459337,110.86519689316927,106.73612485459337,110.86519689316927,
2018-01-09,105.36493207630458,110.86519689316927,105.36493207630458,110.77998152276713,
2018-01-10,111.89552818984953,111.89552818984953,110.17572707809747,110.17572707809747,
2018-01-11,109.48625726302572,109.48625726302572,109.48625726302572,109.48625726302572,
2018-01-12,108.45592596634543,108.45592596634543,106.73612485459337,106.75161855830287,
2018-01-15,106.0466550395216,107.42559466966513,106.0466550395216,107.42559466966513,
2018-01-16,106.0466550395216,106.0466550395216,102.34365985295639,105.93045226170054,
2018-01-17,105.01632374284132,106.72837800273862,105.01632374284132,106.72063115088393,
2018-01-18,107.07698633620188,107.07698633620188,105.01632374284132,106.0466550395216,
2018-01-19,106.38751652113017,108.79678744795396,106.38751652113017,108.67283781827813,
2018-01-22,106.75161855830287,108.79678744795396,106.73612485459337,107.07698633620188,
2018-01-25,107.07698633620188,107.07698633620188,107.07698633620188,107.07698633620188,
2018-01-26,106.73612485459337,107.5960254104694,106.73612485459337,107.5960254104694,
2018-01-29,104.14867633511057,109.48625726302572,104.14867633511057,105.51212226154459,
2018-01-30,105.35718522444986,105.35718522444986,101.73940540828677,103.03312966802814,
2018-01-31,103.52892818673145,105.34943837259512,103.52892818673145,104.24163855736744,
2018-02-01,104.35784133518855,104.35784133518855,104.35784133518855,104.35784133518855,
2018-02-02,106.0466550395216,106.0466550395216,104.01697985358003,104.14867633511057,
2018-02-06,103.28102892737982,103.28102892737982,103.28102892737982,103.28102892737982,
2018-02-07,103.6373841126978,104.14867633511057,103.29652263108929,103.72259948309994,
2018-02-08,104.83039929832762,104.83039929832762,103.97824559430632,104.32685392776956,
2018-02-09,102.94791429762601,105.01632374284132,102.94791429762601,104.90012096502025,
2018-02-12,104.32685392776956,105.35718522444986,104.32685392776956,105.01632374284132,
2018-02-13,105.01632374284132,105.52761596525411,104.37333503889798,104.92336152058445,
2018-02-14,104.32685392776956,104.32685392776956,104.32685392776956,104.32685392776956,
2018-02-15,101.91758300094573,103.6373841126978,101.91758300094573,103.6373841126978,
2018-02-20,104.32685392776956,108.82002800351815,104.32685392776956,107.83617781796634,
2018-02-21,111.55466670824103,113.2202398570099,110.17572707809747,112.96459374580348,
2018-02-22,111.89552818984953,117.4112867104237,107.76645615127364,116.79928541389933,
2018-02-23,117.06267837696043,117.06267837696043,112.89487207911085,116.76829800648031,
2018-02-26,113.6230761534563,113.6230761534563,110.9349185598619,110.9349185598619,
2018-02-27,105.38817263186878,108.43268541078119,105.38817263186878,105.38817263186878,
2018-02-28,103.6373841126978,103.66837152011675,103.6373841126978,103.6373841126978,
2018-03-01,105.87622429871735,108.45592596634543,105.87622429871735,107.76645615127364,
2018-03-02,106.73612485459337,106.73612485459337,106.73612485459337,106.73612485459337,
2018-03-05,105.0473111502603,105.0473111502603,105.0473111502603,105.0473111502603,
2018-03-06,103.66837152011675,108.45592596634543,102.5993059641628,102.94791429762601,
2018-03-07,103.28877577923454,103.28877577923454,102.25844448255424,102.94016744577127,
2018-03-08,104.66771540937808,102.94791429762601,101.56897466748252,102.34365985295639,
2018-03-09,102.5993059641628,102.5993059641628,101.56897466748252,101.6851774453036,
2018-03-12,101.56897466748252,101.56897466748252,101.56897466748252,101.56897466748252,
2018-03-13,104.32685392776956,104.32685392776956,102.94791429762601,103.28877577923454,
2018-03-14,103.28877577923454,105.69804670605835,103.28877577923454,105.69029985420364,
2018-03-15,106.73612485459337,107.76645615127364,103.46695337189355,103.80781485350205,
2018-03-16,103.46695337189355,103.46695337189355,102.94791429762601,102.94791429762601,
2018-03-19,103.97824559430632,103.97824559430632,103.97824559430632,103.97824559430632,
2018-03-20,104.01697985358003,109.17638318883614,104.01697985358003,107.71222818829048,
2018-03-21,110.17572707809747,110.17572707809747,106.73612485459337,108.1692924477201,
2018-03-22,107.45658207708414,109.48625726302572,107.45658207708414,109.30807967036672,
2018-03-26,111.12084300437566,111.89552818984953,110.17572707809747,110.17572707809747,
2018-03-27,112.0737057825085,110.17572707809747,110.17572707809747,110.17572707809747,
2018-03-28,108.45592596634543,108.45592596634543,108.45592596634543,108.45592596634543,
2018-03-29,108.45592596634543,108.79678744795396,108.45592596634543,108.45592596634543,
2018-03-30,106.73612485459337,106.76711226201232,106.73612485459337,106.73612485459337,
2018-04-02,105.01632374284132,106.73612485459337,101.62320263046567,106.48822559524173,
2018-04-03,105.0473111502603,105.0473111502603,105.0473111502603,105.0473111502603,
2018-04-04,105.0473111502603,107.42559466966513,105.0473111502603,107.340379299263,
2018-04-05,105.90721170613632,105.90721170613632,105.90721170613632,105.90721170613632,
2018-04-06,105.0473111502603,105.45789429856147,105.01632374284132,105.45789429856147,
2018-04-09,106.56569411378914,106.56569411378914,106.56569411378914,106.56569411378914,
2018-04-10,105.18675448364557,106.73612485459337,105.18675448364557,106.72063115088393,
2018-04-11,106.73612485459337,111.88003448614005,106.73612485459337,110.79547522647661,
2018-04-12,110.17572707809747,111.89552818984953,107.52630374377678,107.52630374377678,
2018-04-13,108.45592596634543,108.45592596634543,107.09248003991141,108.45592596634543,
2018-04-16,107.30939189184407,107.30939189184407,107.30939189184407,107.30939189184407,
2018-04-17,108.11506448473692,108.11506448473692,108.11506448473692,108.11506448473692,
2018-04-18,107.76645615127364,107.76645615127364,106.73612485459337,106.73612485459337,
2018-04-19,108.45592596634543,110.17572707809747,108.45592596634543,109.46301670746152,
2018-04-20,112.41456726411705,112.58499800492132,111.89552818984953,112.1046931899275,
2018-04-23,113.6230761534563,115.51330800601261,113.6230761534563,115.00976263545459,
2018-04-24,116.03234708028013,118.61204874790819,116.03234708028013,117.90708522912693,
2018-04-25,118.4416180071039,119.13108782217569,113.6230761534563,119.13108782217569,
2018-04-26,118.09300967364068,118.78247948871248,118.09300967364068,118.78247948871248,
2018-04-30,113.6230761534563,113.69279782014895,113.6230761534563,113.63082300531106,
2018-05-03,118.78247948871248,118.78247948871248,114.75411652424823,114.75411652424823,
2018-05-04,114.99426893174514,114.99426893174514,114.99426893174514,114.99426893174514,
2018-05-07,115.34287726520837,117.37255245114994,115.34287726520837,117.13240004365306,
2018-05-08,117.06267837696043,120.12268485958228,112.93360633838456,119.82830448910222,
2018-05-09,120.47129319304553,120.47129319304553,120.47129319304553,120.47129319304553,
2018-05-10,114.65340745013657,119.9909883780517,114.65340745013657,115.34287726520837,
2018-05-11,119.13108782217569,120.51002745231929,113.6230761534563,113.6230761534563,
2018-05-21,115.34287726520837,115.34287726520837,115.34287726520837,115.34287726520837,
2018-05-22,111.89552818984953,111.89552818984953,109.57147263342789,109.57147263342789,
2018-05-23,106.90655559539765,111.0356276339735,106.90655559539765,111.0356276339735,
2018-05-24,107.42559466966513,109.06018041101508,105.4888817059804,105.57409707638253,
2018-05-25,110.17572707809747,110.17572707809747,103.28877577923454,103.28877577923454,
2018-05-28,105.01632374284132,103.28877577923454,103.28877577923454,103.28877577923454,
2018-05-29,103.28877577923454,103.97824559430632,103.28877577923454,103.28877577923454,
2018-05-30,102.94791429762601,103.97824559430632,99.90340151871364,100.28299725959579,
2018-05-31,103.97824559430632,103.97824559430632,99.84917355573043,101.56897466748252,
2018-06-01,106.0466550395216,106.0466550395216,101.56897466748252,102.02603892691208,
2018-06-06,101.91758300094573,101.91758300094573,101.8478613342531,101.8478613342531,
2018-06-07,101.91758300094573,101.91758300094573,101.22811318587397,101.34431596369504,
2018-06-11,103.28877577923454,103.28877577923454,103.28877577923454,103.28877577923454,
2018-06-12,99.88016096314942,103.28877577923454,103.28877577923454,103.28877577923454,
2018-06-14,103.28877577923454,103.28877577923454,103.28877577923454,103.28877577923454,
2018-06-19,103.28877577923454,103.28877577923454,103.28877577923454,103.28877577923454,
2018-06-20,105.01632374284132,108.45592596634543,103.6373841126978,107.73546874385471,
2018-06-21,106.73612485459337,106.91430244725237,105.74452781718682,106.31779485443752,
2018-06-22,106.73612485459337,108.45592596634543,105.7057935579131,106.73612485459337,
2018-06-25,108.41719170707175,108.42493855892651,108.41719170707175,108.42493855892651,
2018-06-26,108.45592596634543,108.45592596634543,108.11506448473692,108.11506448473692,
2018-06-27,109.8271187446342,109.8271187446342,109.8271187446342,109.8271187446342,
2018-07-03,106.73612485459337,106.73612485459337,106.73612485459337,106.73612485459337,
2018-07-04,106.0466550395216,106.0466550395216,106.0466550395216,106.0466550395216,
2018-07-05,101.56897466748252,103.28877577923454,100.7400615190254,100.7400615190254,
2018-07-06,95.7201015171546,103.28877577923454,95.70460781344508,95.71235466529983,
2018-07-09,96.40182448037162,100.49216225967378,96.40182448037162,99.9576294816968,
2018-07-10,104.66771540937808,104.66771540937808,98.1293724439784,100.0815791113726,
2018-07-13,98.1293724439784,98.1293724439784,97.50962429559928,97.50962429559928,
2018-07-17,99.84917355573043,102.38239411223009,99.84917355573043,102.38239411223009,
2018-07-18,105.69804670605835,106.0466550395216,105.69804670605835,106.0466550395216,
2018-07-19,103.28877577923454,106.73612485459337,103.28877577923454,106.73612485459337,
2018-07-24,103.28877577923454,103.28877577923454,103.28877577923454,103.28877577923454,
2018-07-26,103.28877577923454,103.31201633479877,103.28877577923454,103.28877577923454,
2018-07-27,103.28877577923454,104.14867633511057,103.28877577923454,104.14867633511057,
2018-07-30,99.84917355573043,103.28877577923454,99.84917355573043,103.06411707544707,
2018-07-31,99.84917355573043,101.56897466748252,99.84917355573043,100.87950485241073,
2018-08-01,100.70907411160647,101.56897466748252,100.70907411160647,101.56897466748252,
2018-08-02,98.16035985139735,100.53864337080222,98.1293724439784,100.01185744467996,
2018-08-03,100.19003503733894,103.28877577923454,100.19003503733894,102.93242059391659,
2018-08-06,103.28877577923454,103.28877577923454,103.28877577923454,103.28877577923454,
2018-08-07,102.25844448255424,102.25844448255424,102.25844448255424,102.25844448255424,
2018-08-08,103.28877577923454,103.28877577923454,97.14552225842655,98.39276540703953,
2018-08-09,98.83433596275964,103.28877577923454,93.68267947935821,100.80203633386334,
2018-08-10,99.84917355573043,101.22811318587397,98.5244618885701,101.22811318587397,
2018-08-13,103.28877577923454,103.28877577923454,98.64841151824591,100.09707281508211,
2018-08-15,100.19003503733894,100.19003503733894,99.84917355573043,99.84917355573043,
2018-08-16,99.15970374065867,99.15970374065867,97.09129429544339,97.09129429544339,
2018-08-17,99.84142670387571,99.84142670387571,99.84142670387571,99.84142670387571,
2018-08-20,98.1293724439784,98.81884225905019,98.1293724439784,98.81884225905019,
2018-08-24,102.25844448255424,102.25844448255424,99.84917355573043,99.84917355573043,
2018-08-27,99.84917355573043,104.66771540937808,99.15970374065867,101.85560818610783,
2018-08-28,101.56897466748252,101.56897466748252,98.1293724439784,98.84208281461439,
2018-08-29,98.81884225905019,99.84917355573043,98.81884225905019,99.84917355573043,
2018-08-30,101.56897466748252,101.56897466748252,101.56122781562775,101.56897466748252,
2018-08-31,101.56897466748252,103.28877577923454,101.56897466748252,103.11834503843029,
2018-09-03,101.56897466748252,101.56897466748252,99.84917355573043,100.53864337080222,
2018-09-04,96.40182448037162,99.33013448146295,96.40182448037162,96.85114188794647,
2018-09-05,98.16035985139735,98.8498296664691,98.1293724439784,98.8498296664691,
2018-09-06,99.81043929645676,99.84917355573043,98.1293724439784,98.1293724439784,
2018-09-07,101.56897466748252,102.75424300125756,96.75043281383486,97.76527040680566,
2018-09-10,98.1293724439784,100.53089651894749,98.1293724439784,100.19003503733894,
2018-09-11,101.22036633401922,101.22036633401922,100.87950485241073,101.20487263030977,
2018-09-12,101.56897466748252,101.56897466748252,101.22811318587397,101.22811318587397,
2018-09-13,101.56897466748252,101.56897466748252,101.56897466748252,101.56897466748252,
2018-09-14,102.24295077884479,102.24295077884479,100.19003503733894,100.19003503733894,
2018-09-17,100.19778188919368,101.56897466748252,100.19003503733894,101.56897466748252,
2018-09-18,101.56897466748252,102.25844448255424,101.56897466748252,102.25844448255424,
2018-09-19,102.25844448255424,101.91758300094573,100.53864337080222,101.56897466748252,
2018-09-24,103.28877577923454,103.28877577923454,101.56897466748252,102.5993059641628,
2018-09-25,103.28877577923454,103.28877577923454,101.57672151933726,101.57672151933726,
2018-09-26,102.5993059641628,102.5993059641628,101.91758300094573,102.5993059641628,
2018-09-27,101.73940540828677,101.73940540828677,99.84917355573043,99.84917355573043,
2018-09-28,100.98796077837706,100.98796077837706,99.84917355573043,99.84917355573043,
2018-10-01,99.84917355573043,99.84917355573043,99.84917355573043,99.84917355573043,
2018-10-02,98.81884225905019,98.81884225905019,98.81884225905019,98.81884225905019,
2018-10-03,99.5005652222672,99.84917355573043,98.1293724439784,98.1293724439784,
2018-10-04,97.09129429544339,99.84917355573043,93.2178683680739,93.2178683680739,
2018-10-05,94.14749059064256,94.14749059064256,92.9622222568675,92.9622222568675,
2018-10-08,92.9622222568675,92.9622222568675,88.87188447756532,89.12753058877173,
2018-10-09,89.52262003336342,89.52262003336342,89.0035809590959,89.52262003336342,
2018-10-10,83.88291188311345,92.55163910856635,83.88291188311345,90.73112892270272,
2018-10-11,87.2140581806512,89.73178503344137,87.2140581806512,89.32894873699492,
2018-10-15,85.93582762461928,85.93582762461928,85.93582762461928,85.93582762461928,
2018-10-16,86.76474077307635,86.76474077307635,85.93582762461928,86.01329614316668,
2018-10-17,86.76474077307635,89.99517799650246,86.7415002175121,89.99517799650246,
2018-10-18,88.83315021829164,91.10297781173017,87.17532392137751,90.26631781141838,
2018-10-19,90.48322966335104,90.89381281165218,90.48322966335104,90.89381281165218,
2018-10-22,94.61230170192691,94.61230170192691,90.0726465150499,90.7931037375406,
2018-10-23,92.9622222568675,92.9622222568675,90.0726465150499,90.66140725601007,
2018-10-24,90.89381281165218,91.10297781173017,90.2740646632731,90.28181151512781,
2018-10-25,89.654316514894,93.75240114605089,89.654316514894,90.32054577440152,
2018-10-26,90.0726465150499,94.83696040571436,86.39289188404886,94.16298429435206,
2018-10-29,91.7227259601093,92.55163910856635,90.49097651520579,91.33538336737234,
2018-10-30,90.91705336721644,90.91705336721644,90.21983670028992,90.32829262625627,
2018-10-31,94.19397170177099,94.8447072575691,90.0726465150499,92.64460133082322,
2018-11-01,90.0726465150499,90.8318379968143,88.01198392168935,88.01198392168935,
2018-11-02,88.01198392168935,89.654316514894,86.76474077307635,87.6091476252429,
2018-11-05,88.00423706983459,88.83315021829164,85.15339558729065,87.93451540314192,
2018-11-06,88.41482021813573,88.41482021813573,86.76474077307635,86.77248762493107,
2018-11-07,86.76474077307635,88.58525095894,86.76474077307635,88.41482021813573,
2018-11-08,88.91061873683901,89.0965431813528,88.41482021813573,88.41482021813573,
2018-11-09,89.59234170005607,89.59234170005607,88.41482021813573,88.83315021829164,
2018-11-12,88.41482021813573,88.83315021829164,84.69633132786103,85.37030743922334,
2018-11-13,87.15983021766804,87.17532392137751,86.75699392122159,86.87319669904268,
2018-11-14,86.60205688412685,87.79507206975663,85.15339558729065,86.0985115135688,
2018-11-15,86.76474077307635,86.76474077307635,86.76474077307635,86.0985115135688,
2018-11-16,85.943574476474,87.59365392153342,85.943574476474,87.38448892145544,
2018-11-19,85.52524447631811,87.38448892145544,83.02301132723741,84.10757058690088,
2018-11-20,85.31607947624013,85.68792836526761,84.69633132786103,85.14564873543591,
2018-11-22,85.31607947624013,85.93582762461928,84.29349503141462,84.89000262422951,
2018-11-23,84.69633132786103,85.73440947639607,84.69633132786103,85.17663614285485,
2018-11-26,85.52524447631811,85.52524447631811,83.48007558666706,84.41744466109043,
2018-11-27,84.7040781797158,85.3005857725307,81.02432354871478,81.72154021564128,
2018-11-28,82.73637780861208,83.8519244756945,82.26381984547301,82.45749114184149,
2018-11-29,83.8751650312587,84.69633132786103,83.45683503110283,84.68858447600631,
2018-11-30,86.5555757729984,86.5555757729984,83.04625188280164,83.96812725351556,
2018-12-03,82.21733873434457,80.57500614113992,79.76933354824708,79.76933354824708,
2018-12-04,83.45683503110283,83.45683503110283,78.49884984406987,81.63632484523914,
2018-12-05,81.76802132676971,81.76802132676971,79.94751114090607,80.88488021532949,
2018-12-06,80.15667614098402,81.80675558604341,77.3058346584401,78.95591410349947,
2018-12-07,75.19869095395104,76.44593410256405,75.19869095395104,76.01985725055343,
2018-12-10,79.73834614082813,79.73834614082813,77.67768354746754,77.94107651052866,
2018-12-11,77.96431706609289,78.49884984406987,76.43818725070932,77.22836613989267,
2018-12-12,75.21418465766057,78.49884984406987,75.21418465766057,77.73191151045071,
2018-12-13,78.46011558479618,78.43687502923197,77.25935354731163,77.33682206585902,
2018-12-14,76.84877039901049,79.73834614082813,76.84877039901049,78.70801484414781,
2018-12-17,77.71641780674123,81.49688151185386,79.73834614082813,80.56725928928518,
2018-12-18,78.49884984406987,80.56725928928518,78.49884984406987,80.52077817815675,
2018-12-19,82.63566873450047,82.88356799385214,79.32776299252694,82.69764354933838,
2018-12-20,83.45683503110283,83.68924058674497,82.63566873450047,82.63566873450047,
2018-12-21,82.63566873450047,82.63566873450047,80.56725928928518,80.7299431782347,
2018-12-24,81.80675558604341,83.45683503110283,80.97784243758633,82.21733873434457,
2018-12-26,82.63566873450047,82.63566873450047,80.57500614113992,82.44974428998675,
2018-12-27,83.45683503110283,84.69633132786103,81.80675558604341,82.01592058612137,
2018-12-28,80.60599354855886,82.63566873450047,80.15667614098402,82.22508558619931,
2018-12-31,78.91717984422576,82.62792188264575,78.91717984422576,80.77642428936312,
2019-01-01,81.39617243774224,80.77642428936312,80.77642428936312,80.77642428936312,
2019-01-02,82.58918762337206,80.61374040041362,80.15667614098402,80.49753762259253,
2019-01-03,80.56725928928518,80.56725928928518,80.56725928928518,80.49753762259253,
2019-01-04,81.39617243774224,81.39617243774224,81.39617243774224,80.49753762259253,
2019-01-07,80.56725928928518,80.56725928928518,77.67768354746754,78.40588762181301,
2019-01-08,78.50659669592461,78.5453309551983,78.49884984406987,78.49884984406987,
2019-01-09,78.91717984422576,78.93267354793525,78.49884984406987,78.49884984406987,
2019-01-10,78.49884984406987,78.60730577003623,74.86557632419728,76.6318585470778,
2019-01-11,78.29743169584667,78.49884984406987,78.29743169584667,78.49884984406987,
2019-01-14,76.23676910248611,78.49884984406987,76.23676910248611,78.29743169584667,
2019-01-15,80.15667614098402,80.85389280791054,79.33550984438168,79.33550984438168,
2019-01-16,80.97784243758633,80.97784243758633,79.53692799260489,79.94751114090607,
2019-01-17,79.32776299252694,79.73834614082813,78.49884984406987,79.118597992449,
2019-01-18,79.118597992449,80.90037391903896,78.49884984406987,80.15667614098402,
2019-01-21,78.93267354793525,80.76867743750839,79.92427058534184,80.2728789188051,
2019-01-22,80.15667614098402,81.59759058596543,80.15667614098402,81.39617243774224,
2019-01-23,82.63566873450047,82.63566873450047,81.80675558604341,82.63566873450047,
2019-01-24,82.63566873450047,86.33091706921095,82.63566873450047,84.69633132786103,
2019-01-25,83.8751650312587,84.28574817955989,83.8751650312587,84.21602651286723,
2019-01-28,85.52524447631811,85.52524447631811,82.63566873450047,83.8751650312587,
2019-01-29,82.6821498456289,83.04625188280164,81.79900873418866,82.74412466046682,
2019-01-30,82.73637780861208,84.07658317948193,82.73637780861208,83.80544336456607,
2019-01-31,83.2554168828796,83.2554168828796,83.2554168828796,83.80544336456607,
2019-02-01,83.8751650312587,87.99649021797984,83.8751650312587,86.84220929162375,
2019-02-04,87.6711224400808,89.2437333665928,86.76474077307635,87.11334910653962,
2019-02-06,88.83315021829164,89.6775570704582,87.59365392153342,88.94160614425797,
2019-02-07,88.00423706983459,89.654316514894,88.04297132910827,89.46839207038023,
2019-02-08,89.60783540376555,89.60783540376555,87.59365392153342,88.41482021813573,
2019-02-11,88.41482021813573,88.41482021813573,86.76474077307635,86.76474077307635,
2019-02-12,87.59365392153342,88.41482021813573,86.76474077307635,88.15142725507464,
2019-02-13,88.83315021829164,89.2437333665928,88.04297132910827,88.83315021829164,
2019-02-14,87.59365392153342,88.00423706983459,87.59365392153342,88.00423706983459,
2019-02-15,88.41482021813573,88.41482021813573,85.52524447631811,86.05977725429508,
2019-02-18,85.943574476474,85.52524447631811,84.28574817955989,84.28574817955989,
2019-02-19,86.76474077307635,86.76474077307635,82.63566873450047,84.00686151278929,
2019-02-20,83.04625188280164,84.28574817955989,81.02432354871478,81.86873040088133,
2019-02-21,85.51749762446337,84.905496327939,82.38776947514883,82.63566873450047,
2019-02-22,82.21733873434457,82.21733873434457,80.97784243758633,81.582096882256,
2019-02-25,82.46523799369623,82.46523799369623,81.3884255858875,81.45814725258015,
2019-02-26,78.08826669576871,82.21733873434457,78.08826669576871,79.18831965914165,
2019-02-27,77.25935354731163,80.14892928912928,75.22967836137005,78.7002679922931,
2019-02-28,80.56725928928518,81.59759058596543,80.35809428920724,80.35809428920724,
2019-03-01,82.17860447507088,82.63566873450047,82.17860447507088,82.4032631788583,
2019-03-04,84.69633132786103,84.69633132786103,83.45683503110283,83.45683503110283,
2019-03-05,83.04625188280164,83.04625188280164,81.59759058596543,81.9461989194287,
2019-03-06,82.21733873434457,82.62792188264575,82.21733873434457,82.42650373442251,
2019-03-07,79.32776299252694,82.21733873434457,78.49884984406987,78.9016861405163,
2019-03-08,80.97784243758633,81.39617243774224,77.3058346584401,77.80938002899809,
2019-03-11,79.32776299252694,79.73834614082813,78.49884984406987,78.49884984406987,
2019-03-12,77.71641780674123,78.49884984406987,76.85651725086521,78.08826669576871,
2019-03-13,78.49884984406987,78.91717984422576,78.49884984406987,78.77773651084047,
2019-03-15,76.44593410256405,76.45368095441877,76.43818725070932,76.43818725070932,
2019-03-18,76.84877039901049,77.67768354746754,76.84877039901049,77.25935354731163,
2019-03-19,78.48335614036041,78.48335614036041,76.84877039901049,77.36780947327797,
2019-03-20,80.15667614098402,77.25935354731163,77.25935354731163,77.25935354731163,
2019-03-21,76.84877039901049,76.84877039901049,76.84877039901049,76.84877039901049,
2019-03-22,76.22902225063136,77.25935354731163,73.64932058300329,74.56344910186249,
2019-03-25,74.4085120647677,75.8959076208776,73.54086465703695,73.54086465703695,
2019-03-27,75.40010910217428,77.22061928803795,74.36977780549401,77.11991021392635,
2019-03-28,75.19869095395104,79.73834614082813,75.19869095395104,78.80097706640467,
2019-03-29,78.29743169584667,79.73834614082813,77.87910169569074,78.10376039947819,
2019-04-01,78.08826669576871,78.08826669576871,78.08826669576871,78.10376039947819,
2019-04-02,78.49884984406987,78.49884984406987,78.29743169584667,78.29743169584667,
2019-04-03,78.49884984406987,78.49884984406987,78.29743169584667,78.39814076995827,
2019-04-04,77.87910169569074,77.87910169569074,74.47823373146035,74.57894280557196,
2019-04-05,74.4085120647677,74.41625891662247,74.36977780549401,74.37752465734876,
2019-04-08,74.36977780549401,74.37752465734876,74.36977780549401,74.36977780549401,
2019-04-09,72.7196983604346,75.91914817644178,72.7196983604346,75.91914817644178,
2019-04-10,75.93464188015128,74.4085120647677,74.4085120647677,74.4085120647677,
2019-04-11,74.36977780549401,74.36977780549401,74.36977780549401,74.36977780549401,
2019-04-12,75.60152725039751,75.60927410225226,75.60152725039751,75.60927410225226,
2019-04-15,74.36977780549401,77.1508976213453,74.36977780549401,75.52405873185012,
2019-04-16,76.22902225063136,76.22902225063136,73.95919465719287,74.3310435462203,
2019-04-17,74.36977780549401,74.53246169444354,74.36977780549401,74.53246169444354,
2019-04-18,75.15220984282266,75.15220984282266,73.13028150873579,74.14511910170657,
2019-04-19,74.36977780549401,75.19094410209637,74.36977780549401,74.57894280557196,
2019-04-22,75.19869095395104,75.19869095395104,74.78036095379515,74.91980428718048,
2019-04-24,72.71195150857987,72.71195150857987,72.34784947140714,72.34784947140714,
2019-04-29,73.95919465719287,73.95919465719287,71.9450131749607,72.01473484165336,
2019-04-30,72.3013683602787,72.3013683602787,72.3013683602787,72.01473484165336,
2019-05-02,74.3310435462203,74.3310435462203,74.3310435462203,72.01473484165336,
2019-05-03,73.95919465719287,73.95919465719287,73.9514478053381,73.95919465719287,
2019-05-06,74.28456243509187,74.28456243509187,74.28456243509187,73.95919465719287,
2019-05-08,70.25619947062762,70.25619947062762,70.25619947062762,70.25619947062762,
2019-05-09,69.82237576676224,69.82237576676224,69.82237576676224,70.25619947062762,
2019-05-10,67.34338317324578,67.34338317324578,66.74687558043088,67.34338317324578,
2019-05-13,69.82237576676224,69.82237576676224,68.17229632170286,69.0012094701599,
2019-05-14,69.41179261846105,69.41179261846105,69.41179261846105,69.0012094701599,
2019-05-16,69.0012094701599,69.0012094701599,68.17229632170286,68.17229632170286,
2019-05-17,70.23295891506342,70.23295891506342,69.82237576676224,69.82237576676224,
2019-05-20,66.33629243212968,66.52221687664344,66.33629243212968,66.33629243212968,
2019-05-21,64.04322428312699,66.92505317308986,63.020639838301435,63.37699502361943,
2019-05-22,66.52221687664344,66.52221687664344,66.52221687664344,66.52221687664344,
2019-05-27,68.14905576613862,68.17229632170286,63.19107057910568,63.56291946813317,
2019-05-28,62.80372798636874,66.24333020987287,62.80372798636874,64.04322428312699,
2019-05-29,65.38342965399684,65.38342965399684,65.38342965399684,64.04322428312699,
2019-05-30,63.64813483853529,64.04322428312699,63.62489428297106,63.62489428297106,
2019-06-03,66.10388687648756,66.10388687648756,66.10388687648756,63.62489428297106,
2019-06-11,66.72363502486667,66.72363502486667,62.80372798636874,63.12909576426779,
2019-06-13,63.62489428297106,65.23623946875676,63.62489428297106,64.04322428312699,
2019-06-14,64.04322428312699,64.04322428312699,64.04322428312699,64.04322428312699,
2019-06-17,64.04322428312699,64.04322428312699,62.385397986212844,63.291779653217304,
2019-06-18,60.95997724494087,61.153648541309366,60.944483541231406,61.14590168945461,
2019-06-19,62.80372798636874,62.80372798636874,59.90640539269638,60.93673668937664,
2019-06-20,62.284688912101245,62.385397986212844,60.774052800427135,62.385397986212844,
2019-06-21,62.795981134514015,62.795981134514015,62.795981134514015,62.385397986212844,
2019-06-24,62.385397986212844,65.50737928367263,62.34666372693916,64.01998372756277,
2019-06-25,65.2827205798852,67.21943354356996,63.62489428297106,66.77786298784984,
2019-06-26,68.98571576645041,70.1167561372423,66.10388687648756,69.83012261861697,
2019-06-27,73.08380039760735,73.32395280510426,71.05412521166573,73.21549687913789,
2019-06-28,73.13028150873579,76.87975780642944,73.13028150873579,76.08957891724606,
2019-07-01,74.37752465734876,74.37752465734876,73.54086465703695,73.95919465719287,
2019-07-05,76.43818725070932,76.43818725070932,75.98112299127972,76.19028799135765,
2019-07-08,77.63120243633914,77.63120243633914,72.38658373068085,72.38658373068085,
2019-07-09,75.02826021314681,75.05150076871104,75.02826021314681,75.04375391685632,
2019-07-11,71.29427761916264,75.19869095395104,71.29427761916264,72.27038095285974,
2019-07-18,68.65260113669666,71.88303836012282,68.65260113669666,70.27169317433709,
2019-07-19,73.50213039776324,73.50213039776324,73.50213039776324,70.27169317433709,
2019-07-22,66.9328000249446,66.9328000249446,66.76236928414035,66.76236928414035,
2019-07-23,63.62489428297106,63.62489428297106,63.42347613474786,63.42347613474786,
2019-07-24,60.526153541075466,61.14590168945461,60.255013726159646,60.73531854115343,
2019-07-25,60.32473539285228,61.14590168945461,57.845742799335824,57.845742799335824,
2019-07-26,57.845742799335824,59.90640539269638,54.94842020566346,56.81541150265553,
2019-07-29,55.986498354198446,59.085239096094035,55.777333354120515,56.435815761773306,
2019-07-30,57.845742799335824,57.845742799335824,57.845742799335824,57.845742799335824,
2019-07-31,56.60624650257756,59.457087985121525,56.18791650242166,57.62108409554837,
2019-08-01,57.845742799335824,58.70564335521185,57.845742799335824,58.70564335521185,
2019-08-02,59.90640539269638,61.5409911340463,59.90640539269638,60.61136891147761,
2019-08-06,59.90640539269638,60.73531854115343,59.90640539269638,60.73531854115343,
2019-08-08,61.97481483791166,61.97481483791166,61.97481483791166,61.97481483791166,
2019-08-09,62.76499372709503,62.78823428265926,61.5642316896105,61.5642316896105,
2019-08-19,63.62489428297106,63.62489428297106,63.21431113466992,63.62489428297106,
2019-08-21,63.21431113466992,63.21431113466992,63.21431113466992,63.21431113466992,
2019-08-22,64.7636815056177,64.7636815056177,63.21431113466992,63.21431113466992,
2019-08-23,61.192382800583026,61.5642316896105,61.192382800583026,61.2621044672757,
2019-08-26,61.97481483791166,61.97481483791166,60.11557039277433,60.11557039277433,
2019-08-28,62.385397986212844,63.12134891241305,60.944483541231406,61.471269467353615,
2019-08-29,61.967067986056925,63.54742576442368,61.967067986056925,63.54742576442368,
2019-08-30,66.72363502486667,66.72363502486667,63.42347613474786,64.02773057941751,
2019-09-02,66.52221687664344,66.52221687664344,64.7404409500535,65.2827205798852,
2019-09-03,64.86439057972932,66.22783650616336,64.86439057972932,64.86439057972932,
2019-09-04,64.04322428312699,65.23623946875676,63.834059283049044,64.33760465360703,
2019-09-05,65.56160724665581,65.56160724665581,63.62489428297106,63.75659076450162,
2019-09-06,63.75659076450162,64.35309835731653,63.75659076450162,64.06646483869122,
2019-09-11,64.04322428312699,64.84889687601984,63.62489428297106,63.62489428297106,
2019-09-12,63.996743171998546,64.2446424313502,61.97481483791166,62.80372798636874,
2019-09-13,63.222057986524646,64.04322428312699,63.0516272457204,64.04322428312699,
2019-09-16,64.04322428312699,64.85664372787457,64.04322428312699,64.04322428312699,
2019-09-17,64.45380743142813,67.42085169179317,63.84180613490375,67.42085169179317,
2019-09-18,70.17873095208023,70.17873095208023,70.17873095208023,70.17873095208023,
2019-09-19,73.68030799042221,73.68030799042221,71.48020206367636,72.51053336035666,
2019-09-20,72.262634101005,72.262634101005,70.24070576691815,70.27944002619186,
2019-09-23,69.62870447039376,72.3013683602787,69.62870447039376,71.89078521197754,
2019-09-24,72.3013683602787,73.95919465719287,71.89078521197754,73.7500296571149,
2019-09-25,72.797166878982,76.87975780642944,72.797166878982,74.36977780549401,
2019-09-26,74.4085120647677,77.25935354731163,72.3013683602787,76.84877039901049,
2019-09-27,76.9339857694126,79.3200161406722,76.9339857694126,77.78613947343388,
2019-09-30,78.50659669592461,79.32776299252694,76.84877039901049,77.25935354731163,
2019-10-01,76.02760410240815,77.63120243633914,75.40785595402902,76.01985725055343,
2019-10-02,75.33813428733637,76.43818725070932,74.36977780549401,76.43818725070932,
2019-10-03,74.78810780564991,77.25935354731163,74.78036095379515,76.22902225063136,
2019-10-04,76.10507262095553,76.43818725070932,75.2994000280627,76.43818725070932,
2019-10-07,77.25935354731163,80.09470132614611,77.25935354731163,80.09470132614611,
2019-10-08,78.08826669576871,78.33616595512036,74.41625891662247,74.87332317605204,
2019-10-09,76.10507262095553,77.84036743641705,74.89656373161627,75.3846153984648,
2019-10-10,77.33682206585902,79.28128188139851,76.35297188030718,77.8326205845623,
2019-10-11,77.84036743641705,79.28128188139851,76.10507262095553,77.39879688069692,
2019-10-14,76.84877039901049,77.73965836230546,75.60927410225226,75.60927410225226,
2019-10-15,73.87397928679071,76.35297188030718,73.87397928679071,73.9746883609023,
2019-10-16,77.09666965836215,77.69317725117702,74.12187854614237,74.1296253979971,
2019-10-17,74.36977780549401,74.5866896574267,73.87397928679071,73.87397928679071,
2019-10-18,74.36977780549401,74.36977780549401,72.88238224938411,73.37818076808743,
2019-10-21,72.39433058253559,73.87397928679071,70.89918817457097,70.89918817457097,
2019-10-22,71.34075873029109,74.12187854614237,71.34075873029109,73.37818076808743,
2019-10-23,72.46405224922823,74.36203095363925,72.46405224922823,74.07539743501393,
2019-10-24,74.12187854614237,74.12187854614237,74.12187854614237,74.12187854614237,
2019-10-25,73.38592761994217,74.98952595387313,72.88238224938411,73.44790243478009,
2019-10-28,74.12187854614237,76.12831317651975,73.87397928679071,75.70998317636386,
2019-10-29,75.36137484290059,75.36137484290059,74.36977780549401,74.36977780549401,
2019-10-30,75.36137484290059,75.85717336160388,74.61767706484564,75.85717336160388,
2019-10-31,75.36137484290059,75.85717336160388,74.86557632419728,75.36137484290059,
2019-11-01,75.80294539862072,75.84942650974916,74.36977780549401,74.36977780549401,
2019-11-04,76.39945299143561,76.84102354715573,76.10507262095553,76.10507262095553,
2019-11-05,76.25226280619556,76.26000965805032,75.53180558370485,75.60927410225226,
2019-11-06,78.8242176219689,78.8242176219689,76.10507262095553,77.09666965836215,
2019-11-07,77.29808780658534,78.62279947374567,77.22061928803795,78.13474780689715,
2019-11-08,78.33616595512036,78.33616595512036,77.96431706609289,77.96431706609289,
2019-11-11,79.20381336285112,81.86873040088133,78.33616595512036,81.86873040088133,
2019-11-12,83.23217632731536,85.95906818018351,83.23217632731536,85.95906818018351,
2019-11-13,87.65562873637136,90.18884929287097,86.26894225437307,86.76474077307635,
2019-11-14,87.7563378104829,88.89512503312955,86.5168415137247,88.25213632918623,
2019-11-15,89.97968429279301,92.41994262703575,89.19725225546436,92.17204336768415,
2019-11-18,92.21852447881258,95.86729170239464,92.21852447881258,95.86729170239464,
2019-11-19,98.66390522195537,100.60061818564017,95.44121485038397,97.1765096658455,
2019-11-20,98.16810670325208,102.3591535566659,98.16810670325208,102.3591535566659,
2019-11-21,105.34943837259512,106.59668152120805,97.6723081845488,101.63869633417512,
2019-11-22,100.15130077806523,106.34878226185646,100.15130077806523,105.96918652097422,
2019-11-25,105.1092859650982,109.122155225853,105.1092859650982,105.95369281726472,
2019-11-26,106.68964374346496,107.58053170675996,102.18097596400689,104.1176889276916,
2019-11-27,103.6218904089883,107.09248003991141,102.38239411223009,106.59668152120805,
2019-11-28,107.58827855861465,111.88003448614005,107.58827855861465,111.88003448614005,
2019-11-29,115.02525633916403,117.47326152526155,115.02525633916403,117.47326152526155,
2019-12-02,120.47129319304553,122.95803263841677,117.55073004380897,120.4790400449003,
2019-12-03,118.99164448879041,118.99164448879041,113.53786078305417,114.03365930175744,
2019-12-04,111.81031281944742,114.9787752280356,109.35456078149514,113.53011393119945,
2019-12-05,110.56306967083442,115.02525633916403,110.06727115213113,113.48363282007102,
2019-12-06,113.48363282007102,117.17113430292673,113.48363282007102,117.17113430292673,
2019-12-09,123.02775430510941,123.02775430510941,118.49584597008713,118.99164448879041,
2019-12-10,118.0000474513838,118.49584597008713,116.51265189527396,116.51265189527396,
2019-12-11,116.51265189527396,116.51265189527396,114.52945782046079,116.50490504341919,
2019-12-12,114.52945782046079,115.52105485786738,112.29836448629594,114.9787752280356,
2019-12-13,115.52105485786738,118.0000474513838,114.63016689457237,117.24860282147412,
2019-12-16,118.24794671073548,118.24794671073548,115.03300319101882,115.52105485786738,
2019-12-17,113.53786078305417,114.03365930175744,112.54626374564761,113.04206226435088,
2019-12-18,109.69542226310367,114.52945782046079,109.57147263342789,112.99558115322246,
2019-12-19,111.60114781936944,111.60114781936944,107.34812615111775,109.0679272628698,
2019-12-20,111.54691985638628,111.54691985638628,106.64316263233655,110.56306967083442,
2019-12-23,108.57212874416652,109.07567411472456,109.07567411472456,109.07567411472456,
2019-12-24,104.62123429824966,111.50818559711259,103.14933244584924,110.06727115213113,
2019-12-26,108.8277748553729,112.3293518937149,108.8277748553729,111.55466670824103,
2019-12-27,112.27512393073175,112.49203578266442,109.07567411472456,111.55466670824103,
2019-12-30,112.0504652269443,112.0504652269443,109.57921948528255,111.05886818953772,
2019-12-31,111.55466670824103,111.55466670824103,109.08342096657931,111.05886818953772,
2020-01-01,110.06727115213113,110.06727115213113,108.084077077318,110.02079004100268,
2020-01-02,110.06727115213113,112.29061763444123,107.21642966958717,110.56306967083442,
2020-01-03,110.56306967083442,111.50043874525785,108.57987559602125,110.53982911527021,
2020-01-06,104.22614485365797,109.07567411472456,104.1176889276916,106.59668152120805,
2020-01-07,105.60508448380149,108.0763302254632,104.1176889276916,108.0763302254632,
2020-01-08,108.084077077318,113.11178393104359,108.084077077318,113.11178393104359,
2020-01-09,118.76698578500296,118.76698578500296,118.76698578500296,118.76698578500296,
2020-01-10,120.72693930425189,120.72693930425189,114.52945782046079,117.49650208082573,
2020-01-13,114.63016689457237,117.33381819187626,114.03365930175744,116.26475263592232,
2020-01-14,117.50424893268055,117.50424893268055,113.63856985716579,113.78576004240581,
2020-01-15,114.03365930175744,115.2266744873873,114.03365930175744,115.19568707996835,
2020-01-16,116.481664487855,116.481664487855,114.52945782046079,114.52945782046079,
2020-01-17,114.03365930175744,120.49453374860974,113.53786078305417,120.49453374860974,
2020-01-20,117.50424893268055,122.95803263841677,116.51265189527396,122.95803263841677,
2020-01-21,121.47063708230687,128.41181634415295,118.99164448879041,128.41181634415295,
2020-01-22,126.42862226933984,131.05349282661894,126.42862226933984,128.8069057887447,
2020-01-23,129.4034133815596,131.13870819702112,125.4370252319332,131.13870819702112,
2020-01-24,130.89080893766942,132.37820449377935,126.93216763989784,132.37820449377935,
2020-01-27,132.626103753131,132.626103753131,129.89921190026283,130.66615023388204,
2020-01-28,130.34852930783774,130.34852930783774,127.0793578251379,128.90761486285626,
2020-01-29,125.4370252319332,128.35758838116982,124.94122671322991,125.06517634290576,
2020-01-30,126.87019282505993,126.87793967691468,123.94962967582332,123.94962967582332,
2020-01-31,122.95803263841677,123.57778078679586,121.47063708230687,121.9664356010102,
2020-02-03,117.50424893268055,119.48744300749374,114.64566059828182,114.64566059828182,
2020-02-04,116.51265189527396,118.99164448879041,112.29836448629594,117.87609782170799,
2020-02-06,116.80703226575402,118.99164448879041,115.07948430214724,117.50424893268055,
2020-02-07,112.67796022717818,122.95803263841677,110.12924596696905,122.95803263841677,
2020-02-10,114.04140615361219,114.05689985732171,111.56241356009576,112.54626374564761,
2020-02-11,114.52945782046079,118.0000474513838,111.80256596759266,118.0000474513838,
2020-02-12,117.45776782155211,121.9664356010102,116.2182715247939,121.9664356010102,
2020-02-13,120.97483856360358,123.44608430526532,118.0000474513838,118.0000474513838,
2020-02-14,118.49584597008713,122.95028578656202,118.49584597008713,122.95028578656202,
2020-02-17,118.00779430323858,121.46289023045217,118.00779430323858,121.46289023045217,
2020-02-18,116.51265189527396,121.47063708230687,116.51265189527396,121.47063708230687,
2020-02-19,120.66496448941402,126.42862226933984,119.98324152619698,126.42862226933984,
2020-02-20,121.22273782295522,124.94122671322991,121.22273782295522,124.94122671322991,
2020-02-21,126.38214115821135,126.38214115821135,121.47838393416163,121.47838393416163,
2020-02-24,121.47063708230687,121.47063708230687,116.51265189527396,120.4790400449003,
2020-02-25,117.00845041397726,119.44096189636531,116.01685337657062,116.57462671011186,
2020-02-26,118.0000474513838,119.97549467434227,113.08854337547935,119.97549467434227,
2020-02-27,110.06727115213113,111.10534930066613,110.01304318914798,110.01304318914798,
2020-02-28,102.8626989272239,113.53786078305417,102.8626989272239,113.53786078305417,
2020-03-02,111.55466670824103,118.6972641183103,111.55466670824103,118.6972641183103,
2020-03-03,115.02525633916403,118.99164448879041,115.02525633916403,118.24794671073548,
2020-03-04,116.4584239322908,118.37189634041131,113.53786078305417,118.37189634041131,
2020-03-05,116.01685337657062,123.94962967582332,115.52105485786738,121.47063708230687,
2020-03-06,116.55913300640238,121.47063708230687,116.51265189527396,121.47063708230687,
2020-03-09,111.56241356009576,121.47063708230687,111.15183041179458,121.47063708230687,
2020-03-10,115.79219467278322,121.47063708230687,115.79219467278322,121.47063708230687,
2020-03-11,122.41575300858504,122.41575300858504,117.75214819203218,121.42415597117845,
2020-03-12,118.99164448879041,118.99164448879041,112.57725115306656,112.57725115306656,
2020-03-13,110.06727115213113,118.49584597008713,105.61283133565627,118.49584597008713,
2020-03-16,113.00332800507722,113.00332800507722,107.06149263249237,107.06149263249237,
2020-03-17,110.9349185598619,111.27578004147041,101.63869633417512,102.63029337158173,
2020-03-18,94.60455485007215,109.81162504092474,94.55807373894376,109.81162504092474,
2020-03-19,95.19331559103233,107.58827855861465,94.20171855362572,106.05440189137639,
2020-03-20,107.09248003991141,107.09248003991141,101.63869633417512,103.37399114963668,
2020-03-24,95.4489617022387,99.15970374065867,95.09260651692071,99.15970374065867,
2020-03-25,95.19331559103233,97.6723081845488,94.69751707232902,97.1300285547171,
2020-03-26,99.15195688880395,99.15970374065867,96.6807111471422,97.1765096658455,
2020-03-27,94.2559465166089,97.1687628139908,94.19397170177099,97.15326911028129,
2020-03-30,96.18491262843894,97.1765096658455,95.19331559103233,97.1300285547171,
2020-03-31,96.657470591578,98.64066466639116,96.657470591578,98.64066466639116,
2020-04-01,99.13646318509444,100.15130077806523,98.16810670325208,100.15130077806523,
2020-04-02,100.84851744499177,102.13449485287845,100.84851744499177,101.63869633417512,
2020-04-03,104.07120781656319,104.1176889276916,102.13449485287845,102.63029337158173,
2020-04-06,102.63029337158173,102.63029337158173,96.6807111471422,99.15195688880395,
2020-04-07,99.89565466685886,100.12806022250108,99.89565466685886,100.12806022250108,
2020-04-08,101.5922152230467,106.58893466935335,101.5922152230467,101.63869633417512,
2020-04-09,102.63029337158173,102.63029337158173,101.63869633417512,102.58381226045329,
2020-04-10,100.39920003741693,101.63869633417512,100.39920003741693,101.63869633417512,
2020-04-13,102.1035074454595,102.1035074454595,97.1765096658455,98.66390522195537,
2020-04-14,99.15970374065867,99.15970374065867,99.15970374065867,99.15970374065867,
2020-04-15,101.14289781547184,103.12609189028504,100.39920003741693,100.39920003741693,
2020-04-16,101.09641670434345,102.63029337158173,101.09641670434345,102.63029337158173,
2020-04-17,104.8923741131655,108.82002800351815,104.6134874463949,106.10088300250479,
2020-04-20,108.53339448489282,109.07567411472456,104.1176889276916,109.0291930035961,
2020-04-21,103.12609189028504,109.07567411472456,103.12609189028504,109.07567411472456,
2020-04-22,105.60508448380149,115.79994152463797,105.60508448380149,115.79994152463797,
2020-04-23,111.55466670824103,114.03365930175744,111.55466670824103,114.03365930175744,
2020-04-24,109.27709226294776,112.0504652269443,109.27709226294776,112.0504652269443,
2020-04-27,111.05886818953772,113.987178190629,107.15445485474929,113.987178190629,
2020-04-28,111.55466670824103,118.5268333775061,111.55466670824103,117.00845041397726,
2020-04-29,118.0000474513838,127.26528226965165,116.51265189527396,127.26528226965165,
2020-04-30,128.41181634415295,128.90761486285626,123.94962967582332,127.91601782544969,
2020-05-04,125.4370252319332,129.89921190026283,124.94122671322991,129.89921190026283,
2020-05-05,130.89080893766942,130.89080893766942,127.42021930674642,127.42021930674642,
2020-05-06,124.94122671322991,126.87793967691468,122.0129167121386,126.87793967691468,
2020-05-07,125.68492449128495,127.02512986215478,123.94962967582332,126.92442078804314,
2020-05-08,124.197528935175,124.197528935175,123.94962967582332,123.94962967582332,
2020-05-11,123.94962967582332,124.94122671322991,121.9664356010102,124.94122671322991,
2020-05-12,124.4454281945266,124.94122671322991,123.94188282396858,124.94122671322991,
2020-05-13,124.94122671322991,126.77723060280307,124.94122671322991,125.93282375063653,
2020-05-14,121.9664356010102,125.93282375063653,121.9664356010102,125.93282375063653,
2020-05-15,124.4454281945266,125.4370252319332,123.20593189776837,125.4370252319332,
2020-05-18,124.94122671322991,124.94122671322991,124.94122671322991,124.94122671322991,
2020-05-19,121.47063708230687,123.94962967582332,121.47063708230687,123.94962967582332,
2020-05-20,121.9664356010102,123.87216115727594,118.49584597008713,123.87216115727594,
2020-05-21,120.97483856360358,120.97483856360358,120.97483856360358,120.97483856360358,
2020-05-28,122.46223411971349,122.46223411971349,122.46223411971349,122.46223411971349,
2020-05-29,123.15945078664,123.15945078664,120.00648208176123,120.00648208176123,
2020-06-01,120.97483856360358,121.47063708230687,117.2331091177647,117.2331091177647,
2020-06-02,119.98324152619698,119.98324152619698,118.99164448879041,118.99164448879041,
2020-06-03,119.98324152619698,122.46223411971349,119.98324152619698,120.97483856360358,
2020-06-04,118.99164448879041,121.42415597117845,118.99164448879041,121.42415597117845,
2020-06-08,121.47063708230687,121.9664356010102,121.47063708230687,121.47063708230687,
2020-06-09,121.47063708230687,121.47063708230687,120.73468615610668,121.47063708230687,
2020-06-10,121.47063708230687,128.90761486285626,120.97483856360358,123.94962967582332,
2020-06-11,123.20593189776837,124.4454281945266,122.46223411971349,124.4454281945266,
2020-06-12,121.47063708230687,121.47063708230687,119.98324152619698,119.98324152619698,
2020-06-15,120.52552115602874,120.52552115602874,119.48744300749374,119.48744300749374,
2020-06-16,120.23114078554866,120.23114078554866,120.02972263732542,120.02972263732542,
2020-06-18,117.25634967332888,120.4790400449003,117.25634967332888,120.4790400449003,
2020-06-19,118.99164448879041,121.47063708230687,114.03365930175744,121.47063708230687,
2020-06-22,114.53720467231551,123.45383115712004,114.52945782046079,123.45383115712004,
2020-06-23,119.01488504435467,128.1639170848013,118.99164448879041,124.69332745387833,
2020-06-24,121.47063708230687,124.4454281945266,121.47063708230687,124.4454281945266,
2020-06-25,124.4454281945266,124.4454281945266,121.9664356010102,123.90314856469492,
2020-06-26,121.47838393416163,123.65524930534326,121.47063708230687,123.65524930534326,
2020-06-29,123.92638912025913,123.92638912025913,123.92638912025913,123.92638912025913,
2020-06-30,121.47063708230687,126.67652152869144,118.99164448879041,123.45383115712004,
2020-07-01,122.95803263841677,122.95803263841677,120.23114078554866,122.45448726785871,
2020-07-02,121.47838393416163,122.95028578656202,121.47063708230687,121.47063708230687,
2020-07-03,122.69463967535563,122.94253893470723,122.41575300858504,122.41575300858504,
2020-07-06,120.4790400449003,123.85666745356649,120.4790400449003,123.85666745356649,
2020-07-07,123.32988152744423,123.45383115712004,120.27762189667708,123.45383115712004,
2020-07-08,121.9664356010102,122.95803263841677,120.97483856360358,121.47063708230687,
2020-07-09,121.47063708230687,122.46223411971349,121.46289023045217,121.46289023045217,
2020-07-10,121.46289023045217,123.94962967582332,120.72693930425189,123.94962967582332,
2020-07-13,121.47063708230687,123.70173041647172,120.4790400449003,123.70173041647172,
2020-07-14,122.69463967535563,124.4454281945266,122.69463967535563,124.050338749935,
2020-07-15,121.9664356010102,123.94962967582332,121.9664356010102,121.9664356010102,
2020-07-16,122.46223411971349,125.4370252319332,122.41575300858504,123.50031226824846,
2020-07-17,123.45383115712004,126.92442078804314,122.95803263841677,126.92442078804314,
2020-07-20,124.94122671322991,125.93282375063653,124.4454281945266,125.93282375063653,
2020-07-21,125.4370252319332,126.42862226933984,124.4454281945266,126.42862226933984,
2020-07-22,126.42087541748508,131.38660745637276,126.42087541748508,128.93085541842046,
2020-07-23,130.89080893766942,131.38660745637276,121.47063708230687,126.42862226933984,
2020-07-24,128.41181634415295,128.41181634415295,124.94122671322991,124.94122671322991,
2020-07-27,123.94962967582332,126.42862226933984,123.94962967582332,125.67717763943013,
2020-07-28,126.42862226933984,126.92442078804314,124.050338749935,124.4454281945266,
2020-07-29,127.66037171424328,132.626103753131,126.42862226933984,126.42862226933984,
2020-07-30,126.92442078804314,129.03156449253214,123.94962967582332,123.94962967582332,
2020-08-03,124.94122671322991,125.68492449128495,123.45383115712004,123.94962967582332,
2020-08-04,121.51711819343531,123.94962967582332,120.03746948918017,123.70173041647172,
2020-08-05,121.47063708230687,123.94962967582332,121.47063708230687,121.9664356010102,
2020-08-06,124.88699875024676,124.8947456021015,118.99164448879041,121.47063708230687,
2020-08-07,121.47063708230687,122.71013337906517,120.4790400449003,120.4790400449003,
2020-08-10,121.66430837867536,121.67205523053008,120.4790400449003,121.36992800819527,
2020-08-11,119.02263189620938,122.21433486036184,119.02263189620938,120.23114078554866,
2020-08-12,119.64238004458848,121.42415597117845,119.48744300749374,120.27762189667708,
2020-08-13,120.9283574524752,121.67205523053008,120.52552115602874,120.52552115602874,
2020-08-17,121.22273782295522,122.71013337906517,120.48678689675506,121.42415597117845,
2020-08-18,122.21433486036184,122.95803263841677,120.87412948949199,122.36152504560184,
2020-08-19,121.47063708230687,122.71788023091982,118.99164448879041,121.9664356010102,
2020-08-20,119.49518985934844,120.47129319304553,118.51908652565135,118.51908652565135,
2020-08-21,116.55913300640238,118.0000474513838,116.01685337657062,118.0000474513838,
2020-08-24,117.25634967332888,117.25634967332888,114.04915300546696,114.04915300546696,
2020-08-25,115.98586596915169,116.51265189527396,113.83224115353424,116.09432189511803,
2020-08-26,116.41194282116236,122.95803263841677,114.03365930175744,122.95803263841677,
2020-08-27,118.13174393291439,120.23114078554866,118.13174393291439,118.74374522943879,
2020-08-28,118.99164448879041,120.2079002299844,118.74374522943879,119.47969615563896,
2020-08-31,117.05493152510564,119.93676041506856,117.03169096954147,119.8825324520854,
2020-09-01,119.48744300749374,120.27762189667708,118.99164448879041,119.98324152619698,
2020-09-02,118.99164448879041,119.44096189636531,118.49584597008713,118.99164448879041,
2020-09-03,118.24794671073548,125.93282375063653,118.0000474513838,124.9877078243584,
2020-09-04,125.93282375063653,128.41181634415295,123.94962967582332,125.04193578734152,
2020-09-07,125.444772083788,129.27946375188375,125.4370252319332,126.92442078804314,
2020-09-08,136.87912542138267,136.87912542138267,136.87912542138267,136.87912542138267,
2020-09-09,147.13595727705706,147.1437041289118,141.30257783043865,147.1437041289118,
2020-09-10,150.1262420929863,150.72274968580118,142.29417486784521,142.74349227542007,
2020-09-11,141.2948309785839,143.9055200536309,140.19477801521094,140.31098079303206,
2020-09-14,140.34196820045094,142.28642801599045,138.32003986636414,138.32778671821885,
2020-09-15,139.81518227432872,142.03852875663878,138.8313320887769,140.81452616359007,
2020-09-16,142.93716357178855,142.93716357178855,138.8158383850674,139.43558653344655,
2020-09-17,139.44333338530126,140.3032339411773,138.3045461626546,138.77710412579376,
2020-09-18,138.32778671821885,140.51239894125524,138.32778671821885,140.10956264480882,
2020-09-21,142.29417486784521,147.197932091895,140.8067793117353,143.7815704239551,
2020-09-22,143.7815704239551,144.7731674613617,141.054678571087,142.54207412719686,
2020-09-23,144.72668635023325,144.87387653547327,143.13858172001173,143.55691172016765,
2020-09-24,142.32516227526415,142.7899733865485,141.054678571087,141.79837634914193,
2020-09-25,141.38004634898596,144.81964857249008,141.38004634898596,143.28577190525183,
2020-09-28,142.7899733865485,144.7731674613617,138.087634310722,139.3193837556254,
2020-09-29,139.81518227432872,142.74349227542007,139.81518227432872,142.53432727534212,
2020-09-30,143.27802505339704,145.2922065356292,140.88424783028273,141.43427431196915,
2020-10-01,141.30257783043865,142.48784616421366,140.31098079303206,141.7906294972872,
2020-10-02,142.0462756084936,143.0378726459001,139.81518227432872,140.34196820045094,
2020-10-05,140.31098079303206,142.7899733865485,137.25872116226486,142.7899733865485,
2020-10-06,140.55113320052897,141.17862820076277,138.96302857030744,140.75255134875215,
2020-10-07,141.7906294972872,141.7906294972872,138.8235852369221,139.81518227432872,
2020-10-08,140.8067793117353,142.7899733865485,139.86166338545715,142.19346579373357,
2020-10-09,141.9147360994677,148.25021538962255,140.0140923124213,145.43092710550363,
2020-10-12,145.65266888065904,148.81248917662376,143.1818319574987,145.68434627710985,
2020-10-13,144.4489278155297,144.4489278155297,139.38054438340583,140.65555959054947,
2020-10-14,140.89314006393025,140.901059413043,138.7469964543903,139.36470568518044,
2020-10-15,139.38054438340583,140.33086627692904,138.1768033182764,138.1768033182764,
2020-10-16,138.7469964543903,138.7469964543903,136.2128047383284,138.73907710527766,
2020-10-19,139.38054438340583,139.69731834791355,137.7966745608671,138.11344852537485,
2020-10-20,138.1768033182764,139.38054438340583,137.93130349578286,138.4302224898826,
2020-10-21,139.34886698695504,142.70667101073707,139.34886698695504,142.35821964977853,
2020-10-22,143.1818319574987,144.4489278155297,139.38054438340583,139.72899574436437,
2020-10-23,141.0832044426349,141.28118817045225,138.7469964543903,139.99825361419587,
2020-10-26,141.0832044426349,142.5482840284832,139.60228615856124,142.5482840284832,
2020-10-27,141.0436076970714,141.0436076970714,139.38846373251852,140.0140923124213,
2020-10-28,139.41222177985654,140.64764024143676,139.38054438340583,140.00617296330856,
2020-10-29,138.11344852537485,138.4302224898826,130.63758296299216,135.57133746020025,
2020-11-02,133.045065093251,142.5482840284832,126.74126319954695,142.5482840284832,
2020-11-03,136.85427201645658,141.9147360994677,136.85427201645658,140.0140923124213,
2020-11-04,141.28118817045225,142.53244533025784,139.57060876211048,141.28118817045225,
2020-11-05,141.17031728287446,142.5482840284832,140.0140923124213,142.5482840284832,
2020-11-06,140.0140923124213,142.5482840284832,139.5072539692089,142.5482840284832,
2020-11-09,140.02993101064664,142.04144568527087,139.38054438340583,142.04144568527087,
2020-11-10,141.28118817045225,142.5482840284832,139.7131570461389,142.5482840284832,
2020-11-11,140.3625436733798,141.53460734205845,140.0140923124213,140.96441420594448,
2020-11-12,139.38054438340583,139.7923505372659,138.11344852537485,138.81035124729183,
2020-11-13,137.47990059635939,141.9147360994677,136.84635266734387,141.9147360994677,
2020-11-16,139.07960911712348,139.12712521179964,138.11344852537485,138.11344852537485,
2020-11-17,136.84635266734387,138.21640006383984,136.2128047383284,136.2128047383284,
2020-11-18,136.2128047383284,136.2128047383284,132.38775911689743,133.67861302226652,
2020-11-19,132.91835550744793,133.67069367315375,131.14442130620455,131.77796923522,
2020-11-20,132.66493633584167,132.91043615833522,129.24377751915813,129.87732544817356,
2020-11-23,127.40648852501324,127.97668166112717,124.99900639475436,126.70958580309615,
2020-11-24,127.3431337321117,127.3431337321117,126.0760378740807,126.70958580309615,
2020-11-25,126.70958580309615,127.96876231201443,125.91765089182678,125.91765089182678,
2020-11-26,126.70958580309615,129.24377751915813,126.70166645398346,128.4835200043396,
2020-11-27,128.30137497474757,131.13650195709187,126.70958580309615,127.0817952113928,
2020-11-30,125.48208669062869,127.97668166112717,125.48208669062869,127.97668166112717,
2020-12-01,126.71750515220886,134.66061231224043,126.71750515220886,131.30280828845844,
2020-12-02,131.7938079334454,141.2732688213395,131.77796923522,139.06377041889803,
2020-12-03,141.26534947222683,142.5482840284832,133.68653237137917,136.84635266734387,
2020-12-04,136.4662239099346,138.11344852537485,135.19912805190364,135.57925680931294,
2020-12-07,135.57925680931294,136.2128047383284,133.99538698677418,135.19912805190364,
2020-12-08,133.40143580332222,134.31216095128195,133.1084198861526,134.30424160216927,
2020-12-09,133.17969402816678,135.42086982705902,133.045065093251,135.18328935367825,
2020-12-10,136.0544177560745,136.0544177560745,132.5382267500386,132.5382267500386,
2020-12-11,131.9363562174739,134.9377895311847,131.9363562174739,134.91403148384666,
2020-12-14,135.76932118801753,138.11344852537485,134.37551574418345,135.35751503415753,
2020-12-15,136.83051396911847,137.1631266318516,135.27040219391793,135.27040219391793,
2020-12-16,136.19696604010298,136.2128047383284,133.05298444236368,135.48422461996063,
2020-12-17,133.67861302226652,136.3395143241315,133.67861302226652,134.66061231224043,
2020-12-18,134.94570888029742,137.1631266318516,134.24880615838043,135.50798266729868,
2020-12-21,134.94570888029742,134.94570888029742,133.20345207550483,133.3776777559841,
2020-12-22,133.12425858437788,133.58358083291415,131.14442130620455,131.14442130620455,
2020-12-23,131.16026000442997,135.57925680931294,130.5108733771891,132.26896888020704,
2020-12-24,134.2804835548312,136.2128047383284,132.4115171642355,132.5382267500386,
2020-12-28,132.72829112874328,134.27256420571848,132.4115171642355,133.20345207550483,
2020-12-29,133.045065093251,136.84635266734387,133.045065093251,134.31216095128195,
2020-12-30,134.62893491578973,139.38054438340583,134.31216095128195,139.38054438340583,
2020-12-31,137.25815882120392,139.37262503429315,135.5950955075383,139.37262503429315,
2021-01-01,138.35894834786836,140.0140923124213,136.84635266734387,137.17896533007703,
2021-01-04,138.73907710527766,143.49068657289374,137.47990059635939,140.0140923124213,
2021-01-05,140.0932858035482,141.28118817045225,138.81035124729183,139.38054438340583,
2021-01-06,140.58428544853527,141.28118817045225,138.7469964543903,140.64764024143676,
2021-01-07,141.89889740124232,148.87584396952536,141.89889740124232,145.08247574454512,
2021-01-08,147.86216728310055,148.88376331863802,143.1818319574987,145.240862726799,
2021-01-11,145.52595929485597,146.15950722387146,143.68867030071112,145.0191209516436,
2021-01-12,145.70810432444793,145.70810432444793,143.3718963362033,144.4489278155297,
2021-01-13,145.3992497090529,148.75705373283495,143.8153798865142,145.97736219427955,
2021-01-14,146.34957160257608,146.72970035998537,143.8153798865142,144.4489278155297,
2021-01-15,143.83121858473956,155.2192426087928,143.83121858473956,153.32651817085906,
2021-01-18,156.52593521238725,156.80311243133153,150.15085917666894,150.68937491633218,
2021-01-19,151.86143858501077,151.86143858501077,147.61666746060706,148.33732822986218,
2021-01-20,148.33732822986218,148.88376331863802,144.4489278155297,145.0745563954324,
2021-01-21,146.21494266766032,152.05150296371542,145.4546851528417,150.78440710568447,
2021-01-22,151.98814817081384,152.05150296371542,148.2581347387352,150.1350204784436,
2021-01-25,149.51731124765354,150.78440710568447,148.88376331863802,149.51731124765354,
2021-01-26,149.04215030089196,152.05150296371542,148.88376331863802,150.15085917666894,
2021-01-27,150.9427940879383,151.98814817081384,149.3985210109631,149.51731124765354,
2021-01-28,150.15085917666894,150.15085917666894,146.42084574459037,148.24229604050984,
2021-01-29,148.50363456122875,149.51731124765354,146.98311953159157,147.10982911739467,
2021-02-01,146.67426491619648,147.9334414251148,145.90608805226523,146.97520018247886,
2021-02-02,146.96728083336623,147.14150651384546,146.22286201677295,146.98311953159157,
2021-02-03,146.98311953159157,150.78440710568447,146.5079585848299,148.56698935413024,
2021-02-04,148.87584396952536,153.9521467507619,148.57490870324298,150.78440710568447,
2021-02-08,151.73472899920768,153.94422740164916,149.51731124765354,149.51731124765354,
2021-02-09,148.97879550799038,152.30492213532162,148.97879550799038,149.20053728314574,
2021-02-10,149.762811070147,150.65769751988137,148.25021538962255,148.25021538962255,
2021-02-11,148.2581347387352,148.2581347387352,143.51444462023184,147.60874811149432,
2021-02-12,146.97520018247886,146.97520018247886,144.14007320013462,145.51803994574328,
2021-02-15,144.54396000488202,144.54396000488202,143.49860592200645,144.32221822972653,
2021-02-16,144.5835567504454,146.98311953159157,144.57563740133273,146.34957160257608,
2021-02-17,146.98311953159157,148.86000527129994,145.7160236735606,146.34165225346337,
2021-02-18,145.87441065581453,147.9176027268894,145.7160236735606,146.69802296353458,
2021-02-19,146.99895822981696,150.1191817802182,139.38054438340583,141.92265544858043,
2021-02-22,141.28910751956496,143.8153798865142,139.31718959050428,143.8153798865142,
2021-02-23,140.52885000474637,142.5482840284832,140.0140923124213,140.26751148402747,
2021-02-24,139.69731834791355,140.64764024143676,136.2128047383284,137.47990059635939,
2021-02-25,138.7469964543903,139.2221574011519,137.47990059635939,138.1213678744875,
2021-02-26,138.75491580350302,139.60228615856124,136.0860951525253,137.7966745608671,
2021-03-01,136.24448213477922,137.47990059635939,135.30207959036866,137.47990059635939,
2021-03-02,136.84635266734387,138.05009373247327,133.82116130629495,136.6087721939631,
2021-03-03,136.29991757856803,137.47990059635939,135.90395012293337,136.2128047383284,
2021-03-04,132.4115171642355,135.56341811108757,129.88524479728625,133.045065093251,
2021-03-05,132.4115171642355,136.1177725489761,131.77796923522,136.10985319986338,
2021-03-08,134.94570888029742,135.89603077382066,129.24377751915813,131.14442130620455,
2021-03-09,131.77796923522,131.77796923522,125.15739337700826,125.15739337700826,
2021-03-10,127.97668166112717,127.97668166112717,124.80894201604974,124.90397420540208,
2021-03-11,125.82261870247453,128.53895544812838,119.74055858392589,120.40578390939214,
2021-03-12,121.95005698636741,127.3431337321117,119.49505876143242,125.50584473796677,
2021-03-15,127.65990769661936,129.2121001227073,127.65990769661936,128.61022959014264,
2021-03-16,127.97668166112717,128.21426213450795,125.63255432376984,127.15306935340706,
2021-03-17,128.54687479724103,135.89603077382066,127.97668166112717,135.89603077382066,
2021-03-18,133.045065093251,134.31216095128195,125.44248994506528,126.70958580309615,
2021-03-19,126.81253734156124,129.56055148366582,126.81253734156124,129.24377751915813,
2021-03-22,129.18042272625658,129.18042272625658,126.70958580309615,126.70958580309615,
2021-03-24,127.2797789392101,128.29345562563486,125.31578035926215,127.97668166112717,
2021-03-25,128.10339124693022,132.9658716021241,128.10339124693022,132.9658716021241,
2021-03-26,131.39784047781072,134.31216095128195,130.19409941268137,133.6548549749284,
2021-03-29,132.72829112874328,133.045065093251,129.3704871049612,130.5108733771891,
2021-03-30,131.06522781507766,133.045065093251,129.56847083277856,133.045065093251,
2021-03-31,133.045065093251,134.94570888029742,129.87732544817356,133.03714574413831,
2021-04-01,130.87516343637296,131.13650195709187,128.626068288368,131.08106651330303,
2021-04-02,130.41584118783675,131.14442130620455,130.27329290380828,130.66926035944294,
2021-04-05,129.24377751915813,130.5108733771891,125.44248994506528,125.44248994506528,
2021-04-06,128.91908420553767,129.18042272625658,126.70958580309615,129.1645840280312,
2021-04-07,127.97668166112717,129.87732544817356,127.3431337321117,128.38848781498723,
2021-04-08,127.78661728242248,131.14442130620455,127.35105308122438,130.19409941268137,
2021-04-09,129.56055148366582,131.04938911685224,126.70958580309615,128.08755254870485,
2021-04-12,127.87373012266212,128.28553627652218,125.45040929417787,126.70958580309615,
2021-04-13,126.48784402794077,127.02635976760396,125.44248994506528,126.64623101019463,
2021-04-14,127.65990769661936,127.65990769661936,126.47200532971534,126.70958580309615,
2021-04-15,126.83629538889929,128.29345562563486,125.44248994506528,128.29345562563486,
2021-04-16,127.90540751911291,128.0954718978176,126.06811852496801,126.70166645398346,
2021-04-19,123.85862012252649,126.64623101019463,123.5418461580188,124.17539408703425,
2021-04-20,126.0760378740807,126.70958580309615,125.76718325868566,126.0760378740807,
2021-04-21,125.77510260779835,128.60231024102993,125.77510260779835,128.60231024102993,
2021-04-22,124.69015177935935,127.97668166112717,124.68223243024667,127.97668166112717,
2021-04-23,124.87229680895126,126.70958580309615,124.72182917581011,126.70958580309615,
2021-04-26,124.55552284444356,129.87732544817356,124.55552284444356,129.87732544817356,
2021-04-27,129.56055148366582,129.87732544817356,127.02635976760396,129.60806757834197,
2021-04-28,128.61022959014264,128.92700355465038,127.3431337321117,128.92700355465038,
2021-04-29,126.70958580309615,129.84564805172283,126.70958580309615,129.84564805172283,
2021-04-30,127.42232722323861,129.49719669076427,125.44248994506528,129.49719669076427,
2021-05-03,127.35105308122438,128.54687479724103,125.15739337700826,128.54687479724103,
2021-05-04,127.96876231201443,129.23585817004542,126.08395722319341,129.23585817004542,
2021-05-05,127.6678270457321,128.21426213450795,126.70958580309615,127.97668166112717,
2021-05-06,127.08971456050546,127.3431337321117,126.0760378740807,127.3431337321117,
2021-05-17,127.03427911671659,127.84997207532405,126.83629538889929,127.15306935340706,
2021-05-18,126.70958580309615,127.97668166112717,126.0760378740807,127.08971456050546,
2021-05-19,125.50584473796677,127.01052106937854,125.44248994506528,126.70958580309615,
2021-05-20,125.82261870247453,127.97668166112717,125.82261870247453,127.97668166112717,
2021-05-21,127.3272950338863,127.97668166112717,126.61455361374387,126.70958580309615,
2021-05-24,126.4165698859265,128.92700355465038,126.4165698859265,128.61022959014264,
2021-05-25,128.29345562563486,130.41584118783675,128.16674603983174,130.41584118783675,
2021-05-26,129.24377751915813,132.4115171642355,129.18042272625658,132.4115171642355,
2021-05-27,133.01338769680024,134.9377895311847,133.01338769680024,134.31216095128195,
2021-05-28,132.34816237133396,136.2128047383284,131.14442130620455,136.2128047383284,
2021-05-31,136.20488538921575,142.48492923558163,135.76932118801753,142.48492923558163,
2021-06-01,139.38054438340583,142.8017032000894,139.38054438340583,142.5482840284832,
2021-06-02,142.5482840284832,143.49860592200645,141.59796213496,142.5482840284832,
2021-06-03,141.44749450181882,142.23151006397552,140.3942210698306,140.71891438345102,
2021-06-04,139.5072539692089,141.906816750355,139.47557657275814,141.18615598109994,
2021-06-07,141.28118817045225,142.23151006397552,140.8377046201414,141.75634911721386,
2021-06-08,140.64764024143676,141.59004278584732,139.61812485678664,140.6318015432114,
2021-06-09,140.4892532591829,140.4892532591829,138.4302224898826,139.69731834791355,
2021-06-10,139.11128651357419,140.4734145609575,139.06377041889803,140.3229469278163,
2021-06-11,140.0140923124213,142.53244533025784,139.81610858460394,142.53244533025784,
2021-06-14,142.5482840284832,145.0745563954324,141.9147360994677,142.86505799299093,
2021-06-15,142.5482840284832,143.7203476971618,141.28118817045225,141.59796213496,
2021-06-16,141.64547822963615,143.8153798865142,141.64547822963615,143.8153798865142,
2021-06-17,142.5482840284832,143.1818319574987,141.34454296335377,141.66131692786152,
2021-06-18,141.44749450181882,143.173912608386,140.64764024143676,143.173912608386,
2021-06-21,143.15015456104788,145.0191209516436,141.6692362769742,144.70234698713583,
2021-06-22,143.80746053740148,144.37765367351545,142.5482840284832,144.44100846641697,
2021-06-23,142.86505799299093,144.60731479778352,142.86505799299093,144.60731479778352,
2021-06-24,143.8153798865142,144.4489278155297,142.88089669121626,144.4489278155297,
2021-06-25,144.13215385102188,144.4489278155297,142.5482840284832,144.4489278155297,
2021-06-28,142.73834840718786,148.88376331863802,142.5482840284832,148.88376331863802,
2021-06-29,146.42084574459037,146.98311953159157,143.8153798865142,146.47628118837923,
2021-06-30,145.7160236735606,146.03279763806836,144.13215385102188,146.016958939843,
2021-07-01,145.17750793389743,147.60874811149432,144.51228260843112,145.08247574454512,
2021-07-02,145.35173361437674,146.016958939843,143.8153798865142,144.70234698713583,
2021-07-05,144.36181497529,148.88376331863802,143.87873467941574,145.3992497090529,
2021-07-06,143.84705728296493,146.34165225346337,143.1818319574987,143.49860592200645,
2021-07-07,142.5482840284832,143.1818319574987,141.28118817045225,141.28118817045225,
2021-07-08,141.28118817045225,144.5993954486708,141.28118817045225,144.44100846641697,
2021-07-09,144.25886343682504,144.7657017800374,143.8153798865142,144.34597627706464,
2021-07-12,142.56412272670863,144.74986308181204,142.54036467937053,144.74986308181204,
2021-07-13,143.6569929042603,145.70018497533522,142.61163882138482,144.44100846641697,
2021-07-14,144.6310728451216,144.6310728451216,143.18975130661138,143.8153798865142,
2021-07-15,143.2689447977383,150.15085917666894,143.25310609951293,146.91976473869002,
2021-07-16,146.34957160257608,147.2207000049724,145.7160236735606,146.3337329043507,
2021-07-19,146.98311953159157,147.61666746060706,143.82329923562688,144.7657017800374,
2021-07-23,146.34165225346337,146.34165225346337,143.87081533030306,143.87081533030306,
2021-07-26,145.0745563954324,145.08247574454512,143.31646089241448,144.14799254924728,
2021-07-27,142.86505799299093,145.7160236735606,142.86505799299093,145.08247574454512,
2021-07-28,146.0011202416176,146.98311953159157,144.5835567504454,144.5835567504454,
2021-07-29,143.49860592200645,145.60515278598288,142.99176757879405,144.29054083327574,
2021-07-30,143.94208947231726,145.7160236735606,143.1818319574987,143.1818319574987,
2021-08-02,145.52595929485597,145.52595929485597,143.35605763797793,144.43308911730423,
2021-08-03,144.32221822972653,145.7160236735606,143.8153798865142,144.7657017800374,
2021-08-04,145.9694428451668,146.28621680967453,145.08247574454512,145.6368301824337,
2021-08-05,145.7793784664622,146.30997485701263,144.48060521198042,145.65266888065904,
2021-08-06,146.66634556708385,146.8247325493377,144.51228260843112,145.7160236735606,
2021-08-09,146.13574917653335,149.20053728314574,143.1818319574987,143.1818319574987,
2021-08-10,144.15591189836002,145.25670142502435,143.20559000483678,143.6569929042603,
2021-08-11,144.44100846641697,144.7657017800374,143.1818319574987,143.8153798865142,
2021-08-12,144.44100846641697,148.24229604050984,143.19767065572407,143.19767065572407,
2021-08-13,143.94208947231726,144.81321787471353,143.49860592200645,143.87873467941574,
2021-08-16,143.5065252711191,144.4489278155297,142.9600901823433,143.75202509361264,
2021-08-17,143.3718963362033,144.44100846641697,143.3718963362033,144.29054083327574,
2021-08-20,144.43308911730423,144.4489278155297,142.92841278589248,143.8153798865142,
2021-08-23,143.8153798865142,144.70234698713583,143.8153798865142,144.4489278155297,
2021-08-24,144.14799254924728,144.829056572939,143.8153798865142,144.13215385102188,
2021-08-25,143.9262507740919,144.7577824309247,143.69658964982378,143.69658964982378,
2021-08-26,143.8153798865142,145.7160236735606,143.49860592200645,143.49860592200645,
2021-08-27,145.70018497533522,145.70018497533522,142.5482840284832,143.6411542060349,
2021-08-30,143.80746053740148,145.06663704631978,143.6411542060349,144.0133636143315,
2021-08-31,144.33013757883924,145.0191209516436,143.8153798865142,143.8153798865142,
2021-09-01,144.44100846641697,146.8564099457885,143.95000882142998,146.28621680967453,
2021-09-02,146.8247325493377,147.99679621801639,144.4489278155297,144.7657017800374,
2021-09-03,145.0745563954324,145.7160236735606,144.1955086439235,145.70810432444793,
2021-09-06,145.41508840727826,149.81824651393586,145.17750793389743,148.58282805235567,
2021-09-07,150.15085917666894,150.15085917666894,142.87297734210367,144.0133636143315,
2021-09-08,144.4489278155297,144.4489278155297,142.23151006397552,142.85713864387824,
2021-09-09,143.58571876224607,145.62099148420825,142.55620337759592,143.1818319574987,
2021-09-10,144.4489278155297,145.3992497090529,142.682912963399,143.173912608386,
2021-09-13,143.34813828886527,143.34813828886527,142.5482840284832,142.5482840284832,
2021-09-14,143.1818319574987,143.67283160248567,141.28910751956496,142.16815527107394,
2021-09-15,143.4035737326541,143.4035737326541,141.28118817045225,141.28118817045225,
2021-09-16,142.5482840284832,142.5482840284832,140.33086627692904,140.92481746038104,
2021-09-17,139.5389313656597,141.28118817045225,139.38054438340583,139.40430243074388,
2021-09-20,139.69731834791355,139.69731834791355,138.30351290407947,138.73907710527766,
2021-09-21,140.33086627692904,140.33086627692904,136.2128047383284,137.47990059635939,
2021-09-22,134.94570888029742,136.77507852532963,130.5108733771891,134.18545136547885,
2021-09-23,133.67861302226652,134.6922897086913,132.34816237133396,132.4115171642355,
2021-09-24,133.6152582293649,134.1537739690281,132.47487195713705,133.93203219387266,
2021-09-27,133.14801663171602,134.31216095128195,131.14442130620455,133.52022604001257,
2021-09-28,131.8492433772343,138.7469964543903,130.83556669080951,138.7469964543903,
2021-09-29,135.32583763770674,137.47198124724665,132.4115171642355,132.4115171642355,
2021-09-30,133.66277432404107,135.25456349569248,131.77796923522,134.05874177967578,
2021-10-01,134.43887053708508,138.11344852537485,134.31216095128195,138.11344852537485,
2021-10-04,138.1451259218256,143.49860592200645,137.7966745608671,143.49860592200645,
2021-10-05,143.85497663207767,145.7160236735606,142.5482840284832,142.77002580363862,
2021-10-06,141.83484963698578,150.6974912867124,141.83484963698578,146.50239896170393,
2021-10-07,146.63273192714112,149.80145214933202,144.9954240488368,145.81000508281906,
2021-10-08,144.26230111825285,145.7041095484014,142.6738681019875,143.3662619808724,
2021-10-11,144.18084301485462,144.18084301485462,138.47877577697903,140.27085405173992,
2021-10-12,138.47877577697903,138.47877577697903,133.5912895730856,136.84961370901453,
2021-10-13,137.65604893265694,138.4706299666392,131.14754647113887,131.4733788847319,
2021-10-14,133.75420577988208,133.87639293497946,130.33296543715667,133.87639293497946,
2021-10-15,134.38957898638822,135.7092002614394,131.31046267793533,135.2204516410501,
2021-10-18,132.78485434944318,135.21230583071028,131.23715038487697,131.6362950915283,
2021-10-20,132.05173141885925,133.90083036599887,131.96212750512115,132.7767085391034,
2021-10-21,134.3162666933298,134.3162666933298,132.61379233230696,132.61379233230696,
2021-10-22,133.5912895730856,133.5912895730856,131.14754647113887,132.52418841856894,
2021-10-25,130.35740286817614,132.7767085391034,130.35740286817614,131.96212750512115,
2021-10-26,132.68710462536535,133.5912895730856,131.96212750512115,133.46910241798827,
2021-10-27,133.5831437627458,138.46248415629935,132.88260407352112,138.46248415629935,
2021-10-28,136.0350326750323,140.5152283619346,135.0086605722147,140.5152283619346,
2021-10-29,135.23674326172974,138.4380467252799,134.41401641740765,138.4380467252799,
2021-11-01,138.4706299666392,139.2933568109612,135.2204516410501,138.47877577697903,
2021-11-02,138.47877577697903,140.46635349989563,137.25690422600567,137.4279662431419,
2021-11-03,138.07148525998787,138.07148525998787,135.2204516410501,136.0350326750323,
2021-11-04,137.25690422600567,137.6641947429968,135.2204516410501,135.63588796838107,
2021-11-05,135.6277421580412,136.44232319202342,134.4221622277475,135.31820136512795,
2021-11-08,134.41401641740765,135.93728295095443,134.40587060706787,134.4221622277475,
2021-11-09,134.43845384842717,134.43845384842717,132.53233422890872,133.42837336628915,
2021-11-10,132.7767085391034,134.3244125036696,132.7767085391034,133.75420577988208,
2021-11-11,133.9904342797369,135.83138741653676,133.9904342797369,135.42409689954565,
2021-11-12,133.8845387453192,134.40587060706787,132.7767085391034,132.7767085391034,
2021-11-15,132.36941802211228,133.5912895730856,127.88922233521002,130.732110143808,
2021-11-16,131.14754647113887,132.98035379759895,131.14754647113887,132.93147893556002,
2021-11-17,131.15569228147874,132.91518731488034,131.14754647113887,132.36941802211228,
2021-11-18,131.11496322977968,133.9904342797369,130.74025595414784,133.9904342797369,
2021-11-19,133.46095660764848,134.40587060706787,131.88066940172294,134.40587060706787,
2021-11-22,132.57306328060787,132.57306328060787,130.74025595414784,132.28795991871408,
2021-11-23,131.96212750512115,131.96212750512115,128.29651285220112,128.29651285220112,
2021-11-24,127.89736814554986,131.1394006607991,124.63089819928112,130.33296543715667,
2021-11-25,128.34538771424008,128.34538771424008,125.53508314700137,125.68985354345801,
2021-11-26,125.52693733666153,132.7767085391034,123.00173613131663,132.7767085391034,
2021-11-29,126.26006026724555,131.94583588444152,125.84462393991465,131.94583588444152,
2021-11-30,129.34732238603814,131.96212750512115,127.88922233521002,129.15182293788246,
2021-12-01,128.70380336919226,128.70380336919226,127.88922233521002,128.2150547488029,
2021-12-02,128.7200949898719,129.49394697215502,123.81631716529887,129.50209278249486,
2021-12-03,123.9792333720953,126.2437686465659,123.9792333720953,124.79381440607756,
2021-12-06,126.86285023239242,126.86285023239242,123.81631716529887,124.22360768228998,
2021-12-07,124.63089819928112,125.4047501815642,123.20538138981216,124.39466969942627,
2021-12-08,124.63089819928112,124.63089819928112,122.21973833869369,123.08319423471484,
2021-12-09,123.00988194165645,123.27869368287064,115.87415208397215,119.90632820218411,
2021-12-10,120.55799302936992,122.1871550973344,119.74341199538767,122.1871550973344,
2021-12-13,120.9652835463611,120.9652835463611,119.74341199538767,119.74341199538767,
2021-12-14,117.34039794514015,125.42918761258368,117.34039794514015,125.42918761258368,
2021-12-15,123.00173613131663,125.43733342292354,122.1871550973344,123.70227582054137,
2021-12-16,123.81631716529887,123.81631716529887,121.37257406335216,121.45403216675042,
2021-12-17,121.49476121844953,122.90398640723876,120.9815751670407,122.51298751092732,
2021-12-20,122.1871550973344,123.49048475170595,120.97342935670085,121.80430201136274,
2021-12-21,122.51298751092732,123.81631716529887,122.19530090767422,122.51298751092732,
2021-12-22,123.00173613131663,123.40088083796793,121.91019754578046,122.35007130413086,
2021-12-23,123.31127692422987,125.39660437122441,120.55799302936992,125.39660437122441,
2021-12-24,123.81631716529887,126.17860216384736,115.67050682547661,125.93422785365267,
2021-12-27,122.1871550973344,122.1871550973344,121.14449137383714,121.37257406335216,
2021-12-28,121.77986458034329,121.77986458034329,120.55799302936992,121.77986458034329,
2021-12-29,122.1871550973344,122.50484170058746,120.3950768225735,120.52540978801068,
2021-12-30,122.59444561432555,125.44547923326333,120.55799302936992,125.44547923326333,
2021-12-31,122.1871550973344,127.07464130122781,121.80430201136274,124.32950321670765,
2022-01-03,123.29498530355023,124.63089819928112,123.24611044151129,124.3865238890864,
2022-01-04,122.19530090767422,126.66735078423667,122.19530090767422,125.85276975025447,
2022-01-05,125.44547923326333,126.2274770258863,125.03818871627223,126.17045635350746,
2022-01-06,125.04633452661206,125.44547923326333,123.93850432039619,124.0199624237944,
2022-01-07,124.57387752690236,125.03818871627223,124.42725294078551,124.63089819928112,
2022-01-10,123.90592107903691,126.98503738748971,123.81631716529887,124.63089819928112,
2022-01-11,124.98931385423325,125.03818871627223,123.44975570000693,123.65340095850243,
2022-01-12,124.30506578568819,124.63089819928112,123.84075459631833,124.63089819928112,
2022-01-13,124.63089819928112,125.44547923326333,123.81631716529887,124.63089819928112,
2022-01-14,124.63089819928112,124.63089819928112,123.81631716529887,124.22360768228998,
2022-01-17,123.44975570000693,124.22360768228998,122.29305063175211,123.81631716529887,
2022-01-18,123.2868394932104,123.81631716529887,123.2868394932104,123.81631716529887,
2022-01-19,122.36636292481049,123.00173613131663,120.59872208106906,120.9652835463611,
2022-01-20,119.33612147839663,119.94705725388329,118.92883096140547,119.94705725388329,
2022-01-21,119.94705725388329,122.41523778684946,119.94705725388329,122.1871550973344,
2022-01-24,121.53549027014863,122.51298751092732,120.62315951208856,120.9652835463611,
2022-01-25,120.66388856378767,122.1871550973344,120.66388856378767,121.37257406335216,
2022-01-26,120.37878520189388,121.37257406335216,120.15070251237887,121.35628244267257,
2022-01-27,120.7616382878655,121.77171877000349,120.15070251237887,121.16892880485665,
2022-01-28,120.97342935670085,122.1871550973344,120.9652835463611,122.1871550973344,
2022-01-31,122.13013442495564,123.00173613131663,121.37257406335216,122.1871550973344,
2022-02-01,122.92027802791844,122.92027802791844,121.55178189082828,122.74921601078215,
2022-02-02,123.00173613131663,123.55565123442457,122.26861320073263,123.00173613131663,
2022-02-03,123.40088083796793,124.18287863059088,123.40088083796793,123.40902664830777,
2022-02-04,123.00988194165645,123.81631716529887,122.43152940752908,122.59444561432555,
2022-02-07,123.72671325156082,124.22360768228998,123.00173613131663,123.81631716529887,
2022-02-08,124.60646076826166,124.60646076826166,122.9610070796175,123.22167301049186,
2022-02-09,123.7674423032599,124.63089819928112,123.52306799306524,124.06069147549353,
2022-02-10,124.11771214787228,124.22360768228998,123.00173613131663,123.40902664830777,
2022-02-11,123.49048475170595,123.81631716529887,123.00173613131663,123.14021490709365,
2022-02-14,123.09134004505471,123.09134004505471,121.86132268374152,122.1871550973344,
2022-02-15,121.86132268374152,122.59444561432555,121.37257406335216,122.17900928699459,
2022-02-16,122.1871550973344,122.1871550973344,121.77986458034329,121.91019754578046,
2022-02-17,122.1871550973344,122.1871550973344,120.55799302936992,122.10569699393618,
2022-02-18,121.45403216675042,123.00173613131663,121.37257406335216,122.10569699393618,
2022-02-21,121.47032378743008,122.59444561432555,121.37257406335216,122.1871550973344,
2022-02-22,121.38071987369197,122.17900928699459,120.9652835463611,122.17900928699459,
2022-02-23,121.51919864946899,122.1871550973344,121.37257406335216,122.01609308019817,
2022-02-24,121.35628244267257,121.35628244267257,116.61542082489596,116.61542082489596,
2022-02-25,116.81092027305172,118.92883096140547,116.48508785945882,116.5258169111579,
2022-02-28,118.92068515106563,118.92883096140547,116.90052418678972,117.21821079004282,
2022-03-01,115.6867984461562,118.11424992742326,115.6867984461562,117.29966889344105,
2022-03-02,116.50952529047827,116.50952529047827,114.44863527450323,115.58090291173849,
2022-03-03,115.59719453241819,116.39548394572076,113.22676372352988,114.04134475751212,
2022-03-04,115.33652860154386,115.66236101513674,114.04134475751212,115.65421520479691,
2022-03-07,116.29773422164291,121.76357295966366,113.30822182692812,120.55799302936992,
2022-03-08,118.93697677174535,124.23989930296963,118.52154044441441,120.63945113276813,
2022-03-09,119.34426728873639,123.84890040665815,119.34426728873639,123.00173613131663,
2022-03-10,122.1871550973344,125.44547923326333,121.94278078713974,124.23989930296963,
2022-03-11,122.39080035583,126.21933121554643,122.39080035583,125.85276975025447,
2022-03-14,123.82446297563868,126.25191445690574,122.22788414903353,126.05641500875,
2022-03-15,126.17045635350746,132.76856272876358,125.52693733666153,132.61379233230696,
2022-03-16,130.53661069565229,137.6641947429968,130.53661069565229,136.3608650886252,
2022-03-17,136.84961370901453,136.84961370901453,133.67274767648385,133.76235159022193,
2022-03-18,133.04552028031756,134.40587060706787,127.88922233521002,129.1110938861834,
2022-03-21,131.1394006607991,131.1394006607991,126.26006026724555,128.70380336919226,
2022-03-22,128.24763799016222,128.70380336919226,128.2150547488029,128.70380336919226,
2022-03-24,126.3903932326827,128.69565755885242,126.3903932326827,127.31901561142244,
2022-03-25,127.06649549088795,127.07464130122781,125.85276975025447,127.07464130122781,
2022-03-28,125.53508314700137,126.26006026724555,124.66348144064038,125.03818871627223,
2022-03-29,125.11964681967044,126.42297647404202,125.11964681967044,126.26006026724555,
2022-03-30,126.08899825010926,126.2437686465659,125.44547923326333,126.17860216384736,
2022-03-31,125.05448033695187,129.31473914467895,125.03818871627223,129.31473914467895,
2022-04-01,125.52693733666153,127.40047371482065,125.52693733666153,127.10722454258705,
2022-04-04,126.26006026724555,127.07464130122781,122.19530090767422,127.07464130122781,
2022-04-05,127.07464130122781,128.70380336919226,126.2682060775854,127.07464130122781,
2022-04-06,127.79147261113218,127.79961842147198,125.85276975025447,126.26006026724555,
2022-04-07,126.99318319782958,126.99318319782958,123.73485906190066,123.73485906190066,
2022-04-08,122.19530090767422,123.81631716529887,122.19530090767422,123.81631716529887,
2022-04-11,129.51838440317442,129.51838440317442,125.44547923326333,127.07464130122781,
2022-04-12,127.07464130122781,128.27207542118163,125.68985354345801,126.26006026724555,
2022-04-13,125.52693733666153,127.05834968054816,125.52693733666153,126.26006026724555,
2022-04-14,126.58589268083841,126.66735078423667,126.17860216384736,126.26006026724555,
2022-04-15,127.06649549088795,127.08278711156763,125.44547923326333,126.25191445690574,
2022-04-18,125.44547923326333,126.26006026724555,123.81631716529887,125.44547923326333,
2022-04-19,125.60839544005975,128.05213854200645,125.11964681967044,126.28449769826503,
2022-04-20,126.25191445690574,127.05020387020832,125.03818871627223,125.09520938865097,
2022-04-21,125.16852168170941,126.26006026724555,125.11964681967044,125.60839544005975,
2022-04-22,125.58395800904032,125.6817077331182,124.63904400962089,125.38031275054473,
2022-04-25,126.66735078423667,126.67549659457646,125.12779263001028,125.20110492306867,
2022-04-26,125.52693733666153,125.68985354345801,123.82446297563868,124.63089819928112,
2022-04-27,124.63089819928112,125.85276975025447,124.32135740636787,125.44547923326333,
2022-04-28,124.63089819928112,125.52693733666153,124.63089819928112,125.03818871627223,
2022-05-06,123.81631716529887,129.43692629977625,123.81631716529887,126.17860216384736,
2022-05-09,123.81631716529887,123.90592107903691,119.74341199538767,122.1871550973344,
2022-05-10,118.2445828928604,122.1871550973344,118.2445828928604,122.1871550973344,
2022-05-11,120.9652835463611,120.9652835463611,116.48508785945882,118.92883096140547,
2022-05-12,116.50952529047827,122.1871550973344,116.50952529047827,120.72090923616639,
2022-05-13,120.55799302936992,122.113842804276,119.74341199538767,119.78414104708685,
2022-05-16,120.55799302936992,120.55799302936992,117.29966889344105,119.12433040956124,
2022-05-17,118.6437275995117,118.6437275995117,116.566545962857,117.70695941043216,
2022-05-18,118.52154044441441,118.92883096140547,117.30781470378086,118.11424992742326,
2022-05-19,118.51339463407456,119.74341199538767,118.03279182402504,118.03279182402504,
2022-05-20,119.17320527160018,120.55799302936992,119.17320527160018,119.66195389198948,
2022-05-23,119.33612147839663,119.33612147839663,117.29966889344105,118.07352087572417,
2022-05-24,118.92883096140547,118.92883096140547,117.29966889344105,118.11424992742326,
2022-05-25,116.49323366979867,118.84737285800729,116.48508785945882,118.72518570290991,
2022-05-26,116.5258169111579,118.92883096140547,116.48508785945882,118.92883096140547,
2022-05-27,121.53549027014863,121.53549027014863,117.72325103111181,118.11424992742326,
2022-05-30,119.61307902995057,120.42766006393282,117.58477225533483,118.52154044441441,
2022-05-31,118.19570803082146,118.19570803082146,117.38112699683926,117.38112699683926,
2022-06-01,118.84737285800729,118.84737285800729,117.0308571522269,117.29966889344105,
2022-06-02,117.26708565208175,118.01650020334539,116.90866999712956,118.01650020334539,
2022-06-03,117.29966889344105,117.9106046689277,115.67865263581642,115.67865263581642,
2022-06-06,116.07779734246766,117.8454381862091,114.13094867125017,116.72946216965349,
2022-06-07,117.29966889344105,117.29966889344105,115.67050682547661,116.48508785945882,
2022-06-08,116.57469177319688,117.21821079004282,116.48508785945882,117.21821079004282,
2022-06-09,117.21821079004282,117.49516834159678,116.07779734246766,117.28337727276138,
2022-06-10,118.11424992742326,118.11424992742326,116.48508785945882,118.09795830674362,
2022-06-13,118.10610411708342,118.48081139271528,117.29966889344105,118.09795830674362,
2022-06-14,118.0898124964038,118.0898124964038,116.48508785945882,116.85164932475081,
2022-06-15,118.0246460136852,118.03279182402504,116.90866999712956,117.29966889344105,
2022-06-16,117.94318791028698,117.94318791028698,116.64800406625525,117.29966889344105,
2022-06-17,117.78841751383037,120.28918128815579,117.78841751383037,118.11424992742326,
2022-06-20,118.19570803082146,118.52154044441441,117.29966889344105,117.29966889344105,
2022-06-21,118.11424992742326,118.11424992742326,116.68873311795438,118.10610411708342,
2022-06-22,118.52154044441441,119.74341199538767,117.78841751383037,118.10610411708342,
2022-06-23,118.11424992742326,119.74341199538767,117.73139684145164,119.09174716820195,
2022-06-24,118.20385384116133,119.4501628231541,116.49323366979867,116.92496161780922,
2022-06-27,116.89237837644991,119.74341199538767,116.89237837644991,118.03279182402504,
2022-06-28,116.89237837644991,118.72518570290991,116.89237837644991,117.38112699683926,
2022-06-29,118.92883096140547,118.92883096140547,116.90866999712956,116.90866999712956,
2022-06-30,117.05529458324635,118.17941641014188,117.05529458324635,117.79656332417018,
2022-07-01,118.11424992742326,118.11424992742326,116.97383647984816,117.62550130703391,
2022-07-04,116.89237837644991,117.58477225533483,114.96182132591204,117.25893984174189,
2022-07-05,117.92689628960733,117.92689628960733,116.49323366979867,116.72131635931366,
2022-07-06,118.11424992742326,118.11424992742326,115.7519649288748,117.78027170349058,
2022-07-07,116.98198229018799,117.69881360009235,116.53396272149776,117.62550130703391,
2022-07-13,119.55605835757183,119.55605835757183,116.89237837644991,118.61114435815243,
2022-07-14,119.41757958179487,119.74341199538767,118.35862423761793,119.71082875402844,
2022-07-15,119.53976673689215,119.74341199538767,118.94512258208518,119.28724661635768,
2022-07-18,117.3892728071791,118.84737285800729,117.38112699683926,118.30974937557902,
2022-07-19,118.31789518591884,118.31789518591884,116.48508785945882,116.48508785945882,
2022-07-20,115.7926939805739,116.48508785945882,115.67050682547661,116.4443588077597,
2022-07-21,116.89237837644991,116.89237837644991,114.31015649872627,114.89665484319345,
2022-07-22,114.89665484319345,116.89237837644991,112.73801510314053,116.07779734246766,
2022-07-25,114.86407160183415,115.05957104998994,114.69300958469792,114.85592579149436,
2022-07-26,114.16353191260946,115.26321630848545,114.16353191260946,114.85592579149436,
2022-07-27,114.86407160183415,116.07779734246766,114.48936432620236,114.85592579149436,
2022-07-28,114.86407160183415,116.28144260096325,114.85592579149436,115.67050682547661,
2022-07-29,117.28337727276138,117.28337727276138,115.26321630848545,116.48508785945882,
2022-08-01,115.67050682547661,117.31596051412069,115.67050682547661,117.31596051412069,
2022-08-02,116.0859431528075,117.2752314624216,116.0859431528075,116.90866999712956,
2022-08-03,116.83535770407117,122.79809087282109,116.50952529047827,118.61114435815243,
2022-08-04,118.19570803082146,120.54984721903008,118.19570803082146,120.15070251237887,
2022-08-05,119.86559915048502,122.1871550973344,119.86559915048502,122.26861320073263,
2022-08-10,122.1871550973344,131.00092188502217,122.03238470087781,127.17239102530567,
2022-08-11,128.70380336919226,130.16190342002037,125.94237366399251,126.99318319782958,
2022-08-12,126.66735078423667,128.70380336919226,126.26006026724555,128.2802212315215,
2022-08-15,130.25150733375847,132.65452138400605,128.70380336919226,132.36127221177244,
2022-08-16,133.1839990560945,134.24295440027146,129.9256749201656,131.3511917296345,
2022-08-17,130.45515259225402,131.55483698813006,130.33296543715667,131.55483698813006,
2022-08-18,131.55483698813006,131.55483698813006,129.51838440317442,129.78719614438862,
2022-08-19,132.24723086701493,132.24723086701493,129.9256749201656,129.9256749201656,
2022-08-22,129.51838440317442,129.76275871336918,128.69565755885242,129.0296357827852,
2022-08-23,129.51838440317442,130.74025595414784,128.34538771424008,129.10294807584356,
2022-08-24,128.70380336919226,129.68130060997092,128.45942905899756,129.1110938861834,
2022-08-25,129.03778159312492,129.03778159312492,128.05213854200645,128.70380336919226,
2022-08-26,129.1110938861834,129.1110938861834,126.42297647404202,126.9117250944314,
2022-08-29,126.50443457744021,127.84849328351092,125.05448033695187,126.17860216384736,
2022-08-30,127.06649549088795,128.71194917953207,124.32135740636787,124.95673061287398,
2022-08-31,126.99318319782958,128.70380336919226,125.4047501815642,127.06649549088795,
2022-09-01,129.50209278249486,130.74025595414784,127.88922233521002,129.9256749201656,
2022-09-02,130.12932017866115,133.1106867630361,129.72202966167004,131.31046267793533,
2022-09-05,132.04358560851938,133.53426890070688,129.73017547200988,129.73017547200988,
2022-09-06,130.33296543715667,130.3411112474965,128.70380336919226,129.72202966167004,
2022-09-07,129.89309167880631,131.14754647113887,129.11923969652318,130.33296543715667,
2022-09-08,130.33296543715667,131.14754647113887,129.11923969652318,131.14754647113887,
2022-09-09,120.6150137017487,120.6150137017487,120.6150137017487,120.6150137017487,
2022-09-12,115.26321630848545,116.48508785945882,113.69107491289975,114.85592579149436,
2022-09-13,115.3039453601846,117.29966889344105,114.85592579149436,117.29966889344105,
2022-09-14,116.49323366979867,116.84350351441101,112.81947320653877,113.129013999452,
2022-09-15,114.84777998115452,114.85592579149436,113.23490953386973,113.63405424052101,
2022-09-16,113.52001289576347,114.04134475751212,111.19031113857433,111.34508153503093,
2022-09-19,111.59760165556544,112.00489217255655,110.46533401833014,110.49791725968944,
2022-09-20,109.96843958760095,110.04989769099919,107.52469648565426,107.72834174414984,
2022-09-21,109.15385855361873,109.15385855361873,105.34976512492172,105.34976512492172,
2022-09-22,105.08095338370758,105.08095338370758,101.8226292477787,102.88158459195557,
2022-09-23,103.45179131574314,105.05651595268812,100.1934671798142,102.88158459195557,
2022-09-26,104.26637234972536,107.9319870026454,104.25822653938555,107.6794668821109,
2022-09-27,107.69575850279058,111.39395639706989,107.11740596866319,111.02739493177788,
2022-09-28,110.61195860444694,112.41218268954766,109.56114907060986,110.49791725968944,
2022-09-29,109.96843958760095,111.02739493177788,109.15385855361873,111.02739493177788,
2022-09-30,111.10070722483627,112.69728605144142,110.78302062158322,110.78302062158322,
2022-10-03,111.19031113857433,112.33072458614944,110.62010441478677,110.82374967328231,
2022-10-04,112.41218268954766,112.41218268954766,110.8563329146416,111.75237205202205,
2022-10-05,110.78302062158322,112.40403687920787,109.96843958760095,110.3757301045921,
2022-10-06,110.3838759149319,111.50799774182737,110.0091686393001,110.3757301045921,
2022-10-07,110.76672900090355,110.76672900090355,109.23531665701695,109.96843958760095,
2022-10-10,111.59760165556544,111.59760165556544,109.20273341565769,109.56114907060986,
2022-10-11,109.96843958760095,109.96843958760095,108.17636131284011,108.3392775196365,
2022-10-12,109.2677674461756,109.2677674461756,105.96176051801362,108.5048427704459,
2022-10-13,106.47037696850003,109.35253685459,106.47037696850003,108.29291924940985,
2022-10-14,108.16576513678825,109.18299803776121,107.23330164422974,108.08947266921531,
2022-10-17,107.23330164422974,107.57237927788739,100.11267133741923,106.8942240105721,
2022-10-18,106.8942240105721,108.5048427704459,106.8942240105721,107.98774937911801,
2022-10-19,107.27568634843695,109.17452109691976,107.27568634843695,108.58961217886034,
2022-10-20,108.08099572837385,109.35253685459,105.96176051801362,106.30931509251266,
2022-10-21,106.96203953730364,106.96203953730364,103.86795613017765,104.18160294131096,
2022-10-24,105.11406643386948,105.11406643386948,103.8425253076533,104.18160294131096,
2022-10-25,104.34266481729836,104.34266481729836,102.57098418143715,103.19827780370379,
2022-10-26,101.72329009729303,106.80945460215769,99.74816288123728,100.49413367528409,
2022-10-27,104.0883565920551,104.0883565920551,100.91798071735614,103.50344767399567,
2022-10-28,103.41867826558125,103.8425253076533,100.96036542156334,101.72329009729303,
2022-10-31,101.72329009729303,102.55403029975426,100.29068709508951,100.87559601314895,
2022-11-01,101.72329009729303,102.14713713936509,101.29944305522099,101.72329009729303,
2022-11-02,101.71481315645158,103.16437004033803,101.71481315645158,102.97787734182633,
2022-11-03,102.99483122350921,105.9448066363307,102.99483122350921,103.41867826558125,
2022-11-04,103.50344767399567,103.83404836681187,101.61308986635431,102.47773783218129,
2022-11-07,103.33390885716683,104.00358718364068,101.81653644654888,103.8425253076533,
2022-11-08,103.8425253076533,104.26637234972536,103.33390885716683,103.41867826558125,
2022-11-10,103.70689425419027,105.02929702545507,102.57098418143715,105.02929702545507,
2022-11-11,104.26637234972536,105.52943653510009,104.26637234972536,104.96148149872351,
2022-11-14,104.69021939179743,105.3683746591127,103.92729471606772,103.92729471606772,
2022-11-15,104.69021939179743,104.69021939179743,103.92729471606772,103.92729471606772,
2022-11-16,104.26637234972536,104.26637234972536,103.8425253076533,104.0459718878479,
2022-11-17,103.50344767399567,104.18160294131096,103.24913944875244,103.24913944875244,
2022-11-18,102.57098418143715,103.33390885716683,101.72329009729303,102.3166759561939,
2022-11-21,102.98635428266775,102.98635428266775,101.63852068887864,101.72329009729303,
2022-11-22,101.72329009729303,102.35058371955968,101.29944305522099,102.14713713936509,
2022-11-23,101.73176703813449,102.1895218435723,101.72329009729303,102.13866019852365,
2022-11-24,102.15561408020653,102.23190654777947,101.74024397897593,102.14713713936509,
2022-11-25,101.74024397897593,105.96176051801362,101.72329009729303,103.85100224849475,
2022-11-28,101.72329009729303,102.57098418143715,100.02790192900484,101.55375128046421,
2022-11-29,102.78290770247317,102.82529240668038,100.87559601314895,101.29944305522099,
2022-11-30,102.14713713936509,102.14713713936509,101.08751953418495,101.72329009729303,
2022-12-01,102.14713713936509,102.57098418143715,101.72329009729303,101.77415174234169,
2022-12-02,100.79930354557595,102.5625072405957,100.02790192900484,100.11267133741923,
2022-12-05,99.91770169806608,100.45174897107688,99.1802078448607,99.1971617265436,
2022-12-06,99.43451607010394,100.01942498816337,98.2477443523022,99.12934619981206,
2022-12-07,99.16325396317785,99.16325396317785,98.40880622828959,98.41728316913101,
2022-12-08,98.34099070155804,99.60405488693277,97.90866671864454,98.6207297493256,
2022-12-09,98.34099070155804,100.32459485845527,97.917143659486,98.41728316913101,
2022-12-12,100.02790192900484,100.45174897107688,97.90866671864454,97.95105142285176,
2022-12-13,97.917143659486,98.12059023968057,97.30680391890225,97.31528085974368,
2022-12-14,96.84904911346442,97.95105142285176,96.84904911346442,96.89143381767163,
2022-12-15,97.06097263450044,97.48481967657249,93.24634925585195,95.78095456744282,
2022-12-16,96.62864865158696,96.62864865158696,93.67019629792401,94.68742919889694,
2022-12-19,94.09404333999605,94.09404333999605,91.9748081296358,91.9748081296358,
2022-12-20,90.71174394426106,92.82250221377991,85.60862555771352,85.60862555771352,
2022-12-21,87.22772125842879,88.99940189428996,84.76940841441089,88.14323086930442,
2022-12-22,88.15170781014584,88.24495415940171,86.47327352354053,87.10056714580716,
2022-12-23,87.31249066684319,87.31249066684319,86.51565822774774,86.54956599111348,
2022-12-26,88.62641649726653,89.85557291927555,85.28650180573877,89.85557291927555,
2022-12-27,89.1943715336431,90.69479006257819,86.46479658269911,86.46479658269911,
2022-12-28,88.1601847509873,88.1601847509873,83.08249718696409,85.19325545648293,
2022-12-29,84.81179311861807,84.81179311861807,83.80303715848659,83.92171433026675,
2022-12-30,83.92171433026675,85.53233309014057,83.5402519924019,85.43908674088472,
2023-01-02,86.76148951214951,86.76148951214951,85.70187190696939,85.70187190696939,
2023-01-03,84.76940841441089,86.04094954062705,84.47271548496043,85.61710249855498,
2023-01-04,85.40517897751894,85.43060980004329,84.76940841441089,85.27802486489733,
2023-01-05,86.15114977156576,86.15114977156576,84.9050394678739,85.59167167603067,
2023-01-06,84.77788535525231,85.61710249855498,84.77788535525231,85.27802486489733,
2023-01-09,84.9050394678739,84.95590111292258,83.92171433026675,84.3455613723388,
2023-01-10,84.76940841441089,85.59167167603067,84.43033078075321,85.11696298890993,
2023-01-11,85.90531848716397,85.90531848716397,84.82874700030096,85.19325545648293,
2023-01-12,85.59167167603067,86.00704177726125,85.23564016069012,85.23564016069012,
2023-01-13,83.20117435874427,85.61710249855498,83.20117435874427,84.76940841441089,
2023-01-16,87.30401372600174,87.30401372600174,83.92171433026675,84.76940841441089,
2023-01-17,84.76940841441089,84.76940841441089,82.52301909142895,83.4130978797803,
2023-01-18,83.07402024612264,85.18477851564148,83.07402024612264,85.18477851564148,
2023-01-19,85.18477851564148,85.19325545648293,84.3455613723388,84.3455613723388,
2023-01-20,83.9301912711082,85.60014861687209,83.50634422903616,83.75217551343792,
2023-01-23,86.03247259978556,86.03247259978556,83.49786728819468,83.92171433026675,
2023-01-24,83.5402519924019,84.71854676936223,83.49786728819468,84.3455613723388,
2023-01-25,85.56624085350633,85.56624085350633,83.20117435874427,83.9132373894253,
2023-01-26,84.71854676936223,85.19325545648293,83.49786728819468,84.0912531470956,
2023-01-27,84.80331617777664,84.80331617777664,83.49786728819468,83.66740610502355,
2023-01-30,83.92171433026675,84.3455613723388,83.09945106864699,83.4130978797803,
2023-01-31,84.68463900599646,89.42324893636204,82.65865014489205,84.52357713000907,
2023-02-01,85.69339496612795,91.38989921157636,85.6594872027622,89.85557291927555,
2023-02-02,89.85557291927555,90.70326700341963,88.16866169182875,88.3890621537062,
2023-02-03,88.5925087339008,89.00787883513141,87.22772125842879,87.2361981992702,
2023-02-06,87.22772125842879,88.5755548522179,86.46479658269911,88.5755548522179,
2023-02-07,88.1601847509873,93.24634925585195,88.1601847509873,89.51649528561786,
2023-02-08,88.1601847509873,89.84709597843407,88.1601847509873,89.44020281804491,
2023-02-09,89.85557291927555,90.44048183733494,89.01635577597285,90.27941996134759,
2023-02-10,89.58431081234941,90.44895877817639,89.00787883513141,89.43172587720348,
2023-02-13,89.34695646878905,90.19465055293315,89.01635577597285,89.85557291927555,
2023-02-14,89.43172587720348,89.43172587720348,87.95673817079272,88.1601847509873,
2023-02-15,87.31249066684319,88.95701719008275,87.31249066684319,87.77872241312247,
2023-02-16,87.31249066684319,88.1601847509873,86.48175046438196,86.67672010373511,
2023-02-17,86.63433539952788,89.00787883513141,86.45631964185763,87.3548753710504,
2023-02-20,87.40573701609904,87.43964477946481,86.59195069532069,86.71910480794232,
2023-02-21,87.31249066684319,87.31249066684319,86.46479658269911,86.46479658269911,
2023-02-22,86.46479658269911,87.19381349506301,86.12571894904141,86.16810365324864,
2023-02-23,87.68547606386662,87.69395300470805,86.29525776587026,87.05818244159995,
2023-02-24,87.63461441881795,87.63461441881795,84.68463900599646,84.97285499460544,
2023-02-27,85.52385614929912,85.52385614929912,84.0912531470956,84.3455613723388,
2023-02-28,83.51482116987758,84.73550065104509,83.49786728819468,83.67588304586495,
2023-03-01,83.07402024612264,83.75217551343792,82.36195721544158,82.37891109712449,
2023-03-02,83.07402024612264,83.48939034735326,82.22632616197853,83.07402024612264,
2023-03-03,83.28594376715868,84.68463900599646,83.07402024612264,83.92171433026675,
2023-03-06,83.49786728819468,84.66768512431358,83.49786728819468,83.92171433026675,
2023-03-07,83.92171433026675,85.17630157480004,83.92171433026675,84.76940841441089,
2023-03-08,85.43908674088472,85.43908674088472,84.00648373868117,84.0912531470956,
2023-03-09,83.9301912711082,85.19325545648293,83.92171433026675,83.92171433026675,
2023-03-10,83.5402519924019,85.61710249855498,83.49786728819468,84.76940841441089,
2023-03-13,84.43033078075321,85.40517897751894,83.92171433026675,83.94714515279108,
2023-03-14,83.92171433026675,84.55748489337483,83.92171433026675,83.92171433026675,
2023-03-15,83.9301912711082,84.55748489337483,83.50634422903616,83.92171433026675,
2023-03-16,83.50634422903616,84.71006982852079,83.08249718696409,83.92171433026675,
2023-03-17,83.9301912711082,84.76940841441089,83.50634422903616,83.92171433026675,
2023-03-20,84.74397759188655,84.74397759188655,83.51482116987758,83.9301912711082,
2023-03-21,85.15087075227572,85.15087075227572,83.69283692754786,83.92171433026675,
2023-03-22,83.50634422903616,84.5490079525334,83.07402024612264,83.08249718696409,
2023-03-24,83.06554330528121,83.17574353621994,82.56540379563619,83.07402024612264,
2023-03-27,82.98925083770823,83.48939034735326,81.80247911990648,83.03163554191543,
2023-03-28,83.04858942359834,83.04858942359834,82.22632616197853,82.65017320405059,
2023-03-29,82.22632616197853,82.48063438722177,81.81943300158936,82.22632616197853,
2023-03-30,81.81943300158936,82.65017320405059,81.27690878773714,82.01440264094252,
2023-03-31,83.07402024612264,83.07402024612264,81.29386266942002,81.37863207783444,
2023-04-03,80.88696950903086,81.85334076495514,80.19186036003269,81.37863207783444,
2023-04-04,81.80247911990648,81.80247911990648,79.52218203355883,80.3190144726543,
2023-04-05,80.10709095161828,80.95478503576238,79.68324390954622,80.36139917686148,
2023-04-06,80.95478503576238,81.37015513699298,79.89516743058225,80.505507171166,
2023-04-07,80.53093799369032,80.53093799369032,79.25939686747417,79.68324390954622,
2023-04-10,80.10709095161828,80.53093799369032,79.57304367860748,79.68324390954622,
2023-04-11,79.73410555459488,79.89516743058225,79.60695144197324,79.68324390954622,
2023-04-12,80.42921470359302,80.42921470359302,79.55608979692458,79.85278272637503,
2023-04-13,79.27635074915703,80.08166012909393,78.41170278333003,80.08166012909393,
2023-04-17,80.53093799369032,81.37863207783444,79.42893568430297,81.37015513699298,
2023-04-18,81.59055559887047,82.22632616197853,80.10709095161828,82.22632616197853,
2023-04-19,80.02232154320387,82.21784922113712,79.68324390954622,81.38710901867589,
2023-04-20,81.37863207783444,82.65017320405059,80.54789187537321,81.55664783550469,
2023-04-26,82.22632616197853,82.78580425751366,81.50578619045606,82.14155675356416,
2023-04-27,81.54817089466324,82.81971202087945,81.54817089466324,82.80275813919654,
2023-04-28,82.64169626320916,88.89767860419268,82.22632616197853,83.09945106864699,
2023-05-02,83.92171433026675,85.93922625052973,83.49786728819468,84.82874700030096,
2023-05-03,85.24411710153156,86.46479658269911,83.92171433026675,85.19325545648293,
2023-05-04,85.61710249855498,86.04094954062705,82.22632616197853,83.07402024612264,
2023-05-05,83.83694492185235,83.83694492185235,79.08985805064535,80.02232154320387,
2023-05-08,79.42893568430297,80.27662976844708,79.08985805064535,79.5984745011318,
2023-05-09,79.25091992663272,79.68324390954622,77.98785574125799,79.1661505182183,
2023-05-10,76.38571392222565,77.90308633284359,76.20769816455537,77.14016165711388,
2023-05-11,77.14016165711388,78.78468818035346,77.01300754449227,78.24216396650124,
2023-05-12,78.28454867070842,80.18338341919124,77.64877810760035,80.02232154320387,
2023-05-15,77.99633268209945,79.51370509271737,77.99633268209945,79.25939686747417,
2023-05-16,79.47132038851018,82.21784922113712,79.47132038851018,80.10709095161828,
2023-05-17,80.95478503576238,80.95478503576238,79.68324390954622,79.76801331796065,
2023-05-18,80.44616858527593,80.44616858527593,78.7931651211949,78.87793452960932,
2023-05-19,78.92879617465795,79.68324390954622,78.8355498254021,79.38655098009578,
2023-05-22,79.67476696870477,80.10709095161828,79.30178157168136,80.06470624741107,
2023-05-23,79.70019779122909,81.37863207783444,78.94575005634084,80.19186036003269,
2023-05-24,81.1243238525912,83.92171433026675,80.10709095161828,83.07402024612264,
2023-05-25,82.65017320405059,83.8284679810109,82.22632616197853,83.48939034735326,
2023-05-26,83.07402024612264,83.83694492185235,81.63294030307767,82.22632616197853,
2023-05-29,82.22632616197853,83.28594376715868,80.58179963873894,80.95478503576238,
2023-05-30,81.16670855679841,81.80247911990648,80.54789187537321,80.96326197660382,
2023-05-31,81.37863207783444,81.8872485283209,78.8355498254021,80.20033730087412,
2023-06-01,79.25939686747417,81.15823161595695,78.86098064792643,80.53093799369032,
2023-06-02,79.2678738083156,83.07402024612264,79.2678738083156,82.65017320405059,
2023-06-05,82.43824968301456,82.65017320405059,81.81095606074794,82.22632616197853,
2023-06-06,81.38710901867589,83.06554330528121,81.38710901867589,82.22632616197853,
2023-06-07,81.89572546916233,85.87988766463967,81.37863207783444,84.76940841441089,
2023-06-08,84.95590111292258,85.53233309014057,83.07402024612264,84.76940841441089,
2023-06-09,84.68463900599646,84.76940841441089,83.15878965453706,84.72702371020367,
2023-06-12,83.16726659537849,84.93894723123968,83.07402024612264,84.17602255550997,
2023-06-13,85.17630157480004,85.17630157480004,83.49786728819468,83.92171433026675,
2023-06-14,83.92171433026675,84.63377736094782,83.83694492185235,83.92171433026675,
2023-06-15,83.92171433026675,83.92171433026675,82.62474238152627,82.62474238152627,
2023-06-16,83.06554330528121,83.70979080923074,82.03135652262537,82.03135652262537,
2023-06-19,82.31109557039294,85.19325545648293,82.31109557039294,84.85417782282528,
2023-06-20,83.92171433026675,84.37099219486312,83.14183577285417,83.48939034735326,
2023-06-21,83.07402024612264,83.3283284713659,82.26871086618576,83.07402024612264,
2023-06-22,83.00620471939112,83.49786728819468,82.65017320405059,82.81971202087945,
2023-06-23,83.06554330528121,83.49786728819468,81.8448638241137,82.66712708573348,
2023-06-26,83.48091340651183,83.92171433026675,82.77732731667223,83.92171433026675,
2023-06-27,83.92171433026675,84.16754561466857,81.9889718184182,83.92171433026675,
2023-07-03,85.99008789557837,89.6690802207638,84.76940841441089,89.6690802207638,
2023-07-04,89.85557291927555,90.70326700341963,86.27830388418738,89.85557291927555,
2023-07-05,90.287896902189,96.12850914194193,90.287896902189,92.39865517170784,
2023-07-06,91.55096108756373,93.24634925585195,90.83042111604125,93.24634925585195,
2023-07-07,93.20396455164475,93.20396455164475,90.70326700341963,92.14434694646458,
2023-07-10,91.22883733558896,93.29721090090061,91.22883733558896,93.24634925585195,
2023-07-11,93.66171935708257,97.34918862310944,93.26330313753485,96.63712559242838,
2023-07-12,96.71341806000137,98.33251376071661,95.32319976200503,98.33251376071661,
2023-07-13,97.82389731023017,97.82389731023017,96.00135502932032,96.00135502932032,
2023-07-14,95.37406140705367,98.50205257754544,94.94173742414019,98.33251376071661,
2023-07-17,99.39213136589674,99.39213136589674,97.48481967657249,98.07820553547337,
2023-07-18,96.63712559242838,99.1802078448607,96.63712559242838,97.48481967657249,
2023-07-19,96.63712559242838,97.90866671864454,95.2384303535906,95.2384303535906,
2023-07-20,95.11127624096898,96.46758677559957,94.60265979048253,95.61989269145545,
2023-07-21,95.78943150828428,97.86628201443737,95.78943150828428,97.82389731023017,
2023-07-24,96.73037194168425,96.73037194168425,96.00135502932032,96.04373973352752,
2023-07-25,95.79790844912571,96.21327855035632,94.94173742414019,95.15366094517618,
2023-07-26,94.94173742414019,96.62864865158696,94.94173742414019,95.31472282116358,
2023-07-27,94.34835156523928,95.9589703251131,94.09404333999605,95.15366094517618,
2023-07-31,95.68770821818698,95.78943150828428,94.27205909766633,95.06889153676178,
2023-08-01,95.70466209986988,95.70466209986988,93.24634925585195,94.47550567786091,
2023-08-02,94.94173742414019,98.70549915774001,94.0855663991546,96.63712559242838,
2023-08-03,96.63712559242838,100.7823496638931,94.94173742414019,95.19604564938338,
2023-08-04,96.63712559242838,97.44243497236529,94.13642804420326,95.11127624096898,
2023-08-07,96.12850914194193,98.75636080278865,96.12850914194193,97.10335733870764,
2023-08-08,97.06097263450044,97.06097263450044,94.93326048329872,95.36558446621224,
2023-08-09,95.78943150828428,97.48481967657249,95.40796917041942,97.06097263450044,
2023-08-10,96.63712559242838,96.63712559242838,95.40796917041942,96.62864865158696,
2023-08-11,97.48481967657249,103.30847803464252,97.27289615553646,98.75636080278865,
2023-08-15,99.94313252059042,100.85864213146607,97.06097263450044,97.49329661741396,
2023-08-16,98.33251376071661,98.33251376071661,95.80638538996716,96.34043266297795,
2023-08-17,96.63712559242838,97.18812674712206,95.78943150828428,95.79790844912571,
2023-08-18,95.78943150828428,97.48481967657249,95.78943150828428,96.63712559242838,
2023-08-21,95.16213788601766,96.07764749689328,94.94173742414019,95.78943150828428,
2023-08-22,95.19604564938338,96.63712559242838,95.19604564938338,96.42520207139238,
2023-08-23,96.21327855035632,96.21327855035632,94.94173742414019,95.57750798724825,
2023-08-24,95.06889153676178,95.78943150828428,95.04346071423747,95.57750798724825,
2023-08-25,95.11127624096898,95.78943150828428,94.94173742414019,95.36558446621224,
2023-08-28,94.09404333999605,94.94173742414019,93.41588807268079,94.81458331151855,
2023-08-29,91.55096108756373,94.18728968925191,89.85557291927555,90.06749644031154,
2023-08-30,91.55096108756373,91.55096108756373,88.7959553140954,89.94881926853138,
2023-08-31,89.85557291927555,90.33875854723766,88.24495415940171,89.00787883513141,
2023-09-01,89.88100374179986,90.52525124574936,88.1601847509873,90.52525124574936,
2023-09-04,90.70326700341963,92.22911635487904,89.85557291927555,89.85557291927555,
2023-09-05,89.44020281804491,89.85557291927555,89.17741765196023,89.43172587720348,
2023-09-06,89.85557291927555,91.11863710465023,89.85557291927555,91.03386769623582,
2023-09-07,90.27941996134759,93.24634925585195,90.19465055293315,91.55096108756373,
2023-09-08,85.15087075227572,89.85557291927555,85.15087075227572,88.58403179305935,
2023-09-11,86.64281234036933,86.64281234036933,83.92171433026675,85.61710249855498,
2023-09-12,84.76940841441089,84.76940841441089,82.22632616197853,84.0912531470956,
2023-09-13,83.92171433026675,88.07541534257288,83.92171433026675,86.04094954062705,
2023-09-14,86.46479658269911,86.46479658269911,86.04094954062705,86.04094954062705,
2023-09-15,87.72786076807381,88.1601847509873,85.7103488478108,86.04094954062705,
2023-09-18,86.04094954062705,86.79539727551527,86.04094954062705,86.45631964185763,
2023-09-19,86.88864362477115,86.88864362477115,86.04094954062705,86.04094954062705,
2023-09-20,86.12571894904141,86.46479658269911,86.04094954062705,86.04942648146846,
2023-09-21,85.70187190696939,86.46479658269911,84.77788535525231,86.46479658269911,
2023-09-22,85.19325545648293,87.73633770891526,85.19325545648293,86.59195069532069,
2023-09-25,87.31249066684319,93.11919514323033,87.31249066684319,91.55096108756373,
2023-09-26,92.82250221377991,93.10224126154746,89.00787883513141,90.70326700341963,
2023-09-27,90.27094302050612,91.55096108756373,89.42324893636204,89.42324893636204,
2023-09-28,89.85557291927555,93.24634925585195,89.85557291927555,91.9748081296358,
2023-10-02,91.55096108756373,93.20396455164475,90.287896902189,93.16157984743754,
2023-10-03,91.63573049597814,94.79762942983565,91.55096108756373,93.45827277688798,
2023-10-04,94.51789038206812,97.01858793029325,94.09404333999605,94.09404333999605,
2023-10-05,94.22119745261767,94.22119745261767,91.55096108756373,91.9748081296358,
2023-10-06,92.86488691798712,92.86488691798712,90.78803641183403,91.55096108756373,
2023-10-09,92.39865517170784,93.24634925585195,91.77136154944122,91.8137462536484,
2023-10-10,91.72049990439257,94.51789038206812,91.72049990439257,92.39865517170784,
2023-10-11,94.19229768023892,94.19229768023892,92.0134877348201,92.53431879747,
2023-10-12,92.44751362036169,92.8902200236141,91.14543596373687,92.88153950590329,
2023-10-13,93.09855244867408,94.19229768023892,85.93712533723762,94.18361716252811,
2023-10-16,94.14021457397396,97.65582424686094,94.14021457397396,96.00652588180284,
2023-10-17,97.87283718963174,99.21831743481071,97.13499318421103,99.13151225770238,
2023-10-18,99.21831743481071,99.39192778902735,96.78777247577773,96.78777247577773,
2023-10-19,97.74262942396926,98.95790190348573,97.22179836131934,98.95790190348573,
2023-10-20,97.91623977818588,98.52387601794413,96.57075953300692,96.57075953300692,
2023-10-23,96.36242710794694,97.22179836131934,95.91972070469451,96.35374659023611,
2023-10-24,95.48569481915291,96.35374659023611,94.61764304806971,94.61764304806971,
2023-10-25,93.83639645409481,93.9666042197573,92.70792915168664,93.31556539144489,
2023-10-26,93.31556539144489,95.04298841590047,91.14543596373687,95.04298841590047,
2023-10-27,92.44751362036169,94.43535217614222,92.0134877348201,92.27390326614504,
2023-10-30,93.31556539144489,93.31556539144489,91.14543596373687,92.02216825253092,
2023-10-31,91.23224114084519,92.70792915168664,91.23224114084519,92.44751362036169,
2023-11-01,92.0134877348201,94.18361716252811,91.57946184927849,92.06557084108508,
2023-11-02,93.43709263939655,94.18361716252811,92.88153950590329,94.18361716252811,
2023-11-03,92.49091620891583,97.65582424686094,92.49091620891583,97.65582424686094,
2023-11-06,96.44055176734445,99.91275885167725,96.35374659023611,99.82595367456894,
2023-11-07,98.95790190348573,101.55337669902453,98.95790190348573,100.91101838842296,
2023-11-08,101.12803133119375,101.99608310227698,99.82595367456894,101.56205721673535,
2023-11-10,102.4301089878186,109.29639849708676,102.4301089878186,108.0637649821486,
2023-11-13,109.80854904202585,109.80854904202585,105.0342643010682,105.0342643010682,
2023-11-14,105.28599931468233,106.76168732552378,103.7321866444434,105.99780176697058,
2023-11-15,107.55161443720951,107.55161443720951,105.0342643010682,106.33634195769301,
2023-11-16,105.90231607215141,108.58459604479853,105.52037329287482,107.21307424648707,
2023-11-17,107.50821184865536,108.50647138540107,105.90231607215141,106.77036784323461,
2023-11-20,106.77036784323461,111.11062669865066,105.90231607215141,109.28771797937594,
2023-11-21,109.80854904202585,114.36582084021268,108.07244549985946,110.18181130359163,
2023-11-22,108.94049727094264,114.57415326527266,108.94049727094264,113.27207560864785,
2023-11-23,114.14012737973108,118.82760694358036,111.58805517274644,116.53595026792071,
2023-11-24,117.96823569020802,119.35711852394114,113.74082356503278,115.45088555406669,
2023-11-27,116.31025680743909,123.90570980441716,116.31025680743909,123.87098773357383,
2023-11-28,124.99945503598201,125.82410421851105,120.22517029502436,120.22517029502436,
2023-11-29,120.74600135767427,122.568910076949,114.1574884151527,117.1869890962331,
2023-11-30,117.1869890962331,117.23039168478729,113.71478201190028,113.71478201190028,
2023-12-01,114.36582084021268,119.70433923237444,114.36582084021268,118.15052656213548,
2023-12-04,117.1869890962331,124.04459808779048,117.1869890962331,122.30849454562407,
2023-12-05,123.2633514938156,132.3344925016351,119.79982492719355,132.3344925016351,
2023-12-06,136.17996184753375,137.1174577603036,130.31193187501125,131.0584563981428,
2023-12-07,131.94386920464765,131.94386920464765,126.30153269260684,126.9959741094734,
2023-12-08,125.91090939561937,130.20776566248122,123.3501566709239,128.4716621203148,
2023-12-11,128.4716621203148,133.67129222910327,128.4716621203148,130.29457083958957,
2023-12-12,131.06713691585364,134.1139986323557,131.06713691585364,132.95080925910415,
2023-12-13,132.81192097573089,135.15566075765554,124.1314032648988,128.03763623477326,
2023-12-14,126.30153269260684,128.21124658898987,123.2633514938156,123.2633514938156,
2023-12-15,123.36751770634555,130.20776566248122,123.36751770634555,130.1904046270596,
2023-12-18,129.77373977693964,131.94386920464765,124.04459808779048,124.04459808779048,
2023-12-19,123.2633514938156,123.2633514938156,115.0168596685251,119.79114440948274,
2023-12-20,115.45088555406669,119.79114440948274,111.54465258419226,117.96823569020802,
2023-12-21,120.65919618056596,120.65919618056596,112.84673024081708,116.62275544502901,
2023-12-22,119.79114440948274,119.79114440948274,116.36233991370406,118.05504086731634,
2023-12-26,118.05504086731634,118.70607969562874,108.714803810461,108.72348432817182,
2023-12-27,110.24257492756745,119.61753405526612,108.15925067696773,118.92309263839955,
2023-12-28,120.57239100345764,126.30153269260684,120.57239100345764,125.8675068070652,
2023-12-29,125.8675068070652,127.60361034923157,124.99945503598201,125.8675068070652,
2024-01-01,127.60361034923157,129.25290871428973,126.73555857814839,127.60361034923157,
2024-01-02,127.61229086694246,130.20776566248122,125.8675068070652,129.75637874151798,
2024-01-03,128.4890231557365,131.8483835098285,126.82236375525672,131.07581743356445,
2024-01-04,128.90568800585646,131.50984331910607,127.60361034923157,129.33971389139802,
2024-01-05,128.4716621203148,135.0688555805472,128.4716621203148,130.64179154802287,
2024-01-08,130.20776566248122,135.28586852331802,130.20776566248122,134.89524522633053,
2024-01-09,134.5480245178973,139.76501566210734,134.5480245178973,138.8882833733133,
2024-01-10,139.75633514439647,139.75633514439647,136.2841280600637,137.10877724259274,
2024-01-11,136.30148909548538,143.22854222872937,136.30148909548538,138.02023160223007,
2024-01-12,136.03239304644958,140.6157063977689,136.03239304644958,138.8882833733133,
2024-01-15,139.75633514439647,140.6243869154797,137.23898500825524,137.58620571668854,
2024-01-16,138.4542574877717,138.4542574877717,134.80844004922224,136.2841280600637,
2024-01-17,136.24072547150953,137.10877724259274,134.5480245178973,134.5480245178973,
2024-01-18,134.1139986323557,142.79451634318778,134.1139986323557,142.77715530776612,
2024-01-19,141.49243868656296,143.1764591224644,138.8882833733133,138.8882833733133,
2024-01-22,141.75285421788791,141.75285421788791,137.59488623439933,138.8882833733133,
2024-01-23,139.75633514439647,141.49243868656296,134.5480245178973,140.19036102993815,
2024-01-24,139.79973773295072,142.37785149306785,138.90564440873504,141.49243868656296,
2024-01-25,140.6243869154797,145.82401702426816,140.6243869154797,140.6243869154797,
2024-01-26,141.49243868656296,142.36049045764614,137.59488623439933,140.6157063977689,
2024-01-29,142.36049045764614,142.36049045764614,138.02023160223007,140.40737397270897,
2024-01-30,142.1781995857187,142.1781995857187,138.02023160223007,140.10355585282986,
2024-01-31,139.0792547629516,141.49243868656296,137.1521798311469,137.1521798311469,
2024-02-01,141.44903609800875,141.49243868656296,137.23898500825524,141.44903609800875,
2024-02-02,141.40563350945465,141.40563350945465,138.67995094825332,139.75633514439647,
2024-02-06,139.78237669752906,142.1781995857187,138.68863146596422,138.8882833733133,
2024-02-07,141.48375816885212,141.48375816885212,138.8882833733133,139.32230925885497,
2024-02-09,130.20776566248122,138.8882833733133,129.09665939549473,132.59490803296003,
2024-02-12,132.63831062151425,132.7424768340442,123.0029359624906,126.72687806043753,
2024-02-13,121.52724795164916,131.75289781500936,116.47518664394491,128.9924931829648,
2024-02-14,131.94386920464765,136.1539202944012,130.85880449079366,135.6330892317513,
2024-02-15,132.98553132994752,137.1521798311469,132.37789509018927,137.1521798311469,
2024-02-16,135.41607628898052,143.22854222872937,135.41607628898052,136.31016961319617,
2024-02-19,138.8882833733133,138.8882833733133,135.41607628898052,137.67301089379686,
2024-02-20,138.8882833733133,140.6243869154797,137.1521798311469,137.99419004909763,
2024-02-21,139.74765462668572,139.74765462668572,137.3691927739177,138.02023160223007,
2024-02-22,138.02023160223007,139.71293255584234,136.2841280600637,138.00287056680847,
2024-02-23,138.02023160223007,139.53932220162574,134.72163487211392,138.97508855042165,
2024-02-26,139.75633514439647,140.6243869154797,137.19558241970105,138.02891211994097,
2024-02-27,139.75633514439647,139.75633514439647,136.2841280600637,137.0219720654844,
2024-02-28,138.02023160223007,138.02023160223007,135.50288146608884,135.67649182030544,
2024-02-29,138.36745231066345,138.36745231066345,132.1174795588643,136.0671151172929,
2024-03-01,135.41607628898052,136.24072547150953,131.9612302400693,135.3292711118722,
2024-03-04,132.59490803296003,137.1521798311469,132.59490803296003,135.8501021745221,
2024-03-05,134.56538555331892,140.6243869154797,134.56538555331892,138.7146730190967,
2024-03-06,140.53758173837141,140.53758173837141,136.90044481753282,137.1521798311469,
2024-03-07,137.19509858756635,138.76419466111918,134.99485772465158,134.99485772465158,
2024-03-08,138.41355866702912,138.41355866702912,133.24167775420156,135.65230021357033,
2024-03-11,137.61586178047435,137.61586178047435,135.8714477098766,136.94965339170338,
2024-03-12,134.21469263780133,136.9233556921466,134.11826773942659,134.11826773942659,
2024-03-13,132.4965762667603,136.73927179524935,132.4965762667603,134.11826773942659,
2024-03-14,132.4965762667603,135.8714477098766,132.4965762667603,134.99485772465158,
2024-03-15,137.61586178047435,137.61586178047435,134.5565627320391,134.99485772465158,
2024-03-18,138.50121766555162,138.50121766555162,134.5740945317436,135.8714477098766,
2024-03-19,134.11826773942659,136.74803769510163,133.6799727468141,136.74803769510163,
2024-03-20,137.5106709822474,137.84377517663287,135.4331527172641,137.62462768032663,
2024-03-21,137.61586178047435,138.50121766555162,136.09059520618283,137.62462768032663,
2024-03-22,136.74803769510163,138.50121766555162,134.99485772465158,137.62462768032663,
2024-03-25,137.62462768032663,139.46546664929912,134.11826773942659,139.20248965373165,
2024-03-26,138.50121766555162,143.76075757690168,136.74803769510163,143.75199167704946,
2024-03-27,143.76075757690168,143.76075757690168,137.6333935801789,142.4458725990642,
2024-03-28,142.7088495946317,142.8841675916767,140.42971563304664,142.4458725990642,
2024-03-29,143.76075757690168,143.76075757690168,140.2543976360016,140.34205663452414,
2024-04-01,144.62858166227446,144.62858166227446,140.2543976360016,142.00757760645163,
2024-04-02,143.67309857837918,145.95223253996423,140.42971563304664,141.1309876212266,
2024-04-03,141.1309876212266,144.15522307025293,141.1309876212266,143.53284418074318,
2024-04-04,144.6373475621267,144.6373475621267,142.4458725990642,143.75199167704946,
2024-04-08,143.10331508798293,144.5847521630132,143.10331508798293,144.11139357099174,
2024-04-09,144.6373475621267,144.6373475621267,142.0163435063039,143.32246258428918,
2024-04-15,141.32383741797614,143.7432257771972,141.32383741797614,142.8841675916767,
2024-04-16,143.7169280776404,143.7169280776404,141.1309876212266,141.1309876212266,
2024-04-17,143.70816217778818,143.70816217778818,140.70145852846642,140.70145852846642,
2024-04-18,137.6333935801789,142.4458725990642,137.62462768032663,140.2543976360016,
2024-04-19,142.00757760645163,144.6373475621267,139.3865735506289,143.54161008059543,
2024-04-22,143.47148288177743,144.44449776537718,141.1397535210789,143.76075757690168,
2024-04-23,144.6373475621267,144.6373475621267,141.5517508141347,143.32246258428918,
2024-04-24,143.07701738842619,143.53284418074318,141.6569416123617,142.4458725990642,
2024-04-25,142.00757760645163,143.31369668443693,140.6926926286142,141.1309876212266,
2024-04-26,142.00757760645163,151.74649234230156,141.4816236153167,151.74649234230156,
2024-04-29,151.7552582421538,163.12463035052218,151.7552582421538,159.53937731095186,
2024-04-30,159.10108231833937,159.10108231833937,147.88073050745922,147.88073050745922,
2024-05-02,149.02029748825177,149.02029748825177,142.00757760645163,144.8126655591717,
2024-05-03,147.25835161794947,149.45859248086424,144.8126655591717,149.02029748825177,
2024-05-06,150.32641656623701,157.61087934345684,147.7141784102665,155.15642738482683,
2024-05-07,155.15642738482683,157.7774314406496,152.52665742915178,153.49090641289928,
2024-05-08,152.13219193580053,154.27983739960183,144.6373475621267,148.14370750302677,
2024-05-09,151.20300655146207,153.40324741437684,147.25835161794947,149.85305797421555,
2024-05-10,149.239444984558,153.3155884158543,147.97715540583403,149.45859248086424,
2024-05-13,150.77347745870176,156.04178326990407,149.37093348234177,153.5785654114218,
2024-05-14,154.27983739960183,155.15642738482683,151.65006744392676,152.08836243653928,
2024-05-15,152.77210262501475,162.91424875406815,151.34326094909804,155.17395918453133,
2024-05-16,156.03301737005182,157.7774314406496,153.3155884158543,153.3155884158543,
2024-05-17,155.94535837152932,156.47131236266435,153.41201331422903,154.27983739960183,
2024-05-20,152.98248422146878,156.03301737005182,149.89688747347674,149.9144192731813,
2024-05-21,154.26230559989733,154.26230559989733,149.029063388104,151.65006744392676,
2024-05-22,152.95618652191206,156.29599436561938,151.65006744392676,151.65006744392676,
2024-05-23,153.40324741437684,153.40324741437684,150.33518246608926,150.77347745870176,
2024-05-24,152.65814592693556,153.40324741437684,149.02029748825177,150.00207827170377,
2024-05-27,151.65006744392676,151.65006744392676,147.9245600067205,148.31902550007172,
2024-05-29,148.31902550007172,150.76471155884954,144.6373475621267,146.82882252518922,
2024-05-30,144.6461134619789,149.45859248086424,144.6461134619789,149.01153158839952,
2024-05-31,149.45859248086424,151.55364254555204,148.14370750302677,148.93263848972924,
2024-06-03,149.02029748825177,149.02029748825177,147.70541251041425,148.14370750302677,
2024-06-04,147.26711751780175,148.8011499919455,146.12755053700926,146.82882252518922,
2024-06-05,149.00276568854724,149.00276568854724,144.8477291585807,146.39052753257673,
2024-06-06,149.00276568854724,149.00276568854724,145.16330155326168,145.95223253996423,
2024-06-07,142.8929334915289,147.26711751780175,142.00757760645163,143.32246258428918,
2024-06-10,143.28739898488018,148.05604850450425,142.8841675916767,146.67103632784873,
2024-06-11,150.77347745870176,152.52665742915178,146.39052753257673,149.80922847495424,
2024-06-12,149.89688747347674,149.89688747347674,148.58200249563924,149.02029748825177,
2024-06-13,150.77347745870176,153.40324741437684,148.14370750302677,152.96495242176428,
2024-06-14,149.89688747347674,158.66278732572684,148.14370750302677,153.40324741437684,
2024-06-20,158.66278732572684,158.66278732572684,153.40324741437684,153.49967231275158,
2024-06-21,154.27983739960183,156.38365336414185,151.64130154407457,151.65006744392676,
2024-06-24,154.71813239221433,154.71813239221433,149.029063388104,151.65006744392676,
2024-06-25,151.63253564422226,153.3857156146723,150.77347745870176,152.044532937278,
2024-06-26,152.52665742915178,152.52665742915178,149.15178598603552,151.2117724513143,
2024-06-27,149.90565337332896,154.27983739960183,149.45859248086424,150.59815946165676,
2024-06-28,153.3857156146723,155.15642738482683,147.26711751780175,155.15642738482683,
2024-07-01,152.08836243653928,153.3155884158543,149.89688747347674,151.65006744392676,
2024-07-02,152.52665742915178,156.03301737005182,151.47474944688176,154.19217840107933,
2024-07-03,156.90960735527685,156.90960735527685,153.40324741437684,156.03301737005182,
2024-07-04,156.54143956148235,169.89190503645924,154.49898489590805,165.98231370235573,
2024-07-05,166.55209719275194,170.935047118877,164.81644902200642,165.23721221491445,
2024-07-08,166.44690639452494,172.0044869008515,149.86182387406777,170.89121761961576,
2024-07-09,170.935047118877,177.07117701545212,168.7435721558145,174.6605545560833,
2024-07-10,178.37729609343734,178.3860619932896,171.80287120424978,175.17774264736607,
2024-07-11,176.1945870302271,176.1945870302271,166.55209719275194,169.181867148427,
2024-07-12,169.181867148427,172.55673859154328,166.55209719275194,168.7523380556667,
2024-07-15,172.40771829405506,172.6794611894748,168.3929361617245,169.17310124857474,
2024-07-18,168.94518785241624,171.40840571089853,168.94518785241624,171.37334211148954,
2024-07-19,171.80287120424978,173.12652208193956,166.55209719275194,167.42868717797697,
2024-07-22,167.76179137236247,169.1292717493135,162.16914726662688,163.0457372518519,
2024-07-23,166.54333129289972,166.54333129289972,146.39929343242898,162.16914726662688,
2024-07-24,163.90479543737243,165.67550720752698,158.66278732572684,163.89602953752015,
2024-07-25,168.26144766394071,168.26144766394071,161.9149361709117,162.16914726662688,
2024-07-26,165.35116891299373,165.35116891299373,159.90754510474636,160.5036262946994,
2024-07-29,160.40720139632467,163.0457372518519,157.78619734050184,161.02958028583438,
2024-07-30,161.26625958184516,163.48403224446443,153.40324741437684,157.78619734050184,
2024-07-31,160.41596729617686,160.41596729617686,150.77347745870176,150.77347745870176,
2024-08-01,153.40324741437684,156.03301737005182,151.2117724513143,152.35133943210678,
2024-08-02,152.52665742915178,167.3497940793067,152.52665742915178,167.3497940793067,
2024-08-05,171.68014860631826,178.82435698590214,163.0457372518519,164.79891722230195,
2024-08-06,165.67550720752698,170.05845713365198,163.0457372518519,165.67550720752698,
2024-08-07,166.45567229437717,167.42868717797697,163.48403224446443,163.48403224446443,
2024-08-08,164.34309042998493,170.05845713365198,163.0457372518519,168.31404306305424,
2024-08-09,170.05845713365198,173.12652208193956,169.181867148427,170.05845713365198,
2024-08-12,170.94381301872923,173.01256538386033,168.3228089629065,170.935047118877,
2024-08-13,170.70713372271854,172.688227089327,169.22569664768824,170.935047118877,
2024-08-15,172.6005680908045,175.05502004943455,169.19939894813152,170.935047118877,
2024-08-16,171.811637104102,181.84859243492838,164.79891722230195,176.1945870302271,
2024-08-19,179.70094697112714,179.70094697112714,174.00311206716452,174.00311206716452,
2024-08-20,168.7435721558145,177.07117701545212,168.7435721558145,169.70782113956201,
2024-08-21,170.23377513069698,172.15350719833978,167.42868717797697,167.42868717797697,
2024-08-22,170.05845713365198,170.05845713365198,164.79891722230195,165.67550720752698,
2024-08-23,168.21761816467946,169.62016214103951,164.36062222968943,164.36062222968943,
2024-08-26,167.41992127812472,168.305277163202,165.67550720752698,166.54333129289972,
2024-08-27,169.17310124857474,169.17310124857474,162.2568062651494,163.92232723707693,
2024-08-28,163.48403224446443,166.11380220013945,161.68702277475313,166.11380220013945,
2024-08-29,166.55209719275194,168.1737886654182,161.29255728140188,163.30871424741943,
2024-08-30,163.81713643884993,165.58784820900445,161.38898217977663,162.7038671576142,
2024-09-02,163.15092805007893,164.79015132244973,161.38021627992438,161.99382926958188,
2024-09-03,163.0457372518519,163.0457372518519,161.02958028583438,161.29255728140188,
2024-09-04,161.29255728140188,163.92232723707693,160.02150180282567,163.90479543737243,
2024-09-05,164.75508772304067,164.75508772304067,160.5036262946994,161.29255728140188,
2024-09-06,160.51239219455164,160.51239219455164,145.95223253996423,152.21985093432306,
2024-09-09,154.27107149974958,156.90960735527685,150.77347745870176,150.77347745870176,
2024-09-10,152.43899843062928,153.5960972111263,140.3858861337854,153.5960972111263,
2024-09-11,154.27983739960183,154.54281439516936,152.6230823275266,153.84154240698928,
2024-09-12,153.40324741437684,154.27983739960183,152.08836243653928,152.96495242176428,
2024-09-13,154.27983739960183,155.1301296852701,152.52665742915178,152.96495242176428,
2024-09-16,153.40324741437684,155.59472237743933,153.09644091954806,155.59472237743933,
2024-09-18,155.15642738482683,156.7079916586751,154.54281439516936,156.7079916586751,
2024-09-19,156.69045985897054,158.66278732572684,155.15642738482683,156.8833096557201,
2024-09-20,157.02356405335607,158.2420241328189,155.59472237743933,155.81386987374557,
2024-09-23,155.92782657182482,157.76866554079737,154.83208909029358,154.83208909029358,
2024-09-24,155.55089287817808,155.55089287817808,152.52665742915178,152.52665742915178,
2024-09-25,152.6230823275266,155.13889558512233,152.6230823275266,153.2279294173318,
2024-09-26,154.27983739960183,154.28860329945405,152.52665742915178,152.6230823275266,
2024-09-27,153.40324741437684,153.40324741437684,151.2117724513143,152.08836243653928,
2024-09-30,149.99331237185152,153.18409991807056,149.99331237185152,150.77347745870176,
2024-10-01,153.18409991807056,153.18409991807056,148.14370750302677,149.45859248086424,
2024-10-02,149.029063388104,151.60623794466554,148.98523388884274,150.77347745870176,
2024-10-03,151.65006744392676,151.65006744392676,149.02029748825177,149.45859248086424,
2024-10-04,149.45859248086424,157.74236784124056,149.18684958544455,157.74236784124056,
2024-10-07,151.2556019505755,162.16914726662688,150.78224335855398,161.29255728140188,
2024-10-08,162.16914726662688,162.16914726662688,156.55897136118685,159.75852480725814,
2024-10-09,159.53937731095186,161.11723928435688,158.26832183237565,160.41596729617686,
2024-10-10,162.4316329580729,162.4316329580729,144.56316063977832,157.47719290618213,
2024-10-11,157.9193924736551,157.9193924736551,153.14544204114102,154.31862456708964,
2024-10-14,155.91595769857358,157.81109870202906,152.51372837332255,154.30057560515198,
2024-10-15,149.80638408267183,157.01694437677153,149.80638408267183,150.7088321795554,
2024-10-16,150.7088321795554,154.31862456708964,150.61858736986704,150.61858736986704,
2024-10-17,150.8171259511814,153.86740051864786,150.71785666052423,152.87470761207595,
2024-10-18,152.51372837332255,153.80422915186605,151.61128027643898,152.51372837332255,
2024-10-21,153.4161764702061,154.49008970549755,152.1256756916626,153.4252009511749,
2024-10-22,154.95033823490814,155.672296712415,153.4161764702061,153.86740051864786,
2024-10-23,155.87083529372939,155.87083529372939,148.90393598578828,150.69980769858657,
2024-10-24,153.3891030272996,153.3891030272996,149.90565337332902,150.7088321795554,
2024-10-25,153.0642217124215,153.61471505152048,151.70152508612728,151.70152508612728,
2024-10-28,153.40715198923726,153.40715198923726,149.91467785429785,150.43809775049036,
2024-10-29,150.71785666052423,151.97225951519238,149.80638408267183,151.20517863284135,
2024-10-30,152.47763044944716,152.47763044944716,148.00148788890468,148.00148788890468,
2024-10-31,150.48322015533452,150.48322015533452,139.87945501695262,149.80638408267183,
2024-11-01,150.69980769858657,150.69980769858657,147.10806427298994,148.8858870238506,
2024-11-04,150.5824894459917,153.4161764702061,147.21635804461602,152.51372837332255,
2024-11-05,152.60397318301085,156.0332759511684,150.8893217989321,151.61128027643898,
2024-11-06,153.40715198923726,153.40715198923726,148.90393598578828,152.5047038923537,
2024-11-07,152.49567941138486,152.928854497889,150.97956660862047,151.6022557954701,
2024-11-08,152.70324247366807,153.40715198923726,151.61128027643898,152.42348356363416,
2024-11-11,152.9649524217643,154.76984861553143,151.719574048065,154.22837975740129,
2024-11-12,153.50642127989445,161.53820934215818,153.10031963629686,157.02596885774034,
2024-11-13,157.02596885774034,160.6357612452746,155.22107266397322,155.22107266397322,
2024-11-14,156.12352076085676,158.8308650515075,153.64178849442698,157.01694437677153,
2024-11-15,157.92841695462394,159.73331314839106,155.672296712415,158.8308650515075,
2024-11-18,159.21891773316742,164.24555363280885,159.21891773316742,161.53820934215818,
2024-11-19,163.33408105495647,163.33408105495647,159.2911135809181,161.44796453246983,
2024-11-20,161.62845415184654,162.44065743904173,157.92841695462394,159.28208909994927,
2024-11-21,160.6086878023681,160.6357612452746,158.11793105496946,160.6357612452746,
2024-11-22,159.73331314839106,160.99674048402804,155.23009714494202,157.02596885774034,
2024-11-25,159.72428866742223,159.73331314839106,154.32764904805845,157.32377672971197,
2024-11-26,154.41789385774686,158.72257127988146,148.00148788890468,148.90393598578828,
2024-11-27,152.51372837332255,156.52059792348555,150.26663261208247,155.22107266397322,
2024-11-28,156.9086506051455,165.59922577813424,155.672296712415,159.23696669510508,
2024-11-29,161.26747491309308,161.98040890963114,156.222790051514,158.8308650515075,
2024-12-02,158.02768624528113,162.44065743904173,158.02768624528113,161.9984578715688,
2024-12-03,162.44065743904173,164.69677768125064,159.73331314839106,164.69677768125064,
2024-12-04,164.69677768125064,165.49995648747702,161.53820934215818,162.35041262935337,
2024-12-05,164.23652915184005,167.85534602034312,161.52918486118935,166.95289792345955,
2024-12-06,165.391662715851,175.07493079541163,162.5038288058236,167.85534602034312,
2024-12-09,169.66024221411027,174.17248269852809,166.95289792345955,170.56269031099384,
2024-12-10,172.36758650476096,174.15443373659042,162.44065743904173,164.24555363280885,
2024-12-11,162.44065743904173,172.36758650476096,162.44065743904173,169.66024221411027,
2024-12-12,171.0139143594356,180.48961937671308,168.7577941172267,177.8454464528442,
2024-12-13,179.5781467988607,182.29451557048023,175.9773788922952,175.9773788922952,
2024-12-16,176.87982698917878,178.66667422100824,167.85534602034312,167.85534602034312,
2024-12-17,170.56269031099384,170.56269031099384,163.48749723142666,169.5699974044219,
2024-12-18,167.85534602034312,171.4651384078774,164.24555363280885,164.24555363280885,
2024-12-19,163.34310553592528,167.7651012106548,160.6357612452746,164.24555363280885,
2024-12-20,165.1480017296924,169.66024221411027,162.4496819200106,168.6946227504449,
2024-12-23,167.40412197190136,177.78227508606233,164.69677768125064,171.91636245631918,
2024-12-24,172.36758650476096,174.1273602936839,167.85534602034312,171.4651384078774,
2024-12-26,170.94171851168497,172.99027569161063,167.08826513799212,171.4651384078774,
2024-12-27,172.69246781963906,172.80978607223392,166.95289792345955,168.7577941172267,
2024-12-30,169.03755302726063,176.89787595111648,168.57730449784998,175.07493079541163,
2024-12-31,175.9773788922952,175.9773788922952,170.57171479196265,171.4651384078774,
2025-01-01,175.07493079541163,175.07493079541163,171.06806124524863,174.17248269852809,
2025-01-02,171.4651384078774,175.07493079541163,171.0139143594356,171.4651384078774,
2025-01-03,173.27003460164454,175.07493079541163,169.2992629753568,173.80247897880582,
2025-01-06,173.72125865008633,175.9683544113264,170.56269031099384,171.50123633175275,
2025-01-07,171.925386937288,176.42860294073702,169.66024221411027,170.75220441133936,
2025-01-08,171.47416288884625,175.06590631444283,169.6692666950791,171.37489359818903,
2025-01-09,171.4651384078774,174.0641889269021,170.56269031099384,171.47416288884625,
2025-01-10,173.94687067430718,173.94687067430718,171.0139143594356,172.34051306185447,
2025-01-13,172.3766109857298,173.71223416911747,170.56269031099384,171.22147742171884,
2025-01-14,171.4651384078774,172.72856574351437,170.11146626255206,170.74317993037056,
2025-01-15,172.14197448054003,172.14197448054003,167.86437050131195,169.66024221411027,
2025-01-16,172.36758650476096,172.36758650476096,168.7577941172267,170.4273230964613,
2025-01-17,171.4651384078774,171.4651384078774,168.93828373660344,170.64391063971337,
2025-01-20,172.09685207569586,175.07493079541163,165.1480017296924,168.6404758646318,
2025-01-21,170.56269031099384,171.27562430753184,168.7577941172267,169.65121773314146,
2025-01-22,171.0139143594356,171.0139143594356,167.40412197190136,167.71095432484177,
2025-01-23,165.16605069163012,170.51756790614962,165.16605069163012,167.7921746535613,
2025-01-24,165.32849134906914,169.66024221411027,165.1480017296924,165.9782539788253,
2025-01-27,166.95289792345955,166.95289792345955,162.89188148748354,164.01994160858797,
2025-01-28,164.24555363280885,165.1480017296924,162.01650683350647,163.67701133177223,
2025-01-29,165.96020501688767,165.96020501688767,161.71869896153487,161.93528650478694,
2025-01-30,161.98943339059997,165.9511805359188,160.55454091655508,162.260167819665,
2025-01-31,162.44065743904173,165.13897724872362,160.6357612452746,164.26360259474657,
2025-02-03,166.0414253456072,166.0414253456072,161.7638213663791,162.53992672969895,
2025-02-04,164.24555363280885,166.050449826576,160.6357612452746,164.30872499959068,
2025-02-06,165.86996020719928,166.0233763836695,161.53820934215818,162.45870640097942,
2025-02-07,162.45870640097942,165.1480017296924,161.53820934215818,162.60309809648078,
2025-02-10,162.71139186810683,165.59922577813424,162.5309022487301,164.30872499959068,
2025-02-11,166.68216349439447,167.84632153937432,164.51628806187395,167.313877162213,
2025-02-12,169.42560570892053,169.47975259473355,163.48749723142666,164.51628806187395,
2025-02-13,166.95289792345955,167.84632153937432,162.44065743904173,163.01822422104718,
2025-02-14,164.24555363280885,166.90777551861538,159.73331314839106,161.83601721412975,
2025-02-17,166.050449826576,166.5016738750178,158.8308650515075,160.78015294077596,
2025-02-18,162.35041262935337,162.39553503419754,153.4161764702061,160.91552015530854,
2025-02-19,162.44065743904173,163.0904200687979,160.4281981829914,162.4226084771041,
2025-02-20,163.34310553592528,165.1299527677548,161.54723382312704,164.23652915184005,
2025-02-21,164.3357984424972,166.48362491308006,163.37920345980064,166.16776807917088,
2025-02-24,166.16776807917088,171.4651384078774,162.51285328679248,171.14928157396815,
2025-02-25,175.88713408260685,183.67526115871206,171.14928157396815,182.6013479234206,
2025-02-26,184.09941176424735,194.0173163489977,184.09941176424735,192.00485709294733,
2025-02-27,195.81318806179598,197.6361332175008,192.0409550168227,194.64903001681617,
2025-02-28,193.9360960202782,193.9360960202782,184.279901383624,187.65505726596854,
2025-03-03,187.70920415178156,192.13119982651105,187.70920415178156,190.96704178153124,
2025-03-04,192.2214446361994,193.12389273308298,191.309972058347,191.9416857261655,
2025-03-05,194.07713266666906,194.07713266666906,188.61017118310093,190.58738891965803,
2025-03-06,190.6147237270759,191.343651924885,185.87669044131687,186.76962748363295,
2025-03-07,186.76962748363295,186.78785068857823,180.75596985170796,185.28443628059696,
2025-03-10,185.23887826823386,191.343651924885,183.2343257242589,188.418827531176,
2025-03-11,188.418827531176,188.61017118310093,185.9131368512073,187.28898882457193,
2025-03-12,187.28898882457193,187.69901093583957,183.60790142563607,185.01108820641858,
2025-03-13,187.69901093583957,187.69901093583957,184.96553019405553,186.66028825396162,
2025-03-14,186.8334087009413,186.8334087009413,184.9837533990007,185.10220423114473,
2025-03-17,185.10220423114473,187.56233689875032,185.10220423114473,187.4165512591885,
2025-03-18,187.56233689875032,203.18873513928264,186.78785068857823,197.22974712219337,
2025-03-19,197.72177365571451,198.63293390297585,194.07713266666906,197.2206355197207,
2025-03-20,199.5440941502372,199.5440941502372,197.22974712219337,198.17735377934514,
2025-03-21,197.72177365571451,199.5440941502372,194.16824869139518,197.85844769280368,
2025-03-24,197.85844769280368,198.63293390297585,196.3550332848224,197.08396148263154,
2025-03-25,193.16597241940772,197.72177365571451,193.16597241940772,195.93589957108222,
2025-03-26,196.36414488729505,197.31175154444688,194.07713266666906,196.46437251449382,
2025-03-27,197.72177365571451,197.72177365571451,195.44387303756108,196.081685210644,
2025-04-03,193.62155254303838,198.63293390297585,193.62155254303838,196.2092476452606,
2025-04-04,197.44842558153607,197.4848719914266,194.98829291393042,195.02473932382088,
2025-04-07,186.7969622910508,196.81061340845315,182.23204945227144,193.06574479220896,
2025-04-08,195.3709802177802,195.3709802177802,186.87896671330435,191.1431966704875,
2025-04-09,189.97691155399295,190.43249167762363,186.78785068857823,187.1158683775923,
2025-04-10,188.61017118310093,193.15686081693508,187.24343081220889,190.1500320009726,
2025-04-11,189.52133143036227,191.343651924885,184.9746417965281,186.24115454022137,
2025-04-14,187.7810153580931,191.25253590015885,185.88580204378945,188.42793913364864,
2025-04-15,188.61017118310093,191.25253590015885,188.61017118310093,189.43021540563612,
2025-04-16,193.16597241940772,193.16597241940772,188.61017118310093,192.30037018450943,
2025-04-17,194.87895368425905,194.98829291393042,189.52133143036227,191.45299115455634,
2025-04-18,194.9791813114578,194.9791813114578,190.43249167762363,191.86301326582395,
2025-04-21,191.86301326582395,211.05204807314814,189.52133143036227,203.95410974698217,
2025-04-22,204.9837208263875,205.02016723627796,197.00195706037803,200.1181251060119,
2025-04-23,200.1181251060119,220.12720413587127,199.5532057527098,218.86069139217796,
2025-04-24,215.94497860094162,235.0793437934301,214.12265810641892,219.02470023668502,
2025-04-25,218.67845934272572,221.41194008450978,214.12265810641892,217.539509033649,
2025-04-28,220.910801948516,223.23426057903248,209.5668568701121,213.43017631850032,
2025-04-29,209.57596847258475,227.6898341881405,209.5668568701121,223.43471583343,
2025-04-30,225.0565810735552,225.51216119718586,218.67845934272572,222.70578763562085,
2025-05-02,222.7786804554018,222.7786804554018,217.76729909546435,218.99736542926718,
2025-05-05,213.16012510781445,222.33887359844834,213.16012510781445,221.1811936086387,
2025-05-06,220.51047424946324,220.51047424946324,216.83529967863885,217.6897777663555,
2025-05-07,206.72856960887177,214.81395366468544,203.0533950380474,207.53710801445314,
2025-05-08,206.49887119819525,211.32253782240224,186.78155962572242,192.6434630661873,
2025-05-09,195.97868398921045,205.7178966018951,188.35269675474987,204.28457851927354,
2025-05-12,220.51047424946324,224.70936119663008,216.92717904290944,224.70936119663008,
2025-05-13,226.0232361056998,231.5359979619364,220.51047424946324,230.81933892062563,
2025-05-14,232.45479160464248,235.21117253276077,227.21766784121775,231.8575757368835,
2025-05-15,231.8575757368835,237.04875981817295,227.95270275538257,233.56653191231683,
2025-05-16,233.56653191231683,235.11929316849017,228.36615989460034,228.80718084309927,
2025-05-19,225.14119420870193,229.69841067652422,225.14119420870193,227.36467482405072,
2025-05-20,226.9695935576871,226.9695935576871,222.34806153487543,224.56235421379714,
2025-05-21,220.60235361373384,223.26685517758153,218.67288696405103,220.6115415501609,
2025-05-22,221.42926789216932,222.34806153487543,212.24133146510835,212.91205082428377,
2025-05-23,207.64736325157787,217.75409332134493,207.64736325157787,216.11864063732807,
2025-05-26,215.98082159092218,215.98082159092218,212.26889527438954,213.39901145491802,
2025-05-27,215.9073180995057,218.67288696405103,213.16012510781445,214.9885244567996,
2025-05-29,215.91650603593274,218.12161077842737,214.95177271109134,215.65005587954798,
2025-05-30,214.99771239322664,222.2561821706048,214.99771239322664,219.79381520815247,
2025-06-02,221.42926789216932,241.77135914168227,220.51047424946324,241.62435215884938,
2025-06-03,244.39910895982172,265.78862496201964,244.29804165912407,265.78862496201964,
2025-06-04,275.638092811829,283.9072355961839,254.96523585094184,258.6955380403286,
2025-06-05,258.6955380403286,266.45015638476804,250.0956295445995,258.76904153174513,
2025-06-10,259.0998072431193,269.66593413423936,259.0998072431193,268.85739572865805,
2025-06-11,272.86333601085664,287.5824101670083,268.28774367018025,271.7332198303281,
2025-06-12,272.8817118837108,278.348534057812,264.88820719216767,268.08560906878483,
2025-06-13,264.6125690993559,271.0349366618714,257.2622199577071,267.7089036752754,
2025-06-16,262.0858865819141,271.0441245982986,262.0858865819141,263.21600276244266,
2025-06-17,264.6033811629289,264.6125690993559,258.18101360041317,261.4059792863116,
2025-06-18,258.4107120110897,262.76579387751667,256.80282313635405,258.006442808299,
2025-06-19,258.18101360041317,264.6125690993559,255.42463267229493,257.0233336106035,
2025-06-20,257.27140789413414,260.9373945285315,252.66825174417662,253.73405236971576,
2025-06-23,251.7494581014705,253.12764856552968,243.94890007489573,250.54583842952553,
2025-06-24,260.9373945285315,266.45015638476804,258.18101360041317,264.3461189429711,
2025-06-25,264.6125690993559,289.4108095159934,263.71215132950385,285.47837272521133,
2025-06-26,284.7800895567547,312.34389883793756,283.35595941056016,308.52171728428027,
2025-06-27,306.86788872740925,316.0650130908973,300.45470910132065,303.10083479231423,
2025-06-30,298.6079338794815,312.34389883793756,293.09517202324486,300.65684370271606,
2025-07-01,300.65684370271606,305.0394893784241,297.3216227796929,301.46538210829743,
2025-07-02,303.20190209301194,303.20190209301194,294.01396566595093,298.7181891166062,
2025-07-03,299.5267275221875,319.69424797958635,294.47336248730403,312.69304042216595,
2025-07-04,317.0297464157387,331.63856533476564,316.0650130908973,323.58993302466024,
2025-07-07,327.07216093051636,334.3306307078945,324.34334381167923,328.08283393749304,
2025-07-08,329.84691773148876,330.7657113741948,322.2209304970282,324.1136454010027,
2025-07-09,325.24376158153126,351.8060857921645,320.20877241950177,334.863531020664,
2025-07-10,336.2600973575773,348.61787185197426,327.0905368033704,332.4379158039199,
2025-07-11,334.33981864432155,341.791235086668,328.34928409387777,337.730167185907,
2025-07-14,337.1880789367105,339.94445986482873,327.0905368033704,329.3875209101357,
2025-07-15,328.9281240887826,329.84691773148876,317.90260037630946,325.5837152293324,
2025-07-16,323.41536223254604,329.7917901129264,322.037171768487,328.1103977467742,
2025-07-17,328.8270567880849,333.5220923023131,323.41536223254604,325.17025809011477,
2025-07-18,325.2805133272394,326.17174316066433,313.29944422635197,316.09257690017847,
2025-07-21,316.0558251544702,321.5777749471339,312.38983852007294,314.6408829447028,
2025-07-22,316.9470549878951,318.82139401901554,309.6334575919546,310.72682202677487,
2025-07-23,316.0650130908973,317.87503656702836,308.2552671278955,311.0024601195867,
2025-07-24,312.38983852007294,316.9838067336034,309.17406077060156,311.59048805091857,
2025-07-25,311.7007432880433,315.5596765874089,310.0928544133077,312.13257630011526,
2025-07-28,313.76802898413206,316.0650130908973,311.4710448773668,314.1906740597768,
2025-07-29,314.2274258054851,317.9944797405801,309.6334575919546,310.7911375817643,
2025-07-30,310.55225123466073,311.36078964024205,303.21109002943905,307.24459412091875,
2025-07-31,309.62426965552754,313.53833057345554,301.36431480759967,302.7976328902212,
2025-08-01,305.86640365685963,312.38983852007294,298.6079338794815,310.8003255181913,
2025-08-04,313.93341183981914,321.56858701070684,307.80505824296944,319.8412549624193,
2025-08-05,321.5869628835609,324.3341558752522,316.5703495943857,321.04487463436436,
2025-08-06,321.1183781257808,331.6845050169009,321.1183781257808,326.7597710919963,
2025-08-07,328.00933044607655,330.7657113741948,319.9331343266899,321.23782129933255,
2025-08-08,322.4965685898399,323.41536223254604,316.9838067336034,320.53035019444894,
2025-08-11,321.62371462926916,333.5220923023131,321.62371462926916,327.22835584977634,
2025-08-12,330.7657113741948,359.9557854029675,330.6738320099242,354.9942997323546,
2025-08-13,356.9513301913186,366.0473872541089,346.3852033001985,348.33304582273536,
2025-08-15,352.8075708627141,352.81675879914116,341.8279868323762,343.59207062637194,
2025-08-18,348.6729994705367,356.3724901964137,344.08821919343325,350.14306929886646,
2025-08-19,353.7355524418473,371.97360624956326,349.14158422831673,355.7568984558007,
2025-08-20,358.32952065537773,381.29936172303013,358.32952065537773,373.6182468700072,
2025-08-21,377.62418715220576,378.5429807949119,349.14158422831673,359.10130731525084,
2025-08-22,365.67986979702647,365.67986979702647,355.1137429059064,358.16413779969065,
2025-08-25,361.0675257106419,365.6982456698806,348.22279058561065,349.23346359258744,
2025-08-26,350.97917151372894,353.7355524418473,348.3697975684437,350.9056680223125,
2025-08-27,352.69731562558934,352.69731562558934,346.44951885518793,347.39587630717523,
2025-08-28,345.558289021763,349.1232083554627,339.9536478012558,340.734622397556,
2025-08-29,340.4130446226089,358.32952065537773,330.3063145528418,348.9302616904944,
2025-09-01,356.4919333699655,356.4919333699655,345.46640965749236,349.49991374897206,
2025-09-02,352.81675879914116,352.81675879914116,339.9536478012558,341.02863636322195,
2025-09-03,343.53694300780955,349.04051692761914,339.96283573768284,345.6226045767524,
2025-09-04,348.22279058561065,348.95782549977554,339.2186128870909,343.67476205421553,
2025-09-05,343.67476205421553,347.25805726076925,339.0348541585497,340.1833462119323,
2025-09-08,340.9735087446595,348.22279058561065,340.9735087446595,345.8523029874289,
2025-09-09,349.14158422831673,351.8979651564351,313.30863216277896,318.444688625506,
2025-09-10,317.90260037630946,325.666406657176,307.80505824296944,320.25471210163704,
2025-09-11,321.5777749471339,324.32496793882507,313.35457184491435,315.44023341385713,
2025-09-12,316.9838067336034,319.0051527475568,311.48023281379386,312.47252994791637,
2025-09-15,313.30863216277896,323.9666384181698,312.38983852007294,322.79058255550586,
2025-09-16,327.0905368033704,353.7355524418473,327.0905368033704,341.0745760453573,
2025-09-17,341.97499381520925,350.51058675594885,336.27847323043136,344.81406617117113,
2025-09-18,345.0070128361393,348.6821874069637,341.791235086668,347.76339376425767,
2025-09-19,349.14158422831673,349.14158422831673,340.1098427205158,341.8279868323762,
2025-09-22,342.71002872937413,342.71002872937413,334.6613964192687,336.43466814969145,
2025-09-23,336.43466814969145,338.57545733719667,332.603298659607,333.650723412292,
2025-09-24,332.603298659607,334.4408859450192,330.7657113741948,332.8146211974294,
2025-09-25,333.0626954809601,348.22279058561065,330.92190629345487,336.6000510053786,
2025-09-26,336.73787005178445,339.9536478012558,330.7657113741948,337.66585163091764,
2025-09-29,338.57545733719667,338.57545733719667,331.6845050169009,332.3092846939411,
2025-09-30,337.19726687313755,344.53842807835923,332.5114192953364,338.6122090829049,
2025-10-01,343.1694255507271,343.1694255507271,334.4408859450192,336.25090942115025,
2025-10-02,336.27847323043136,339.94445986482873,330.7657113741948,334.72571197425816,
2025-10-03,334.0090529329473,338.57545733719667,330.7657113741948,333.40264912876137,
2025-10-06,333.40264912876137,333.5220923023131,327.0905368033704,329.32320535514623,
2025-10-07,329.4150847194169,336.73787005178445,329.4150847194169,334.0733684879368,
2025-10-08,334.0733684879368,336.7286821153574,330.7657113741948,335.460746888423,
2025-10-09,339.5857755578879,340.9832478852866,335.16044652112527,337.6106813351644,
2025-10-10,338.17898674830656,338.9802042160151,330.74443396654533,337.82496042536553,
2025-10-13,333.53937862134285,339.119951448755,326.8687773785597,328.17308488413175,
2025-10-14,330.7351174843627,337.25665501222335,328.96498586965765,331.7319810779071,
2025-10-15,333.5300621391601,333.5300621391601,329.8034692660969,330.92144712801587,
2025-10-16,330.92144712801587,333.399631388603,327.00852461129944,328.3128321168716,
2025-10-17,328.3128321168716,330.74443396654533,326.17004121486025,330.0084318741154,
2025-10-20,333.5300621391601,363.00741176509035,330.27860985741245,363.00741176509035,
2025-10-21,371.20591608582953,381.2770333252829,368.00104621499514,369.96682395553603,
2025-10-22,371.72763908805837,381.97576948898234,349.3680818496789,371.9326016960769,
2025-10-23,372.66860378850686,374.51326726067316,361.02300106018424,362.95151287199445,
2025-10-24,361.9453327962674,369.39851854239384,358.68456403233705,365.53217843659075,
2025-10-27,366.1377497784635,367.53522210586226,356.02936661027945,358.6659310679717,
2025-10-28,358.712513478885,365.20610156019774,357.75291581407123,358.6659310679717,
2025-10-29,358.69388051451966,358.69388051451966,351.23137828621054,352.66611654233986,
2025-10-30,361.99590680343914,361.99590680343914,343.49869118065567,349.1901421415121,
2025-10-31,350.3284323336834,371.90688175251677,349.1901421415121,358.90486016090506,
2025-11-03,363.07531991670504,382.6421358062702,358.90486016090506,369.33591597364716,
2025-11-04,376.81330499463445,376.81330499463445,363.0851327631893,371.14147972674647,
2025-11-05,374.85073569778734,395.4577133146814,370.92559710409324,383.6037947617253,
2025-11-06,387.6074361272932,388.58872077571675,373.08442333062504,383.2309065953243,
2025-11-07,385.6448668304462,388.48077946439014,378.88381560280806,380.9445133644974,
2025-11-10,382.7010128851756,384.66358218202265,379.757158939905,380.6991922023916,
2025-11-11,381.6706640043309,381.7197282367521,370.69990163495584,379.22726522975626,
2025-11-12,377.794589643058,383.5743562222725,374.85073569778734,376.22453420558026,
2025-11-13,381.2290859125403,381.2290859125403,377.794589643058,378.7464357520288,
2025-11-14,379.757158939905,389.4718769592979,377.794589643058,384.53601517772756,
2025-11-17,385.6448668304462,385.6448668304462,378.0791621911008,379.2370780762406,
2025-11-18,379.2959551551459,380.7286307418443,376.22453420558026,378.72681005906026,
2025-11-19,380.65994081645465,380.65994081645465,375.83202034621087,377.7455254106368,
2025-11-20,377.7455254106368,377.794589643058,363.2912025393582,376.754427915729,
2025-11-21,375.8614588856636,378.7758742914815,372.9961077122669,374.76242007942926,
2025-11-24,374.76242007942926,377.794589643058,367.98174315882267,371.70081197634784,
2025-11-25,372.87835355445606,377.6964611782156,370.9354099505775,371.8578175200956,
2025-11-26,372.8881664009403,372.8881664009403,368.9630278072462,370.748965867377,
2025-11-27,374.80167146536616,374.80167146536616,370.92559710409324,372.3092084583705,
2025-11-28,369.9443124556697,380.23798841763255,369.9443124556697,378.1772906559431,
2025-12-01,378.9721312211662,379.4431478524095,373.3886215716363,378.41279897156477,
2025-12-02,378.76606144499726,386.13550915465794,375.83202034621087,380.88563628559206,
2025-12-03,382.2103705609638,382.7010128851756,377.794589643058,379.25670376920897,
2025-12-04,379.26651661569326,380.73844358832855,376.81330499463445,378.4814888969544,
2025-12-05,378.4814888969544,383.6822975335991,378.4814888969544,382.49494310900667,
2025-12-08,379.7669717863892,395.4577133146814,379.7669717863892,393.1124430049492,
2025-12-09,397.4202826115285,398.40156725995206,389.58963111710875,390.2961560639737,
2025-12-10,390.5512900725638,392.5138593694109,382.9659597402499,384.68320787499107,
2025-12-11,387.6074361272932,387.6074361272932,382.7010128851756,384.6537693355384,
2025-12-12,387.597623280809,389.5700054241403,382.7010128851756,383.6234204546937,
2025-12-15,383.66267184063065,385.63505398396194,381.7197282367521,382.759889964081,
2025-12-16,385.63505398396194,387.11679380308146,382.2103705609638,384.5163894847591,
2025-12-17,384.6930207214753,386.08644492223675,379.77678463287344,383.7509874589888,
2025-12-18,384.66358218202265,387.6074361272932,382.8089541965022,384.1533141648424,
2025-12-19,384.20237839726354,386.42008170270077,383.6822975335991,384.1238756253897,
2025-12-22,384.1729398578109,385.6448668304462,381.72954108323626,382.9463340472815,
2025-12-23,385.1542245062344,385.1542245062344,380.73844358832855,382.426253183617,
2025-12-24,382.426253183617,387.6074361272932,380.2674269570852,386.0766320757525,
2025-12-26,386.0766320757525,387.6074361272932,382.7893285035337,386.96960110581796,
2025-12-29,387.6074361272932,387.6074361272932,382.799141350018,384.1827527042951,
2025-12-30,384.1925655507793,386.6261514788697,383.20146805587154,385.72336960232,
2025-12-31,388.58872077571675,392.40591805808424,383.6921103800833,388.7947905518857,
2026-01-01,388.98123463508614,390.5512900725638,384.77152349334926,386.42989454918495,
2026-01-02,386.6261514788697,390.5512900725638,385.6448668304462,385.9098136855205,
2026-01-05,387.49949481596667,392.5138593694109,386.63596432535394,390.9634296249017,
2026-01-06,392.5138593694109,421.95239882211666,391.5325747209873,415.7801183835327,
2026-01-07,417.04597557999904,430.7839606579284,415.7801183835327,422.57060815062346,
2026-01-08,424.0130965838061,427.055078993919,417.04597557999904,423.24769455803573,
2026-01-09,417.54643075069504,423.24769455803573,394.6726855959426,411.76666417148044,
2026-01-12,412.1395523378814,413.12083698630494,403.30799050206963,410.56949690040375,
2026-01-13,411.1582676894579,414.0923087882442,406.3597857586668,408.6756175289464,
2026-01-14,411.6489100136696,413.12083698630494,404.779917474705,406.36959860515105,
2026-01-15,411.1582676894579,411.1582676894579,400.6781476442946,402.31689300716187,
2026-01-16,402.31689300716187,409.1858855461266,402.31689300716187,407.46863741138543,
2026-01-19,411.89423117577553,413.1110241398207,407.23312909576373,409.7157792562753,
2026-01-20,410.17698304103436,415.57404860736375,407.3018190211534,414.4455712616767,
2026-01-21,414.4455712616767,418.59640532450817,403.7986328262814,406.742486771552,
2026-01-22,406.742486771552,410.14754450158165,403.30799050206963,406.4284756840565,
2026-01-23,410.1573573480659,410.17698304103436,403.3178033485539,406.8602409293628,
2026-01-26,407.23312909576373,408.2144137441873,397.46934684394967,400.236569552504,
2026-01-27,400.3641365567991,405.5845708864122,398.40156725995206,400.29544663140945,
2026-01-28,400.3739494032833,407.1840648633426,400.3739494032833,404.11264391377694,
2026-01-29,408.2046008977031,408.2046008977031,396.438997963105,397.5085982298866,
2026-01-30,400.3641365567991,404.2892751504932,397.4202826115285,399.0786536673643,
2026-02-02,399.0786536673643,404.2892751504932,397.4202826115285,399.99124839039814,
2026-02-03,403.5140602782386,403.8378842122184,397.4202826115285,400.236569552504,
2026-02-04,401.3454212052226,404.2892751504932,383.6822975335991,397.46934684394967,
2026-02-06,397.46934684394967,401.3454212052226,391.75827019012473,395.0946379947647,
2026-02-09,401.83606352943434,409.19569839261084,395.44790046819725,405.56494519344375,
2026-02-10,410.6676253652461,410.6676253652461,393.4951440178344,405.31962403133787,
2026-02-11,405.36868826375905,407.23312909576373,399.8734942325873,403.14117211183765,
2026-02-12,403.14117211183765,407.242941942248,392.5138593694109,403.54349881769133,
2026-02-13,402.32670585364616,406.2322187543718,396.438997963105,402.6995940200471,
2026-02-16,403.30799050206963,407.7237714199755,396.438997963105,403.76919428682874,
2026-02-17,405.2705597989167,409.19569839261084,397.81279647089787,400.5113292540626,
2026-02-18,402.31689300716187,408.2144137441873,397.4202826115285,405.94764620632895,
2026-02-19,411.62928432070123,411.62928432070123,394.47642866625796,395.12407653421747,
2026-02-20,395.12407653421747,404.2892751504932,394.51568005219485,400.1776924735986,
2026-02-23,400.1776924735986,404.2892751504932,390.08027344132046,392.1704097424626,
2026-02-24,392.5138593694109,396.438997963105,358.1688966745874,381.4155299957407,
2026-02-25,381.7197282367521,387.6074361272932,371.9363202919695,375.9988387364429,
2026-02-26,377.3039473188462,395.35958484983905,367.98174315882267,389.3246842620344,
2026-02-27,388.58872077571675,388.58872077571675,373.13348756304623,384.6733950285069,
2026-03-02,358.1787095210716,382.7010128851756,346.3934808935051,348.6798741243319,
2026-03-03,348.6798741243319,372.8881664009403,343.4496269482345,352.41856863482553,
2026-03-04,354.2437580808933,355.9119419832133,348.42474011574177,351.4667225258547,
2026-03-05,353.26247343246973,358.1688966745874,348.35605019035216,352.29100163053045,
2026-03-06,355.2054170363484,355.2054170363484,349.33733483877563,351.41765829343353,
2026-03-09,345.41219624508153,345.41219624508153,316.277855033387,323.53936143172115,
2026-03-10,336.4498277122272,355.62746789182415,336.4498277122272,355.0634196512478,
2026-03-11,356.24099404824057,358.72478542341025,349.80886498903624,351.60986112561346,
2026-03-12,346.3454108802339,351.0458128850371,341.3976192962306,343.83193275556016,
2026-03-13,350.30364414743656,350.30364414743656,322.59601127701785,340.26952281507783,
2026-03-16,340.26952281507783,345.3063746475932,336.4498277122272,338.2607194319724,
2026-03-17,349.422937245484,349.422937245484,335.46026939542656,339.79453482301346,
2026-03-18,339.41850266262924,350.7291542236609,339.41850266262924,349.67032682468414,
2026-03-19,348.8193066722356,348.8193066722356,332.49159444502453,337.72635794090013,
2026-03-24,350.30364414743656,350.30364414743656,337.83520935574813,341.80333820611884,
2026-03-25,346.2464550485538,352.77753993943827,344.36629424663255,351.81766837214155,
2026-03-26,353.38117051268665,358.2201106818419,340.4080609794299,341.2986634645505,
2026-03-27,341.2986634645505,350.30364414743656,335.46026939542656,337.68677560822806,
2026-03-30,346.3355152970659,346.3355152970659,326.0594653858202,327.61307194319727,
2026-03-31,329.52291949462256,339.41850266262924,326.56414012738855,330.34425289756706,
2026-04-01,335.46026939542656,344.36629424663255,334.47071107862587,340.67524172496604,
2026-04-02,336.4498277122272,336.4498277122272,328.03858201942154,332.1452490341443,
2026-04-03,328.1870157669416,336.4498277122272,322.6059068601859,326.24748146601235,
2026-04-06,326.5542445442205,332.49159444502453,323.0907904354182,329.1468873342383,
2026-04-07,326.6532003759006,329.52291949462256,324.5751279106192,327.61307194319727,
2026-04-08,340.4080609794299,360.3773478124674,340.4080609794299,360.3773478124674,
2026-04-09,361.18878563224393,366.13657721624725,347.3349691970346,355.50872089380806,
2026-04-10,357.7253315234416,380.46538164352097,357.24044794820924,376.25975879711814,
2026-04-13,366.7501033726637,366.7599989558317,353.2723190978386,355.7956928056803,
2026-04-14,361.18878563224393,366.6115652083116,358.2201106818419,365.81991855487104,
2026-04-15,375.0426020674533,395.82332672026735,371.0942643834186,386.55116529184505,
2026-04-16,389.88597681946334,395.92228255194743,385.4428599770283,387.72873968883783,
2026-04-17,395.70457972225125,395.70457972225125,385.1360968988201,388.6391333402945,
2026-04-20,385.92774355226067,385.92774355226067,363.16790226584527,377.19983919807873,
2026-04-21,377.21963036441474,384.3840325780516,377.19983919807873,380.2377832306568,
2026-04-22,380.2377832306568,380.2377832306568,366.3542800459434,369.90679440325783,
2026-04-23,369.90679440325783,376.02226480108595,364.6522397410463,366.5027137934635,
2026-04-24,366.03762138456716,374.0530437506526,359.71434374021095,370.87656155372247,
2026-04-27,370.5895896418503,376.0321603842539,370.0948104834499,372.80620027148376,
2026-04-28,370.5895896418503,395.82332672026735,366.15636838258325,379.9607069019526,
2026-04-29,379.9607069019526,383.94862691865933,371.14374229925863,374.1816863318367,
2026-04-30,373.06348543385195,373.06348543385195,364.6522397410463,366.2157418815913,
2026-05-04,376.0321603842539,380.9799519682573,369.11514774981725,373.20202359820405,
2026-05-05,373.06348543385195,373.06348543385195,363.1580066826773,370.0552281507779,
2026-05-06,371.0843688002506,385.92774355226067,371.0843688002506,381.9101367860499,
2026-05-07,382.0684661167381,385.92774355226067,379.99039365145666,381.97940586822597,
2026-05-08,380.9799519682573,384.93818523545997,376.5368351258223,382.6523055236504,
2026-05-11,379.99,383.98,378.0,383.08,
2026-05-12,383.8,386.0,378.02,379.61,
2026-05-13,379.61,380.99,377.0,378.02,
2026-05-14,378.0,380.0,372.03,373.72,
2026-05-15,375.0,375.0,370.22,372.03,
2026-05-18,372.0,372.03,368.11,369.42,
2026-05-19,370.0,372.0,365.9,368.71,
2026-05-20,372.0,372.0,366.0,370.17,
2026-05-21,371.5,375.0,370.75,371.89,
2026-05-22,375.0,375.0,368.0,369.23,
2026-05-25,372.0,380.0,372.0,375.13,
2026-05-29,376.0,379.79,372.0,372.96,
2026-06-01,372.96,373.55,361.0,364.25,
2026-06-02,364.25,370.0,364.0,368.91,
2026-06-03,368.0,368.95,361.51,364.63,
2026-06-04,364.1,367.49,361.0,364.61,
2026-06-05,365.0,366.5,351.0,359.08,
2026-06-08,359.08,359.08,344.01,355.68,
2026-06-09,358.0,366.0,358.0,363.73,
2026-06-10,360.0,362.99,360.0,360.43,
2026-06-11,360.0,360.0,358.0,358.54,
2026-06-12,360.0,363.88,355.0,356.76,
